welle,objekttyp,quellsystem,quell_id,ziel_id,zeitpunkt,ergebnis,meldung
HP-2025-Q2,PARTNER,HAPO,20000001,PTR-00000001,2025-05-15,OK,Partner uebernommen
HP-2025-Q2,PARTNER,HAPO,20000002,PTR-00000003,2025-05-15,WARN,"Geburtsdatum Platzhalter, Dummy 1900-01-01 gesetzt"
HP-2025-Q2,PARTNER,HAPO,20000003,PTR-00000004,2025-05-15,WARN,"Geburtsdatum Platzhalter, Dummy 1900-01-01 gesetzt"
HP-2025-Q2,PARTNER,HAPO,20000004,PTR-00000005,2025-05-15,OK,Partner uebernommen
HP-2025-Q2,PARTNER,HAPO,20000005,PTR-00000008,2025-05-15,OK,Partner uebernommen
HP-2025-Q2,PARTNER,HAPO,20000006,PTR-00000011,2025-05-15,OK,Partner uebernommen
HP-2025-Q2,PARTNER,HAPO,20000007,PTR-00000015,2025-05-15,OK,Partner uebernommen
HP-2025-Q2,PARTNER,HAPO,20000008,PTR-00000017,2025-05-15,WARN,"Geburtsdatum Platzhalter, Dummy 1900-01-01 gesetzt"
HP-2025-Q2,PARTNER,HAPO,20000009,PTR-00000019,2025-05-15,OK,Partner uebernommen
HP-2025-Q2,PARTNER,HAPO,20000010,PTR-00000020,2025-05-15,OK,Partner uebernommen
HP-2025-Q2,PARTNER,HAPO,20000011,PTR-00000023,2025-05-15,OK,Partner uebernommen
HP-2025-Q2,PARTNER,HAPO,20000012,PTR-00000026,2025-05-15,OK,Partner uebernommen
HP-2025-Q2,PARTNER,HAPO,20000013,PTR-00000027,2025-05-15,OK,Partner uebernommen
HP-2025-Q2,PARTNER,HAPO,20000014,PTR-00000029,2025-05-15,OK,Partner uebernommen
HP-2025-Q2,PARTNER,HAPO,20000015,PTR-00000030,2025-05-15,OK,Partner uebernommen
HP-2025-Q2,PARTNER,HAPO,20000016,PTR-00000032,2025-05-15,OK,Partner uebernommen
HP-2025-Q2,PARTNER,HAPO,20000017,PTR-00000033,2025-05-15,OK,Partner uebernommen
HP-2025-Q2,PARTNER,HAPO,20000018,PTR-00000034,2025-05-15,OK,Partner uebernommen
HP-2025-Q2,PARTNER,HAPO,20000019,PTR-00000035,2025-05-15,OK,Partner uebernommen
HP-2025-Q2,PARTNER,HAPO,20000020,PTR-00000036,2025-05-15,OK,Partner uebernommen
HP-2025-Q2,PARTNER,HAPO,20000021,PTR-00000037,2025-05-15,OK,Partner uebernommen
HP-2025-Q2,PARTNER,HAPO,20000022,PTR-00000040,2025-05-15,OK,Partner uebernommen
HP-2025-Q2,PARTNER,HAPO,20000023,PTR-00000041,2025-05-15,OK,Partner uebernommen
HP-2025-Q2,PARTNER,HAPO,20000024,PTR-00000042,2025-05-15,OK,Partner uebernommen
HP-2025-Q2,PARTNER,HAPO,20000025,PTR-00000043,2025-05-15,OK,Partner uebernommen
HP-2025-Q2,PARTNER,HAPO,20000026,PTR-00000044,2025-05-15,WARN,"Geburtsdatum Platzhalter, Dummy 1900-01-01 gesetzt"
HP-2025-Q2,PARTNER,HAPO,20000027,PTR-00000045,2025-05-15,OK,Partner uebernommen
HP-2025-Q2,PARTNER,HAPO,20000028,PTR-00000046,2025-05-15,OK,Partner uebernommen
HP-2025-Q2,PARTNER,HAPO,20000029,PTR-00000050,2025-05-15,OK,Partner uebernommen
HP-2025-Q2,PARTNER,HAPO,20000030,PTR-00000051,2025-05-15,OK,Partner uebernommen
HP-2025-Q2,PARTNER,HAPO,20000031,PTR-00000054,2025-05-15,OK,Partner uebernommen
HP-2025-Q2,PARTNER,HAPO,20000032,PTR-00000055,2025-05-15,OK,Partner uebernommen
HP-2025-Q2,PARTNER,HAPO,20000033,PTR-00000056,2025-05-15,OK,Partner uebernommen
HP-2025-Q2,PARTNER,HAPO,20000034,PTR-00000057,2025-05-15,OK,Partner uebernommen
HP-2025-Q2,PARTNER,HAPO,20000035,PTR-00000058,2025-05-15,OK,Partner uebernommen
HP-2025-Q2,PARTNER,HAPO,20000036,PTR-00000059,2025-05-15,OK,Partner uebernommen
HP-2025-Q2,PARTNER,HAPO,20000037,PTR-00000060,2025-05-15,OK,Partner uebernommen
HP-2025-Q2,PARTNER,HAPO,20000038,PTR-00000061,2025-05-15,OK,Partner uebernommen
HP-2025-Q2,PARTNER,HAPO,20000039,PTR-00000062,2025-05-15,OK,Partner uebernommen
HP-2025-Q2,PARTNER,HAPO,20000040,PTR-00000063,2025-05-15,OK,Partner uebernommen
HP-2025-Q2,PARTNER,HAPO,20000041,PTR-00000064,2025-05-15,OK,Partner uebernommen
HP-2025-Q2,PARTNER,HAPO,20000042,PTR-00000068,2025-05-15,OK,Partner uebernommen
HP-2025-Q2,PARTNER,HAPO,20000043,PTR-00000069,2025-05-15,OK,Partner uebernommen
HP-2025-Q2,PARTNER,HAPO,20000044,PTR-00000074,2025-05-15,OK,Partner uebernommen
HP-2025-Q2,PARTNER,HAPO,20000045,PTR-00000075,2025-05-15,OK,Partner uebernommen
HP-2025-Q2,PARTNER,HAPO,20000046,PTR-00000076,2025-05-15,ERROR,"Adresse nicht parsebar, Partner ohne Adresse angelegt"
HP-2025-Q2,PARTNER,HAPO,20000047,PTR-00000077,2025-05-15,OK,Partner uebernommen
HP-2025-Q2,PARTNER,HAPO,20000048,PTR-00000079,2025-05-15,WARN,"Geburtsdatum Platzhalter, Dummy 1900-01-01 gesetzt"
HP-2025-Q2,PARTNER,HAPO,20000049,PTR-00000080,2025-05-15,ERROR,"Adresse nicht parsebar, Partner ohne Adresse angelegt"
HP-2025-Q2,PARTNER,HAPO,20000050,PTR-00000081,2025-05-15,OK,Partner uebernommen
HP-2025-Q2,PARTNER,HAPO,20000051,PTR-00000083,2025-05-15,OK,Partner uebernommen
HP-2025-Q2,PARTNER,HAPO,20000052,PTR-00000084,2025-05-15,OK,Partner uebernommen
HP-2025-Q2,PARTNER,HAPO,20000053,PTR-00000085,2025-05-15,OK,Partner uebernommen
HP-2025-Q2,PARTNER,HAPO,20000054,PTR-00000088,2025-05-15,WARN,"Geburtsdatum Platzhalter, Dummy 1900-01-01 gesetzt"
HP-2025-Q2,PARTNER,HAPO,20000055,PTR-00000089,2025-05-15,OK,Partner uebernommen
HP-2025-Q2,PARTNER,HAPO,20000056,PTR-00000090,2025-05-15,OK,Partner uebernommen
HP-2025-Q2,PARTNER,HAPO,20000057,PTR-00000093,2025-05-15,OK,Partner uebernommen
HP-2025-Q2,PARTNER,HAPO,20000058,PTR-00000094,2025-05-15,OK,Partner uebernommen
HP-2025-Q2,PARTNER,HAPO,20000059,PTR-00000095,2025-05-15,WARN,"Geburtsdatum Platzhalter, Dummy 1900-01-01 gesetzt"
HP-2025-Q2,PARTNER,HAPO,20000060,PTR-00000097,2025-05-15,OK,Partner uebernommen
HP-2025-Q2,PARTNER,HAPO,20000061,PTR-00000098,2025-05-15,OK,Partner uebernommen
HP-2025-Q2,PARTNER,HAPO,20000062,PTR-00000104,2025-05-15,OK,Partner uebernommen
HP-2025-Q2,PARTNER,HAPO,20000063,PTR-00000105,2025-05-15,OK,Partner uebernommen
HP-2025-Q2,PARTNER,HAPO,20000064,PTR-00000106,2025-05-15,OK,Partner uebernommen
HP-2025-Q2,PARTNER,HAPO,20000065,PTR-00000107,2025-05-15,OK,Partner uebernommen
HP-2025-Q2,PARTNER,HAPO,20000066,PTR-00000108,2025-05-15,OK,Partner uebernommen
HP-2025-Q2,PARTNER,HAPO,20000067,PTR-00000116,2025-05-15,OK,Partner uebernommen
HP-2025-Q2,PARTNER,HAPO,20000068,PTR-00000117,2025-05-15,OK,Partner uebernommen
HP-2025-Q2,PARTNER,HAPO,20000069,PTR-00000118,2025-05-15,OK,Partner uebernommen
HP-2025-Q2,PARTNER,HAPO,20000070,PTR-00000121,2025-05-15,OK,Partner uebernommen
HP-2025-Q2,PARTNER,HAPO,20000071,PTR-00000123,2025-05-15,OK,Partner uebernommen
HP-2025-Q2,PARTNER,HAPO,20000072,PTR-00000124,2025-05-15,OK,Partner uebernommen
HP-2025-Q2,PARTNER,HAPO,20000073,PTR-00000125,2025-05-15,OK,Partner uebernommen
HP-2025-Q2,PARTNER,HAPO,20000074,PTR-00000126,2025-05-15,OK,Partner uebernommen
HP-2025-Q2,PARTNER,HAPO,20000075,PTR-00000127,2025-05-15,OK,Partner uebernommen
HP-2025-Q2,PARTNER,HAPO,20000076,PTR-00000128,2025-05-15,OK,Partner uebernommen
HP-2025-Q2,PARTNER,HAPO,20000077,PTR-00000129,2025-05-15,WARN,"Geburtsdatum Platzhalter, Dummy 1900-01-01 gesetzt"
HP-2025-Q2,PARTNER,HAPO,20000078,PTR-00000130,2025-05-15,OK,Partner uebernommen
HP-2025-Q2,PARTNER,HAPO,20000079,PTR-00000131,2025-05-15,OK,Partner uebernommen
HP-2025-Q2,PARTNER,HAPO,20000080,PTR-00000132,2025-05-15,OK,Partner uebernommen
HP-2025-Q2,PARTNER,HAPO,20000081,PTR-00000133,2025-05-15,OK,Partner uebernommen
HP-2025-Q2,PARTNER,HAPO,20000082,PTR-00000134,2025-05-15,OK,Partner uebernommen
HP-2025-Q2,PARTNER,HAPO,20000083,PTR-00000138,2025-05-15,OK,Partner uebernommen
HP-2025-Q2,PARTNER,HAPO,20000084,PTR-00000139,2025-05-15,WARN,"Geburtsdatum Platzhalter, Dummy 1900-01-01 gesetzt"
HP-2025-Q2,PARTNER,HAPO,20000085,PTR-00000144,2025-05-15,OK,Partner uebernommen
HP-2025-Q2,PARTNER,HAPO,20000086,PTR-00000145,2025-05-15,OK,Partner uebernommen
HP-2025-Q2,PARTNER,HAPO,20000087,PTR-00000157,2025-05-15,WARN,"Geburtsdatum Platzhalter, Dummy 1900-01-01 gesetzt"
HP-2025-Q2,PARTNER,HAPO,20000088,PTR-00000158,2025-05-15,OK,Partner uebernommen
HP-2025-Q2,PARTNER,HAPO,20000089,PTR-00000159,2025-05-15,OK,Partner uebernommen
HP-2025-Q2,PARTNER,HAPO,20000090,PTR-00000160,2025-05-15,OK,Partner uebernommen
HP-2025-Q2,PARTNER,HAPO,20000091,PTR-00000161,2025-05-15,OK,Partner uebernommen
HP-2025-Q2,PARTNER,HAPO,20000092,PTR-00000162,2025-05-15,OK,Partner uebernommen
HP-2025-Q2,PARTNER,HAPO,20000093,PTR-00000168,2025-05-15,OK,Partner uebernommen
HP-2025-Q2,PARTNER,HAPO,20000094,PTR-00000169,2025-05-15,OK,Partner uebernommen
HP-2025-Q2,PARTNER,HAPO,20000095,PTR-00000170,2025-05-15,OK,Partner uebernommen
HP-2025-Q2,PARTNER,HAPO,20000096,PTR-00000171,2025-05-15,OK,Partner uebernommen
HP-2025-Q2,PARTNER,HAPO,20000097,PTR-00000173,2025-05-15,OK,Partner uebernommen
HP-2025-Q2,PARTNER,HAPO,20000098,PTR-00000174,2025-05-15,ERROR,"Adresse nicht parsebar, Partner ohne Adresse angelegt"
HP-2025-Q2,PARTNER,HAPO,20000099,PTR-00000175,2025-05-15,OK,Partner uebernommen
HP-2025-Q2,PARTNER,HAPO,20000100,PTR-00000176,2025-05-15,OK,Partner uebernommen
HP-2025-Q2,PARTNER,HAPO,20000101,PTR-00000178,2025-05-15,OK,Partner uebernommen
HP-2025-Q2,PARTNER,HAPO,20000102,PTR-00000181,2025-05-15,OK,Partner uebernommen
HP-2025-Q2,PARTNER,HAPO,20000103,PTR-00000182,2025-05-15,OK,Partner uebernommen
HP-2025-Q2,PARTNER,HAPO,20000104,PTR-00000183,2025-05-15,OK,Partner uebernommen
HP-2025-Q2,PARTNER,HAPO,20000105,PTR-00000184,2025-05-15,OK,Partner uebernommen
HP-2025-Q2,PARTNER,HAPO,20000106,PTR-00000189,2025-05-15,OK,Partner uebernommen
HP-2025-Q2,PARTNER,HAPO,20000107,PTR-00000190,2025-05-15,OK,Partner uebernommen
HP-2025-Q2,PARTNER,HAPO,20000108,PTR-00000191,2025-05-15,OK,Partner uebernommen
HP-2025-Q2,PARTNER,HAPO,20000109,PTR-00000192,2025-05-15,OK,Partner uebernommen
HP-2025-Q2,PARTNER,HAPO,20000110,PTR-00000193,2025-05-15,OK,Partner uebernommen
HP-2025-Q2,PARTNER,HAPO,20000111,PTR-00000194,2025-05-15,OK,Partner uebernommen
HP-2025-Q2,PARTNER,HAPO,20000112,PTR-00000197,2025-05-15,OK,Partner uebernommen
HP-2025-Q2,PARTNER,HAPO,20000113,PTR-00000198,2025-05-15,OK,Partner uebernommen
HP-2025-Q2,PARTNER,HAPO,20000114,PTR-00000199,2025-05-15,OK,Partner uebernommen
HP-2025-Q2,PARTNER,HAPO,20000115,PTR-00000201,2025-05-15,OK,Partner uebernommen
HP-2025-Q2,PARTNER,HAPO,20000116,PTR-00000202,2025-05-15,OK,Partner uebernommen
HP-2025-Q2,PARTNER,HAPO,20000117,PTR-00000203,2025-05-15,OK,Partner uebernommen
HP-2025-Q2,PARTNER,HAPO,20000118,PTR-00000210,2025-05-15,OK,Partner uebernommen
HP-2025-Q2,PARTNER,HAPO,20000119,PTR-00000211,2025-05-15,OK,Partner uebernommen
HP-2025-Q2,PARTNER,HAPO,20000120,PTR-00000212,2025-05-15,OK,Partner uebernommen
HP-2025-Q2,PARTNER,HAPO,20000121,PTR-00000213,2025-05-15,OK,Partner uebernommen
HP-2025-Q2,PARTNER,HAPO,20000122,PTR-00000214,2025-05-15,OK,Partner uebernommen
HP-2025-Q2,PARTNER,HAPO,20000123,PTR-00000215,2025-05-15,OK,Partner uebernommen
HP-2025-Q2,PARTNER,HAPO,20000124,PTR-00000216,2025-05-15,OK,Partner uebernommen
HP-2025-Q2,PARTNER,HAPO,20000125,PTR-00000217,2025-05-15,OK,Partner uebernommen
HP-2025-Q2,PARTNER,HAPO,20000126,PTR-00000218,2025-05-15,OK,Partner uebernommen
HP-2025-Q2,PARTNER,HAPO,20000127,PTR-00000219,2025-05-15,OK,Partner uebernommen
HP-2025-Q2,PARTNER,HAPO,20000128,PTR-00000220,2025-05-15,OK,Partner uebernommen
HP-2025-Q2,PARTNER,HAPO,20000129,PTR-00000226,2025-05-15,OK,Partner uebernommen
HP-2025-Q2,PARTNER,HAPO,20000130,PTR-00000234,2025-05-15,WARN,"Geburtsdatum Platzhalter, Dummy 1900-01-01 gesetzt"
HP-2025-Q2,PARTNER,HAPO,20000131,PTR-00000238,2025-05-15,OK,Partner uebernommen
HP-2025-Q2,PARTNER,HAPO,20000132,PTR-00000239,2025-05-15,ERROR,"Adresse nicht parsebar, Partner ohne Adresse angelegt"
HP-2025-Q2,PARTNER,HAPO,20000133,PTR-00000240,2025-05-15,OK,Partner uebernommen
HP-2025-Q2,PARTNER,HAPO,20000134,PTR-00000241,2025-05-15,OK,Partner uebernommen
HP-2025-Q2,PARTNER,HAPO,20000135,PTR-00000242,2025-05-15,OK,Partner uebernommen
HP-2025-Q2,PARTNER,HAPO,20000136,PTR-00000243,2025-05-15,WARN,"Geburtsdatum Platzhalter, Dummy 1900-01-01 gesetzt"
HP-2025-Q2,PARTNER,HAPO,20000137,PTR-00000247,2025-05-15,OK,Partner uebernommen
HP-2025-Q2,PARTNER,HAPO,20000138,PTR-00000248,2025-05-15,OK,Partner uebernommen
HP-2025-Q2,PARTNER,HAPO,20000139,PTR-00000249,2025-05-15,OK,Partner uebernommen
HP-2025-Q2,PARTNER,HAPO,20000140,PTR-00000250,2025-05-15,OK,Partner uebernommen
HP-2025-Q2,PARTNER,HAPO,20000141,PTR-00000251,2025-05-15,OK,Partner uebernommen
HP-2025-Q2,PARTNER,HAPO,20000142,PTR-00000252,2025-05-15,OK,Partner uebernommen
HP-2025-Q2,PARTNER,HAPO,20000143,PTR-00000253,2025-05-15,OK,Partner uebernommen
HP-2025-Q2,PARTNER,HAPO,20000144,PTR-00000257,2025-05-15,OK,Partner uebernommen
HP-2025-Q2,PARTNER,HAPO,20000145,PTR-00000258,2025-05-15,OK,Partner uebernommen
HP-2025-Q2,PARTNER,HAPO,20000146,PTR-00000262,2025-05-15,OK,Partner uebernommen
HP-2025-Q2,PARTNER,HAPO,20000147,PTR-00000263,2025-05-15,OK,Partner uebernommen
HP-2025-Q2,PARTNER,HAPO,20000148,PTR-00000264,2025-05-15,OK,Partner uebernommen
HP-2025-Q2,PARTNER,HAPO,20000149,PTR-00000274,2025-05-15,OK,Partner uebernommen
HP-2025-Q2,PARTNER,HAPO,20000150,PTR-00000275,2025-05-15,OK,Partner uebernommen
HP-2025-Q2,PARTNER,HAPO,20000151,PTR-00000276,2025-05-15,OK,Partner uebernommen
HP-2025-Q2,PARTNER,HAPO,20000152,PTR-00000283,2025-05-15,OK,Partner uebernommen
HP-2025-Q2,PARTNER,HAPO,20000153,PTR-00000284,2025-05-15,WARN,"Geburtsdatum Platzhalter, Dummy 1900-01-01 gesetzt"
HP-2025-Q2,PARTNER,HAPO,20000154,PTR-00000285,2025-05-15,WARN,"Geburtsdatum Platzhalter, Dummy 1900-01-01 gesetzt"
HP-2025-Q2,PARTNER,HAPO,20000155,PTR-00000286,2025-05-15,OK,Partner uebernommen
HP-2025-Q2,PARTNER,HAPO,20000156,PTR-00000287,2025-05-15,OK,Partner uebernommen
HP-2025-Q2,PARTNER,HAPO,20000157,PTR-00000288,2025-05-15,OK,Partner uebernommen
HP-2025-Q2,PARTNER,HAPO,20000158,PTR-00000290,2025-05-15,OK,Partner uebernommen
HP-2025-Q2,PARTNER,HAPO,20000159,PTR-00000291,2025-05-15,OK,Partner uebernommen
HP-2025-Q2,PARTNER,HAPO,20000160,PTR-00000292,2025-05-15,OK,Partner uebernommen
HP-2025-Q2,PARTNER,HAPO,20000161,PTR-00000293,2025-05-15,OK,Partner uebernommen
HP-2025-Q2,PARTNER,HAPO,20000162,PTR-00000294,2025-05-15,OK,Partner uebernommen
HP-2025-Q2,PARTNER,HAPO,20000163,PTR-00000299,2025-05-15,OK,Partner uebernommen
HP-2025-Q2,PARTNER,HAPO,20000164,PTR-00000300,2025-05-15,OK,Partner uebernommen
HP-2025-Q2,PARTNER,HAPO,20000165,PTR-00000301,2025-05-15,OK,Partner uebernommen
HP-2025-Q2,PARTNER,HAPO,20000166,PTR-00000302,2025-05-15,OK,Partner uebernommen
HP-2025-Q2,PARTNER,HAPO,20000167,PTR-00000303,2025-05-15,OK,Partner uebernommen
HP-2025-Q2,PARTNER,HAPO,20000168,PTR-00000304,2025-05-15,OK,Partner uebernommen
HP-2025-Q2,PARTNER,HAPO,20000169,PTR-00000305,2025-05-15,OK,Partner uebernommen
HP-2025-Q2,PARTNER,HAPO,20000170,PTR-00000306,2025-05-15,OK,Partner uebernommen
HP-2025-Q2,PARTNER,HAPO,20000171,PTR-00000307,2025-05-15,OK,Partner uebernommen
HP-2025-Q2,PARTNER,HAPO,20000172,PTR-00000308,2025-05-15,OK,Partner uebernommen
HP-2025-Q2,PARTNER,HAPO,20000173,PTR-00000310,2025-05-15,WARN,"Geburtsdatum Platzhalter, Dummy 1900-01-01 gesetzt"
HP-2025-Q2,PARTNER,HAPO,20000174,PTR-00000314,2025-05-15,WARN,"Geburtsdatum Platzhalter, Dummy 1900-01-01 gesetzt"
HP-2025-Q2,PARTNER,HAPO,20000175,PTR-00000315,2025-05-15,OK,Partner uebernommen
HP-2025-Q2,PARTNER,HAPO,20000176,PTR-00000316,2025-05-15,OK,Partner uebernommen
HP-2025-Q2,PARTNER,HAPO,20000177,PTR-00000324,2025-05-15,WARN,"Geburtsdatum Platzhalter, Dummy 1900-01-01 gesetzt"
HP-2025-Q2,PARTNER,HAPO,20000178,PTR-00000327,2025-05-15,OK,Partner uebernommen
HP-2025-Q2,PARTNER,HAPO,20000179,PTR-00000328,2025-05-15,OK,Partner uebernommen
HP-2025-Q2,PARTNER,HAPO,20000180,PTR-00000329,2025-05-15,OK,Partner uebernommen
HP-2025-Q2,PARTNER,HAPO,20000181,PTR-00000330,2025-05-15,OK,Partner uebernommen
HP-2025-Q2,PARTNER,HAPO,20000182,PTR-00000331,2025-05-15,OK,Partner uebernommen
HP-2025-Q2,PARTNER,HAPO,20000183,PTR-00000332,2025-05-15,OK,Partner uebernommen
HP-2025-Q2,PARTNER,HAPO,20000184,PTR-00000333,2025-05-15,WARN,"Geburtsdatum Platzhalter, Dummy 1900-01-01 gesetzt"
HP-2025-Q2,PARTNER,HAPO,20000185,PTR-00000336,2025-05-15,WARN,"Geburtsdatum Platzhalter, Dummy 1900-01-01 gesetzt"
HP-2025-Q2,PARTNER,HAPO,20000186,PTR-00000339,2025-05-15,OK,Partner uebernommen
HP-2025-Q2,PARTNER,HAPO,20000187,PTR-00000340,2025-05-15,OK,Partner uebernommen
HP-2025-Q2,PARTNER,HAPO,20000188,PTR-00000341,2025-05-15,OK,Partner uebernommen
HP-2025-Q2,PARTNER,HAPO,20000189,PTR-00000343,2025-05-15,OK,Partner uebernommen
HP-2025-Q2,PARTNER,HAPO,20000190,PTR-00000344,2025-05-15,OK,Partner uebernommen
HP-2025-Q2,PARTNER,HAPO,20000191,PTR-00000345,2025-05-15,OK,Partner uebernommen
HP-2025-Q2,PARTNER,HAPO,20000192,PTR-00000348,2025-05-15,OK,Partner uebernommen
HP-2025-Q2,PARTNER,HAPO,20000193,PTR-00000349,2025-05-15,OK,Partner uebernommen
HP-2025-Q2,PARTNER,HAPO,20000194,PTR-00000350,2025-05-15,OK,Partner uebernommen
HP-2025-Q2,PARTNER,HAPO,20000195,PTR-00000351,2025-05-15,OK,Partner uebernommen
HP-2025-Q2,PARTNER,HAPO,20000196,PTR-00000352,2025-05-15,OK,Partner uebernommen
HP-2025-Q2,PARTNER,HAPO,20000197,PTR-00000353,2025-05-15,OK,Partner uebernommen
HP-2025-Q2,PARTNER,HAPO,20000198,PTR-00000354,2025-05-15,OK,Partner uebernommen
HP-2025-Q2,PARTNER,HAPO,20000199,PTR-00000355,2025-05-15,OK,Partner uebernommen
HP-2025-Q2,PARTNER,HAPO,20000200,PTR-00000356,2025-05-15,OK,Partner uebernommen
HP-2025-Q2,PARTNER,HAPO,20000201,PTR-00000357,2025-05-15,OK,Partner uebernommen
HP-2025-Q2,PARTNER,HAPO,20000202,PTR-00000359,2025-05-15,WARN,"Geburtsdatum Platzhalter, Dummy 1900-01-01 gesetzt"
HP-2025-Q2,PARTNER,HAPO,20000203,PTR-00000362,2025-05-15,OK,Partner uebernommen
HP-2025-Q2,PARTNER,HAPO,20000204,PTR-00000363,2025-05-15,OK,Partner uebernommen
HP-2025-Q2,PARTNER,HAPO,20000205,PTR-00000364,2025-05-15,OK,Partner uebernommen
HP-2025-Q2,PARTNER,HAPO,20000206,PTR-00000365,2025-05-15,OK,Partner uebernommen
HP-2025-Q2,PARTNER,HAPO,20000207,PTR-00000367,2025-05-15,WARN,"Geburtsdatum Platzhalter, Dummy 1900-01-01 gesetzt"
HP-2025-Q2,PARTNER,HAPO,20000208,PTR-00000370,2025-05-15,OK,Partner uebernommen
HP-2025-Q2,PARTNER,HAPO,20000209,PTR-00000371,2025-05-15,WARN,"Geburtsdatum Platzhalter, Dummy 1900-01-01 gesetzt"
HP-2025-Q2,PARTNER,HAPO,20000210,PTR-00000384,2025-05-15,OK,Partner uebernommen
HP-2025-Q2,PARTNER,HAPO,20000211,PTR-00000385,2025-05-15,OK,Partner uebernommen
HP-2025-Q2,PARTNER,HAPO,20000212,PTR-00000386,2025-05-15,OK,Partner uebernommen
HP-2025-Q2,PARTNER,HAPO,20000213,PTR-00000393,2025-05-15,OK,Partner uebernommen
HP-2025-Q2,PARTNER,HAPO,20000214,PTR-00000394,2025-05-15,OK,Partner uebernommen
HP-2025-Q2,PARTNER,HAPO,20000215,PTR-00000395,2025-05-15,OK,Partner uebernommen
HP-2025-Q2,PARTNER,HAPO,20000216,PTR-00000396,2025-05-15,OK,Partner uebernommen
HP-2025-Q2,PARTNER,HAPO,20000217,PTR-00000397,2025-05-15,OK,Partner uebernommen
HP-2025-Q2,PARTNER,HAPO,20000218,PTR-00000398,2025-05-15,OK,Partner uebernommen
HP-2025-Q2,PARTNER,HAPO,20000219,PTR-00000399,2025-05-15,WARN,"Geburtsdatum Platzhalter, Dummy 1900-01-01 gesetzt"
HP-2025-Q2,PARTNER,HAPO,20000220,PTR-00000400,2025-05-15,OK,Partner uebernommen
HP-2025-Q2,PARTNER,HAPO,20000221,PTR-00000403,2025-05-15,OK,Partner uebernommen
HP-2025-Q2,PARTNER,HAPO,20000222,PTR-00000404,2025-05-15,OK,Partner uebernommen
HP-2025-Q2,PARTNER,HAPO,20000223,PTR-00000405,2025-05-15,OK,Partner uebernommen
HP-2025-Q2,PARTNER,HAPO,20000224,PTR-00000406,2025-05-15,OK,Partner uebernommen
HP-2025-Q2,PARTNER,HAPO,20000225,PTR-00000407,2025-05-15,OK,Partner uebernommen
HP-2025-Q2,PARTNER,HAPO,20000226,PTR-00000410,2025-05-15,OK,Partner uebernommen
HP-2025-Q2,PARTNER,HAPO,20000227,PTR-00000411,2025-05-15,WARN,"Geburtsdatum Platzhalter, Dummy 1900-01-01 gesetzt"
HP-2025-Q2,PARTNER,HAPO,20000228,PTR-00000412,2025-05-15,WARN,"Geburtsdatum Platzhalter, Dummy 1900-01-01 gesetzt"
HP-2025-Q2,PARTNER,HAPO,20000229,PTR-00000416,2025-05-15,OK,Partner uebernommen
HP-2025-Q2,PARTNER,HAPO,20000230,PTR-00000417,2025-05-15,OK,Partner uebernommen
HP-2025-Q2,PARTNER,HAPO,20000231,PTR-00000419,2025-05-15,OK,Partner uebernommen
HP-2025-Q2,PARTNER,HAPO,20000232,PTR-00000420,2025-05-15,OK,Partner uebernommen
HP-2025-Q2,PARTNER,HAPO,20000233,PTR-00000422,2025-05-15,OK,Partner uebernommen
HP-2025-Q2,PARTNER,HAPO,20000234,PTR-00000425,2025-05-15,OK,Partner uebernommen
HP-2025-Q2,PARTNER,HAPO,20000235,PTR-00000426,2025-05-15,OK,Partner uebernommen
HP-2025-Q2,PARTNER,HAPO,20000236,PTR-00000427,2025-05-15,OK,Partner uebernommen
HP-2025-Q2,PARTNER,HAPO,20000237,PTR-00000428,2025-05-15,OK,Partner uebernommen
HP-2025-Q2,PARTNER,HAPO,20000238,PTR-00000429,2025-05-15,OK,Partner uebernommen
HP-2025-Q2,PARTNER,HAPO,20000239,PTR-00000435,2025-05-15,OK,Partner uebernommen
HP-2025-Q2,PARTNER,HAPO,20000240,PTR-00000437,2025-05-15,WARN,"Geburtsdatum Platzhalter, Dummy 1900-01-01 gesetzt"
HP-2025-Q2,PARTNER,HAPO,20000241,PTR-00000438,2025-05-15,OK,Partner uebernommen
HP-2025-Q2,PARTNER,HAPO,20000242,PTR-00000439,2025-05-15,OK,Partner uebernommen
HP-2025-Q2,PARTNER,HAPO,20000243,PTR-00000440,2025-05-15,WARN,"Geburtsdatum Platzhalter, Dummy 1900-01-01 gesetzt"
HP-2025-Q2,PARTNER,HAPO,20000244,PTR-00000441,2025-05-15,OK,Partner uebernommen
HP-2025-Q2,PARTNER,HAPO,20000245,PTR-00000442,2025-05-15,OK,Partner uebernommen
HP-2025-Q2,PARTNER,HAPO,20000246,PTR-00000445,2025-05-15,OK,Partner uebernommen
HP-2025-Q2,PARTNER,HAPO,20000247,PTR-00000446,2025-05-15,OK,Partner uebernommen
HP-2025-Q2,PARTNER,HAPO,20000248,PTR-00000447,2025-05-15,OK,Partner uebernommen
HP-2025-Q2,PARTNER,HAPO,20000249,PTR-00000448,2025-05-15,OK,Partner uebernommen
HP-2025-Q2,PARTNER,HAPO,20000250,PTR-00000449,2025-05-15,OK,Partner uebernommen
HP-2025-Q2,PARTNER,HAPO,20000251,PTR-00000450,2025-05-15,OK,Partner uebernommen
HP-2025-Q2,PARTNER,HAPO,20000252,PTR-00000451,2025-05-15,OK,Partner uebernommen
HP-2025-Q2,PARTNER,HAPO,20000253,PTR-00000452,2025-05-15,OK,Partner uebernommen
HP-2025-Q2,PARTNER,HAPO,20000254,PTR-00000457,2025-05-15,OK,Partner uebernommen
HP-2025-Q2,PARTNER,HAPO,20000255,PTR-00000458,2025-05-15,OK,Partner uebernommen
HP-2025-Q2,PARTNER,HAPO,20000256,PTR-00000459,2025-05-15,OK,Partner uebernommen
HP-2025-Q2,PARTNER,HAPO,20000257,PTR-00000464,2025-05-15,OK,Partner uebernommen
HP-2025-Q2,PARTNER,HAPO,20000258,PTR-00000465,2025-05-15,OK,Partner uebernommen
HP-2025-Q2,PARTNER,HAPO,20000259,PTR-00000466,2025-05-15,OK,Partner uebernommen
HP-2025-Q2,PARTNER,HAPO,20000260,PTR-00000467,2025-05-15,OK,Partner uebernommen
HP-2025-Q2,PARTNER,HAPO,20000261,PTR-00000468,2025-05-15,OK,Partner uebernommen
HP-2025-Q2,PARTNER,HAPO,20000262,PTR-00000469,2025-05-15,OK,Partner uebernommen
HP-2025-Q2,PARTNER,HAPO,20000263,PTR-00000470,2025-05-15,OK,Partner uebernommen
HP-2025-Q2,PARTNER,HAPO,20000264,PTR-00000471,2025-05-15,OK,Partner uebernommen
HP-2025-Q2,PARTNER,HAPO,20000265,PTR-00000481,2025-05-15,OK,Partner uebernommen
HP-2025-Q2,PARTNER,HAPO,20000266,PTR-00000482,2025-05-15,OK,Partner uebernommen
HP-2025-Q2,PARTNER,HAPO,20000267,PTR-00000483,2025-05-15,OK,Partner uebernommen
HP-2025-Q2,PARTNER,HAPO,20000268,PTR-00000484,2025-05-15,WARN,"Geburtsdatum Platzhalter, Dummy 1900-01-01 gesetzt"
HP-2025-Q2,PARTNER,HAPO,20000269,PTR-00000485,2025-05-15,OK,Partner uebernommen
HP-2025-Q2,PARTNER,HAPO,20000270,PTR-00000489,2025-05-15,OK,Partner uebernommen
HP-2025-Q2,PARTNER,HAPO,20000271,PTR-00000490,2025-05-15,OK,Partner uebernommen
HP-2025-Q2,PARTNER,HAPO,20000272,PTR-00000491,2025-05-15,OK,Partner uebernommen
HP-2025-Q2,PARTNER,HAPO,20000273,PTR-00000492,2025-05-15,OK,Partner uebernommen
HP-2025-Q2,PARTNER,HAPO,20000274,PTR-00000493,2025-05-15,OK,Partner uebernommen
HP-2025-Q2,PARTNER,HAPO,20000275,PTR-00000494,2025-05-15,OK,Partner uebernommen
HP-2025-Q2,PARTNER,HAPO,20000276,PTR-00000500,2025-05-15,OK,Partner uebernommen
HP-2025-Q2,PARTNER,HAPO,20000277,PTR-00000501,2025-05-15,OK,Partner uebernommen
HP-2025-Q2,PARTNER,HAPO,20000278,PTR-00000502,2025-05-15,OK,Partner uebernommen
HP-2025-Q2,PARTNER,HAPO,20000279,PTR-00000503,2025-05-15,WARN,"Geburtsdatum Platzhalter, Dummy 1900-01-01 gesetzt"
HP-2025-Q2,PARTNER,HAPO,20000280,PTR-00000504,2025-05-15,OK,Partner uebernommen
HP-2025-Q2,PARTNER,HAPO,20000281,PTR-00000505,2025-05-15,OK,Partner uebernommen
HP-2025-Q2,PARTNER,HAPO,20000282,PTR-00000508,2025-05-15,OK,Partner uebernommen
HP-2025-Q2,PARTNER,HAPO,20000283,PTR-00000509,2025-05-15,OK,Partner uebernommen
HP-2025-Q2,PARTNER,HAPO,20000284,PTR-00000513,2025-05-15,OK,Partner uebernommen
HP-2025-Q2,PARTNER,HAPO,20000285,PTR-00000514,2025-05-15,OK,Partner uebernommen
HP-2025-Q2,PARTNER,HAPO,20000286,PTR-00000515,2025-05-15,OK,Partner uebernommen
HP-2025-Q2,PARTNER,HAPO,20000287,PTR-00000516,2025-05-15,OK,Partner uebernommen
HP-2025-Q2,PARTNER,HAPO,20000288,PTR-00000519,2025-05-15,OK,Partner uebernommen
HP-2025-Q2,PARTNER,HAPO,20000289,PTR-00000520,2025-05-15,OK,Partner uebernommen
HP-2025-Q2,PARTNER,HAPO,20000290,PTR-00000521,2025-05-15,OK,Partner uebernommen
HP-2025-Q2,PARTNER,HAPO,20000291,PTR-00000522,2025-05-15,OK,Partner uebernommen
HP-2025-Q2,PARTNER,HAPO,20000292,PTR-00000523,2025-05-15,WARN,"Geburtsdatum Platzhalter, Dummy 1900-01-01 gesetzt"
HP-2025-Q2,PARTNER,HAPO,20000293,PTR-00000524,2025-05-15,OK,Partner uebernommen
HP-2025-Q2,PARTNER,HAPO,20000294,PTR-00000526,2025-05-15,WARN,"Geburtsdatum Platzhalter, Dummy 1900-01-01 gesetzt"
HP-2025-Q2,PARTNER,HAPO,20000295,PTR-00000527,2025-05-15,OK,Partner uebernommen
HP-2025-Q2,PARTNER,HAPO,20000296,PTR-00000528,2025-05-15,OK,Partner uebernommen
HP-2025-Q2,PARTNER,HAPO,20000297,PTR-00000529,2025-05-15,OK,Partner uebernommen
HP-2025-Q2,PARTNER,HAPO,20000298,PTR-00000531,2025-05-15,OK,Partner uebernommen
HP-2025-Q2,PARTNER,HAPO,20000299,PTR-00000532,2025-05-15,OK,Partner uebernommen
HP-2025-Q2,PARTNER,HAPO,20000300,PTR-00000533,2025-05-15,OK,Partner uebernommen
HP-2025-Q2,PARTNER,HAPO,20000301,PTR-00000535,2025-05-15,OK,Partner uebernommen
HP-2025-Q2,PARTNER,HAPO,20000302,PTR-00000536,2025-05-15,OK,Partner uebernommen
HP-2025-Q2,PARTNER,HAPO,20000303,PTR-00000541,2025-05-15,WARN,"Geburtsdatum Platzhalter, Dummy 1900-01-01 gesetzt"
HP-2025-Q2,PARTNER,HAPO,20000304,PTR-00000542,2025-05-15,OK,Partner uebernommen
HP-2025-Q2,PARTNER,HAPO,20000305,PTR-00000549,2025-05-15,OK,Partner uebernommen
HP-2025-Q2,PARTNER,HAPO,20000306,PTR-00000550,2025-05-15,OK,Partner uebernommen
HP-2025-Q2,PARTNER,HAPO,20000307,PTR-00000551,2025-05-15,OK,Partner uebernommen
HP-2025-Q2,PARTNER,HAPO,20000308,PTR-00000552,2025-05-15,OK,Partner uebernommen
HP-2025-Q2,PARTNER,HAPO,20000309,PTR-00000554,2025-05-15,OK,Partner uebernommen
HP-2025-Q2,PARTNER,HAPO,20000310,PTR-00000555,2025-05-15,OK,Partner uebernommen
HP-2025-Q2,PARTNER,HAPO,20000311,PTR-00000556,2025-05-15,OK,Partner uebernommen
HP-2025-Q2,PARTNER,HAPO,20000312,PTR-00000563,2025-05-15,OK,Partner uebernommen
HP-2025-Q2,PARTNER,HAPO,20000313,PTR-00000564,2025-05-15,OK,Partner uebernommen
HP-2025-Q2,PARTNER,HAPO,20000314,PTR-00000565,2025-05-15,OK,Partner uebernommen
HP-2025-Q2,PARTNER,HAPO,20000315,PTR-00000568,2025-05-15,OK,Partner uebernommen
HP-2025-Q2,PARTNER,HAPO,20000316,PTR-00000569,2025-05-15,OK,Partner uebernommen
HP-2025-Q2,PARTNER,HAPO,20000317,PTR-00000571,2025-05-15,OK,Partner uebernommen
HP-2025-Q2,PARTNER,HAPO,20000318,PTR-00000572,2025-05-15,OK,Partner uebernommen
HP-2025-Q2,PARTNER,HAPO,20000319,PTR-00000573,2025-05-15,OK,Partner uebernommen
HP-2025-Q2,PARTNER,HAPO,20000320,PTR-00000576,2025-05-15,WARN,"Geburtsdatum Platzhalter, Dummy 1900-01-01 gesetzt"
HP-2025-Q2,PARTNER,HAPO,20000321,PTR-00000579,2025-05-15,WARN,"Geburtsdatum Platzhalter, Dummy 1900-01-01 gesetzt"
HP-2025-Q2,PARTNER,HAPO,20000322,PTR-00000581,2025-05-15,OK,Partner uebernommen
HP-2025-Q2,PARTNER,HAPO,20000323,PTR-00000583,2025-05-15,OK,Partner uebernommen
HP-2025-Q2,PARTNER,HAPO,20000324,PTR-00000584,2025-05-15,OK,Partner uebernommen
HP-2025-Q2,PARTNER,HAPO,20000325,PTR-00000585,2025-05-15,OK,Partner uebernommen
HP-2025-Q2,PARTNER,HAPO,20000326,PTR-00000586,2025-05-15,OK,Partner uebernommen
HP-2025-Q2,PARTNER,HAPO,20000327,PTR-00000588,2025-05-15,WARN,"Geburtsdatum Platzhalter, Dummy 1900-01-01 gesetzt"
HP-2025-Q2,PARTNER,HAPO,20000328,PTR-00000590,2025-05-15,WARN,"Geburtsdatum Platzhalter, Dummy 1900-01-01 gesetzt"
HP-2025-Q2,PARTNER,HAPO,20000329,PTR-00000591,2025-05-15,OK,Partner uebernommen
HP-2025-Q2,PARTNER,HAPO,20000330,PTR-00000594,2025-05-15,OK,Partner uebernommen
HP-2025-Q2,PARTNER,HAPO,20000331,PTR-00000595,2025-05-15,ERROR,"Adresse nicht parsebar, Partner ohne Adresse angelegt"
HP-2025-Q2,PARTNER,HAPO,20000332,PTR-00000596,2025-05-15,OK,Partner uebernommen
HP-2025-Q2,PARTNER,HAPO,20000333,PTR-00000597,2025-05-15,OK,Partner uebernommen
HP-2025-Q2,PARTNER,HAPO,20000334,PTR-00000598,2025-05-15,OK,Partner uebernommen
HP-2025-Q2,PARTNER,HAPO,20000335,PTR-00000599,2025-05-15,OK,Partner uebernommen
HP-2025-Q2,PARTNER,HAPO,20000336,PTR-00000600,2025-05-15,OK,Partner uebernommen
HP-2025-Q2,PARTNER,HAPO,20000337,PTR-00000601,2025-05-15,OK,Partner uebernommen
HP-2025-Q2,PARTNER,HAPO,20000338,PTR-00000602,2025-05-15,OK,Partner uebernommen
HP-2025-Q2,PARTNER,HAPO,20000339,PTR-00000603,2025-05-15,OK,Partner uebernommen
HP-2025-Q2,PARTNER,HAPO,20000340,PTR-00000604,2025-05-15,OK,Partner uebernommen
HP-2025-Q2,PARTNER,HAPO,20000341,PTR-00000611,2025-05-15,OK,Partner uebernommen
HP-2025-Q2,PARTNER,HAPO,20000342,PTR-00000612,2025-05-15,ERROR,"Adresse nicht parsebar, Partner ohne Adresse angelegt"
HP-2025-Q2,PARTNER,HAPO,20000343,PTR-00000613,2025-05-15,OK,Partner uebernommen
HP-2025-Q2,PARTNER,HAPO,20000344,PTR-00000614,2025-05-15,OK,Partner uebernommen
HP-2025-Q2,PARTNER,HAPO,20000345,PTR-00000615,2025-05-15,OK,Partner uebernommen
HP-2025-Q2,PARTNER,HAPO,20000346,PTR-00000616,2025-05-15,OK,Partner uebernommen
HP-2025-Q2,PARTNER,HAPO,20000347,PTR-00000618,2025-05-15,WARN,"Geburtsdatum Platzhalter, Dummy 1900-01-01 gesetzt"
HP-2025-Q2,PARTNER,HAPO,20000348,PTR-00000619,2025-05-15,OK,Partner uebernommen
HP-2025-Q2,PARTNER,HAPO,20000349,PTR-00000620,2025-05-15,OK,Partner uebernommen
HP-2025-Q2,PARTNER,HAPO,20000350,PTR-00000621,2025-05-15,OK,Partner uebernommen
HP-2025-Q2,PARTNER,HAPO,20000351,PTR-00000622,2025-05-15,OK,Partner uebernommen
HP-2025-Q2,PARTNER,HAPO,20000352,PTR-00000623,2025-05-15,OK,Partner uebernommen
HP-2025-Q2,PARTNER,HAPO,20000353,PTR-00000624,2025-05-15,OK,Partner uebernommen
HP-2025-Q2,PARTNER,HAPO,20000354,PTR-00000625,2025-05-15,OK,Partner uebernommen
HP-2025-Q2,PARTNER,HAPO,20000355,PTR-00000626,2025-05-15,OK,Partner uebernommen
HP-2025-Q2,PARTNER,HAPO,20000356,PTR-00000630,2025-05-15,OK,Partner uebernommen
HP-2025-Q2,PARTNER,HAPO,20000357,PTR-00000631,2025-05-15,OK,Partner uebernommen
HP-2025-Q2,PARTNER,HAPO,20000358,PTR-00000632,2025-05-15,OK,Partner uebernommen
HP-2025-Q2,PARTNER,HAPO,20000359,PTR-00000633,2025-05-15,OK,Partner uebernommen
HP-2025-Q2,PARTNER,HAPO,20000360,PTR-00000634,2025-05-15,OK,Partner uebernommen
HP-2025-Q2,PARTNER,HAPO,20000361,PTR-00000635,2025-05-15,OK,Partner uebernommen
HP-2025-Q2,PARTNER,HAPO,20000362,PTR-00000642,2025-05-15,OK,Partner uebernommen
HP-2025-Q2,PARTNER,HAPO,20000363,PTR-00000643,2025-05-15,OK,Partner uebernommen
HP-2025-Q2,PARTNER,HAPO,20000364,PTR-00000644,2025-05-15,OK,Partner uebernommen
HP-2025-Q2,PARTNER,HAPO,20000365,PTR-00000645,2025-05-15,OK,Partner uebernommen
HP-2025-Q2,PARTNER,HAPO,20000366,PTR-00000646,2025-05-15,OK,Partner uebernommen
HP-2025-Q2,PARTNER,HAPO,20000367,PTR-00000648,2025-05-15,OK,Partner uebernommen
HP-2025-Q2,PARTNER,HAPO,20000368,PTR-00000649,2025-05-15,OK,Partner uebernommen
HP-2025-Q2,PARTNER,HAPO,20000369,PTR-00000653,2025-05-15,WARN,"Geburtsdatum Platzhalter, Dummy 1900-01-01 gesetzt"
HP-2025-Q2,PARTNER,HAPO,20000370,PTR-00000661,2025-05-15,OK,Partner uebernommen
HP-2025-Q2,PARTNER,HAPO,20000371,PTR-00000662,2025-05-15,WARN,"Geburtsdatum Platzhalter, Dummy 1900-01-01 gesetzt"
HP-2025-Q2,PARTNER,HAPO,20000372,PTR-00000664,2025-05-15,WARN,"Geburtsdatum Platzhalter, Dummy 1900-01-01 gesetzt"
HP-2025-Q2,PARTNER,HAPO,20000373,PTR-00000665,2025-05-15,OK,Partner uebernommen
HP-2025-Q2,PARTNER,HAPO,20000374,PTR-00000666,2025-05-15,OK,Partner uebernommen
HP-2025-Q2,PARTNER,HAPO,20000375,PTR-00000667,2025-05-15,OK,Partner uebernommen
HP-2025-Q2,PARTNER,HAPO,20000376,PTR-00000668,2025-05-15,WARN,"Geburtsdatum Platzhalter, Dummy 1900-01-01 gesetzt"
HP-2025-Q2,PARTNER,HAPO,20000377,PTR-00000669,2025-05-15,OK,Partner uebernommen
HP-2025-Q2,PARTNER,HAPO,20000378,PTR-00000678,2025-05-15,OK,Partner uebernommen
HP-2025-Q2,PARTNER,HAPO,20000379,PTR-00000679,2025-05-15,OK,Partner uebernommen
HP-2025-Q2,PARTNER,HAPO,20000380,PTR-00000680,2025-05-15,OK,Partner uebernommen
HP-2025-Q2,PARTNER,HAPO,20000381,PTR-00000681,2025-05-15,OK,Partner uebernommen
HP-2025-Q2,PARTNER,HAPO,20000382,PTR-00000682,2025-05-15,OK,Partner uebernommen
HP-2025-Q2,PARTNER,HAPO,20000383,PTR-00000683,2025-05-15,OK,Partner uebernommen
HP-2025-Q2,PARTNER,HAPO,20000384,PTR-00000685,2025-05-15,OK,Partner uebernommen
HP-2025-Q2,PARTNER,HAPO,20000385,PTR-00000686,2025-05-15,OK,Partner uebernommen
HP-2025-Q2,PARTNER,HAPO,20000386,PTR-00000687,2025-05-15,OK,Partner uebernommen
HP-2025-Q2,PARTNER,HAPO,20000387,PTR-00000688,2025-05-15,OK,Partner uebernommen
HP-2025-Q2,PARTNER,HAPO,20000388,PTR-00000689,2025-05-15,OK,Partner uebernommen
HP-2025-Q2,PARTNER,HAPO,20000389,PTR-00000692,2025-05-15,OK,Partner uebernommen
HP-2025-Q2,PARTNER,HAPO,20000390,PTR-00000696,2025-05-15,OK,Partner uebernommen
HP-2025-Q2,PARTNER,HAPO,20000391,PTR-00000704,2025-05-15,OK,Partner uebernommen
HP-2025-Q2,PARTNER,HAPO,20000392,PTR-00000705,2025-05-15,WARN,"Geburtsdatum Platzhalter, Dummy 1900-01-01 gesetzt"
HP-2025-Q2,PARTNER,HAPO,20000393,PTR-00000715,2025-05-15,WARN,"Geburtsdatum Platzhalter, Dummy 1900-01-01 gesetzt"
HP-2025-Q2,PARTNER,HAPO,20000394,PTR-00000716,2025-05-15,OK,Partner uebernommen
HP-2025-Q2,PARTNER,HAPO,20000395,PTR-00000727,2025-05-15,OK,Partner uebernommen
HP-2025-Q2,PARTNER,HAPO,20000396,PTR-00000729,2025-05-15,WARN,"Geburtsdatum Platzhalter, Dummy 1900-01-01 gesetzt"
HP-2025-Q2,PARTNER,HAPO,20000397,PTR-00000730,2025-05-15,OK,Partner uebernommen
HP-2025-Q2,PARTNER,HAPO,20000398,PTR-00000731,2025-05-15,OK,Partner uebernommen
HP-2025-Q2,PARTNER,HAPO,20000399,PTR-00000732,2025-05-15,OK,Partner uebernommen
HP-2025-Q2,PARTNER,HAPO,20000400,PTR-00000733,2025-05-15,OK,Partner uebernommen
HP-2025-Q2,PARTNER,HAPO,20000401,PTR-00000735,2025-05-15,OK,Partner uebernommen
HP-2025-Q2,PARTNER,HAPO,20000402,PTR-00000746,2025-05-15,OK,Partner uebernommen
HP-2025-Q2,PARTNER,HAPO,20000403,PTR-00000747,2025-05-15,OK,Partner uebernommen
HP-2025-Q2,PARTNER,HAPO,20000404,PTR-00000753,2025-05-15,OK,Partner uebernommen
HP-2025-Q2,PARTNER,HAPO,20000405,PTR-00000754,2025-05-15,OK,Partner uebernommen
HP-2025-Q2,PARTNER,HAPO,20000406,PTR-00000755,2025-05-15,WARN,"Geburtsdatum Platzhalter, Dummy 1900-01-01 gesetzt"
HP-2025-Q2,PARTNER,HAPO,20000407,PTR-00000756,2025-05-15,OK,Partner uebernommen
HP-2025-Q2,PARTNER,HAPO,20000408,PTR-00000757,2025-05-15,OK,Partner uebernommen
HP-2025-Q2,PARTNER,HAPO,20000409,PTR-00000761,2025-05-15,OK,Partner uebernommen
HP-2025-Q2,PARTNER,HAPO,20000410,PTR-00000762,2025-05-15,OK,Partner uebernommen
HP-2025-Q2,PARTNER,HAPO,20000411,PTR-00000764,2025-05-15,WARN,"Geburtsdatum Platzhalter, Dummy 1900-01-01 gesetzt"
HP-2025-Q2,PARTNER,HAPO,20000412,PTR-00000769,2025-05-15,OK,Partner uebernommen
HP-2025-Q2,PARTNER,HAPO,20000413,PTR-00000770,2025-05-15,OK,Partner uebernommen
HP-2025-Q2,PARTNER,HAPO,20000414,PTR-00000771,2025-05-15,OK,Partner uebernommen
HP-2025-Q2,PARTNER,HAPO,20000415,PTR-00000772,2025-05-15,OK,Partner uebernommen
HP-2025-Q2,PARTNER,HAPO,20000416,PTR-00000773,2025-05-15,OK,Partner uebernommen
HP-2025-Q2,PARTNER,HAPO,20000417,PTR-00000774,2025-05-15,OK,Partner uebernommen
HP-2025-Q2,PARTNER,HAPO,20000418,PTR-00000775,2025-05-15,OK,Partner uebernommen
HP-2025-Q2,PARTNER,HAPO,20000419,PTR-00000776,2025-05-15,OK,Partner uebernommen
HP-2025-Q2,PARTNER,HAPO,20000420,PTR-00000777,2025-05-15,WARN,"Geburtsdatum Platzhalter, Dummy 1900-01-01 gesetzt"
HP-2025-Q2,PARTNER,HAPO,20000421,PTR-00000785,2025-05-15,WARN,"Geburtsdatum Platzhalter, Dummy 1900-01-01 gesetzt"
HP-2025-Q2,PARTNER,HAPO,20000422,PTR-00000786,2025-05-15,OK,Partner uebernommen
HP-2025-Q2,PARTNER,HAPO,20000423,PTR-00000788,2025-05-15,WARN,"Geburtsdatum Platzhalter, Dummy 1900-01-01 gesetzt"
HP-2025-Q2,PARTNER,HAPO,20000424,PTR-00000790,2025-05-15,OK,Partner uebernommen
HP-2025-Q2,PARTNER,HAPO,20000425,PTR-00000791,2025-05-15,WARN,"Geburtsdatum Platzhalter, Dummy 1900-01-01 gesetzt"
HP-2025-Q2,PARTNER,HAPO,20000426,PTR-00000793,2025-05-15,WARN,"Geburtsdatum Platzhalter, Dummy 1900-01-01 gesetzt"
HP-2025-Q2,PARTNER,HAPO,20000427,PTR-00000794,2025-05-15,OK,Partner uebernommen
HP-2025-Q2,PARTNER,HAPO,20000428,PTR-00000795,2025-05-15,OK,Partner uebernommen
HP-2025-Q2,PARTNER,HAPO,20000429,PTR-00000798,2025-05-15,WARN,"Geburtsdatum Platzhalter, Dummy 1900-01-01 gesetzt"
HP-2025-Q2,PARTNER,HAPO,20000430,PTR-00000799,2025-05-15,OK,Partner uebernommen
HP-2025-Q2,PARTNER,HAPO,20000431,PTR-00000800,2025-05-15,OK,Partner uebernommen
HP-2025-Q2,PARTNER,HAPO,20000432,PTR-00000803,2025-05-15,OK,Partner uebernommen
HP-2025-Q2,PARTNER,HAPO,20000433,PTR-00000804,2025-05-15,OK,Partner uebernommen
HP-2025-Q2,PARTNER,HAPO,20000434,PTR-00000805,2025-05-15,OK,Partner uebernommen
HP-2025-Q2,PARTNER,HAPO,20000435,PTR-00000806,2025-05-15,OK,Partner uebernommen
HP-2025-Q2,PARTNER,HAPO,20000436,PTR-00000807,2025-05-15,OK,Partner uebernommen
HP-2025-Q2,PARTNER,HAPO,20000437,PTR-00000808,2025-05-15,OK,Partner uebernommen
HP-2025-Q2,PARTNER,HAPO,20000438,PTR-00000810,2025-05-15,OK,Partner uebernommen
HP-2025-Q2,PARTNER,HAPO,20000439,PTR-00000812,2025-05-15,OK,Partner uebernommen
HP-2025-Q2,PARTNER,HAPO,20000440,PTR-00000814,2025-05-15,OK,Partner uebernommen
HP-2025-Q2,PARTNER,HAPO,20000441,PTR-00000815,2025-05-15,OK,Partner uebernommen
HP-2025-Q2,PARTNER,HAPO,20000442,PTR-00000816,2025-05-15,OK,Partner uebernommen
HP-2025-Q2,PARTNER,HAPO,20000443,PTR-00000818,2025-05-15,OK,Partner uebernommen
HP-2025-Q2,PARTNER,HAPO,20000444,PTR-00000819,2025-05-15,OK,Partner uebernommen
HP-2025-Q2,PARTNER,HAPO,20000445,PTR-00000820,2025-05-15,OK,Partner uebernommen
HP-2025-Q2,PARTNER,HAPO,20000446,PTR-00000821,2025-05-15,OK,Partner uebernommen
HP-2025-Q2,PARTNER,HAPO,20000447,PTR-00000822,2025-05-15,OK,Partner uebernommen
HP-2025-Q2,PARTNER,HAPO,20000448,PTR-00000823,2025-05-15,OK,Partner uebernommen
HP-2025-Q2,PARTNER,HAPO,20000449,PTR-00000824,2025-05-15,OK,Partner uebernommen
HP-2025-Q2,PARTNER,HAPO,20000450,PTR-00000825,2025-05-15,OK,Partner uebernommen
HP-2025-Q2,PARTNER,HAPO,20000451,PTR-00000826,2025-05-15,OK,Partner uebernommen
HP-2025-Q2,PARTNER,HAPO,20000452,PTR-00000828,2025-05-15,WARN,"Zeichensatzfehler im Namen, manuelle Korrektur erforderlich"
HP-2025-Q2,PARTNER,HAPO,20000453,PTR-00000833,2025-05-15,WARN,"Geburtsdatum Platzhalter, Dummy 1900-01-01 gesetzt"
HP-2025-Q2,PARTNER,HAPO,20000454,PTR-00000834,2025-05-15,OK,Partner uebernommen
HP-2025-Q2,PARTNER,HAPO,20000455,PTR-00000835,2025-05-15,OK,Partner uebernommen
HP-2025-Q2,PARTNER,HAPO,20000456,PTR-00000836,2025-05-15,OK,Partner uebernommen
HP-2025-Q2,PARTNER,HAPO,20000457,PTR-00000838,2025-05-15,WARN,"Geburtsdatum Platzhalter, Dummy 1900-01-01 gesetzt"
HP-2025-Q2,PARTNER,HAPO,20000458,PTR-00000839,2025-05-15,OK,Partner uebernommen
HP-2025-Q2,PARTNER,HAPO,20000459,PTR-00000842,2025-05-15,OK,Partner uebernommen
HP-2025-Q2,PARTNER,HAPO,20000460,PTR-00000847,2025-05-15,OK,Partner uebernommen
HP-2025-Q2,PARTNER,HAPO,20000461,PTR-00000848,2025-05-15,OK,Partner uebernommen
HP-2025-Q2,PARTNER,HAPO,20000462,PTR-00000849,2025-05-15,WARN,"Geburtsdatum Platzhalter, Dummy 1900-01-01 gesetzt"
HP-2025-Q2,PARTNER,HAPO,20000463,PTR-00000850,2025-05-15,OK,Partner uebernommen
HP-2025-Q2,PARTNER,HAPO,20000464,PTR-00000851,2025-05-15,OK,Partner uebernommen
HP-2025-Q2,PARTNER,HAPO,20000465,PTR-00000852,2025-05-15,OK,Partner uebernommen
HP-2025-Q2,PARTNER,HAPO,20000466,PTR-00000853,2025-05-15,OK,Partner uebernommen
HP-2025-Q2,PARTNER,HAPO,20000467,PTR-00000854,2025-05-15,OK,Partner uebernommen
HP-2025-Q2,PARTNER,HAPO,20000468,PTR-00000856,2025-05-15,WARN,"Geburtsdatum Platzhalter, Dummy 1900-01-01 gesetzt"
HP-2025-Q2,PARTNER,HAPO,20000469,PTR-00000859,2025-05-15,OK,Partner uebernommen
HP-2025-Q2,PARTNER,HAPO,20000470,PTR-00000860,2025-05-15,OK,Partner uebernommen
HP-2025-Q2,PARTNER,HAPO,20000471,PTR-00000865,2025-05-15,OK,Partner uebernommen
HP-2025-Q2,PARTNER,HAPO,20000472,PTR-00000866,2025-05-15,OK,Partner uebernommen
HP-2025-Q2,PARTNER,HAPO,20000473,PTR-00000867,2025-05-15,OK,Partner uebernommen
HP-2025-Q2,PARTNER,HAPO,20000474,PTR-00000868,2025-05-15,OK,Partner uebernommen
HP-2025-Q2,PARTNER,HAPO,20000475,PTR-00000869,2025-05-15,OK,Partner uebernommen
HP-2025-Q2,PARTNER,HAPO,20000476,PTR-00000870,2025-05-15,OK,Partner uebernommen
HP-2025-Q2,PARTNER,HAPO,20000477,PTR-00000871,2025-05-15,OK,Partner uebernommen
HP-2025-Q2,PARTNER,HAPO,20000478,PTR-00000872,2025-05-15,WARN,"Geburtsdatum Platzhalter, Dummy 1900-01-01 gesetzt"
HP-2025-Q2,PARTNER,HAPO,20000479,PTR-00000873,2025-05-15,OK,Partner uebernommen
HP-2025-Q2,PARTNER,HAPO,20000480,PTR-00000874,2025-05-15,OK,Partner uebernommen
HP-2025-Q2,PARTNER,HAPO,20000481,PTR-00000875,2025-05-15,OK,Partner uebernommen
HP-2025-Q2,PARTNER,HAPO,20000482,PTR-00000876,2025-05-15,OK,Partner uebernommen
HP-2025-Q2,PARTNER,HAPO,20000483,PTR-00000879,2025-05-15,OK,Partner uebernommen
HP-2025-Q2,PARTNER,HAPO,20000484,PTR-00000880,2025-05-15,OK,Partner uebernommen
HP-2025-Q2,PARTNER,HAPO,20000485,PTR-00000881,2025-05-15,OK,Partner uebernommen
HP-2025-Q2,PARTNER,HAPO,20000486,PTR-00000882,2025-05-15,OK,Partner uebernommen
HP-2025-Q2,PARTNER,HAPO,20000487,PTR-00000883,2025-05-15,OK,Partner uebernommen
HP-2025-Q2,PARTNER,HAPO,20000488,PTR-00000884,2025-05-15,OK,Partner uebernommen
HP-2025-Q2,PARTNER,HAPO,20000489,PTR-00000885,2025-05-15,OK,Partner uebernommen
HP-2025-Q2,PARTNER,HAPO,20000490,PTR-00000888,2025-05-15,OK,Partner uebernommen
HP-2025-Q2,PARTNER,HAPO,20000491,PTR-00000889,2025-05-15,OK,Partner uebernommen
HP-2025-Q2,PARTNER,HAPO,20000492,PTR-00000890,2025-05-15,OK,Partner uebernommen
HP-2025-Q2,PARTNER,HAPO,20000493,PTR-00000891,2025-05-15,OK,Partner uebernommen
HP-2025-Q2,PARTNER,HAPO,20000494,PTR-00000892,2025-05-15,OK,Partner uebernommen
HP-2025-Q2,PARTNER,HAPO,20000495,PTR-00000893,2025-05-15,OK,Partner uebernommen
HP-2025-Q2,PARTNER,HAPO,20000496,PTR-00000894,2025-05-15,OK,Partner uebernommen
HP-2025-Q2,PARTNER,HAPO,20000497,PTR-00000895,2025-05-15,OK,Partner uebernommen
HP-2025-Q2,PARTNER,HAPO,20000498,PTR-00000896,2025-05-15,OK,Partner uebernommen
HP-2025-Q2,PARTNER,HAPO,20000499,PTR-00000897,2025-05-15,OK,Partner uebernommen
HP-2025-Q2,PARTNER,HAPO,20000500,PTR-00000898,2025-05-15,OK,Partner uebernommen
HP-2025-Q2,PARTNER,HAPO,20000501,PTR-00000905,2025-05-15,WARN,"Geburtsdatum Platzhalter, Dummy 1900-01-01 gesetzt"
HP-2025-Q2,PARTNER,HAPO,20000502,PTR-00000907,2025-05-15,WARN,"Geburtsdatum Platzhalter, Dummy 1900-01-01 gesetzt"
HP-2025-Q2,PARTNER,HAPO,20000503,PTR-00000909,2025-05-15,WARN,"Geburtsdatum Platzhalter, Dummy 1900-01-01 gesetzt"
HP-2025-Q2,PARTNER,HAPO,20000504,PTR-00000910,2025-05-15,OK,Partner uebernommen
HP-2025-Q2,PARTNER,HAPO,20000505,PTR-00000911,2025-05-15,OK,Partner uebernommen
HP-2025-Q2,PARTNER,HAPO,20000506,PTR-00000912,2025-05-15,OK,Partner uebernommen
HP-2025-Q2,PARTNER,HAPO,20000507,PTR-00000916,2025-05-15,OK,Partner uebernommen
HP-2025-Q2,PARTNER,HAPO,20000508,PTR-00000920,2025-05-15,OK,Partner uebernommen
HP-2025-Q2,PARTNER,HAPO,20000509,PTR-00000924,2025-05-15,OK,Partner uebernommen
HP-2025-Q2,PARTNER,HAPO,20000510,PTR-00000925,2025-05-15,OK,Partner uebernommen
HP-2025-Q2,PARTNER,HAPO,20000511,PTR-00000926,2025-05-15,WARN,"Geburtsdatum Platzhalter, Dummy 1900-01-01 gesetzt"
HP-2025-Q2,PARTNER,HAPO,20000512,PTR-00000927,2025-05-15,OK,Partner uebernommen
HP-2025-Q2,PARTNER,HAPO,20000513,PTR-00000928,2025-05-15,OK,Partner uebernommen
HP-2025-Q2,PARTNER,HAPO,20000514,PTR-00000930,2025-05-15,OK,Partner uebernommen
HP-2025-Q2,PARTNER,HAPO,20000515,PTR-00000932,2025-05-15,OK,Partner uebernommen
HP-2025-Q2,PARTNER,HAPO,20000516,PTR-00000937,2025-05-15,OK,Partner uebernommen
HP-2025-Q2,PARTNER,HAPO,20000517,PTR-00000938,2025-05-15,OK,Partner uebernommen
HP-2025-Q2,PARTNER,HAPO,20000518,PTR-00000939,2025-05-15,OK,Partner uebernommen
HP-2025-Q2,PARTNER,HAPO,20000519,PTR-00000940,2025-05-15,OK,Partner uebernommen
HP-2025-Q2,PARTNER,HAPO,20000520,PTR-00000941,2025-05-15,WARN,"Geburtsdatum Platzhalter, Dummy 1900-01-01 gesetzt"
HP-2025-Q2,PARTNER,HAPO,20000521,PTR-00000945,2025-05-15,WARN,"Geburtsdatum Platzhalter, Dummy 1900-01-01 gesetzt"
HP-2025-Q2,PARTNER,HAPO,20000522,PTR-00000946,2025-05-15,OK,Partner uebernommen
HP-2025-Q2,PARTNER,HAPO,20000523,PTR-00000947,2025-05-15,OK,Partner uebernommen
HP-2025-Q2,PARTNER,HAPO,20000524,PTR-00000948,2025-05-15,OK,Partner uebernommen
HP-2025-Q2,PARTNER,HAPO,20000525,PTR-00000949,2025-05-15,OK,Partner uebernommen
HP-2025-Q2,PARTNER,HAPO,20000526,PTR-00000951,2025-05-15,OK,Partner uebernommen
HP-2025-Q2,PARTNER,HAPO,20000527,PTR-00000952,2025-05-15,OK,Partner uebernommen
HP-2025-Q2,PARTNER,HAPO,20000528,PTR-00000953,2025-05-15,OK,Partner uebernommen
HP-2025-Q2,PARTNER,HAPO,20000529,PTR-00000954,2025-05-15,OK,Partner uebernommen
HP-2025-Q2,PARTNER,HAPO,20000530,PTR-00000955,2025-05-15,OK,Partner uebernommen
HP-2025-Q2,PARTNER,HAPO,20000531,PTR-00000956,2025-05-15,OK,Partner uebernommen
HP-2025-Q2,PARTNER,HAPO,20000532,PTR-00000957,2025-05-15,OK,Partner uebernommen
HP-2025-Q2,PARTNER,HAPO,20000533,PTR-00000958,2025-05-15,WARN,"Geburtsdatum Platzhalter, Dummy 1900-01-01 gesetzt"
HP-2025-Q2,PARTNER,HAPO,20000534,PTR-00000959,2025-05-15,OK,Partner uebernommen
HP-2025-Q2,PARTNER,HAPO,20000535,PTR-00000960,2025-05-15,OK,Partner uebernommen
HP-2025-Q2,PARTNER,HAPO,20000536,PTR-00000961,2025-05-15,OK,Partner uebernommen
HP-2025-Q2,PARTNER,HAPO,20000537,PTR-00000962,2025-05-15,ERROR,"Adresse nicht parsebar, Partner ohne Adresse angelegt"
HP-2025-Q2,PARTNER,HAPO,20000538,PTR-00000963,2025-05-15,OK,Partner uebernommen
HP-2025-Q2,PARTNER,HAPO,20000539,PTR-00000965,2025-05-15,OK,Partner uebernommen
HP-2025-Q2,PARTNER,HAPO,20000540,PTR-00000966,2025-05-15,OK,Partner uebernommen
HP-2025-Q2,PARTNER,HAPO,20000541,PTR-00000967,2025-05-15,OK,Partner uebernommen
HP-2025-Q2,PARTNER,HAPO,20000542,PTR-00000970,2025-05-15,OK,Partner uebernommen
HP-2025-Q2,PARTNER,HAPO,20000543,PTR-00000971,2025-05-15,OK,Partner uebernommen
HP-2025-Q2,PARTNER,HAPO,20000544,PTR-00000973,2025-05-15,OK,Partner uebernommen
HP-2025-Q2,PARTNER,HAPO,20000545,PTR-00000974,2025-05-15,OK,Partner uebernommen
HP-2025-Q2,PARTNER,HAPO,20000546,PTR-00000975,2025-05-15,OK,Partner uebernommen
HP-2025-Q2,PARTNER,HAPO,20000547,PTR-00000976,2025-05-15,OK,Partner uebernommen
HP-2025-Q2,PARTNER,HAPO,20000548,PTR-00000977,2025-05-15,OK,Partner uebernommen
HP-2025-Q2,PARTNER,HAPO,20000549,PTR-00000978,2025-05-15,OK,Partner uebernommen
HP-2025-Q2,PARTNER,HAPO,20000550,PTR-00000987,2025-05-15,OK,Partner uebernommen
HP-2025-Q2,PARTNER,HAPO,20000551,PTR-00000988,2025-05-15,OK,Partner uebernommen
HP-2025-Q2,PARTNER,HAPO,20000552,PTR-00000989,2025-05-15,OK,Partner uebernommen
HP-2025-Q2,PARTNER,HAPO,20000553,PTR-00000990,2025-05-15,OK,Partner uebernommen
HP-2025-Q2,PARTNER,HAPO,20000554,PTR-00000991,2025-05-15,OK,Partner uebernommen
HP-2025-Q2,PARTNER,HAPO,20000555,PTR-00000992,2025-05-15,OK,Partner uebernommen
HP-2025-Q2,PARTNER,HAPO,20000556,PTR-00000993,2025-05-15,OK,Partner uebernommen
HP-2025-Q2,PARTNER,HAPO,20000557,PTR-00000994,2025-05-15,OK,Partner uebernommen
HP-2025-Q2,PARTNER,HAPO,20000558,PTR-00000995,2025-05-15,OK,Partner uebernommen
HP-2025-Q2,PARTNER,HAPO,20000559,PTR-00000996,2025-05-15,OK,Partner uebernommen
HP-2025-Q2,PARTNER,HAPO,20000560,PTR-00001000,2025-05-15,OK,Partner uebernommen
HP-2025-Q2,PARTNER,HAPO,20000561,PTR-00000034,2025-05-15,OK,Partner uebernommen
HP-2025-Q2,PARTNER,HAPO,20000562,PTR-00000089,2025-05-15,OK,Partner uebernommen
HP-2025-Q2,PARTNER,HAPO,20000563,PTR-00000215,2025-05-15,OK,Partner uebernommen
HP-2025-Q2,PARTNER,HAPO,20000564,PTR-00000219,2025-05-15,OK,Partner uebernommen
HP-2025-Q2,PARTNER,HAPO,20000565,PTR-00000300,2025-05-15,OK,Partner uebernommen
HP-2025-Q2,PARTNER,HAPO,20000566,PTR-00000357,2025-05-15,OK,Partner uebernommen
HP-2025-Q2,PARTNER,HAPO,20000567,PTR-00000422,2025-05-15,OK,Partner uebernommen
HP-2025-Q2,PARTNER,HAPO,20000568,PTR-00000494,2025-05-15,OK,Partner uebernommen
HP-2025-Q2,PARTNER,HAPO,20000569,PTR-00000573,2025-05-15,OK,Partner uebernommen
HP-2025-Q2,PARTNER,HAPO,20000570,PTR-00000595,2025-05-15,OK,Partner uebernommen
HP-2025-Q2,PARTNER,HAPO,20000571,PTR-00000599,2025-05-15,OK,Partner uebernommen
HP-2025-Q2,PARTNER,HAPO,20000572,PTR-00000685,2025-05-15,OK,Partner uebernommen
HP-2025-Q2,PARTNER,HAPO,20000573,PTR-00000696,2025-05-15,OK,Partner uebernommen
HP-2025-Q2,PARTNER,HAPO,20000574,PTR-00000880,2025-05-15,OK,Partner uebernommen
HP-2025-Q2,PARTNER,HAPO,20000575,PTR-00000912,2025-05-15,OK,Partner uebernommen
HP-2025-Q2,VERTRAG,HAPO,40.000.001-3,VTR-00000101,2025-05-15,OK,Vertrag uebernommen
HP-2025-Q2,VERTRAG,HAPO,40.000.002-9,VTR-00000301,2025-05-15,OK,Vertrag uebernommen
HP-2025-Q2,VERTRAG,HAPO,40.000.003-7,VTR-00000401,2025-05-15,OK,Vertrag uebernommen
HP-2025-Q2,VERTRAG,HAPO,40.000.004-5,VTR-00000503,2025-05-15,OK,Vertrag uebernommen
HP-2025-Q2,VERTRAG,HAPO,40.000.005-0,VTR-00000801,2025-05-15,OK,Vertrag uebernommen
HP-2025-Q2,VERTRAG,HAPO,40.000.006-1,VTR-00000902,2025-05-15,OK,Vertrag uebernommen
HP-2025-Q2,VERTRAG,HAPO,40.000.007-6,VTR-00002003,2025-05-15,OK,Vertrag uebernommen
HP-2025-Q2,VERTRAG,HAPO,40.000.008-4,VTR-00002004,2025-05-15,OK,Vertrag uebernommen
HP-2025-Q2,VERTRAG,HAPO,40.000.009-2,VTR-00002008,2025-05-15,WARN,Praemie mit Rundungsdifferenz (Rappen/Cent) uebernommen
HP-2025-Q2,VERTRAG,HAPO,40.000.010-0,VTR-00002009,2025-05-15,OK,Vertrag uebernommen
HP-2025-Q2,VERTRAG,HAPO,40.000.011-1,VTR-00002012,2025-05-15,OK,Vertrag uebernommen
HP-2025-Q2,VERTRAG,HAPO,40.000.012-6,VTR-00002014,2025-05-15,OK,Vertrag uebernommen
HP-2025-Q2,VERTRAG,HAPO,40.000.013-4,VTR-00002017,2025-05-15,OK,Vertrag uebernommen
HP-2025-Q2,VERTRAG,HAPO,40.000.014-2,VTR-00002018,2025-05-15,OK,Vertrag uebernommen
HP-2025-Q2,VERTRAG,HAPO,40.000.015-8,VTR-00002021,2025-05-15,OK,Vertrag uebernommen
HP-2025-Q2,VERTRAG,HAPO,40.000.016-3,VTR-00002023,2025-05-15,OK,Vertrag uebernommen
HP-2025-Q2,VERTRAG,HAPO,40.000.017-9,VTR-00002025,2025-05-15,OK,Vertrag uebernommen
HP-2025-Q2,VERTRAG,HAPO,40.000.018-7,VTR-00002026,2025-05-15,OK,Vertrag uebernommen
HP-2025-Q2,VERTRAG,HAPO,40.000.019-5,VTR-00002028,2025-05-15,OK,Vertrag uebernommen
HP-2025-Q2,VERTRAG,HAPO,40.000.020-5,VTR-00002029,2025-05-15,OK,Vertrag uebernommen
HP-2025-Q2,VERTRAG,HAPO,40.000.021-0,VTR-00002030,2025-05-15,OK,Vertrag uebernommen
HP-2025-Q2,VERTRAG,HAPO,40.000.022-1,VTR-00002038,2025-05-15,OK,Vertrag uebernommen
HP-2025-Q2,VERTRAG,HAPO,40.000.023-6,VTR-00002042,2025-05-15,OK,Vertrag uebernommen
HP-2025-Q2,VERTRAG,HAPO,40.000.024-4,VTR-00002043,2025-05-15,OK,Vertrag uebernommen
HP-2025-Q2,VERTRAG,HAPO,40.000.025-2,VTR-00002045,2025-05-15,OK,Vertrag uebernommen
HP-2025-Q2,VERTRAG,HAPO,40.000.026-8,VTR-00002046,2025-05-15,OK,Vertrag uebernommen
HP-2025-Q2,VERTRAG,HAPO,40.000.027-3,VTR-00002048,2025-05-15,OK,Vertrag uebernommen
HP-2025-Q2,VERTRAG,HAPO,40.000.028-9,VTR-00002050,2025-05-15,OK,Vertrag uebernommen
HP-2025-Q2,VERTRAG,HAPO,40.000.029-7,VTR-00002051,2025-05-15,OK,Vertrag uebernommen
HP-2025-Q2,VERTRAG,HAPO,40.000.030-2,VTR-00002052,2025-05-15,OK,Vertrag uebernommen
HP-2025-Q2,VERTRAG,HAPO,40.000.031-8,VTR-00002054,2025-05-15,OK,Vertrag uebernommen
HP-2025-Q2,VERTRAG,HAPO,40.000.032-3,VTR-00002055,2025-05-15,OK,Vertrag uebernommen
HP-2025-Q2,VERTRAG,HAPO,40.000.033-9,VTR-00002057,2025-05-15,OK,Vertrag uebernommen
HP-2025-Q2,VERTRAG,HAPO,40.000.034-7,VTR-00002058,2025-05-15,OK,Vertrag uebernommen
HP-2025-Q2,VERTRAG,HAPO,40.000.035-5,VTR-00002059,2025-05-15,OK,Vertrag uebernommen
HP-2025-Q2,VERTRAG,HAPO,40.000.036-0,VTR-00002063,2025-05-15,OK,Vertrag uebernommen
HP-2025-Q2,VERTRAG,HAPO,40.000.037-1,VTR-00002064,2025-05-15,OK,Vertrag uebernommen
HP-2025-Q2,VERTRAG,HAPO,40.000.038-6,VTR-00002065,2025-05-15,OK,Vertrag uebernommen
HP-2025-Q2,VERTRAG,HAPO,40.000.039-4,VTR-00002066,2025-05-15,OK,Vertrag uebernommen
HP-2025-Q2,VERTRAG,HAPO,40.000.040-3,VTR-00002067,2025-05-15,OK,Vertrag uebernommen
HP-2025-Q2,VERTRAG,HAPO,40.000.041-9,VTR-00002069,2025-05-15,OK,Vertrag uebernommen
HP-2025-Q2,VERTRAG,HAPO,40.000.042-7,VTR-00002074,2025-05-15,OK,Vertrag uebernommen
HP-2025-Q2,VERTRAG,HAPO,40.000.043-5,VTR-00002078,2025-05-15,OK,Vertrag uebernommen
HP-2025-Q2,VERTRAG,HAPO,40.000.044-0,VTR-00002079,2025-05-15,OK,Vertrag uebernommen
HP-2025-Q2,VERTRAG,HAPO,40.000.045-1,VTR-00002085,2025-05-15,OK,Vertrag uebernommen
HP-2025-Q2,VERTRAG,HAPO,40.000.046-6,VTR-00002087,2025-05-15,OK,Vertrag uebernommen
HP-2025-Q2,VERTRAG,HAPO,40.000.047-4,VTR-00002093,2025-05-15,OK,Vertrag uebernommen
HP-2025-Q2,VERTRAG,HAPO,40.000.048-2,VTR-00002094,2025-05-15,OK,Vertrag uebernommen
HP-2025-Q2,VERTRAG,HAPO,40.000.049-8,VTR-00002100,2025-05-15,OK,Vertrag uebernommen
HP-2025-Q2,VERTRAG,HAPO,40.000.050-7,VTR-00002101,2025-05-15,OK,Vertrag uebernommen
HP-2025-Q2,VERTRAG,HAPO,40.000.051-5,VTR-00002103,2025-05-15,WARN,"Bausteincode BST nicht im Zielschema, Feld leer uebernommen"
HP-2025-Q2,VERTRAG,HAPO,40.000.052-0,VTR-00002104,2025-05-15,OK,Vertrag uebernommen
HP-2025-Q2,VERTRAG,HAPO,40.000.053-1,VTR-00002105,2025-05-15,OK,Vertrag uebernommen
HP-2025-Q2,VERTRAG,HAPO,40.000.054-6,VTR-00002107,2025-05-15,OK,Vertrag uebernommen
HP-2025-Q2,VERTRAG,HAPO,40.000.055-4,VTR-00002108,2025-05-15,OK,Vertrag uebernommen
HP-2025-Q2,VERTRAG,HAPO,40.000.056-2,VTR-00002109,2025-05-15,OK,Vertrag uebernommen
HP-2025-Q2,VERTRAG,HAPO,40.000.057-8,VTR-00002113,2025-05-15,OK,Vertrag uebernommen
HP-2025-Q2,VERTRAG,HAPO,40.000.058-3,VTR-00002117,2025-05-15,OK,Vertrag uebernommen
HP-2025-Q2,VERTRAG,HAPO,40.000.059-9,VTR-00002118,2025-05-15,OK,Vertrag uebernommen
HP-2025-Q2,VERTRAG,HAPO,40.000.060-6,VTR-00002121,2025-05-15,OK,Vertrag uebernommen
HP-2025-Q2,VERTRAG,HAPO,40.000.061-4,VTR-00002123,2025-05-15,OK,Vertrag uebernommen
HP-2025-Q2,VERTRAG,HAPO,40.000.062-2,VTR-00002125,2025-05-15,OK,Vertrag uebernommen
HP-2025-Q2,VERTRAG,HAPO,40.000.063-8,VTR-00002126,2025-05-15,OK,Vertrag uebernommen
HP-2025-Q2,VERTRAG,HAPO,40.000.064-3,VTR-00002127,2025-05-15,OK,Vertrag uebernommen
HP-2025-Q2,VERTRAG,HAPO,40.000.065-9,VTR-00002129,2025-05-15,OK,Vertrag uebernommen
HP-2025-Q2,VERTRAG,HAPO,40.000.066-7,VTR-00002131,2025-05-15,OK,Vertrag uebernommen
HP-2025-Q2,VERTRAG,HAPO,40.000.067-5,VTR-00002135,2025-05-15,OK,Vertrag uebernommen
HP-2025-Q2,VERTRAG,HAPO,40.000.068-0,VTR-00002138,2025-05-15,OK,Vertrag uebernommen
HP-2025-Q2,VERTRAG,HAPO,40.000.069-1,VTR-00002142,2025-05-15,OK,Vertrag uebernommen
HP-2025-Q2,VERTRAG,HAPO,40.000.070-9,VTR-00002144,2025-05-15,WARN,Praemie mit Rundungsdifferenz (Rappen/Cent) uebernommen
HP-2025-Q2,VERTRAG,HAPO,40.000.071-7,VTR-00002145,2025-05-15,OK,Vertrag uebernommen
HP-2025-Q2,VERTRAG,HAPO,40.000.072-5,VTR-00002150,2025-05-15,OK,Vertrag uebernommen
HP-2025-Q2,VERTRAG,HAPO,40.000.073-0,VTR-00002153,2025-05-15,OK,Vertrag uebernommen
HP-2025-Q2,VERTRAG,HAPO,40.000.074-1,VTR-00002157,2025-05-15,OK,Vertrag uebernommen
HP-2025-Q2,VERTRAG,HAPO,40.000.075-6,VTR-00002158,2025-05-15,OK,Vertrag uebernommen
HP-2025-Q2,VERTRAG,HAPO,40.000.076-4,VTR-00002163,2025-05-15,OK,Vertrag uebernommen
HP-2025-Q2,VERTRAG,HAPO,40.000.077-2,VTR-00002168,2025-05-15,OK,Vertrag uebernommen
HP-2025-Q2,VERTRAG,HAPO,40.000.078-8,VTR-00002172,2025-05-15,OK,Vertrag uebernommen
HP-2025-Q2,VERTRAG,HAPO,40.000.079-3,VTR-00002176,2025-05-15,OK,Vertrag uebernommen
HP-2025-Q2,VERTRAG,HAPO,40.000.080-1,VTR-00002180,2025-05-15,OK,Vertrag uebernommen
HP-2025-Q2,VERTRAG,HAPO,40.000.081-6,VTR-00002183,2025-05-15,OK,Vertrag uebernommen
HP-2025-Q2,VERTRAG,HAPO,40.000.082-4,VTR-00002184,2025-05-15,OK,Vertrag uebernommen
HP-2025-Q2,VERTRAG,HAPO,40.000.083-2,VTR-00002185,2025-05-15,OK,Vertrag uebernommen
HP-2025-Q2,VERTRAG,HAPO,40.000.084-8,VTR-00002186,2025-05-15,OK,Vertrag uebernommen
HP-2025-Q2,VERTRAG,HAPO,40.000.085-3,VTR-00002187,2025-05-15,OK,Vertrag uebernommen
HP-2025-Q2,VERTRAG,HAPO,40.000.086-9,VTR-00002188,2025-05-15,OK,Vertrag uebernommen
HP-2025-Q2,VERTRAG,HAPO,40.000.087-7,VTR-00002190,2025-05-15,OK,Vertrag uebernommen
HP-2025-Q2,VERTRAG,HAPO,40.000.088-5,VTR-00002191,2025-05-15,OK,Vertrag uebernommen
HP-2025-Q2,VERTRAG,HAPO,40.000.089-0,VTR-00002192,2025-05-15,WARN,Praemie mit Rundungsdifferenz (Rappen/Cent) uebernommen
HP-2025-Q2,VERTRAG,HAPO,40.000.090-4,VTR-00002193,2025-05-15,OK,Vertrag uebernommen
HP-2025-Q2,VERTRAG,HAPO,40.000.091-2,VTR-00002196,2025-05-15,OK,Vertrag uebernommen
HP-2025-Q2,VERTRAG,HAPO,40.000.092-8,VTR-00002198,2025-05-15,OK,Vertrag uebernommen
HP-2025-Q2,VERTRAG,HAPO,40.000.093-3,VTR-00002201,2025-05-15,OK,Vertrag uebernommen
HP-2025-Q2,VERTRAG,HAPO,40.000.094-9,VTR-00002206,2025-05-15,OK,Vertrag uebernommen
HP-2025-Q2,VERTRAG,HAPO,40.000.095-7,VTR-00002207,2025-05-15,OK,Vertrag uebernommen
HP-2025-Q2,VERTRAG,HAPO,40.000.096-5,VTR-00002208,2025-05-15,OK,Vertrag uebernommen
HP-2025-Q2,VERTRAG,HAPO,40.000.097-0,VTR-00002210,2025-05-15,OK,Vertrag uebernommen
HP-2025-Q2,VERTRAG,HAPO,40.000.098-1,VTR-00002213,2025-05-15,OK,Vertrag uebernommen
HP-2025-Q2,VERTRAG,HAPO,40.000.099-6,VTR-00002214,2025-05-15,OK,Vertrag uebernommen
HP-2025-Q2,VERTRAG,HAPO,40.000.100-7,VTR-00002216,2025-05-15,WARN,"Bausteincode BST nicht im Zielschema, Feld leer uebernommen"
HP-2025-Q2,VERTRAG,HAPO,40.000.101-5,VTR-00002220,2025-05-15,OK,Vertrag uebernommen
HP-2025-Q2,VERTRAG,HAPO,40.000.102-0,VTR-00002221,2025-05-15,OK,Vertrag uebernommen
HP-2025-Q2,VERTRAG,HAPO,40.000.103-1,VTR-00002225,2025-05-15,OK,Vertrag uebernommen
HP-2025-Q2,VERTRAG,HAPO,40.000.104-6,VTR-00002226,2025-05-15,OK,Vertrag uebernommen
HP-2025-Q2,VERTRAG,HAPO,40.000.105-4,VTR-00002227,2025-05-15,OK,Vertrag uebernommen
HP-2025-Q2,VERTRAG,HAPO,40.000.106-2,VTR-00002229,2025-05-15,OK,Vertrag uebernommen
HP-2025-Q2,VERTRAG,HAPO,40.000.107-8,VTR-00002230,2025-05-15,OK,Vertrag uebernommen
HP-2025-Q2,VERTRAG,HAPO,40.000.108-3,VTR-00002231,2025-05-15,OK,Vertrag uebernommen
HP-2025-Q2,VERTRAG,HAPO,40.000.109-9,VTR-00002232,2025-05-15,OK,Vertrag uebernommen
HP-2025-Q2,VERTRAG,HAPO,40.000.110-6,VTR-00002233,2025-05-15,OK,Vertrag uebernommen
HP-2025-Q2,VERTRAG,HAPO,40.000.111-4,VTR-00002236,2025-05-15,OK,Vertrag uebernommen
HP-2025-Q2,VERTRAG,HAPO,40.000.112-2,VTR-00002237,2025-05-15,OK,Vertrag uebernommen
HP-2025-Q2,VERTRAG,HAPO,40.000.113-8,VTR-00002240,2025-05-15,OK,Vertrag uebernommen
HP-2025-Q2,VERTRAG,HAPO,40.000.114-3,VTR-00002243,2025-05-15,OK,Vertrag uebernommen
HP-2025-Q2,VERTRAG,HAPO,40.000.115-9,VTR-00002244,2025-05-15,OK,Vertrag uebernommen
HP-2025-Q2,VERTRAG,HAPO,40.000.116-7,VTR-00002245,2025-05-15,OK,Vertrag uebernommen
HP-2025-Q2,VERTRAG,HAPO,40.000.117-5,VTR-00002248,2025-05-15,OK,Vertrag uebernommen
HP-2025-Q2,VERTRAG,HAPO,40.000.118-0,VTR-00002249,2025-05-15,OK,Vertrag uebernommen
HP-2025-Q2,VERTRAG,HAPO,40.000.119-1,VTR-00002250,2025-05-15,OK,Vertrag uebernommen
HP-2025-Q2,VERTRAG,HAPO,40.000.120-9,VTR-00002251,2025-05-15,OK,Vertrag uebernommen
HP-2025-Q2,VERTRAG,HAPO,40.000.121-7,VTR-00002252,2025-05-15,OK,Vertrag uebernommen
HP-2025-Q2,VERTRAG,HAPO,40.000.122-5,VTR-00002254,2025-05-15,OK,Vertrag uebernommen
HP-2025-Q2,VERTRAG,HAPO,40.000.123-0,VTR-00002255,2025-05-15,OK,Vertrag uebernommen
HP-2025-Q2,VERTRAG,HAPO,40.000.124-1,VTR-00002257,2025-05-15,OK,Vertrag uebernommen
HP-2025-Q2,VERTRAG,HAPO,40.000.125-6,VTR-00002259,2025-05-15,OK,Vertrag uebernommen
HP-2025-Q2,VERTRAG,HAPO,40.000.126-4,VTR-00002260,2025-05-15,OK,Vertrag uebernommen
HP-2025-Q2,VERTRAG,HAPO,40.000.127-2,VTR-00002262,2025-05-15,OK,Vertrag uebernommen
HP-2025-Q2,VERTRAG,HAPO,40.000.128-8,VTR-00002263,2025-05-15,OK,Vertrag uebernommen
HP-2025-Q2,VERTRAG,HAPO,40.000.129-3,VTR-00002270,2025-05-15,OK,Vertrag uebernommen
HP-2025-Q2,VERTRAG,HAPO,40.000.130-1,VTR-00002272,2025-05-15,OK,Vertrag uebernommen
HP-2025-Q2,VERTRAG,HAPO,40.000.131-6,VTR-00002273,2025-05-15,OK,Vertrag uebernommen
HP-2025-Q2,VERTRAG,HAPO,40.000.132-4,VTR-00002279,2025-05-15,OK,Vertrag uebernommen
HP-2025-Q2,VERTRAG,HAPO,40.000.133-2,VTR-00002280,2025-05-15,OK,Vertrag uebernommen
HP-2025-Q2,VERTRAG,HAPO,40.000.134-8,VTR-00002283,2025-05-15,OK,Vertrag uebernommen
HP-2025-Q2,VERTRAG,HAPO,40.000.135-3,VTR-00002286,2025-05-15,OK,Vertrag uebernommen
HP-2025-Q2,VERTRAG,HAPO,40.000.136-9,VTR-00002289,2025-05-15,OK,Vertrag uebernommen
HP-2025-Q2,VERTRAG,HAPO,40.000.137-7,VTR-00002290,2025-05-15,OK,Vertrag uebernommen
HP-2025-Q2,VERTRAG,HAPO,40.000.138-5,VTR-00002291,2025-05-15,OK,Vertrag uebernommen
HP-2025-Q2,VERTRAG,HAPO,40.000.139-0,VTR-00002292,2025-05-15,OK,Vertrag uebernommen
HP-2025-Q2,VERTRAG,HAPO,40.000.140-4,VTR-00002296,2025-05-15,OK,Vertrag uebernommen
HP-2025-Q2,VERTRAG,HAPO,40.000.141-2,VTR-00002301,2025-05-15,OK,Vertrag uebernommen
HP-2025-Q2,VERTRAG,HAPO,40.000.142-8,VTR-00002302,2025-05-15,OK,Vertrag uebernommen
HP-2025-Q2,VERTRAG,HAPO,40.000.143-3,VTR-00002304,2025-05-15,OK,Vertrag uebernommen
HP-2025-Q2,VERTRAG,HAPO,40.000.144-9,VTR-00002306,2025-05-15,OK,Vertrag uebernommen
HP-2025-Q2,VERTRAG,HAPO,40.000.145-7,VTR-00002308,2025-05-15,OK,Vertrag uebernommen
HP-2025-Q2,VERTRAG,HAPO,40.000.146-5,VTR-00002311,2025-05-15,OK,Vertrag uebernommen
HP-2025-Q2,VERTRAG,HAPO,40.000.147-0,VTR-00002315,2025-05-15,OK,Vertrag uebernommen
HP-2025-Q2,VERTRAG,HAPO,40.000.148-1,VTR-00002321,2025-05-15,OK,Vertrag uebernommen
HP-2025-Q2,VERTRAG,HAPO,40.000.149-6,VTR-00002323,2025-05-15,OK,Vertrag uebernommen
HP-2025-Q2,VERTRAG,HAPO,40.000.150-8,VTR-00002324,2025-05-15,OK,Vertrag uebernommen
HP-2025-Q2,VERTRAG,HAPO,40.000.151-3,VTR-00002325,2025-05-15,OK,Vertrag uebernommen
HP-2025-Q2,VERTRAG,HAPO,40.000.152-9,VTR-00002326,2025-05-15,OK,Vertrag uebernommen
HP-2025-Q2,VERTRAG,HAPO,40.000.153-7,VTR-00002328,2025-05-15,OK,Vertrag uebernommen
HP-2025-Q2,VERTRAG,HAPO,40.000.154-5,VTR-00002330,2025-05-15,OK,Vertrag uebernommen
HP-2025-Q2,VERTRAG,HAPO,40.000.155-0,VTR-00002332,2025-05-15,OK,Vertrag uebernommen
HP-2025-Q2,VERTRAG,HAPO,40.000.156-1,VTR-00002333,2025-05-15,OK,Vertrag uebernommen
HP-2025-Q2,VERTRAG,HAPO,40.000.157-6,VTR-00002340,2025-05-15,OK,Vertrag uebernommen
HP-2025-Q2,VERTRAG,HAPO,40.000.158-4,VTR-00002343,2025-05-15,OK,Vertrag uebernommen
HP-2025-Q2,VERTRAG,HAPO,40.000.159-2,VTR-00002348,2025-05-15,OK,Vertrag uebernommen
HP-2025-Q2,VERTRAG,HAPO,40.000.160-0,VTR-00002350,2025-05-15,OK,Vertrag uebernommen
HP-2025-Q2,VERTRAG,HAPO,40.000.161-1,VTR-00002353,2025-05-15,OK,Vertrag uebernommen
HP-2025-Q2,VERTRAG,HAPO,40.000.162-6,VTR-00002354,2025-05-15,OK,Vertrag uebernommen
HP-2025-Q2,VERTRAG,HAPO,40.000.163-4,VTR-00002355,2025-05-15,OK,Vertrag uebernommen
HP-2025-Q2,VERTRAG,HAPO,40.000.164-2,VTR-00002357,2025-05-15,OK,Vertrag uebernommen
HP-2025-Q2,VERTRAG,HAPO,40.000.165-8,VTR-00002358,2025-05-15,OK,Vertrag uebernommen
HP-2025-Q2,VERTRAG,HAPO,40.000.166-3,VTR-00002362,2025-05-15,OK,Vertrag uebernommen
HP-2025-Q2,VERTRAG,HAPO,40.000.167-9,VTR-00002363,2025-05-15,OK,Vertrag uebernommen
HP-2025-Q2,VERTRAG,HAPO,40.000.168-7,VTR-00002368,2025-05-15,OK,Vertrag uebernommen
HP-2025-Q2,VERTRAG,HAPO,40.000.169-5,VTR-00002370,2025-05-15,OK,Vertrag uebernommen
HP-2025-Q2,VERTRAG,HAPO,40.000.170-5,VTR-00002374,2025-05-15,OK,Vertrag uebernommen
HP-2025-Q2,VERTRAG,HAPO,40.000.171-0,VTR-00002375,2025-05-15,OK,Vertrag uebernommen
HP-2025-Q2,VERTRAG,HAPO,40.000.172-1,VTR-00002376,2025-05-15,OK,Vertrag uebernommen
HP-2025-Q2,VERTRAG,HAPO,40.000.173-6,VTR-00002378,2025-05-15,OK,Vertrag uebernommen
HP-2025-Q2,VERTRAG,HAPO,40.000.174-4,VTR-00002379,2025-05-15,WARN,Praemie mit Rundungsdifferenz (Rappen/Cent) uebernommen
HP-2025-Q2,VERTRAG,HAPO,40.000.175-2,VTR-00002380,2025-05-15,OK,Vertrag uebernommen
HP-2025-Q2,VERTRAG,HAPO,40.000.176-8,VTR-00002381,2025-05-15,OK,Vertrag uebernommen
HP-2025-Q2,VERTRAG,HAPO,40.000.177-3,VTR-00002384,2025-05-15,OK,Vertrag uebernommen
HP-2025-Q2,VERTRAG,HAPO,40.000.178-9,VTR-00002389,2025-05-15,OK,Vertrag uebernommen
HP-2025-Q2,VERTRAG,HAPO,40.000.179-7,VTR-00002390,2025-05-15,OK,Vertrag uebernommen
HP-2025-Q2,VERTRAG,HAPO,40.000.180-2,VTR-00002395,2025-05-15,OK,Vertrag uebernommen
HP-2025-Q2,VERTRAG,HAPO,40.000.181-8,VTR-00002396,2025-05-15,OK,Vertrag uebernommen
HP-2025-Q2,VERTRAG,HAPO,40.000.182-3,VTR-00002401,2025-05-15,OK,Vertrag uebernommen
HP-2025-Q2,VERTRAG,HAPO,40.000.183-9,VTR-00002402,2025-05-15,OK,Vertrag uebernommen
HP-2025-Q2,VERTRAG,HAPO,40.000.184-7,VTR-00002403,2025-05-15,OK,Vertrag uebernommen
HP-2025-Q2,VERTRAG,HAPO,40.000.185-5,VTR-00002406,2025-05-15,OK,Vertrag uebernommen
HP-2025-Q2,VERTRAG,HAPO,40.000.186-0,VTR-00002407,2025-05-15,OK,Vertrag uebernommen
HP-2025-Q2,VERTRAG,HAPO,40.000.187-1,VTR-00002409,2025-05-15,OK,Vertrag uebernommen
HP-2025-Q2,VERTRAG,HAPO,40.000.188-6,VTR-00002410,2025-05-15,OK,Vertrag uebernommen
HP-2025-Q2,VERTRAG,HAPO,40.000.189-4,VTR-00002412,2025-05-15,OK,Vertrag uebernommen
HP-2025-Q2,VERTRAG,HAPO,40.000.190-3,VTR-00002413,2025-05-15,OK,Vertrag uebernommen
HP-2025-Q2,VERTRAG,HAPO,40.000.191-9,VTR-00002418,2025-05-15,OK,Vertrag uebernommen
HP-2025-Q2,VERTRAG,HAPO,40.000.192-7,VTR-00002420,2025-05-15,OK,Vertrag uebernommen
HP-2025-Q2,VERTRAG,HAPO,40.000.193-5,VTR-00002421,2025-05-15,OK,Vertrag uebernommen
HP-2025-Q2,VERTRAG,HAPO,40.000.194-0,VTR-00002422,2025-05-15,OK,Vertrag uebernommen
HP-2025-Q2,VERTRAG,HAPO,40.000.195-1,VTR-00002423,2025-05-15,OK,Vertrag uebernommen
HP-2025-Q2,VERTRAG,HAPO,40.000.196-6,VTR-00002430,2025-05-15,OK,Vertrag uebernommen
HP-2025-Q2,VERTRAG,HAPO,40.000.197-4,VTR-00002431,2025-05-15,OK,Vertrag uebernommen
HP-2025-Q2,VERTRAG,HAPO,40.000.198-2,VTR-00002434,2025-05-15,WARN,"Bausteincode BST nicht im Zielschema, Feld leer uebernommen"
HP-2025-Q2,VERTRAG,HAPO,40.000.199-8,VTR-00002436,2025-05-15,OK,Vertrag uebernommen
HP-2025-Q2,VERTRAG,HAPO,40.000.200-9,VTR-00002440,2025-05-15,OK,Vertrag uebernommen
HP-2025-Q2,VERTRAG,HAPO,40.000.201-7,VTR-00002441,2025-05-15,OK,Vertrag uebernommen
HP-2025-Q2,VERTRAG,HAPO,40.000.202-5,VTR-00002445,2025-05-15,OK,Vertrag uebernommen
HP-2025-Q2,VERTRAG,HAPO,40.000.203-0,VTR-00002448,2025-05-15,OK,Vertrag uebernommen
HP-2025-Q2,VERTRAG,HAPO,40.000.204-1,VTR-00002452,2025-05-15,OK,Vertrag uebernommen
HP-2025-Q2,VERTRAG,HAPO,40.000.205-6,VTR-00002454,2025-05-15,OK,Vertrag uebernommen
HP-2025-Q2,VERTRAG,HAPO,40.000.206-4,VTR-00002455,2025-05-15,OK,Vertrag uebernommen
HP-2025-Q2,VERTRAG,HAPO,40.000.207-2,VTR-00002460,2025-05-15,OK,Vertrag uebernommen
HP-2025-Q2,VERTRAG,HAPO,40.000.208-8,VTR-00002461,2025-05-15,OK,Vertrag uebernommen
HP-2025-Q2,VERTRAG,HAPO,40.000.209-3,VTR-00002463,2025-05-15,OK,Vertrag uebernommen
HP-2025-Q2,VERTRAG,HAPO,40.000.210-1,VTR-00002466,2025-05-15,OK,Vertrag uebernommen
HP-2025-Q2,VERTRAG,HAPO,40.000.211-6,VTR-00002467,2025-05-15,OK,Vertrag uebernommen
HP-2025-Q2,VERTRAG,HAPO,40.000.212-4,VTR-00002470,2025-05-15,OK,Vertrag uebernommen
HP-2025-Q2,VERTRAG,HAPO,40.000.213-2,VTR-00002471,2025-05-15,OK,Vertrag uebernommen
HP-2025-Q2,VERTRAG,HAPO,40.000.214-8,VTR-00002472,2025-05-15,OK,Vertrag uebernommen
HP-2025-Q2,VERTRAG,HAPO,40.000.215-3,VTR-00002473,2025-05-15,OK,Vertrag uebernommen
HP-2025-Q2,VERTRAG,HAPO,40.000.216-9,VTR-00002476,2025-05-15,OK,Vertrag uebernommen
HP-2025-Q2,VERTRAG,HAPO,40.000.217-7,VTR-00002478,2025-05-15,OK,Vertrag uebernommen
HP-2025-Q2,VERTRAG,HAPO,40.000.218-5,VTR-00002479,2025-05-15,OK,Vertrag uebernommen
HP-2025-Q2,VERTRAG,HAPO,40.000.219-0,VTR-00002480,2025-05-15,OK,Vertrag uebernommen
HP-2025-Q2,VERTRAG,HAPO,40.000.220-4,VTR-00002482,2025-05-15,OK,Vertrag uebernommen
HP-2025-Q2,VERTRAG,HAPO,40.000.221-2,VTR-00002487,2025-05-15,OK,Vertrag uebernommen
HP-2025-Q2,VERTRAG,HAPO,40.000.222-8,VTR-00002490,2025-05-15,OK,Vertrag uebernommen
HP-2025-Q2,VERTRAG,HAPO,40.000.223-3,VTR-00002491,2025-05-15,OK,Vertrag uebernommen
HP-2025-Q2,VERTRAG,HAPO,40.000.224-9,VTR-00002492,2025-05-15,OK,Vertrag uebernommen
HP-2025-Q2,VERTRAG,HAPO,40.000.225-7,VTR-00002495,2025-05-15,OK,Vertrag uebernommen
HP-2025-Q2,VERTRAG,HAPO,40.000.226-5,VTR-00002498,2025-05-15,OK,Vertrag uebernommen
HP-2025-Q2,VERTRAG,HAPO,40.000.227-0,VTR-00002499,2025-05-15,OK,Vertrag uebernommen
HP-2025-Q2,VERTRAG,HAPO,40.000.228-1,VTR-00002504,2025-05-15,OK,Vertrag uebernommen
HP-2025-Q2,VERTRAG,HAPO,40.000.229-6,VTR-00002507,2025-05-15,OK,Vertrag uebernommen
HP-2025-Q2,VERTRAG,HAPO,40.000.230-8,VTR-00002510,2025-05-15,OK,Vertrag uebernommen
HP-2025-Q2,VERTRAG,HAPO,40.000.231-3,VTR-00002513,2025-05-15,OK,Vertrag uebernommen
HP-2025-Q2,VERTRAG,HAPO,40.000.232-9,VTR-00002514,2025-05-15,OK,Vertrag uebernommen
HP-2025-Q2,VERTRAG,HAPO,40.000.233-7,VTR-00002518,2025-05-15,OK,Vertrag uebernommen
HP-2025-Q2,VERTRAG,HAPO,40.000.234-5,VTR-00002521,2025-05-15,OK,Vertrag uebernommen
HP-2025-Q2,VERTRAG,HAPO,40.000.235-0,VTR-00002522,2025-05-15,OK,Vertrag uebernommen
HP-2025-Q2,VERTRAG,HAPO,40.000.236-1,VTR-00002524,2025-05-15,OK,Vertrag uebernommen
HP-2025-Q2,VERTRAG,HAPO,40.000.237-6,VTR-00002529,2025-05-15,OK,Vertrag uebernommen
HP-2025-Q2,VERTRAG,HAPO,40.000.238-4,VTR-00002530,2025-05-15,OK,Vertrag uebernommen
HP-2025-Q2,VERTRAG,HAPO,40.000.239-2,VTR-00002531,2025-05-15,OK,Vertrag uebernommen
HP-2025-Q2,VERTRAG,HAPO,40.000.240-0,VTR-00002534,2025-05-15,OK,Vertrag uebernommen
HP-2025-Q2,VERTRAG,HAPO,40.000.241-1,VTR-00002535,2025-05-15,OK,Vertrag uebernommen
HP-2025-Q2,VERTRAG,HAPO,40.000.242-6,VTR-00002536,2025-05-15,OK,Vertrag uebernommen
HP-2025-Q2,VERTRAG,HAPO,40.000.243-4,VTR-00002540,2025-05-15,OK,Vertrag uebernommen
HP-2025-Q2,VERTRAG,HAPO,40.000.244-2,VTR-00002542,2025-05-15,OK,Vertrag uebernommen
HP-2025-Q2,VERTRAG,HAPO,40.000.245-8,VTR-00002543,2025-05-15,OK,Vertrag uebernommen
HP-2025-Q2,VERTRAG,HAPO,40.000.246-3,VTR-00002545,2025-05-15,OK,Vertrag uebernommen
HP-2025-Q2,VERTRAG,HAPO,40.000.247-9,VTR-00002546,2025-05-15,OK,Vertrag uebernommen
HP-2025-Q2,VERTRAG,HAPO,40.000.248-7,VTR-00002548,2025-05-15,OK,Vertrag uebernommen
HP-2025-Q2,VERTRAG,HAPO,40.000.249-5,VTR-00002549,2025-05-15,OK,Vertrag uebernommen
HP-2025-Q2,VERTRAG,HAPO,40.000.250-5,VTR-00002551,2025-05-15,OK,Vertrag uebernommen
HP-2025-Q2,VERTRAG,HAPO,40.000.251-0,VTR-00002556,2025-05-15,OK,Vertrag uebernommen
HP-2025-Q2,VERTRAG,HAPO,40.000.252-1,VTR-00002557,2025-05-15,OK,Vertrag uebernommen
HP-2025-Q2,VERTRAG,HAPO,40.000.253-6,VTR-00002560,2025-05-15,OK,Vertrag uebernommen
HP-2025-Q2,VERTRAG,HAPO,40.000.254-4,VTR-00002561,2025-05-15,WARN,Praemie mit Rundungsdifferenz (Rappen/Cent) uebernommen
HP-2025-Q2,VERTRAG,HAPO,40.000.255-2,VTR-00002562,2025-05-15,OK,Vertrag uebernommen
HP-2025-Q2,VERTRAG,HAPO,40.000.256-8,VTR-00002564,2025-05-15,OK,Vertrag uebernommen
HP-2025-Q2,VERTRAG,HAPO,40.000.257-3,VTR-00002568,2025-05-15,OK,Vertrag uebernommen
HP-2025-Q2,VERTRAG,HAPO,40.000.258-9,VTR-00002569,2025-05-15,OK,Vertrag uebernommen
HP-2025-Q2,VERTRAG,HAPO,40.000.259-7,VTR-00002571,2025-05-15,OK,Vertrag uebernommen
HP-2025-Q2,VERTRAG,HAPO,40.000.260-2,VTR-00002575,2025-05-15,OK,Vertrag uebernommen
HP-2025-Q2,VERTRAG,HAPO,40.000.261-8,VTR-00002577,2025-05-15,OK,Vertrag uebernommen
HP-2025-Q2,VERTRAG,HAPO,40.000.262-3,VTR-00002578,2025-05-15,OK,Vertrag uebernommen
HP-2025-Q2,VERTRAG,HAPO,40.000.263-9,VTR-00002582,2025-05-15,OK,Vertrag uebernommen
HP-2025-Q2,VERTRAG,HAPO,40.000.264-7,VTR-00002586,2025-05-15,OK,Vertrag uebernommen
HP-2025-Q2,VERTRAG,HAPO,40.000.265-5,VTR-00002587,2025-05-15,OK,Vertrag uebernommen
HP-2025-Q2,VERTRAG,HAPO,40.000.266-0,VTR-00002589,2025-05-15,OK,Vertrag uebernommen
HP-2025-Q2,VERTRAG,HAPO,40.000.267-1,VTR-00002591,2025-05-15,OK,Vertrag uebernommen
HP-2025-Q2,VERTRAG,HAPO,40.000.268-6,VTR-00002593,2025-05-15,OK,Vertrag uebernommen
HP-2025-Q2,VERTRAG,HAPO,40.000.269-4,VTR-00002594,2025-05-15,OK,Vertrag uebernommen
HP-2025-Q2,VERTRAG,HAPO,40.000.270-3,VTR-00002597,2025-05-15,OK,Vertrag uebernommen
HP-2025-Q2,VERTRAG,HAPO,40.000.271-9,VTR-00002598,2025-05-15,OK,Vertrag uebernommen
HP-2025-Q2,VERTRAG,HAPO,40.000.272-7,VTR-00002599,2025-05-15,OK,Vertrag uebernommen
HP-2025-Q2,VERTRAG,HAPO,40.000.273-5,VTR-00002601,2025-05-15,OK,Vertrag uebernommen
HP-2025-Q2,VERTRAG,HAPO,40.000.274-0,VTR-00002602,2025-05-15,OK,Vertrag uebernommen
HP-2025-Q2,VERTRAG,HAPO,40.000.275-1,VTR-00002603,2025-05-15,OK,Vertrag uebernommen
HP-2025-Q2,VERTRAG,HAPO,40.000.276-6,VTR-00002604,2025-05-15,OK,Vertrag uebernommen
HP-2025-Q2,VERTRAG,HAPO,40.000.277-4,VTR-00002605,2025-05-15,OK,Vertrag uebernommen
HP-2025-Q2,VERTRAG,HAPO,40.000.278-2,VTR-00002607,2025-05-15,OK,Vertrag uebernommen
HP-2025-Q2,VERTRAG,HAPO,40.000.279-8,VTR-00002608,2025-05-15,OK,Vertrag uebernommen
HP-2025-Q2,VERTRAG,HAPO,40.000.280-7,VTR-00002612,2025-05-15,OK,Vertrag uebernommen
HP-2025-Q2,VERTRAG,HAPO,40.000.281-5,VTR-00002614,2025-05-15,OK,Vertrag uebernommen
HP-2025-Q2,VERTRAG,HAPO,40.000.282-0,VTR-00002617,2025-05-15,OK,Vertrag uebernommen
HP-2025-Q2,VERTRAG,HAPO,40.000.283-1,VTR-00002618,2025-05-15,OK,Vertrag uebernommen
HP-2025-Q2,VERTRAG,HAPO,40.000.284-6,VTR-00002619,2025-05-15,OK,Vertrag uebernommen
HP-2025-Q2,VERTRAG,HAPO,40.000.285-4,VTR-00002620,2025-05-15,OK,Vertrag uebernommen
HP-2025-Q2,VERTRAG,HAPO,40.000.286-2,VTR-00002622,2025-05-15,OK,Vertrag uebernommen
HP-2025-Q2,VERTRAG,HAPO,40.000.287-8,VTR-00002623,2025-05-15,OK,Vertrag uebernommen
HP-2025-Q2,VERTRAG,HAPO,40.000.288-3,VTR-00002625,2025-05-15,OK,Vertrag uebernommen
HP-2025-Q2,VERTRAG,HAPO,40.000.289-9,VTR-00002626,2025-05-15,OK,Vertrag uebernommen
HP-2025-Q2,VERTRAG,HAPO,40.000.290-6,VTR-00002627,2025-05-15,OK,Vertrag uebernommen
HP-2025-Q2,VERTRAG,HAPO,40.000.291-4,VTR-00002630,2025-05-15,OK,Vertrag uebernommen
HP-2025-Q2,VERTRAG,HAPO,40.000.292-2,VTR-00002632,2025-05-15,OK,Vertrag uebernommen
HP-2025-Q2,VERTRAG,HAPO,40.000.293-8,VTR-00002634,2025-05-15,OK,Vertrag uebernommen
HP-2025-Q2,VERTRAG,HAPO,40.000.294-3,VTR-00002637,2025-05-15,OK,Vertrag uebernommen
HP-2025-Q2,VERTRAG,HAPO,40.000.295-9,VTR-00002638,2025-05-15,OK,Vertrag uebernommen
HP-2025-Q2,VERTRAG,HAPO,40.000.296-7,VTR-00002642,2025-05-15,OK,Vertrag uebernommen
HP-2025-Q2,VERTRAG,HAPO,40.000.297-5,VTR-00002644,2025-05-15,OK,Vertrag uebernommen
HP-2025-Q2,VERTRAG,HAPO,40.000.298-0,VTR-00002645,2025-05-15,OK,Vertrag uebernommen
HP-2025-Q2,VERTRAG,HAPO,40.000.299-1,VTR-00002649,2025-05-15,OK,Vertrag uebernommen
HP-2025-Q2,VERTRAG,HAPO,40.000.300-4,VTR-00002652,2025-05-15,OK,Vertrag uebernommen
HP-2025-Q2,VERTRAG,HAPO,40.000.301-2,VTR-00002653,2025-05-15,OK,Vertrag uebernommen
HP-2025-Q2,VERTRAG,HAPO,40.000.302-8,VTR-00002657,2025-05-15,OK,Vertrag uebernommen
HP-2025-Q2,VERTRAG,HAPO,40.000.303-3,VTR-00002662,2025-05-15,OK,Vertrag uebernommen
HP-2025-Q2,VERTRAG,HAPO,40.000.304-9,VTR-00002663,2025-05-15,OK,Vertrag uebernommen
HP-2025-Q2,VERTRAG,HAPO,40.000.305-7,VTR-00002664,2025-05-15,OK,Vertrag uebernommen
HP-2025-Q2,VERTRAG,HAPO,40.000.306-5,VTR-00002665,2025-05-15,OK,Vertrag uebernommen
HP-2025-Q2,VERTRAG,HAPO,40.000.307-0,VTR-00002666,2025-05-15,OK,Vertrag uebernommen
HP-2025-Q2,VERTRAG,HAPO,40.000.308-1,VTR-00002667,2025-05-15,OK,Vertrag uebernommen
HP-2025-Q2,VERTRAG,HAPO,40.000.309-6,VTR-00002669,2025-05-15,OK,Vertrag uebernommen
HP-2025-Q2,VERTRAG,HAPO,40.000.310-8,VTR-00002670,2025-05-15,OK,Vertrag uebernommen
HP-2025-Q2,VERTRAG,HAPO,40.000.311-3,VTR-00002673,2025-05-15,OK,Vertrag uebernommen
HP-2025-Q2,VERTRAG,HAPO,40.000.312-9,VTR-00002678,2025-05-15,OK,Vertrag uebernommen
HP-2025-Q2,VERTRAG,HAPO,40.000.313-7,VTR-00002679,2025-05-15,OK,Vertrag uebernommen
HP-2025-Q2,VERTRAG,HAPO,40.000.314-5,VTR-00002680,2025-05-15,OK,Vertrag uebernommen
HP-2025-Q2,VERTRAG,HAPO,40.000.315-0,VTR-00002682,2025-05-15,OK,Vertrag uebernommen
HP-2025-Q2,VERTRAG,HAPO,40.000.316-1,VTR-00002683,2025-05-15,OK,Vertrag uebernommen
HP-2025-Q2,VERTRAG,HAPO,40.000.317-6,VTR-00002685,2025-05-15,OK,Vertrag uebernommen
HP-2025-Q2,VERTRAG,HAPO,40.000.318-4,VTR-00002686,2025-05-15,OK,Vertrag uebernommen
HP-2025-Q2,VERTRAG,HAPO,40.000.319-2,VTR-00002687,2025-05-15,OK,Vertrag uebernommen
HP-2025-Q2,VERTRAG,HAPO,40.000.320-0,VTR-00002691,2025-05-15,OK,Vertrag uebernommen
HP-2025-Q2,VERTRAG,HAPO,40.000.321-1,VTR-00002694,2025-05-15,OK,Vertrag uebernommen
HP-2025-Q2,VERTRAG,HAPO,40.000.322-6,VTR-00002695,2025-05-15,ERROR,Migrationsstorno ohne Zielvertrag (manuelle Nacharbeit)
HP-2025-Q2,VERTRAG,HAPO,40.000.323-4,VTR-00002696,2025-05-15,OK,Vertrag uebernommen
HP-2025-Q2,VERTRAG,HAPO,40.000.324-2,VTR-00002700,2025-05-15,OK,Vertrag uebernommen
HP-2025-Q2,VERTRAG,HAPO,40.000.325-8,VTR-00002702,2025-05-15,OK,Vertrag uebernommen
HP-2025-Q2,VERTRAG,HAPO,40.000.326-3,VTR-00002703,2025-05-15,OK,Vertrag uebernommen
HP-2025-Q2,VERTRAG,HAPO,40.000.327-9,VTR-00002707,2025-05-15,OK,Vertrag uebernommen
HP-2025-Q2,VERTRAG,HAPO,40.000.328-7,VTR-00002710,2025-05-15,OK,Vertrag uebernommen
HP-2025-Q2,VERTRAG,HAPO,40.000.329-5,VTR-00002711,2025-05-15,OK,Vertrag uebernommen
HP-2025-Q2,VERTRAG,HAPO,40.000.330-5,VTR-00002712,2025-05-15,OK,Vertrag uebernommen
HP-2025-Q2,VERTRAG,HAPO,40.000.331-0,VTR-00002715,2025-05-15,OK,Vertrag uebernommen
HP-2025-Q2,VERTRAG,HAPO,40.000.332-1,VTR-00002719,2025-05-15,OK,Vertrag uebernommen
HP-2025-Q2,VERTRAG,HAPO,40.000.333-6,VTR-00002720,2025-05-15,OK,Vertrag uebernommen
HP-2025-Q2,VERTRAG,HAPO,40.000.334-4,VTR-00002723,2025-05-15,OK,Vertrag uebernommen
HP-2025-Q2,VERTRAG,HAPO,40.000.335-2,VTR-00002727,2025-05-15,OK,Vertrag uebernommen
HP-2025-Q2,VERTRAG,HAPO,40.000.336-8,VTR-00002730,2025-05-15,OK,Vertrag uebernommen
HP-2025-Q2,VERTRAG,HAPO,40.000.337-3,VTR-00002734,2025-05-15,OK,Vertrag uebernommen
HP-2025-Q2,VERTRAG,HAPO,40.000.338-9,VTR-00002737,2025-05-15,OK,Vertrag uebernommen
HP-2025-Q2,VERTRAG,HAPO,40.000.339-7,VTR-00002738,2025-05-15,OK,Vertrag uebernommen
HP-2025-Q2,VERTRAG,HAPO,40.000.340-2,VTR-00002740,2025-05-15,OK,Vertrag uebernommen
HP-2025-Q2,VERTRAG,HAPO,40.000.341-8,VTR-00002744,2025-05-15,OK,Vertrag uebernommen
HP-2025-Q2,VERTRAG,HAPO,40.000.342-3,VTR-00002749,2025-05-15,OK,Vertrag uebernommen
HP-2025-Q2,VERTRAG,HAPO,40.000.343-9,VTR-00002752,2025-05-15,OK,Vertrag uebernommen
HP-2025-Q2,VERTRAG,HAPO,40.000.344-7,VTR-00002756,2025-05-15,OK,Vertrag uebernommen
HP-2025-Q2,VERTRAG,HAPO,40.000.345-5,VTR-00002758,2025-05-15,OK,Vertrag uebernommen
HP-2025-Q2,VERTRAG,HAPO,40.000.346-0,VTR-00002761,2025-05-15,OK,Vertrag uebernommen
HP-2025-Q2,VERTRAG,HAPO,40.000.347-1,VTR-00002765,2025-05-15,OK,Vertrag uebernommen
HP-2025-Q2,VERTRAG,HAPO,40.000.348-6,VTR-00002771,2025-05-15,OK,Vertrag uebernommen
HP-2025-Q2,VERTRAG,HAPO,40.000.349-4,VTR-00002772,2025-05-15,OK,Vertrag uebernommen
HP-2025-Q2,VERTRAG,HAPO,40.000.350-3,VTR-00002774,2025-05-15,OK,Vertrag uebernommen
HP-2025-Q2,VERTRAG,HAPO,40.000.351-9,VTR-00002775,2025-05-15,OK,Vertrag uebernommen
HP-2025-Q2,VERTRAG,HAPO,40.000.352-7,VTR-00002777,2025-05-15,WARN,Praemie mit Rundungsdifferenz (Rappen/Cent) uebernommen
HP-2025-Q2,VERTRAG,HAPO,40.000.353-5,VTR-00002781,2025-05-15,OK,Vertrag uebernommen
HP-2025-Q2,VERTRAG,HAPO,40.000.354-0,VTR-00002782,2025-05-15,OK,Vertrag uebernommen
HP-2025-Q2,VERTRAG,HAPO,40.000.355-1,VTR-00002784,2025-05-15,OK,Vertrag uebernommen
HP-2025-Q2,VERTRAG,HAPO,40.000.356-6,VTR-00002787,2025-05-15,OK,Vertrag uebernommen
HP-2025-Q2,VERTRAG,HAPO,40.000.357-4,VTR-00002790,2025-05-15,OK,Vertrag uebernommen
HP-2025-Q2,VERTRAG,HAPO,40.000.358-2,VTR-00002793,2025-05-15,OK,Vertrag uebernommen
HP-2025-Q2,VERTRAG,HAPO,40.000.359-8,VTR-00002795,2025-05-15,OK,Vertrag uebernommen
HP-2025-Q2,VERTRAG,HAPO,40.000.360-7,VTR-00002798,2025-05-15,OK,Vertrag uebernommen
HP-2025-Q2,VERTRAG,HAPO,40.000.361-5,VTR-00002799,2025-05-15,OK,Vertrag uebernommen
HP-2025-Q2,VERTRAG,HAPO,40.000.362-0,VTR-00002800,2025-05-15,OK,Vertrag uebernommen
HP-2025-Q2,VERTRAG,HAPO,40.000.363-1,VTR-00002801,2025-05-15,WARN,Praemie mit Rundungsdifferenz (Rappen/Cent) uebernommen
HP-2025-Q2,VERTRAG,HAPO,40.000.364-6,VTR-00002805,2025-05-15,OK,Vertrag uebernommen
HP-2025-Q2,VERTRAG,HAPO,40.000.365-4,VTR-00002806,2025-05-15,OK,Vertrag uebernommen
HP-2025-Q2,VERTRAG,HAPO,40.000.366-2,VTR-00002807,2025-05-15,OK,Vertrag uebernommen
HP-2025-Q2,VERTRAG,HAPO,40.000.367-8,VTR-00002810,2025-05-15,OK,Vertrag uebernommen
HP-2025-Q2,VERTRAG,HAPO,40.000.368-3,VTR-00002811,2025-05-15,OK,Vertrag uebernommen
HP-2025-Q2,VERTRAG,HAPO,40.000.369-9,VTR-00002812,2025-05-15,OK,Vertrag uebernommen
HP-2025-Q2,VERTRAG,HAPO,40.000.370-6,VTR-00002813,2025-05-15,OK,Vertrag uebernommen
HP-2025-Q2,VERTRAG,HAPO,40.000.371-4,VTR-00002814,2025-05-15,OK,Vertrag uebernommen
HP-2025-Q2,VERTRAG,HAPO,40.000.372-2,VTR-00002817,2025-05-15,OK,Vertrag uebernommen
HP-2025-Q2,VERTRAG,HAPO,40.000.373-8,VTR-00002819,2025-05-15,OK,Vertrag uebernommen
HP-2025-Q2,VERTRAG,HAPO,40.000.374-3,VTR-00002821,2025-05-15,OK,Vertrag uebernommen
HP-2025-Q2,VERTRAG,HAPO,40.000.375-9,VTR-00002824,2025-05-15,OK,Vertrag uebernommen
HP-2025-Q2,VERTRAG,HAPO,40.000.376-7,VTR-00002826,2025-05-15,OK,Vertrag uebernommen
HP-2025-Q2,VERTRAG,HAPO,40.000.377-5,VTR-00002829,2025-05-15,OK,Vertrag uebernommen
HP-2025-Q2,VERTRAG,HAPO,40.000.378-0,VTR-00002830,2025-05-15,OK,Vertrag uebernommen
HP-2025-Q2,VERTRAG,HAPO,40.000.379-1,VTR-00002837,2025-05-15,OK,Vertrag uebernommen
HP-2025-Q2,VERTRAG,HAPO,40.000.380-9,VTR-00002838,2025-05-15,OK,Vertrag uebernommen
HP-2025-Q2,VERTRAG,HAPO,40.000.381-7,VTR-00002840,2025-05-15,OK,Vertrag uebernommen
HP-2025-Q2,VERTRAG,HAPO,40.000.382-5,VTR-00002841,2025-05-15,OK,Vertrag uebernommen
HP-2025-Q2,VERTRAG,HAPO,40.000.383-0,VTR-00002842,2025-05-15,OK,Vertrag uebernommen
HP-2025-Q2,VERTRAG,HAPO,40.000.384-1,VTR-00002843,2025-05-15,OK,Vertrag uebernommen
HP-2025-Q2,VERTRAG,HAPO,40.000.385-6,VTR-00002846,2025-05-15,OK,Vertrag uebernommen
HP-2025-Q2,VERTRAG,HAPO,40.000.386-4,VTR-00002848,2025-05-15,OK,Vertrag uebernommen
HP-2025-Q2,VERTRAG,HAPO,40.000.387-2,VTR-00002850,2025-05-15,OK,Vertrag uebernommen
HP-2025-Q2,VERTRAG,HAPO,40.000.388-8,VTR-00002851,2025-05-15,OK,Vertrag uebernommen
HP-2025-Q2,VERTRAG,HAPO,40.000.389-3,VTR-00002852,2025-05-15,OK,Vertrag uebernommen
HP-2025-Q2,VERTRAG,HAPO,40.000.390-1,VTR-00002853,2025-05-15,WARN,Praemie mit Rundungsdifferenz (Rappen/Cent) uebernommen
HP-2025-Q2,VERTRAG,HAPO,40.000.391-6,VTR-00002855,2025-05-15,OK,Vertrag uebernommen
HP-2025-Q2,VERTRAG,HAPO,40.000.392-4,VTR-00002857,2025-05-15,WARN,"Bausteincode BST nicht im Zielschema, Feld leer uebernommen"
HP-2025-Q2,VERTRAG,HAPO,40.000.393-2,VTR-00002859,2025-05-15,OK,Vertrag uebernommen
HP-2025-Q2,VERTRAG,HAPO,40.000.394-8,VTR-00002860,2025-05-15,OK,Vertrag uebernommen
HP-2025-Q2,VERTRAG,HAPO,40.000.395-3,VTR-00002862,2025-05-15,OK,Vertrag uebernommen
HP-2025-Q2,VERTRAG,HAPO,40.000.396-9,VTR-00002864,2025-05-15,OK,Vertrag uebernommen
HP-2025-Q2,VERTRAG,HAPO,40.000.397-7,VTR-00002865,2025-05-15,OK,Vertrag uebernommen
HP-2025-Q2,VERTRAG,HAPO,40.000.398-5,VTR-00002869,2025-05-15,OK,Vertrag uebernommen
HP-2025-Q2,VERTRAG,HAPO,40.000.399-0,VTR-00002871,2025-05-15,OK,Vertrag uebernommen
HP-2025-Q2,VERTRAG,HAPO,40.000.400-2,VTR-00002875,2025-05-15,OK,Vertrag uebernommen
HP-2025-Q2,VERTRAG,HAPO,40.000.401-8,VTR-00002876,2025-05-15,OK,Vertrag uebernommen
HP-2025-Q2,VERTRAG,HAPO,40.000.402-3,VTR-00002877,2025-05-15,OK,Vertrag uebernommen
HP-2025-Q2,VERTRAG,HAPO,40.000.403-9,VTR-00002878,2025-05-15,OK,Vertrag uebernommen
HP-2025-Q2,VERTRAG,HAPO,40.000.404-7,VTR-00002882,2025-05-15,OK,Vertrag uebernommen
HP-2025-Q2,VERTRAG,HAPO,40.000.405-5,VTR-00002885,2025-05-15,OK,Vertrag uebernommen
HP-2025-Q2,VERTRAG,HAPO,40.000.406-0,VTR-00002886,2025-05-15,OK,Vertrag uebernommen
HP-2025-Q2,VERTRAG,HAPO,40.000.407-1,VTR-00002887,2025-05-15,OK,Vertrag uebernommen
HP-2025-Q2,VERTRAG,HAPO,40.000.408-6,VTR-00002888,2025-05-15,OK,Vertrag uebernommen
HP-2025-Q2,VERTRAG,HAPO,40.000.409-4,VTR-00002891,2025-05-15,OK,Vertrag uebernommen
HP-2025-Q2,VERTRAG,HAPO,40.000.410-3,VTR-00002892,2025-05-15,OK,Vertrag uebernommen
HP-2025-Q2,VERTRAG,HAPO,40.000.411-9,VTR-00002893,2025-05-15,OK,Vertrag uebernommen
HP-2025-Q2,VERTRAG,HAPO,40.000.412-7,VTR-00002898,2025-05-15,OK,Vertrag uebernommen
HP-2025-Q2,VERTRAG,HAPO,40.000.413-5,VTR-00002899,2025-05-15,OK,Vertrag uebernommen
HP-2025-Q2,VERTRAG,HAPO,40.000.414-0,VTR-00002900,2025-05-15,OK,Vertrag uebernommen
LV-2025-Q4,PARTNER,VERA,10000001,PTR-00000001,2025-11-15,WARN,"Geburtsdatum Platzhalter, Dummy 1900-01-01 gesetzt"
LV-2025-Q4,PARTNER,VERA,10000002,PTR-00000003,2025-11-15,WARN,"Geburtsdatum Platzhalter, Dummy 1900-01-01 gesetzt"
LV-2025-Q4,PARTNER,VERA,10000003,PTR-00000005,2025-11-15,OK,Partner uebernommen
LV-2025-Q4,PARTNER,VERA,10000004,PTR-00000006,2025-11-15,OK,Partner uebernommen
LV-2025-Q4,PARTNER,VERA,10000005,PTR-00000011,2025-11-15,OK,Partner uebernommen
LV-2025-Q4,PARTNER,VERA,10000006,PTR-00000012,2025-11-15,OK,Partner uebernommen
LV-2025-Q4,PARTNER,VERA,10000007,PTR-00000014,2025-11-15,OK,Partner uebernommen
LV-2025-Q4,PARTNER,VERA,10000008,PTR-00000015,2025-11-15,WARN,"Geburtsdatum Platzhalter, Dummy 1900-01-01 gesetzt"
LV-2025-Q4,PARTNER,VERA,10000009,PTR-00000016,2025-11-15,OK,Partner uebernommen
LV-2025-Q4,PARTNER,VERA,10000010,PTR-00000019,2025-11-15,OK,Partner uebernommen
LV-2025-Q4,PARTNER,VERA,10000011,PTR-00000020,2025-11-15,WARN,"Geburtsdatum Platzhalter, Dummy 1900-01-01 gesetzt"
LV-2025-Q4,PARTNER,VERA,10000012,PTR-00000030,2025-11-15,OK,Partner uebernommen
LV-2025-Q4,PARTNER,VERA,10000013,PTR-00000032,2025-11-15,OK,Partner uebernommen
LV-2025-Q4,PARTNER,VERA,10000014,PTR-00000033,2025-11-15,OK,Partner uebernommen
LV-2025-Q4,PARTNER,VERA,10000015,PTR-00000036,2025-11-15,OK,Partner uebernommen
LV-2025-Q4,PARTNER,VERA,10000016,PTR-00000041,2025-11-15,OK,Partner uebernommen
LV-2025-Q4,PARTNER,VERA,10000017,PTR-00000042,2025-11-15,OK,Partner uebernommen
LV-2025-Q4,PARTNER,VERA,10000018,PTR-00000043,2025-11-15,OK,Partner uebernommen
LV-2025-Q4,PARTNER,VERA,10000019,PTR-00000044,2025-11-15,OK,Partner uebernommen
LV-2025-Q4,PARTNER,VERA,10000020,PTR-00000045,2025-11-15,OK,Partner uebernommen
LV-2025-Q4,PARTNER,VERA,10000021,PTR-00000046,2025-11-15,WARN,"Zeichensatzfehler im Namen, manuelle Korrektur erforderlich"
LV-2025-Q4,PARTNER,VERA,10000022,PTR-00000054,2025-11-15,OK,Partner uebernommen
LV-2025-Q4,PARTNER,VERA,10000023,PTR-00000055,2025-11-15,OK,Partner uebernommen
LV-2025-Q4,PARTNER,VERA,10000024,PTR-00000056,2025-11-15,OK,Partner uebernommen
LV-2025-Q4,PARTNER,VERA,10000025,PTR-00000057,2025-11-15,OK,Partner uebernommen
LV-2025-Q4,PARTNER,VERA,10000026,PTR-00000060,2025-11-15,OK,Partner uebernommen
LV-2025-Q4,PARTNER,VERA,10000027,PTR-00000069,2025-11-15,OK,Partner uebernommen
LV-2025-Q4,PARTNER,VERA,10000028,PTR-00000071,2025-11-15,OK,Partner uebernommen
LV-2025-Q4,PARTNER,VERA,10000029,PTR-00000073,2025-11-15,OK,Partner uebernommen
LV-2025-Q4,PARTNER,VERA,10000030,PTR-00000075,2025-11-15,OK,Partner uebernommen
LV-2025-Q4,PARTNER,VERA,10000031,PTR-00000079,2025-11-15,OK,Partner uebernommen
LV-2025-Q4,PARTNER,VERA,10000032,PTR-00000080,2025-11-15,OK,Partner uebernommen
LV-2025-Q4,PARTNER,VERA,10000033,PTR-00000081,2025-11-15,OK,Partner uebernommen
LV-2025-Q4,PARTNER,VERA,10000034,PTR-00000083,2025-11-15,OK,Partner uebernommen
LV-2025-Q4,PARTNER,VERA,10000035,PTR-00000085,2025-11-15,OK,Partner uebernommen
LV-2025-Q4,PARTNER,VERA,10000036,PTR-00000086,2025-11-15,OK,Partner uebernommen
LV-2025-Q4,PARTNER,VERA,10000037,PTR-00000087,2025-11-15,OK,Partner uebernommen
LV-2025-Q4,PARTNER,VERA,10000038,PTR-00000088,2025-11-15,OK,Partner uebernommen
LV-2025-Q4,PARTNER,VERA,10000039,PTR-00000089,2025-11-15,OK,Partner uebernommen
LV-2025-Q4,PARTNER,VERA,10000040,PTR-00000090,2025-11-15,OK,Partner uebernommen
LV-2025-Q4,PARTNER,VERA,10000041,PTR-00000094,2025-11-15,OK,Partner uebernommen
LV-2025-Q4,PARTNER,VERA,10000042,PTR-00000105,2025-11-15,OK,Partner uebernommen
LV-2025-Q4,PARTNER,VERA,10000043,PTR-00000106,2025-11-15,WARN,"Geburtsdatum Platzhalter, Dummy 1900-01-01 gesetzt"
LV-2025-Q4,PARTNER,VERA,10000044,PTR-00000107,2025-11-15,OK,Partner uebernommen
LV-2025-Q4,PARTNER,VERA,10000045,PTR-00000108,2025-11-15,WARN,"Geburtsdatum Platzhalter, Dummy 1900-01-01 gesetzt"
LV-2025-Q4,PARTNER,VERA,10000046,PTR-00000116,2025-11-15,OK,Partner uebernommen
LV-2025-Q4,PARTNER,VERA,10000047,PTR-00000117,2025-11-15,OK,Partner uebernommen
LV-2025-Q4,PARTNER,VERA,10000048,PTR-00000118,2025-11-15,OK,Partner uebernommen
LV-2025-Q4,PARTNER,VERA,10000049,PTR-00000126,2025-11-15,OK,Partner uebernommen
LV-2025-Q4,PARTNER,VERA,10000050,PTR-00000127,2025-11-15,OK,Partner uebernommen
LV-2025-Q4,PARTNER,VERA,10000051,PTR-00000128,2025-11-15,OK,Partner uebernommen
LV-2025-Q4,PARTNER,VERA,10000052,PTR-00000129,2025-11-15,OK,Partner uebernommen
LV-2025-Q4,PARTNER,VERA,10000053,PTR-00000134,2025-11-15,OK,Partner uebernommen
LV-2025-Q4,PARTNER,VERA,10000054,PTR-00000138,2025-11-15,OK,Partner uebernommen
LV-2025-Q4,PARTNER,VERA,10000055,PTR-00000139,2025-11-15,OK,Partner uebernommen
LV-2025-Q4,PARTNER,VERA,10000056,PTR-00000140,2025-11-15,OK,Partner uebernommen
LV-2025-Q4,PARTNER,VERA,10000057,PTR-00000141,2025-11-15,OK,Partner uebernommen
LV-2025-Q4,PARTNER,VERA,10000058,PTR-00000142,2025-11-15,OK,Partner uebernommen
LV-2025-Q4,PARTNER,VERA,10000059,PTR-00000143,2025-11-15,OK,Partner uebernommen
LV-2025-Q4,PARTNER,VERA,10000060,PTR-00000145,2025-11-15,OK,Partner uebernommen
LV-2025-Q4,PARTNER,VERA,10000061,PTR-00000148,2025-11-15,OK,Partner uebernommen
LV-2025-Q4,PARTNER,VERA,10000062,PTR-00000149,2025-11-15,OK,Partner uebernommen
LV-2025-Q4,PARTNER,VERA,10000063,PTR-00000158,2025-11-15,OK,Partner uebernommen
LV-2025-Q4,PARTNER,VERA,10000064,PTR-00000159,2025-11-15,OK,Partner uebernommen
LV-2025-Q4,PARTNER,VERA,10000065,PTR-00000160,2025-11-15,OK,Partner uebernommen
LV-2025-Q4,PARTNER,VERA,10000066,PTR-00000161,2025-11-15,OK,Partner uebernommen
LV-2025-Q4,PARTNER,VERA,10000067,PTR-00000162,2025-11-15,OK,Partner uebernommen
LV-2025-Q4,PARTNER,VERA,10000068,PTR-00000168,2025-11-15,OK,Partner uebernommen
LV-2025-Q4,PARTNER,VERA,10000069,PTR-00000169,2025-11-15,OK,Partner uebernommen
LV-2025-Q4,PARTNER,VERA,10000070,PTR-00000171,2025-11-15,OK,Partner uebernommen
LV-2025-Q4,PARTNER,VERA,10000071,PTR-00000173,2025-11-15,OK,Partner uebernommen
LV-2025-Q4,PARTNER,VERA,10000072,PTR-00000174,2025-11-15,OK,Partner uebernommen
LV-2025-Q4,PARTNER,VERA,10000073,PTR-00000175,2025-11-15,OK,Partner uebernommen
LV-2025-Q4,PARTNER,VERA,10000074,PTR-00000176,2025-11-15,OK,Partner uebernommen
LV-2025-Q4,PARTNER,VERA,10000075,PTR-00000181,2025-11-15,WARN,"Geburtsdatum Platzhalter, Dummy 1900-01-01 gesetzt"
LV-2025-Q4,PARTNER,VERA,10000076,PTR-00000182,2025-11-15,OK,Partner uebernommen
LV-2025-Q4,PARTNER,VERA,10000077,PTR-00000183,2025-11-15,OK,Partner uebernommen
LV-2025-Q4,PARTNER,VERA,10000078,PTR-00000184,2025-11-15,OK,Partner uebernommen
LV-2025-Q4,PARTNER,VERA,10000079,PTR-00000185,2025-11-15,OK,Partner uebernommen
LV-2025-Q4,PARTNER,VERA,10000080,PTR-00000186,2025-11-15,OK,Partner uebernommen
LV-2025-Q4,PARTNER,VERA,10000081,PTR-00000194,2025-11-15,OK,Partner uebernommen
LV-2025-Q4,PARTNER,VERA,10000082,PTR-00000197,2025-11-15,OK,Partner uebernommen
LV-2025-Q4,PARTNER,VERA,10000083,PTR-00000198,2025-11-15,OK,Partner uebernommen
LV-2025-Q4,PARTNER,VERA,10000084,PTR-00000199,2025-11-15,OK,Partner uebernommen
LV-2025-Q4,PARTNER,VERA,10000085,PTR-00000201,2025-11-15,OK,Partner uebernommen
LV-2025-Q4,PARTNER,VERA,10000086,PTR-00000202,2025-11-15,OK,Partner uebernommen
LV-2025-Q4,PARTNER,VERA,10000087,PTR-00000203,2025-11-15,OK,Partner uebernommen
LV-2025-Q4,PARTNER,VERA,10000088,PTR-00000209,2025-11-15,OK,Partner uebernommen
LV-2025-Q4,PARTNER,VERA,10000089,PTR-00000210,2025-11-15,OK,Partner uebernommen
LV-2025-Q4,PARTNER,VERA,10000090,PTR-00000211,2025-11-15,OK,Partner uebernommen
LV-2025-Q4,PARTNER,VERA,10000091,PTR-00000212,2025-11-15,OK,Partner uebernommen
LV-2025-Q4,PARTNER,VERA,10000092,PTR-00000213,2025-11-15,OK,Partner uebernommen
LV-2025-Q4,PARTNER,VERA,10000093,PTR-00000214,2025-11-15,OK,Partner uebernommen
LV-2025-Q4,PARTNER,VERA,10000094,PTR-00000215,2025-11-15,OK,Partner uebernommen
LV-2025-Q4,PARTNER,VERA,10000095,PTR-00000216,2025-11-15,OK,Partner uebernommen
LV-2025-Q4,PARTNER,VERA,10000096,PTR-00000217,2025-11-15,OK,Partner uebernommen
LV-2025-Q4,PARTNER,VERA,10000097,PTR-00000218,2025-11-15,OK,Partner uebernommen
LV-2025-Q4,PARTNER,VERA,10000098,PTR-00000219,2025-11-15,OK,Partner uebernommen
LV-2025-Q4,PARTNER,VERA,10000099,PTR-00000224,2025-11-15,OK,Partner uebernommen
LV-2025-Q4,PARTNER,VERA,10000100,PTR-00000225,2025-11-15,OK,Partner uebernommen
LV-2025-Q4,PARTNER,VERA,10000101,PTR-00000226,2025-11-15,OK,Partner uebernommen
LV-2025-Q4,PARTNER,VERA,10000102,PTR-00000238,2025-11-15,OK,Partner uebernommen
LV-2025-Q4,PARTNER,VERA,10000103,PTR-00000239,2025-11-15,OK,Partner uebernommen
LV-2025-Q4,PARTNER,VERA,10000104,PTR-00000240,2025-11-15,OK,Partner uebernommen
LV-2025-Q4,PARTNER,VERA,10000105,PTR-00000247,2025-11-15,OK,Partner uebernommen
LV-2025-Q4,PARTNER,VERA,10000106,PTR-00000257,2025-11-15,OK,Partner uebernommen
LV-2025-Q4,PARTNER,VERA,10000107,PTR-00000262,2025-11-15,OK,Partner uebernommen
LV-2025-Q4,PARTNER,VERA,10000108,PTR-00000263,2025-11-15,OK,Partner uebernommen
LV-2025-Q4,PARTNER,VERA,10000109,PTR-00000264,2025-11-15,OK,Partner uebernommen
LV-2025-Q4,PARTNER,VERA,10000110,PTR-00000265,2025-11-15,ERROR,"Adresse nicht parsebar, Partner ohne Adresse angelegt"
LV-2025-Q4,PARTNER,VERA,10000111,PTR-00000266,2025-11-15,OK,Partner uebernommen
LV-2025-Q4,PARTNER,VERA,10000112,PTR-00000274,2025-11-15,OK,Partner uebernommen
LV-2025-Q4,PARTNER,VERA,10000113,PTR-00000275,2025-11-15,OK,Partner uebernommen
LV-2025-Q4,PARTNER,VERA,10000114,PTR-00000276,2025-11-15,OK,Partner uebernommen
LV-2025-Q4,PARTNER,VERA,10000115,PTR-00000280,2025-11-15,OK,Partner uebernommen
LV-2025-Q4,PARTNER,VERA,10000116,PTR-00000281,2025-11-15,OK,Partner uebernommen
LV-2025-Q4,PARTNER,VERA,10000117,PTR-00000283,2025-11-15,OK,Partner uebernommen
LV-2025-Q4,PARTNER,VERA,10000118,PTR-00000291,2025-11-15,OK,Partner uebernommen
LV-2025-Q4,PARTNER,VERA,10000119,PTR-00000293,2025-11-15,OK,Partner uebernommen
LV-2025-Q4,PARTNER,VERA,10000120,PTR-00000299,2025-11-15,OK,Partner uebernommen
LV-2025-Q4,PARTNER,VERA,10000121,PTR-00000300,2025-11-15,OK,Partner uebernommen
LV-2025-Q4,PARTNER,VERA,10000122,PTR-00000301,2025-11-15,OK,Partner uebernommen
LV-2025-Q4,PARTNER,VERA,10000123,PTR-00000302,2025-11-15,OK,Partner uebernommen
LV-2025-Q4,PARTNER,VERA,10000124,PTR-00000303,2025-11-15,OK,Partner uebernommen
LV-2025-Q4,PARTNER,VERA,10000125,PTR-00000304,2025-11-15,OK,Partner uebernommen
LV-2025-Q4,PARTNER,VERA,10000126,PTR-00000307,2025-11-15,OK,Partner uebernommen
LV-2025-Q4,PARTNER,VERA,10000127,PTR-00000309,2025-11-15,OK,Partner uebernommen
LV-2025-Q4,PARTNER,VERA,10000128,PTR-00000315,2025-11-15,OK,Partner uebernommen
LV-2025-Q4,PARTNER,VERA,10000129,PTR-00000316,2025-11-15,OK,Partner uebernommen
LV-2025-Q4,PARTNER,VERA,10000130,PTR-00000321,2025-11-15,OK,Partner uebernommen
LV-2025-Q4,PARTNER,VERA,10000131,PTR-00000322,2025-11-15,OK,Partner uebernommen
LV-2025-Q4,PARTNER,VERA,10000132,PTR-00000324,2025-11-15,OK,Partner uebernommen
LV-2025-Q4,PARTNER,VERA,10000133,PTR-00000327,2025-11-15,OK,Partner uebernommen
LV-2025-Q4,PARTNER,VERA,10000134,PTR-00000328,2025-11-15,OK,Partner uebernommen
LV-2025-Q4,PARTNER,VERA,10000135,PTR-00000329,2025-11-15,OK,Partner uebernommen
LV-2025-Q4,PARTNER,VERA,10000136,PTR-00000330,2025-11-15,OK,Partner uebernommen
LV-2025-Q4,PARTNER,VERA,10000137,PTR-00000331,2025-11-15,OK,Partner uebernommen
LV-2025-Q4,PARTNER,VERA,10000138,PTR-00000332,2025-11-15,WARN,"Geburtsdatum Platzhalter, Dummy 1900-01-01 gesetzt"
LV-2025-Q4,PARTNER,VERA,10000139,PTR-00000339,2025-11-15,OK,Partner uebernommen
LV-2025-Q4,PARTNER,VERA,10000140,PTR-00000340,2025-11-15,OK,Partner uebernommen
LV-2025-Q4,PARTNER,VERA,10000141,PTR-00000341,2025-11-15,OK,Partner uebernommen
LV-2025-Q4,PARTNER,VERA,10000142,PTR-00000343,2025-11-15,WARN,"Geburtsdatum Platzhalter, Dummy 1900-01-01 gesetzt"
LV-2025-Q4,PARTNER,VERA,10000143,PTR-00000344,2025-11-15,OK,Partner uebernommen
LV-2025-Q4,PARTNER,VERA,10000144,PTR-00000345,2025-11-15,OK,Partner uebernommen
LV-2025-Q4,PARTNER,VERA,10000145,PTR-00000355,2025-11-15,OK,Partner uebernommen
LV-2025-Q4,PARTNER,VERA,10000146,PTR-00000356,2025-11-15,OK,Partner uebernommen
LV-2025-Q4,PARTNER,VERA,10000147,PTR-00000357,2025-11-15,OK,Partner uebernommen
LV-2025-Q4,PARTNER,VERA,10000148,PTR-00000358,2025-11-15,OK,Partner uebernommen
LV-2025-Q4,PARTNER,VERA,10000149,PTR-00000360,2025-11-15,OK,Partner uebernommen
LV-2025-Q4,PARTNER,VERA,10000150,PTR-00000361,2025-11-15,OK,Partner uebernommen
LV-2025-Q4,PARTNER,VERA,10000151,PTR-00000362,2025-11-15,OK,Partner uebernommen
LV-2025-Q4,PARTNER,VERA,10000152,PTR-00000363,2025-11-15,WARN,"Geburtsdatum Platzhalter, Dummy 1900-01-01 gesetzt"
LV-2025-Q4,PARTNER,VERA,10000153,PTR-00000364,2025-11-15,OK,Partner uebernommen
LV-2025-Q4,PARTNER,VERA,10000154,PTR-00000365,2025-11-15,OK,Partner uebernommen
LV-2025-Q4,PARTNER,VERA,10000155,PTR-00000370,2025-11-15,OK,Partner uebernommen
LV-2025-Q4,PARTNER,VERA,10000156,PTR-00000371,2025-11-15,OK,Partner uebernommen
LV-2025-Q4,PARTNER,VERA,10000157,PTR-00000377,2025-11-15,OK,Partner uebernommen
LV-2025-Q4,PARTNER,VERA,10000158,PTR-00000380,2025-11-15,OK,Partner uebernommen
LV-2025-Q4,PARTNER,VERA,10000159,PTR-00000381,2025-11-15,OK,Partner uebernommen
LV-2025-Q4,PARTNER,VERA,10000160,PTR-00000382,2025-11-15,OK,Partner uebernommen
LV-2025-Q4,PARTNER,VERA,10000161,PTR-00000383,2025-11-15,OK,Partner uebernommen
LV-2025-Q4,PARTNER,VERA,10000162,PTR-00000391,2025-11-15,WARN,"Geburtsdatum Platzhalter, Dummy 1900-01-01 gesetzt"
LV-2025-Q4,PARTNER,VERA,10000163,PTR-00000398,2025-11-15,OK,Partner uebernommen
LV-2025-Q4,PARTNER,VERA,10000164,PTR-00000400,2025-11-15,OK,Partner uebernommen
LV-2025-Q4,PARTNER,VERA,10000165,PTR-00000404,2025-11-15,OK,Partner uebernommen
LV-2025-Q4,PARTNER,VERA,10000166,PTR-00000414,2025-11-15,OK,Partner uebernommen
LV-2025-Q4,PARTNER,VERA,10000167,PTR-00000416,2025-11-15,OK,Partner uebernommen
LV-2025-Q4,PARTNER,VERA,10000168,PTR-00000417,2025-11-15,WARN,"Geburtsdatum Platzhalter, Dummy 1900-01-01 gesetzt"
LV-2025-Q4,PARTNER,VERA,10000169,PTR-00000420,2025-11-15,OK,Partner uebernommen
LV-2025-Q4,PARTNER,VERA,10000170,PTR-00000422,2025-11-15,WARN,"Geburtsdatum Platzhalter, Dummy 1900-01-01 gesetzt"
LV-2025-Q4,PARTNER,VERA,10000171,PTR-00000426,2025-11-15,OK,Partner uebernommen
LV-2025-Q4,PARTNER,VERA,10000172,PTR-00000433,2025-11-15,OK,Partner uebernommen
LV-2025-Q4,PARTNER,VERA,10000173,PTR-00000434,2025-11-15,OK,Partner uebernommen
LV-2025-Q4,PARTNER,VERA,10000174,PTR-00000435,2025-11-15,OK,Partner uebernommen
LV-2025-Q4,PARTNER,VERA,10000175,PTR-00000436,2025-11-15,OK,Partner uebernommen
LV-2025-Q4,PARTNER,VERA,10000176,PTR-00000442,2025-11-15,OK,Partner uebernommen
LV-2025-Q4,PARTNER,VERA,10000177,PTR-00000443,2025-11-15,OK,Partner uebernommen
LV-2025-Q4,PARTNER,VERA,10000178,PTR-00000444,2025-11-15,WARN,"Zeichensatzfehler im Namen, manuelle Korrektur erforderlich"
LV-2025-Q4,PARTNER,VERA,10000179,PTR-00000445,2025-11-15,OK,Partner uebernommen
LV-2025-Q4,PARTNER,VERA,10000180,PTR-00000446,2025-11-15,OK,Partner uebernommen
LV-2025-Q4,PARTNER,VERA,10000181,PTR-00000447,2025-11-15,OK,Partner uebernommen
LV-2025-Q4,PARTNER,VERA,10000182,PTR-00000448,2025-11-15,WARN,"Zeichensatzfehler im Namen, manuelle Korrektur erforderlich"
LV-2025-Q4,PARTNER,VERA,10000183,PTR-00000449,2025-11-15,WARN,"Geburtsdatum Platzhalter, Dummy 1900-01-01 gesetzt"
LV-2025-Q4,PARTNER,VERA,10000184,PTR-00000450,2025-11-15,OK,Partner uebernommen
LV-2025-Q4,PARTNER,VERA,10000185,PTR-00000451,2025-11-15,OK,Partner uebernommen
LV-2025-Q4,PARTNER,VERA,10000186,PTR-00000452,2025-11-15,OK,Partner uebernommen
LV-2025-Q4,PARTNER,VERA,10000187,PTR-00000457,2025-11-15,OK,Partner uebernommen
LV-2025-Q4,PARTNER,VERA,10000188,PTR-00000458,2025-11-15,OK,Partner uebernommen
LV-2025-Q4,PARTNER,VERA,10000189,PTR-00000459,2025-11-15,OK,Partner uebernommen
LV-2025-Q4,PARTNER,VERA,10000190,PTR-00000469,2025-11-15,OK,Partner uebernommen
LV-2025-Q4,PARTNER,VERA,10000191,PTR-00000472,2025-11-15,OK,Partner uebernommen
LV-2025-Q4,PARTNER,VERA,10000192,PTR-00000473,2025-11-15,WARN,"Geburtsdatum Platzhalter, Dummy 1900-01-01 gesetzt"
LV-2025-Q4,PARTNER,VERA,10000193,PTR-00000474,2025-11-15,OK,Partner uebernommen
LV-2025-Q4,PARTNER,VERA,10000194,PTR-00000475,2025-11-15,OK,Partner uebernommen
LV-2025-Q4,PARTNER,VERA,10000195,PTR-00000476,2025-11-15,OK,Partner uebernommen
LV-2025-Q4,PARTNER,VERA,10000196,PTR-00000478,2025-11-15,OK,Partner uebernommen
LV-2025-Q4,PARTNER,VERA,10000197,PTR-00000481,2025-11-15,OK,Partner uebernommen
LV-2025-Q4,PARTNER,VERA,10000198,PTR-00000483,2025-11-15,OK,Partner uebernommen
LV-2025-Q4,PARTNER,VERA,10000199,PTR-00000489,2025-11-15,OK,Partner uebernommen
LV-2025-Q4,PARTNER,VERA,10000200,PTR-00000500,2025-11-15,OK,Partner uebernommen
LV-2025-Q4,PARTNER,VERA,10000201,PTR-00000501,2025-11-15,OK,Partner uebernommen
LV-2025-Q4,PARTNER,VERA,10000202,PTR-00000503,2025-11-15,OK,Partner uebernommen
LV-2025-Q4,PARTNER,VERA,10000203,PTR-00000508,2025-11-15,OK,Partner uebernommen
LV-2025-Q4,PARTNER,VERA,10000204,PTR-00000509,2025-11-15,OK,Partner uebernommen
LV-2025-Q4,PARTNER,VERA,10000205,PTR-00000511,2025-11-15,OK,Partner uebernommen
LV-2025-Q4,PARTNER,VERA,10000206,PTR-00000514,2025-11-15,OK,Partner uebernommen
LV-2025-Q4,PARTNER,VERA,10000207,PTR-00000515,2025-11-15,OK,Partner uebernommen
LV-2025-Q4,PARTNER,VERA,10000208,PTR-00000520,2025-11-15,OK,Partner uebernommen
LV-2025-Q4,PARTNER,VERA,10000209,PTR-00000521,2025-11-15,OK,Partner uebernommen
LV-2025-Q4,PARTNER,VERA,10000210,PTR-00000522,2025-11-15,OK,Partner uebernommen
LV-2025-Q4,PARTNER,VERA,10000211,PTR-00000523,2025-11-15,OK,Partner uebernommen
LV-2025-Q4,PARTNER,VERA,10000212,PTR-00000524,2025-11-15,OK,Partner uebernommen
LV-2025-Q4,PARTNER,VERA,10000213,PTR-00000527,2025-11-15,OK,Partner uebernommen
LV-2025-Q4,PARTNER,VERA,10000214,PTR-00000528,2025-11-15,OK,Partner uebernommen
LV-2025-Q4,PARTNER,VERA,10000215,PTR-00000529,2025-11-15,OK,Partner uebernommen
LV-2025-Q4,PARTNER,VERA,10000216,PTR-00000533,2025-11-15,OK,Partner uebernommen
LV-2025-Q4,PARTNER,VERA,10000217,PTR-00000535,2025-11-15,OK,Partner uebernommen
LV-2025-Q4,PARTNER,VERA,10000218,PTR-00000536,2025-11-15,WARN,"Zeichensatzfehler im Namen, manuelle Korrektur erforderlich"
LV-2025-Q4,PARTNER,VERA,10000219,PTR-00000540,2025-11-15,OK,Partner uebernommen
LV-2025-Q4,PARTNER,VERA,10000220,PTR-00000549,2025-11-15,OK,Partner uebernommen
LV-2025-Q4,PARTNER,VERA,10000221,PTR-00000550,2025-11-15,OK,Partner uebernommen
LV-2025-Q4,PARTNER,VERA,10000222,PTR-00000551,2025-11-15,OK,Partner uebernommen
LV-2025-Q4,PARTNER,VERA,10000223,PTR-00000552,2025-11-15,OK,Partner uebernommen
LV-2025-Q4,PARTNER,VERA,10000224,PTR-00000554,2025-11-15,OK,Partner uebernommen
LV-2025-Q4,PARTNER,VERA,10000225,PTR-00000555,2025-11-15,OK,Partner uebernommen
LV-2025-Q4,PARTNER,VERA,10000226,PTR-00000567,2025-11-15,OK,Partner uebernommen
LV-2025-Q4,PARTNER,VERA,10000227,PTR-00000569,2025-11-15,OK,Partner uebernommen
LV-2025-Q4,PARTNER,VERA,10000228,PTR-00000572,2025-11-15,OK,Partner uebernommen
LV-2025-Q4,PARTNER,VERA,10000229,PTR-00000573,2025-11-15,OK,Partner uebernommen
LV-2025-Q4,PARTNER,VERA,10000230,PTR-00000575,2025-11-15,WARN,"Geburtsdatum Platzhalter, Dummy 1900-01-01 gesetzt"
LV-2025-Q4,PARTNER,VERA,10000231,PTR-00000581,2025-11-15,OK,Partner uebernommen
LV-2025-Q4,PARTNER,VERA,10000232,PTR-00000583,2025-11-15,OK,Partner uebernommen
LV-2025-Q4,PARTNER,VERA,10000233,PTR-00000584,2025-11-15,OK,Partner uebernommen
LV-2025-Q4,PARTNER,VERA,10000234,PTR-00000585,2025-11-15,OK,Partner uebernommen
LV-2025-Q4,PARTNER,VERA,10000235,PTR-00000586,2025-11-15,OK,Partner uebernommen
LV-2025-Q4,PARTNER,VERA,10000236,PTR-00000589,2025-11-15,OK,Partner uebernommen
LV-2025-Q4,PARTNER,VERA,10000237,PTR-00000591,2025-11-15,OK,Partner uebernommen
LV-2025-Q4,PARTNER,VERA,10000238,PTR-00000592,2025-11-15,OK,Partner uebernommen
LV-2025-Q4,PARTNER,VERA,10000239,PTR-00000593,2025-11-15,OK,Partner uebernommen
LV-2025-Q4,PARTNER,VERA,10000240,PTR-00000595,2025-11-15,OK,Partner uebernommen
LV-2025-Q4,PARTNER,VERA,10000241,PTR-00000596,2025-11-15,OK,Partner uebernommen
LV-2025-Q4,PARTNER,VERA,10000242,PTR-00000597,2025-11-15,OK,Partner uebernommen
LV-2025-Q4,PARTNER,VERA,10000243,PTR-00000598,2025-11-15,OK,Partner uebernommen
LV-2025-Q4,PARTNER,VERA,10000244,PTR-00000599,2025-11-15,OK,Partner uebernommen
LV-2025-Q4,PARTNER,VERA,10000245,PTR-00000602,2025-11-15,OK,Partner uebernommen
LV-2025-Q4,PARTNER,VERA,10000246,PTR-00000603,2025-11-15,OK,Partner uebernommen
LV-2025-Q4,PARTNER,VERA,10000247,PTR-00000608,2025-11-15,OK,Partner uebernommen
LV-2025-Q4,PARTNER,VERA,10000248,PTR-00000609,2025-11-15,OK,Partner uebernommen
LV-2025-Q4,PARTNER,VERA,10000249,PTR-00000611,2025-11-15,OK,Partner uebernommen
LV-2025-Q4,PARTNER,VERA,10000250,PTR-00000612,2025-11-15,OK,Partner uebernommen
LV-2025-Q4,PARTNER,VERA,10000251,PTR-00000616,2025-11-15,OK,Partner uebernommen
LV-2025-Q4,PARTNER,VERA,10000252,PTR-00000617,2025-11-15,WARN,"Geburtsdatum Platzhalter, Dummy 1900-01-01 gesetzt"
LV-2025-Q4,PARTNER,VERA,10000253,PTR-00000619,2025-11-15,OK,Partner uebernommen
LV-2025-Q4,PARTNER,VERA,10000254,PTR-00000620,2025-11-15,OK,Partner uebernommen
LV-2025-Q4,PARTNER,VERA,10000255,PTR-00000621,2025-11-15,OK,Partner uebernommen
LV-2025-Q4,PARTNER,VERA,10000256,PTR-00000622,2025-11-15,OK,Partner uebernommen
LV-2025-Q4,PARTNER,VERA,10000257,PTR-00000623,2025-11-15,OK,Partner uebernommen
LV-2025-Q4,PARTNER,VERA,10000258,PTR-00000624,2025-11-15,OK,Partner uebernommen
LV-2025-Q4,PARTNER,VERA,10000259,PTR-00000625,2025-11-15,OK,Partner uebernommen
LV-2025-Q4,PARTNER,VERA,10000260,PTR-00000626,2025-11-15,OK,Partner uebernommen
LV-2025-Q4,PARTNER,VERA,10000261,PTR-00000631,2025-11-15,OK,Partner uebernommen
LV-2025-Q4,PARTNER,VERA,10000262,PTR-00000632,2025-11-15,OK,Partner uebernommen
LV-2025-Q4,PARTNER,VERA,10000263,PTR-00000633,2025-11-15,OK,Partner uebernommen
LV-2025-Q4,PARTNER,VERA,10000264,PTR-00000634,2025-11-15,OK,Partner uebernommen
LV-2025-Q4,PARTNER,VERA,10000265,PTR-00000635,2025-11-15,OK,Partner uebernommen
LV-2025-Q4,PARTNER,VERA,10000266,PTR-00000642,2025-11-15,OK,Partner uebernommen
LV-2025-Q4,PARTNER,VERA,10000267,PTR-00000644,2025-11-15,OK,Partner uebernommen
LV-2025-Q4,PARTNER,VERA,10000268,PTR-00000649,2025-11-15,OK,Partner uebernommen
LV-2025-Q4,PARTNER,VERA,10000269,PTR-00000652,2025-11-15,OK,Partner uebernommen
LV-2025-Q4,PARTNER,VERA,10000270,PTR-00000658,2025-11-15,OK,Partner uebernommen
LV-2025-Q4,PARTNER,VERA,10000271,PTR-00000662,2025-11-15,OK,Partner uebernommen
LV-2025-Q4,PARTNER,VERA,10000272,PTR-00000663,2025-11-15,OK,Partner uebernommen
LV-2025-Q4,PARTNER,VERA,10000273,PTR-00000665,2025-11-15,OK,Partner uebernommen
LV-2025-Q4,PARTNER,VERA,10000274,PTR-00000666,2025-11-15,OK,Partner uebernommen
LV-2025-Q4,PARTNER,VERA,10000275,PTR-00000667,2025-11-15,OK,Partner uebernommen
LV-2025-Q4,PARTNER,VERA,10000276,PTR-00000668,2025-11-15,OK,Partner uebernommen
LV-2025-Q4,PARTNER,VERA,10000277,PTR-00000669,2025-11-15,OK,Partner uebernommen
LV-2025-Q4,PARTNER,VERA,10000278,PTR-00000671,2025-11-15,OK,Partner uebernommen
LV-2025-Q4,PARTNER,VERA,10000279,PTR-00000680,2025-11-15,OK,Partner uebernommen
LV-2025-Q4,PARTNER,VERA,10000280,PTR-00000685,2025-11-15,OK,Partner uebernommen
LV-2025-Q4,PARTNER,VERA,10000281,PTR-00000686,2025-11-15,OK,Partner uebernommen
LV-2025-Q4,PARTNER,VERA,10000282,PTR-00000687,2025-11-15,OK,Partner uebernommen
LV-2025-Q4,PARTNER,VERA,10000283,PTR-00000689,2025-11-15,OK,Partner uebernommen
LV-2025-Q4,PARTNER,VERA,10000284,PTR-00000692,2025-11-15,OK,Partner uebernommen
LV-2025-Q4,PARTNER,VERA,10000285,PTR-00000696,2025-11-15,OK,Partner uebernommen
LV-2025-Q4,PARTNER,VERA,10000286,PTR-00000715,2025-11-15,OK,Partner uebernommen
LV-2025-Q4,PARTNER,VERA,10000287,PTR-00000716,2025-11-15,OK,Partner uebernommen
LV-2025-Q4,PARTNER,VERA,10000288,PTR-00000718,2025-11-15,OK,Partner uebernommen
LV-2025-Q4,PARTNER,VERA,10000289,PTR-00000719,2025-11-15,OK,Partner uebernommen
LV-2025-Q4,PARTNER,VERA,10000290,PTR-00000723,2025-11-15,OK,Partner uebernommen
LV-2025-Q4,PARTNER,VERA,10000291,PTR-00000724,2025-11-15,OK,Partner uebernommen
LV-2025-Q4,PARTNER,VERA,10000292,PTR-00000725,2025-11-15,OK,Partner uebernommen
LV-2025-Q4,PARTNER,VERA,10000293,PTR-00000731,2025-11-15,OK,Partner uebernommen
LV-2025-Q4,PARTNER,VERA,10000294,PTR-00000732,2025-11-15,OK,Partner uebernommen
LV-2025-Q4,PARTNER,VERA,10000295,PTR-00000733,2025-11-15,OK,Partner uebernommen
LV-2025-Q4,PARTNER,VERA,10000296,PTR-00000735,2025-11-15,OK,Partner uebernommen
LV-2025-Q4,PARTNER,VERA,10000297,PTR-00000746,2025-11-15,ERROR,"Adresse nicht parsebar, Partner ohne Adresse angelegt"
LV-2025-Q4,PARTNER,VERA,10000298,PTR-00000747,2025-11-15,OK,Partner uebernommen
LV-2025-Q4,PARTNER,VERA,10000299,PTR-00000753,2025-11-15,OK,Partner uebernommen
LV-2025-Q4,PARTNER,VERA,10000300,PTR-00000754,2025-11-15,OK,Partner uebernommen
LV-2025-Q4,PARTNER,VERA,10000301,PTR-00000755,2025-11-15,OK,Partner uebernommen
LV-2025-Q4,PARTNER,VERA,10000302,PTR-00000757,2025-11-15,OK,Partner uebernommen
LV-2025-Q4,PARTNER,VERA,10000303,PTR-00000759,2025-11-15,OK,Partner uebernommen
LV-2025-Q4,PARTNER,VERA,10000304,PTR-00000760,2025-11-15,OK,Partner uebernommen
LV-2025-Q4,PARTNER,VERA,10000305,PTR-00000761,2025-11-15,OK,Partner uebernommen
LV-2025-Q4,PARTNER,VERA,10000306,PTR-00000762,2025-11-15,OK,Partner uebernommen
LV-2025-Q4,PARTNER,VERA,10000307,PTR-00000770,2025-11-15,OK,Partner uebernommen
LV-2025-Q4,PARTNER,VERA,10000308,PTR-00000771,2025-11-15,OK,Partner uebernommen
LV-2025-Q4,PARTNER,VERA,10000309,PTR-00000772,2025-11-15,OK,Partner uebernommen
LV-2025-Q4,PARTNER,VERA,10000310,PTR-00000774,2025-11-15,OK,Partner uebernommen
LV-2025-Q4,PARTNER,VERA,10000311,PTR-00000775,2025-11-15,OK,Partner uebernommen
LV-2025-Q4,PARTNER,VERA,10000312,PTR-00000776,2025-11-15,OK,Partner uebernommen
LV-2025-Q4,PARTNER,VERA,10000313,PTR-00000781,2025-11-15,OK,Partner uebernommen
LV-2025-Q4,PARTNER,VERA,10000314,PTR-00000782,2025-11-15,OK,Partner uebernommen
LV-2025-Q4,PARTNER,VERA,10000315,PTR-00000783,2025-11-15,OK,Partner uebernommen
LV-2025-Q4,PARTNER,VERA,10000316,PTR-00000784,2025-11-15,OK,Partner uebernommen
LV-2025-Q4,PARTNER,VERA,10000317,PTR-00000786,2025-11-15,OK,Partner uebernommen
LV-2025-Q4,PARTNER,VERA,10000318,PTR-00000789,2025-11-15,OK,Partner uebernommen
LV-2025-Q4,PARTNER,VERA,10000319,PTR-00000790,2025-11-15,OK,Partner uebernommen
LV-2025-Q4,PARTNER,VERA,10000320,PTR-00000794,2025-11-15,OK,Partner uebernommen
LV-2025-Q4,PARTNER,VERA,10000321,PTR-00000795,2025-11-15,OK,Partner uebernommen
LV-2025-Q4,PARTNER,VERA,10000322,PTR-00000797,2025-11-15,OK,Partner uebernommen
LV-2025-Q4,PARTNER,VERA,10000323,PTR-00000800,2025-11-15,WARN,"Geburtsdatum Platzhalter, Dummy 1900-01-01 gesetzt"
LV-2025-Q4,PARTNER,VERA,10000324,PTR-00000804,2025-11-15,OK,Partner uebernommen
LV-2025-Q4,PARTNER,VERA,10000325,PTR-00000805,2025-11-15,OK,Partner uebernommen
LV-2025-Q4,PARTNER,VERA,10000326,PTR-00000806,2025-11-15,OK,Partner uebernommen
LV-2025-Q4,PARTNER,VERA,10000327,PTR-00000807,2025-11-15,OK,Partner uebernommen
LV-2025-Q4,PARTNER,VERA,10000328,PTR-00000808,2025-11-15,OK,Partner uebernommen
LV-2025-Q4,PARTNER,VERA,10000329,PTR-00000810,2025-11-15,ERROR,"Adresse nicht parsebar, Partner ohne Adresse angelegt"
LV-2025-Q4,PARTNER,VERA,10000330,PTR-00000815,2025-11-15,OK,Partner uebernommen
LV-2025-Q4,PARTNER,VERA,10000331,PTR-00000818,2025-11-15,OK,Partner uebernommen
LV-2025-Q4,PARTNER,VERA,10000332,PTR-00000819,2025-11-15,OK,Partner uebernommen
LV-2025-Q4,PARTNER,VERA,10000333,PTR-00000823,2025-11-15,WARN,"Geburtsdatum Platzhalter, Dummy 1900-01-01 gesetzt"
LV-2025-Q4,PARTNER,VERA,10000334,PTR-00000824,2025-11-15,OK,Partner uebernommen
LV-2025-Q4,PARTNER,VERA,10000335,PTR-00000828,2025-11-15,OK,Partner uebernommen
LV-2025-Q4,PARTNER,VERA,10000336,PTR-00000833,2025-11-15,OK,Partner uebernommen
LV-2025-Q4,PARTNER,VERA,10000337,PTR-00000836,2025-11-15,OK,Partner uebernommen
LV-2025-Q4,PARTNER,VERA,10000338,PTR-00000839,2025-11-15,OK,Partner uebernommen
LV-2025-Q4,PARTNER,VERA,10000339,PTR-00000842,2025-11-15,OK,Partner uebernommen
LV-2025-Q4,PARTNER,VERA,10000340,PTR-00000847,2025-11-15,OK,Partner uebernommen
LV-2025-Q4,PARTNER,VERA,10000341,PTR-00000850,2025-11-15,OK,Partner uebernommen
LV-2025-Q4,PARTNER,VERA,10000342,PTR-00000851,2025-11-15,OK,Partner uebernommen
LV-2025-Q4,PARTNER,VERA,10000343,PTR-00000852,2025-11-15,OK,Partner uebernommen
LV-2025-Q4,PARTNER,VERA,10000344,PTR-00000855,2025-11-15,OK,Partner uebernommen
LV-2025-Q4,PARTNER,VERA,10000345,PTR-00000859,2025-11-15,OK,Partner uebernommen
LV-2025-Q4,PARTNER,VERA,10000346,PTR-00000860,2025-11-15,OK,Partner uebernommen
LV-2025-Q4,PARTNER,VERA,10000347,PTR-00000862,2025-11-15,ERROR,"Adresse nicht parsebar, Partner ohne Adresse angelegt"
LV-2025-Q4,PARTNER,VERA,10000348,PTR-00000863,2025-11-15,OK,Partner uebernommen
LV-2025-Q4,PARTNER,VERA,10000349,PTR-00000868,2025-11-15,WARN,"Geburtsdatum Platzhalter, Dummy 1900-01-01 gesetzt"
LV-2025-Q4,PARTNER,VERA,10000350,PTR-00000869,2025-11-15,OK,Partner uebernommen
LV-2025-Q4,PARTNER,VERA,10000351,PTR-00000870,2025-11-15,OK,Partner uebernommen
LV-2025-Q4,PARTNER,VERA,10000352,PTR-00000871,2025-11-15,OK,Partner uebernommen
LV-2025-Q4,PARTNER,VERA,10000353,PTR-00000872,2025-11-15,OK,Partner uebernommen
LV-2025-Q4,PARTNER,VERA,10000354,PTR-00000873,2025-11-15,OK,Partner uebernommen
LV-2025-Q4,PARTNER,VERA,10000355,PTR-00000874,2025-11-15,WARN,"Geburtsdatum Platzhalter, Dummy 1900-01-01 gesetzt"
LV-2025-Q4,PARTNER,VERA,10000356,PTR-00000875,2025-11-15,OK,Partner uebernommen
LV-2025-Q4,PARTNER,VERA,10000357,PTR-00000876,2025-11-15,OK,Partner uebernommen
LV-2025-Q4,PARTNER,VERA,10000358,PTR-00000881,2025-11-15,OK,Partner uebernommen
LV-2025-Q4,PARTNER,VERA,10000359,PTR-00000882,2025-11-15,OK,Partner uebernommen
LV-2025-Q4,PARTNER,VERA,10000360,PTR-00000883,2025-11-15,OK,Partner uebernommen
LV-2025-Q4,PARTNER,VERA,10000361,PTR-00000884,2025-11-15,OK,Partner uebernommen
LV-2025-Q4,PARTNER,VERA,10000362,PTR-00000885,2025-11-15,OK,Partner uebernommen
LV-2025-Q4,PARTNER,VERA,10000363,PTR-00000889,2025-11-15,OK,Partner uebernommen
LV-2025-Q4,PARTNER,VERA,10000364,PTR-00000891,2025-11-15,OK,Partner uebernommen
LV-2025-Q4,PARTNER,VERA,10000365,PTR-00000893,2025-11-15,OK,Partner uebernommen
LV-2025-Q4,PARTNER,VERA,10000366,PTR-00000898,2025-11-15,OK,Partner uebernommen
LV-2025-Q4,PARTNER,VERA,10000367,PTR-00000904,2025-11-15,OK,Partner uebernommen
LV-2025-Q4,PARTNER,VERA,10000368,PTR-00000906,2025-11-15,OK,Partner uebernommen
LV-2025-Q4,PARTNER,VERA,10000369,PTR-00000908,2025-11-15,OK,Partner uebernommen
LV-2025-Q4,PARTNER,VERA,10000370,PTR-00000910,2025-11-15,OK,Partner uebernommen
LV-2025-Q4,PARTNER,VERA,10000371,PTR-00000912,2025-11-15,OK,Partner uebernommen
LV-2025-Q4,PARTNER,VERA,10000372,PTR-00000925,2025-11-15,OK,Partner uebernommen
LV-2025-Q4,PARTNER,VERA,10000373,PTR-00000928,2025-11-15,OK,Partner uebernommen
LV-2025-Q4,PARTNER,VERA,10000374,PTR-00000932,2025-11-15,OK,Partner uebernommen
LV-2025-Q4,PARTNER,VERA,10000375,PTR-00000938,2025-11-15,OK,Partner uebernommen
LV-2025-Q4,PARTNER,VERA,10000376,PTR-00000939,2025-11-15,OK,Partner uebernommen
LV-2025-Q4,PARTNER,VERA,10000377,PTR-00000940,2025-11-15,OK,Partner uebernommen
LV-2025-Q4,PARTNER,VERA,10000378,PTR-00000941,2025-11-15,WARN,"Geburtsdatum Platzhalter, Dummy 1900-01-01 gesetzt"
LV-2025-Q4,PARTNER,VERA,10000379,PTR-00000948,2025-11-15,OK,Partner uebernommen
LV-2025-Q4,PARTNER,VERA,10000380,PTR-00000949,2025-11-15,OK,Partner uebernommen
LV-2025-Q4,PARTNER,VERA,10000381,PTR-00000950,2025-11-15,OK,Partner uebernommen
LV-2025-Q4,PARTNER,VERA,10000382,PTR-00000951,2025-11-15,OK,Partner uebernommen
LV-2025-Q4,PARTNER,VERA,10000383,PTR-00000954,2025-11-15,OK,Partner uebernommen
LV-2025-Q4,PARTNER,VERA,10000384,PTR-00000955,2025-11-15,OK,Partner uebernommen
LV-2025-Q4,PARTNER,VERA,10000385,PTR-00000956,2025-11-15,OK,Partner uebernommen
LV-2025-Q4,PARTNER,VERA,10000386,PTR-00000957,2025-11-15,OK,Partner uebernommen
LV-2025-Q4,PARTNER,VERA,10000387,PTR-00000958,2025-11-15,OK,Partner uebernommen
LV-2025-Q4,PARTNER,VERA,10000388,PTR-00000960,2025-11-15,OK,Partner uebernommen
LV-2025-Q4,PARTNER,VERA,10000389,PTR-00000965,2025-11-15,OK,Partner uebernommen
LV-2025-Q4,PARTNER,VERA,10000390,PTR-00000966,2025-11-15,OK,Partner uebernommen
LV-2025-Q4,PARTNER,VERA,10000391,PTR-00000967,2025-11-15,OK,Partner uebernommen
LV-2025-Q4,PARTNER,VERA,10000392,PTR-00000970,2025-11-15,OK,Partner uebernommen
LV-2025-Q4,PARTNER,VERA,10000393,PTR-00000971,2025-11-15,OK,Partner uebernommen
LV-2025-Q4,PARTNER,VERA,10000394,PTR-00000973,2025-11-15,OK,Partner uebernommen
LV-2025-Q4,PARTNER,VERA,10000395,PTR-00000974,2025-11-15,ERROR,"Adresse nicht parsebar, Partner ohne Adresse angelegt"
LV-2025-Q4,PARTNER,VERA,10000396,PTR-00000975,2025-11-15,OK,Partner uebernommen
LV-2025-Q4,PARTNER,VERA,10000397,PTR-00000976,2025-11-15,WARN,"Geburtsdatum Platzhalter, Dummy 1900-01-01 gesetzt"
LV-2025-Q4,PARTNER,VERA,10000398,PTR-00000977,2025-11-15,OK,Partner uebernommen
LV-2025-Q4,PARTNER,VERA,10000399,PTR-00000978,2025-11-15,OK,Partner uebernommen
LV-2025-Q4,PARTNER,VERA,10000400,PTR-00000989,2025-11-15,OK,Partner uebernommen
LV-2025-Q4,PARTNER,VERA,10000401,PTR-00000990,2025-11-15,OK,Partner uebernommen
LV-2025-Q4,PARTNER,VERA,10000402,PTR-00000992,2025-11-15,OK,Partner uebernommen
LV-2025-Q4,PARTNER,VERA,10000403,PTR-00000993,2025-11-15,OK,Partner uebernommen
LV-2025-Q4,PARTNER,VERA,10000404,PTR-00000994,2025-11-15,OK,Partner uebernommen
LV-2025-Q4,PARTNER,VERA,10000405,PTR-00000995,2025-11-15,WARN,"Zeichensatzfehler im Namen, manuelle Korrektur erforderlich"
LV-2025-Q4,PARTNER,VERA,10000406,PTR-00000996,2025-11-15,OK,Partner uebernommen
LV-2025-Q4,PARTNER,VERA,10000407,PTR-00000997,2025-11-15,OK,Partner uebernommen
LV-2025-Q4,PARTNER,VERA,10000408,PTR-00000998,2025-11-15,OK,Partner uebernommen
LV-2025-Q4,PARTNER,VERA,10000409,PTR-00000999,2025-11-15,OK,Partner uebernommen
LV-2025-Q4,PARTNER,VERA,10000410,PTR-00000030,2025-11-15,OK,Partner uebernommen
LV-2025-Q4,PARTNER,VERA,10000411,PTR-00000168,2025-11-15,OK,Partner uebernommen
LV-2025-Q4,PARTNER,VERA,10000412,PTR-00000174,2025-11-15,OK,Partner uebernommen
LV-2025-Q4,PARTNER,VERA,10000413,PTR-00000194,2025-11-15,OK,Partner uebernommen
LV-2025-Q4,PARTNER,VERA,10000414,PTR-00000316,2025-11-15,OK,Partner uebernommen
LV-2025-Q4,PARTNER,VERA,10000415,PTR-00000330,2025-11-15,OK,Partner uebernommen
LV-2025-Q4,PARTNER,VERA,10000416,PTR-00000448,2025-11-15,WARN,"Zeichensatzfehler im Namen, manuelle Korrektur erforderlich"
LV-2025-Q4,PARTNER,VERA,10000417,PTR-00000481,2025-11-15,OK,Partner uebernommen
LV-2025-Q4,PARTNER,VERA,10000418,PTR-00000644,2025-11-15,OK,Partner uebernommen
LV-2025-Q4,PARTNER,VERA,10000419,PTR-00000732,2025-11-15,OK,Partner uebernommen
LV-2025-Q4,PARTNER,VERA,10000420,PTR-00000747,2025-11-15,OK,Partner uebernommen
LV-2025-Q4,PARTNER,VERA,10000421,PTR-00000776,2025-11-15,OK,Partner uebernommen
LV-2025-Q4,PARTNER,VERA,10000422,PTR-00000794,2025-11-15,OK,Partner uebernommen
LV-2025-Q4,PARTNER,VERA,10000423,PTR-00000951,2025-11-15,OK,Partner uebernommen
LV-2025-Q4,VERTRAG,VERA,L-0000001,VTR-00000102,2025-11-15,OK,Vertrag uebernommen
LV-2025-Q4,VERTRAG,VERA,L-0000002,VTR-00000103,2025-11-15,OK,Vertrag uebernommen
LV-2025-Q4,VERTRAG,VERA,L-0000003,VTR-00000104,2025-11-15,OK,Vertrag uebernommen
LV-2025-Q4,VERTRAG,VERA,L-0000004,VTR-00000302,2025-11-15,OK,Vertrag uebernommen
LV-2025-Q4,VERTRAG,VERA,L-0000005,VTR-00000402,2025-11-15,OK,Vertrag uebernommen
LV-2025-Q4,VERTRAG,VERA,L-0000006,VTR-00000501,2025-11-15,OK,Vertrag uebernommen
LV-2025-Q4,VERTRAG,VERA,L-0000007,VTR-00000502,2025-11-15,OK,Vertrag uebernommen
LV-2025-Q4,VERTRAG,VERA,L-0000008,VTR-00000601,2025-11-15,OK,Vertrag uebernommen
LV-2025-Q4,VERTRAG,VERA,L-0000009,VTR-00002902,2025-11-15,OK,Vertrag uebernommen
LV-2025-Q4,VERTRAG,VERA,L-0000010,VTR-00002904,2025-11-15,OK,Vertrag uebernommen
LV-2025-Q4,VERTRAG,VERA,L-0000011,VTR-00002906,2025-11-15,OK,Vertrag uebernommen
LV-2025-Q4,VERTRAG,VERA,L-0000012,VTR-00002908,2025-11-15,OK,Vertrag uebernommen
LV-2025-Q4,VERTRAG,VERA,L-0000013,VTR-00002910,2025-11-15,OK,Vertrag uebernommen
LV-2025-Q4,VERTRAG,VERA,L-0000014,VTR-00002911,2025-11-15,OK,Vertrag uebernommen
LV-2025-Q4,VERTRAG,VERA,L-0000015,VTR-00002913,2025-11-15,OK,Vertrag uebernommen
LV-2025-Q4,VERTRAG,VERA,L-0000016,VTR-00002914,2025-11-15,OK,Vertrag uebernommen
LV-2025-Q4,VERTRAG,VERA,L-0000017,VTR-00002917,2025-11-15,OK,Vertrag uebernommen
LV-2025-Q4,VERTRAG,VERA,L-0000018,VTR-00002918,2025-11-15,OK,Vertrag uebernommen
LV-2025-Q4,VERTRAG,VERA,L-0000019,VTR-00002920,2025-11-15,OK,Vertrag uebernommen
LV-2025-Q4,VERTRAG,VERA,L-0000020,VTR-00002921,2025-11-15,OK,Vertrag uebernommen
LV-2025-Q4,VERTRAG,VERA,L-0000021,VTR-00002922,2025-11-15,OK,Vertrag uebernommen
LV-2025-Q4,VERTRAG,VERA,L-0000022,VTR-00002923,2025-11-15,OK,Vertrag uebernommen
LV-2025-Q4,VERTRAG,VERA,L-0000023,VTR-00002925,2025-11-15,OK,Vertrag uebernommen
LV-2025-Q4,VERTRAG,VERA,L-0000024,VTR-00002926,2025-11-15,OK,Vertrag uebernommen
LV-2025-Q4,VERTRAG,VERA,L-0000025,VTR-00002931,2025-11-15,OK,Vertrag uebernommen
LV-2025-Q4,VERTRAG,VERA,L-0000026,VTR-00002932,2025-11-15,OK,Vertrag uebernommen
LV-2025-Q4,VERTRAG,VERA,L-0000027,VTR-00002936,2025-11-15,OK,Vertrag uebernommen
LV-2025-Q4,VERTRAG,VERA,L-0000028,VTR-00002939,2025-11-15,OK,Vertrag uebernommen
LV-2025-Q4,VERTRAG,VERA,L-0000029,VTR-00002940,2025-11-15,OK,Vertrag uebernommen
LV-2025-Q4,VERTRAG,VERA,L-0000030,VTR-00002941,2025-11-15,OK,Vertrag uebernommen
LV-2025-Q4,VERTRAG,VERA,L-0000031,VTR-00002942,2025-11-15,OK,Vertrag uebernommen
LV-2025-Q4,VERTRAG,VERA,L-0000032,VTR-00002943,2025-11-15,OK,Vertrag uebernommen
LV-2025-Q4,VERTRAG,VERA,L-0000033,VTR-00002944,2025-11-15,OK,Vertrag uebernommen
LV-2025-Q4,VERTRAG,VERA,L-0000034,VTR-00002945,2025-11-15,OK,Vertrag uebernommen
LV-2025-Q4,VERTRAG,VERA,L-0000035,VTR-00002946,2025-11-15,OK,Vertrag uebernommen
LV-2025-Q4,VERTRAG,VERA,L-0000036,VTR-00002947,2025-11-15,OK,Vertrag uebernommen
LV-2025-Q4,VERTRAG,VERA,L-0000037,VTR-00002948,2025-11-15,OK,Vertrag uebernommen
LV-2025-Q4,VERTRAG,VERA,L-0000038,VTR-00002950,2025-11-15,OK,Vertrag uebernommen
LV-2025-Q4,VERTRAG,VERA,L-0000039,VTR-00002951,2025-11-15,OK,Vertrag uebernommen
LV-2025-Q4,VERTRAG,VERA,L-0000040,VTR-00002952,2025-11-15,OK,Vertrag uebernommen
LV-2025-Q4,VERTRAG,VERA,L-0000041,VTR-00002954,2025-11-15,OK,Vertrag uebernommen
LV-2025-Q4,VERTRAG,VERA,L-0000042,VTR-00002957,2025-11-15,OK,Vertrag uebernommen
LV-2025-Q4,VERTRAG,VERA,L-0000043,VTR-00002959,2025-11-15,OK,Vertrag uebernommen
LV-2025-Q4,VERTRAG,VERA,L-0000044,VTR-00002962,2025-11-15,OK,Vertrag uebernommen
LV-2025-Q4,VERTRAG,VERA,L-0000045,VTR-00002963,2025-11-15,OK,Vertrag uebernommen
LV-2025-Q4,VERTRAG,VERA,L-0000046,VTR-00002967,2025-11-15,OK,Vertrag uebernommen
LV-2025-Q4,VERTRAG,VERA,L-0000047,VTR-00002970,2025-11-15,OK,Vertrag uebernommen
LV-2025-Q4,VERTRAG,VERA,L-0000048,VTR-00002971,2025-11-15,OK,Vertrag uebernommen
LV-2025-Q4,VERTRAG,VERA,L-0000049,VTR-00002972,2025-11-15,WARN,Praemie mit Rundungsdifferenz (Rappen/Cent) uebernommen
LV-2025-Q4,VERTRAG,VERA,L-0000050,VTR-00002974,2025-11-15,OK,Vertrag uebernommen
LV-2025-Q4,VERTRAG,VERA,L-0000051,VTR-00002976,2025-11-15,OK,Vertrag uebernommen
LV-2025-Q4,VERTRAG,VERA,L-0000052,VTR-00002981,2025-11-15,OK,Vertrag uebernommen
LV-2025-Q4,VERTRAG,VERA,L-0000053,VTR-00002984,2025-11-15,OK,Vertrag uebernommen
LV-2025-Q4,VERTRAG,VERA,L-0000054,VTR-00002987,2025-11-15,OK,Vertrag uebernommen
LV-2025-Q4,VERTRAG,VERA,L-0000055,VTR-00002988,2025-11-15,OK,Vertrag uebernommen
LV-2025-Q4,VERTRAG,VERA,L-0000056,VTR-00002992,2025-11-15,OK,Vertrag uebernommen
LV-2025-Q4,VERTRAG,VERA,L-0000057,VTR-00002994,2025-11-15,OK,Vertrag uebernommen
LV-2025-Q4,VERTRAG,VERA,L-0000058,VTR-00002995,2025-11-15,OK,Vertrag uebernommen
LV-2025-Q4,VERTRAG,VERA,L-0000059,VTR-00002998,2025-11-15,OK,Vertrag uebernommen
LV-2025-Q4,VERTRAG,VERA,L-0000060,VTR-00002999,2025-11-15,OK,Vertrag uebernommen
LV-2025-Q4,VERTRAG,VERA,L-0000061,VTR-00003001,2025-11-15,OK,Vertrag uebernommen
LV-2025-Q4,VERTRAG,VERA,L-0000062,VTR-00003002,2025-11-15,OK,Vertrag uebernommen
LV-2025-Q4,VERTRAG,VERA,L-0000063,VTR-00003003,2025-11-15,OK,Vertrag uebernommen
LV-2025-Q4,VERTRAG,VERA,L-0000064,VTR-00003004,2025-11-15,OK,Vertrag uebernommen
LV-2025-Q4,VERTRAG,VERA,L-0000065,VTR-00003005,2025-11-15,OK,Vertrag uebernommen
LV-2025-Q4,VERTRAG,VERA,L-0000066,VTR-00003007,2025-11-15,OK,Vertrag uebernommen
LV-2025-Q4,VERTRAG,VERA,L-0000067,VTR-00003008,2025-11-15,OK,Vertrag uebernommen
LV-2025-Q4,VERTRAG,VERA,L-0000068,VTR-00003010,2025-11-15,OK,Vertrag uebernommen
LV-2025-Q4,VERTRAG,VERA,L-0000069,VTR-00003013,2025-11-15,OK,Vertrag uebernommen
LV-2025-Q4,VERTRAG,VERA,L-0000070,VTR-00003014,2025-11-15,OK,Vertrag uebernommen
LV-2025-Q4,VERTRAG,VERA,L-0000071,VTR-00003019,2025-11-15,OK,Vertrag uebernommen
LV-2025-Q4,VERTRAG,VERA,L-0000072,VTR-00003020,2025-11-15,OK,Vertrag uebernommen
LV-2025-Q4,VERTRAG,VERA,L-0000073,VTR-00003022,2025-11-15,OK,Vertrag uebernommen
LV-2025-Q4,VERTRAG,VERA,L-0000074,VTR-00003023,2025-11-15,OK,Vertrag uebernommen
LV-2025-Q4,VERTRAG,VERA,L-0000075,VTR-00003024,2025-11-15,OK,Vertrag uebernommen
LV-2025-Q4,VERTRAG,VERA,L-0000076,VTR-00003026,2025-11-15,OK,Vertrag uebernommen
LV-2025-Q4,VERTRAG,VERA,L-0000077,VTR-00003027,2025-11-15,OK,Vertrag uebernommen
LV-2025-Q4,VERTRAG,VERA,L-0000078,VTR-00003033,2025-11-15,OK,Vertrag uebernommen
LV-2025-Q4,VERTRAG,VERA,L-0000079,VTR-00003038,2025-11-15,OK,Vertrag uebernommen
LV-2025-Q4,VERTRAG,VERA,L-0000080,VTR-00003040,2025-11-15,OK,Vertrag uebernommen
LV-2025-Q4,VERTRAG,VERA,L-0000081,VTR-00003042,2025-11-15,OK,Vertrag uebernommen
LV-2025-Q4,VERTRAG,VERA,L-0000082,VTR-00003043,2025-11-15,OK,Vertrag uebernommen
LV-2025-Q4,VERTRAG,VERA,L-0000083,VTR-00003045,2025-11-15,OK,Vertrag uebernommen
LV-2025-Q4,VERTRAG,VERA,L-0000084,VTR-00003053,2025-11-15,OK,Vertrag uebernommen
LV-2025-Q4,VERTRAG,VERA,L-0000085,VTR-00003056,2025-11-15,ERROR,Migrationsstorno ohne Zielvertrag (manuelle Nacharbeit)
LV-2025-Q4,VERTRAG,VERA,L-0000086,VTR-00003057,2025-11-15,OK,Vertrag uebernommen
LV-2025-Q4,VERTRAG,VERA,L-0000087,VTR-00003058,2025-11-15,OK,Vertrag uebernommen
LV-2025-Q4,VERTRAG,VERA,L-0000088,VTR-00003061,2025-11-15,OK,Vertrag uebernommen
LV-2025-Q4,VERTRAG,VERA,L-0000089,VTR-00003063,2025-11-15,OK,Vertrag uebernommen
LV-2025-Q4,VERTRAG,VERA,L-0000090,VTR-00003070,2025-11-15,OK,Vertrag uebernommen
LV-2025-Q4,VERTRAG,VERA,L-0000091,VTR-00003071,2025-11-15,OK,Vertrag uebernommen
LV-2025-Q4,VERTRAG,VERA,L-0000092,VTR-00003072,2025-11-15,OK,Vertrag uebernommen
LV-2025-Q4,VERTRAG,VERA,L-0000093,VTR-00003073,2025-11-15,OK,Vertrag uebernommen
LV-2025-Q4,VERTRAG,VERA,L-0000094,VTR-00003074,2025-11-15,OK,Vertrag uebernommen
LV-2025-Q4,VERTRAG,VERA,L-0000095,VTR-00003077,2025-11-15,OK,Vertrag uebernommen
LV-2025-Q4,VERTRAG,VERA,L-0000096,VTR-00003079,2025-11-15,OK,Vertrag uebernommen
LV-2025-Q4,VERTRAG,VERA,L-0000097,VTR-00003082,2025-11-15,OK,Vertrag uebernommen
LV-2025-Q4,VERTRAG,VERA,L-0000098,VTR-00003085,2025-11-15,OK,Vertrag uebernommen
LV-2025-Q4,VERTRAG,VERA,L-0000099,VTR-00003086,2025-11-15,OK,Vertrag uebernommen
LV-2025-Q4,VERTRAG,VERA,L-0000100,VTR-00003087,2025-11-15,OK,Vertrag uebernommen
LV-2025-Q4,VERTRAG,VERA,L-0000101,VTR-00003090,2025-11-15,OK,Vertrag uebernommen
LV-2025-Q4,VERTRAG,VERA,L-0000102,VTR-00003092,2025-11-15,OK,Vertrag uebernommen
LV-2025-Q4,VERTRAG,VERA,L-0000103,VTR-00003093,2025-11-15,OK,Vertrag uebernommen
LV-2025-Q4,VERTRAG,VERA,L-0000104,VTR-00003094,2025-11-15,OK,Vertrag uebernommen
LV-2025-Q4,VERTRAG,VERA,L-0000105,VTR-00003095,2025-11-15,OK,Vertrag uebernommen
LV-2025-Q4,VERTRAG,VERA,L-0000106,VTR-00003096,2025-11-15,OK,Vertrag uebernommen
LV-2025-Q4,VERTRAG,VERA,L-0000107,VTR-00003100,2025-11-15,OK,Vertrag uebernommen
LV-2025-Q4,VERTRAG,VERA,L-0000108,VTR-00003101,2025-11-15,OK,Vertrag uebernommen
LV-2025-Q4,VERTRAG,VERA,L-0000109,VTR-00003102,2025-11-15,OK,Vertrag uebernommen
LV-2025-Q4,VERTRAG,VERA,L-0000110,VTR-00003103,2025-11-15,OK,Vertrag uebernommen
LV-2025-Q4,VERTRAG,VERA,L-0000111,VTR-00003104,2025-11-15,OK,Vertrag uebernommen
LV-2025-Q4,VERTRAG,VERA,L-0000112,VTR-00003105,2025-11-15,WARN,Praemie mit Rundungsdifferenz (Rappen/Cent) uebernommen
LV-2025-Q4,VERTRAG,VERA,L-0000113,VTR-00003106,2025-11-15,OK,Vertrag uebernommen
LV-2025-Q4,VERTRAG,VERA,L-0000114,VTR-00003107,2025-11-15,OK,Vertrag uebernommen
LV-2025-Q4,VERTRAG,VERA,L-0000115,VTR-00003108,2025-11-15,OK,Vertrag uebernommen
LV-2025-Q4,VERTRAG,VERA,L-0000116,VTR-00003109,2025-11-15,OK,Vertrag uebernommen
LV-2025-Q4,VERTRAG,VERA,L-0000117,VTR-00003110,2025-11-15,OK,Vertrag uebernommen
LV-2025-Q4,VERTRAG,VERA,L-0000118,VTR-00003111,2025-11-15,OK,Vertrag uebernommen
LV-2025-Q4,VERTRAG,VERA,L-0000119,VTR-00003112,2025-11-15,OK,Vertrag uebernommen
LV-2025-Q4,VERTRAG,VERA,L-0000120,VTR-00003113,2025-11-15,OK,Vertrag uebernommen
LV-2025-Q4,VERTRAG,VERA,L-0000121,VTR-00003117,2025-11-15,OK,Vertrag uebernommen
LV-2025-Q4,VERTRAG,VERA,L-0000122,VTR-00003119,2025-11-15,OK,Vertrag uebernommen
LV-2025-Q4,VERTRAG,VERA,L-0000123,VTR-00003120,2025-11-15,OK,Vertrag uebernommen
LV-2025-Q4,VERTRAG,VERA,L-0000124,VTR-00003121,2025-11-15,OK,Vertrag uebernommen
LV-2025-Q4,VERTRAG,VERA,L-0000125,VTR-00003124,2025-11-15,OK,Vertrag uebernommen
LV-2025-Q4,VERTRAG,VERA,L-0000126,VTR-00003125,2025-11-15,OK,Vertrag uebernommen
LV-2025-Q4,VERTRAG,VERA,L-0000127,VTR-00003126,2025-11-15,OK,Vertrag uebernommen
LV-2025-Q4,VERTRAG,VERA,L-0000128,VTR-00003127,2025-11-15,OK,Vertrag uebernommen
LV-2025-Q4,VERTRAG,VERA,L-0000129,VTR-00003131,2025-11-15,OK,Vertrag uebernommen
LV-2025-Q4,VERTRAG,VERA,L-0000130,VTR-00003132,2025-11-15,OK,Vertrag uebernommen
LV-2025-Q4,VERTRAG,VERA,L-0000131,VTR-00003133,2025-11-15,OK,Vertrag uebernommen
LV-2025-Q4,VERTRAG,VERA,L-0000132,VTR-00003135,2025-11-15,OK,Vertrag uebernommen
LV-2025-Q4,VERTRAG,VERA,L-0000133,VTR-00003137,2025-11-15,OK,Vertrag uebernommen
LV-2025-Q4,VERTRAG,VERA,L-0000134,VTR-00003139,2025-11-15,OK,Vertrag uebernommen
LV-2025-Q4,VERTRAG,VERA,L-0000135,VTR-00003140,2025-11-15,OK,Vertrag uebernommen
LV-2025-Q4,VERTRAG,VERA,L-0000136,VTR-00003142,2025-11-15,OK,Vertrag uebernommen
LV-2025-Q4,VERTRAG,VERA,L-0000137,VTR-00003143,2025-11-15,OK,Vertrag uebernommen
LV-2025-Q4,VERTRAG,VERA,L-0000138,VTR-00003145,2025-11-15,OK,Vertrag uebernommen
LV-2025-Q4,VERTRAG,VERA,L-0000139,VTR-00003147,2025-11-15,OK,Vertrag uebernommen
LV-2025-Q4,VERTRAG,VERA,L-0000140,VTR-00003153,2025-11-15,OK,Vertrag uebernommen
LV-2025-Q4,VERTRAG,VERA,L-0000141,VTR-00003154,2025-11-15,OK,Vertrag uebernommen
LV-2025-Q4,VERTRAG,VERA,L-0000142,VTR-00003155,2025-11-15,OK,Vertrag uebernommen
LV-2025-Q4,VERTRAG,VERA,L-0000143,VTR-00003156,2025-11-15,OK,Vertrag uebernommen
LV-2025-Q4,VERTRAG,VERA,L-0000144,VTR-00003157,2025-11-15,OK,Vertrag uebernommen
LV-2025-Q4,VERTRAG,VERA,L-0000145,VTR-00003158,2025-11-15,OK,Vertrag uebernommen
LV-2025-Q4,VERTRAG,VERA,L-0000146,VTR-00003159,2025-11-15,OK,Vertrag uebernommen
LV-2025-Q4,VERTRAG,VERA,L-0000147,VTR-00003161,2025-11-15,OK,Vertrag uebernommen
LV-2025-Q4,VERTRAG,VERA,L-0000148,VTR-00003162,2025-11-15,OK,Vertrag uebernommen
LV-2025-Q4,VERTRAG,VERA,L-0000149,VTR-00003163,2025-11-15,OK,Vertrag uebernommen
LV-2025-Q4,VERTRAG,VERA,L-0000150,VTR-00003164,2025-11-15,OK,Vertrag uebernommen
LV-2025-Q4,VERTRAG,VERA,L-0000151,VTR-00003168,2025-11-15,OK,Vertrag uebernommen
LV-2025-Q4,VERTRAG,VERA,L-0000152,VTR-00003170,2025-11-15,OK,Vertrag uebernommen
LV-2025-Q4,VERTRAG,VERA,L-0000153,VTR-00003171,2025-11-15,OK,Vertrag uebernommen
LV-2025-Q4,VERTRAG,VERA,L-0000154,VTR-00003172,2025-11-15,OK,Vertrag uebernommen
LV-2025-Q4,VERTRAG,VERA,L-0000155,VTR-00003173,2025-11-15,OK,Vertrag uebernommen
LV-2025-Q4,VERTRAG,VERA,L-0000156,VTR-00003174,2025-11-15,OK,Vertrag uebernommen
LV-2025-Q4,VERTRAG,VERA,L-0000157,VTR-00003175,2025-11-15,OK,Vertrag uebernommen
LV-2025-Q4,VERTRAG,VERA,L-0000158,VTR-00003176,2025-11-15,OK,Vertrag uebernommen
LV-2025-Q4,VERTRAG,VERA,L-0000159,VTR-00003177,2025-11-15,OK,Vertrag uebernommen
LV-2025-Q4,VERTRAG,VERA,L-0000160,VTR-00003178,2025-11-15,OK,Vertrag uebernommen
LV-2025-Q4,VERTRAG,VERA,L-0000161,VTR-00003179,2025-11-15,OK,Vertrag uebernommen
LV-2025-Q4,VERTRAG,VERA,L-0000162,VTR-00003180,2025-11-15,OK,Vertrag uebernommen
LV-2025-Q4,VERTRAG,VERA,L-0000163,VTR-00003181,2025-11-15,OK,Vertrag uebernommen
LV-2025-Q4,VERTRAG,VERA,L-0000164,VTR-00003182,2025-11-15,OK,Vertrag uebernommen
LV-2025-Q4,VERTRAG,VERA,L-0000165,VTR-00003183,2025-11-15,OK,Vertrag uebernommen
LV-2025-Q4,VERTRAG,VERA,L-0000166,VTR-00003184,2025-11-15,OK,Vertrag uebernommen
LV-2025-Q4,VERTRAG,VERA,L-0000167,VTR-00003185,2025-11-15,OK,Vertrag uebernommen
LV-2025-Q4,VERTRAG,VERA,L-0000168,VTR-00003186,2025-11-15,OK,Vertrag uebernommen
LV-2025-Q4,VERTRAG,VERA,L-0000169,VTR-00003187,2025-11-15,OK,Vertrag uebernommen
LV-2025-Q4,VERTRAG,VERA,L-0000170,VTR-00003189,2025-11-15,OK,Vertrag uebernommen
LV-2025-Q4,VERTRAG,VERA,L-0000171,VTR-00003190,2025-11-15,OK,Vertrag uebernommen
LV-2025-Q4,VERTRAG,VERA,L-0000172,VTR-00003192,2025-11-15,OK,Vertrag uebernommen
LV-2025-Q4,VERTRAG,VERA,L-0000173,VTR-00003193,2025-11-15,OK,Vertrag uebernommen
LV-2025-Q4,VERTRAG,VERA,L-0000174,VTR-00003194,2025-11-15,OK,Vertrag uebernommen
LV-2025-Q4,VERTRAG,VERA,L-0000175,VTR-00003195,2025-11-15,OK,Vertrag uebernommen
LV-2025-Q4,VERTRAG,VERA,L-0000176,VTR-00003196,2025-11-15,OK,Vertrag uebernommen
LV-2025-Q4,VERTRAG,VERA,L-0000177,VTR-00003197,2025-11-15,OK,Vertrag uebernommen
LV-2025-Q4,VERTRAG,VERA,L-0000178,VTR-00003199,2025-11-15,OK,Vertrag uebernommen
LV-2025-Q4,VERTRAG,VERA,L-0000179,VTR-00003200,2025-11-15,OK,Vertrag uebernommen
LV-2025-Q4,VERTRAG,VERA,L-0000180,VTR-00003201,2025-11-15,OK,Vertrag uebernommen
LV-2025-Q4,VERTRAG,VERA,L-0000181,VTR-00003202,2025-11-15,OK,Vertrag uebernommen
LV-2025-Q4,VERTRAG,VERA,L-0000182,VTR-00003204,2025-11-15,OK,Vertrag uebernommen
LV-2025-Q4,VERTRAG,VERA,L-0000183,VTR-00003205,2025-11-15,OK,Vertrag uebernommen
LV-2025-Q4,VERTRAG,VERA,L-0000184,VTR-00003206,2025-11-15,OK,Vertrag uebernommen
LV-2025-Q4,VERTRAG,VERA,L-0000185,VTR-00003207,2025-11-15,OK,Vertrag uebernommen
LV-2025-Q4,VERTRAG,VERA,L-0000186,VTR-00003208,2025-11-15,OK,Vertrag uebernommen
LV-2025-Q4,VERTRAG,VERA,L-0000187,VTR-00003210,2025-11-15,OK,Vertrag uebernommen
LV-2025-Q4,VERTRAG,VERA,L-0000188,VTR-00003211,2025-11-15,OK,Vertrag uebernommen
LV-2025-Q4,VERTRAG,VERA,L-0000189,VTR-00003212,2025-11-15,OK,Vertrag uebernommen
LV-2025-Q4,VERTRAG,VERA,L-0000190,VTR-00003214,2025-11-15,OK,Vertrag uebernommen
LV-2025-Q4,VERTRAG,VERA,L-0000191,VTR-00003216,2025-11-15,OK,Vertrag uebernommen
LV-2025-Q4,VERTRAG,VERA,L-0000192,VTR-00003217,2025-11-15,WARN,Praemie mit Rundungsdifferenz (Rappen/Cent) uebernommen
LV-2025-Q4,VERTRAG,VERA,L-0000193,VTR-00003219,2025-11-15,OK,Vertrag uebernommen
LV-2025-Q4,VERTRAG,VERA,L-0000194,VTR-00003220,2025-11-15,OK,Vertrag uebernommen
LV-2025-Q4,VERTRAG,VERA,L-0000195,VTR-00003221,2025-11-15,OK,Vertrag uebernommen
LV-2025-Q4,VERTRAG,VERA,L-0000196,VTR-00003224,2025-11-15,OK,Vertrag uebernommen
LV-2025-Q4,VERTRAG,VERA,L-0000197,VTR-00003226,2025-11-15,OK,Vertrag uebernommen
LV-2025-Q4,VERTRAG,VERA,L-0000198,VTR-00003227,2025-11-15,OK,Vertrag uebernommen
LV-2025-Q4,VERTRAG,VERA,L-0000199,VTR-00003228,2025-11-15,OK,Vertrag uebernommen
LV-2025-Q4,VERTRAG,VERA,L-0000200,VTR-00003230,2025-11-15,OK,Vertrag uebernommen
LV-2025-Q4,VERTRAG,VERA,L-0000201,VTR-00003231,2025-11-15,OK,Vertrag uebernommen
LV-2025-Q4,VERTRAG,VERA,L-0000202,VTR-00003232,2025-11-15,OK,Vertrag uebernommen
LV-2025-Q4,VERTRAG,VERA,L-0000203,VTR-00003234,2025-11-15,OK,Vertrag uebernommen
LV-2025-Q4,VERTRAG,VERA,L-0000204,VTR-00003235,2025-11-15,OK,Vertrag uebernommen
LV-2025-Q4,VERTRAG,VERA,L-0000205,VTR-00003236,2025-11-15,ERROR,Migrationsstorno ohne Zielvertrag (manuelle Nacharbeit)
LV-2025-Q4,VERTRAG,VERA,L-0000206,VTR-00003237,2025-11-15,OK,Vertrag uebernommen
LV-2025-Q4,VERTRAG,VERA,L-0000207,VTR-00003238,2025-11-15,OK,Vertrag uebernommen
LV-2025-Q4,VERTRAG,VERA,L-0000208,VTR-00003240,2025-11-15,OK,Vertrag uebernommen
LV-2025-Q4,VERTRAG,VERA,L-0000209,VTR-00003241,2025-11-15,OK,Vertrag uebernommen
LV-2025-Q4,VERTRAG,VERA,L-0000210,VTR-00003242,2025-11-15,OK,Vertrag uebernommen
LV-2025-Q4,VERTRAG,VERA,L-0000211,VTR-00003244,2025-11-15,OK,Vertrag uebernommen
LV-2025-Q4,VERTRAG,VERA,L-0000212,VTR-00003245,2025-11-15,OK,Vertrag uebernommen
LV-2025-Q4,VERTRAG,VERA,L-0000213,VTR-00003246,2025-11-15,OK,Vertrag uebernommen
LV-2025-Q4,VERTRAG,VERA,L-0000214,VTR-00003247,2025-11-15,OK,Vertrag uebernommen
LV-2025-Q4,VERTRAG,VERA,L-0000215,VTR-00003248,2025-11-15,OK,Vertrag uebernommen
LV-2025-Q4,VERTRAG,VERA,L-0000216,VTR-00003249,2025-11-15,OK,Vertrag uebernommen
LV-2025-Q4,VERTRAG,VERA,L-0000217,VTR-00003250,2025-11-15,OK,Vertrag uebernommen
LV-2025-Q4,VERTRAG,VERA,L-0000218,VTR-00003251,2025-11-15,OK,Vertrag uebernommen
LV-2025-Q4,VERTRAG,VERA,L-0000219,VTR-00003254,2025-11-15,WARN,Praemie mit Rundungsdifferenz (Rappen/Cent) uebernommen
LV-2025-Q4,VERTRAG,VERA,L-0000220,VTR-00003255,2025-11-15,OK,Vertrag uebernommen
LV-2025-Q4,VERTRAG,VERA,L-0000221,VTR-00003256,2025-11-15,OK,Vertrag uebernommen
LV-2025-Q4,VERTRAG,VERA,L-0000222,VTR-00003257,2025-11-15,OK,Vertrag uebernommen
LV-2025-Q4,VERTRAG,VERA,L-0000223,VTR-00003258,2025-11-15,OK,Vertrag uebernommen
LV-2025-Q4,VERTRAG,VERA,L-0000224,VTR-00003259,2025-11-15,OK,Vertrag uebernommen
LV-2025-Q4,VERTRAG,VERA,L-0000225,VTR-00003260,2025-11-15,OK,Vertrag uebernommen
LV-2025-Q4,VERTRAG,VERA,L-0000226,VTR-00003261,2025-11-15,OK,Vertrag uebernommen
LV-2025-Q4,VERTRAG,VERA,L-0000227,VTR-00003262,2025-11-15,OK,Vertrag uebernommen
LV-2025-Q4,VERTRAG,VERA,L-0000228,VTR-00003263,2025-11-15,OK,Vertrag uebernommen
LV-2025-Q4,VERTRAG,VERA,L-0000229,VTR-00003264,2025-11-15,OK,Vertrag uebernommen
LV-2025-Q4,VERTRAG,VERA,L-0000230,VTR-00003265,2025-11-15,OK,Vertrag uebernommen
LV-2025-Q4,VERTRAG,VERA,L-0000231,VTR-00003269,2025-11-15,OK,Vertrag uebernommen
LV-2025-Q4,VERTRAG,VERA,L-0000232,VTR-00003270,2025-11-15,OK,Vertrag uebernommen
LV-2025-Q4,VERTRAG,VERA,L-0000233,VTR-00003271,2025-11-15,OK,Vertrag uebernommen
LV-2025-Q4,VERTRAG,VERA,L-0000234,VTR-00003272,2025-11-15,OK,Vertrag uebernommen
LV-2025-Q4,VERTRAG,VERA,L-0000235,VTR-00003273,2025-11-15,OK,Vertrag uebernommen
LV-2025-Q4,VERTRAG,VERA,L-0000236,VTR-00003274,2025-11-15,OK,Vertrag uebernommen
LV-2025-Q4,VERTRAG,VERA,L-0000237,VTR-00003276,2025-11-15,OK,Vertrag uebernommen
LV-2025-Q4,VERTRAG,VERA,L-0000238,VTR-00003277,2025-11-15,OK,Vertrag uebernommen
LV-2025-Q4,VERTRAG,VERA,L-0000239,VTR-00003278,2025-11-15,OK,Vertrag uebernommen
LV-2025-Q4,VERTRAG,VERA,L-0000240,VTR-00003279,2025-11-15,OK,Vertrag uebernommen
LV-2025-Q4,VERTRAG,VERA,L-0000241,VTR-00003280,2025-11-15,OK,Vertrag uebernommen
LV-2025-Q4,VERTRAG,VERA,L-0000242,VTR-00003281,2025-11-15,OK,Vertrag uebernommen
LV-2025-Q4,VERTRAG,VERA,L-0000243,VTR-00003284,2025-11-15,OK,Vertrag uebernommen
LV-2025-Q4,VERTRAG,VERA,L-0000244,VTR-00003286,2025-11-15,OK,Vertrag uebernommen
LV-2025-Q4,VERTRAG,VERA,L-0000245,VTR-00003287,2025-11-15,OK,Vertrag uebernommen
LV-2025-Q4,VERTRAG,VERA,L-0000246,VTR-00003288,2025-11-15,OK,Vertrag uebernommen
LV-2025-Q4,VERTRAG,VERA,L-0000247,VTR-00003289,2025-11-15,OK,Vertrag uebernommen
LV-2025-Q4,VERTRAG,VERA,L-0000248,VTR-00003290,2025-11-15,OK,Vertrag uebernommen
LV-2025-Q4,VERTRAG,VERA,L-0000249,VTR-00003291,2025-11-15,OK,Vertrag uebernommen
LV-2025-Q4,VERTRAG,VERA,L-0000250,VTR-00003292,2025-11-15,OK,Vertrag uebernommen
LV-2025-Q4,VERTRAG,VERA,L-0000251,VTR-00003294,2025-11-15,OK,Vertrag uebernommen
LV-2025-Q4,VERTRAG,VERA,L-0000252,VTR-00003295,2025-11-15,OK,Vertrag uebernommen
LV-2025-Q4,VERTRAG,VERA,L-0000253,VTR-00003296,2025-11-15,OK,Vertrag uebernommen
LV-2025-Q4,VERTRAG,VERA,L-0000254,VTR-00003300,2025-11-15,OK,Vertrag uebernommen
LV-2025-Q4,VERTRAG,VERA,L-0000255,VTR-00003301,2025-11-15,OK,Vertrag uebernommen
LV-2025-Q4,VERTRAG,VERA,L-0000256,VTR-00003303,2025-11-15,OK,Vertrag uebernommen
LV-2025-Q4,VERTRAG,VERA,L-0000257,VTR-00003304,2025-11-15,OK,Vertrag uebernommen
LV-2025-Q4,VERTRAG,VERA,L-0000258,VTR-00003305,2025-11-15,OK,Vertrag uebernommen
LV-2025-Q4,VERTRAG,VERA,L-0000259,VTR-00003307,2025-11-15,OK,Vertrag uebernommen
LV-2025-Q4,VERTRAG,VERA,L-0000260,VTR-00003308,2025-11-15,OK,Vertrag uebernommen
LV-2025-Q4,VERTRAG,VERA,L-0000261,VTR-00003309,2025-11-15,OK,Vertrag uebernommen
LV-2025-Q4,VERTRAG,VERA,L-0000262,VTR-00003310,2025-11-15,OK,Vertrag uebernommen
LV-2025-Q4,VERTRAG,VERA,L-0000263,VTR-00003311,2025-11-15,OK,Vertrag uebernommen
LV-2025-Q4,VERTRAG,VERA,L-0000264,VTR-00003312,2025-11-15,OK,Vertrag uebernommen
LV-2025-Q4,VERTRAG,VERA,L-0000265,VTR-00003313,2025-11-15,OK,Vertrag uebernommen
LV-2025-Q4,VERTRAG,VERA,L-0000266,VTR-00003314,2025-11-15,OK,Vertrag uebernommen
LV-2025-Q4,VERTRAG,VERA,L-0000267,VTR-00003316,2025-11-15,OK,Vertrag uebernommen
LV-2025-Q4,VERTRAG,VERA,L-0000268,VTR-00003317,2025-11-15,WARN,Praemie mit Rundungsdifferenz (Rappen/Cent) uebernommen
LV-2025-Q4,VERTRAG,VERA,L-0000269,VTR-00003318,2025-11-15,OK,Vertrag uebernommen
LV-2025-Q4,VERTRAG,VERA,L-0000270,VTR-00003319,2025-11-15,OK,Vertrag uebernommen
LV-2025-Q4,VERTRAG,VERA,L-0000271,VTR-00003320,2025-11-15,OK,Vertrag uebernommen
LV-2025-Q4,VERTRAG,VERA,L-0000272,VTR-00003322,2025-11-15,OK,Vertrag uebernommen
LV-2025-Q4,VERTRAG,VERA,L-0000273,VTR-00003323,2025-11-15,OK,Vertrag uebernommen
LV-2025-Q4,VERTRAG,VERA,L-0000274,VTR-00003326,2025-11-15,OK,Vertrag uebernommen
LV-2025-Q4,VERTRAG,VERA,L-0000275,VTR-00003327,2025-11-15,OK,Vertrag uebernommen
LV-2025-Q4,VERTRAG,VERA,L-0000276,VTR-00003328,2025-11-15,OK,Vertrag uebernommen
LV-2025-Q4,VERTRAG,VERA,L-0000277,VTR-00003329,2025-11-15,OK,Vertrag uebernommen
LV-2025-Q4,VERTRAG,VERA,L-0000278,VTR-00003330,2025-11-15,OK,Vertrag uebernommen
LV-2025-Q4,VERTRAG,VERA,L-0000279,VTR-00003333,2025-11-15,OK,Vertrag uebernommen
LV-2025-Q4,VERTRAG,VERA,L-0000280,VTR-00003335,2025-11-15,OK,Vertrag uebernommen
LV-2025-Q4,VERTRAG,VERA,L-0000281,VTR-00003336,2025-11-15,OK,Vertrag uebernommen
LV-2025-Q4,VERTRAG,VERA,L-0000282,VTR-00003340,2025-11-15,OK,Vertrag uebernommen
LV-2025-Q4,VERTRAG,VERA,L-0000283,VTR-00003341,2025-11-15,OK,Vertrag uebernommen
LV-2025-Q4,VERTRAG,VERA,L-0000284,VTR-00003342,2025-11-15,OK,Vertrag uebernommen
LV-2025-Q4,VERTRAG,VERA,L-0000285,VTR-00003343,2025-11-15,OK,Vertrag uebernommen
LV-2025-Q4,VERTRAG,VERA,L-0000286,VTR-00003345,2025-11-15,OK,Vertrag uebernommen
LV-2025-Q4,VERTRAG,VERA,L-0000287,VTR-00003346,2025-11-15,OK,Vertrag uebernommen
LV-2025-Q4,VERTRAG,VERA,L-0000288,VTR-00003349,2025-11-15,OK,Vertrag uebernommen
LV-2025-Q4,VERTRAG,VERA,L-0000289,VTR-00003350,2025-11-15,OK,Vertrag uebernommen
LV-2025-Q4,VERTRAG,VERA,L-0000290,VTR-00003351,2025-11-15,OK,Vertrag uebernommen
LV-2025-Q4,VERTRAG,VERA,L-0000291,VTR-00003357,2025-11-15,OK,Vertrag uebernommen
LV-2025-Q4,VERTRAG,VERA,L-0000292,VTR-00003358,2025-11-15,OK,Vertrag uebernommen
LV-2025-Q4,VERTRAG,VERA,L-0000293,VTR-00003359,2025-11-15,OK,Vertrag uebernommen
LV-2025-Q4,VERTRAG,VERA,L-0000294,VTR-00003361,2025-11-15,OK,Vertrag uebernommen
LV-2025-Q4,VERTRAG,VERA,L-0000295,VTR-00003363,2025-11-15,OK,Vertrag uebernommen
LV-2025-Q4,VERTRAG,VERA,L-0000296,VTR-00003364,2025-11-15,OK,Vertrag uebernommen
LV-2025-Q4,VERTRAG,VERA,L-0000297,VTR-00003367,2025-11-15,OK,Vertrag uebernommen
LV-2025-Q4,VERTRAG,VERA,L-0000298,VTR-00003368,2025-11-15,OK,Vertrag uebernommen
LV-2025-Q4,VERTRAG,VERA,L-0000299,VTR-00003369,2025-11-15,OK,Vertrag uebernommen
LV-2025-Q4,VERTRAG,VERA,L-0000300,VTR-00003370,2025-11-15,OK,Vertrag uebernommen
LV-2025-Q4,VERTRAG,VERA,L-0000301,VTR-00003371,2025-11-15,OK,Vertrag uebernommen
LV-2025-Q4,VERTRAG,VERA,L-0000302,VTR-00003372,2025-11-15,OK,Vertrag uebernommen
LV-2025-Q4,VERTRAG,VERA,L-0000303,VTR-00003373,2025-11-15,OK,Vertrag uebernommen
LV-2025-Q4,VERTRAG,VERA,L-0000304,VTR-00003374,2025-11-15,OK,Vertrag uebernommen
LV-2025-Q4,VERTRAG,VERA,L-0000305,VTR-00003375,2025-11-15,OK,Vertrag uebernommen
LV-2025-Q4,VERTRAG,VERA,L-0000306,VTR-00003376,2025-11-15,OK,Vertrag uebernommen
LV-2025-Q4,VERTRAG,VERA,L-0000307,VTR-00003378,2025-11-15,OK,Vertrag uebernommen
LV-2025-Q4,VERTRAG,VERA,L-0000308,VTR-00003380,2025-11-15,OK,Vertrag uebernommen
LV-2025-Q4,VERTRAG,VERA,L-0000309,VTR-00003381,2025-11-15,OK,Vertrag uebernommen
LV-2025-Q4,VERTRAG,VERA,L-0000310,VTR-00003383,2025-11-15,OK,Vertrag uebernommen
LV-2025-Q4,VERTRAG,VERA,L-0000311,VTR-00003384,2025-11-15,OK,Vertrag uebernommen
LV-2025-Q4,VERTRAG,VERA,L-0000312,VTR-00003387,2025-11-15,OK,Vertrag uebernommen
LV-2025-Q4,VERTRAG,VERA,L-0000313,VTR-00003389,2025-11-15,OK,Vertrag uebernommen
LV-2025-Q4,VERTRAG,VERA,L-0000314,VTR-00003390,2025-11-15,OK,Vertrag uebernommen
LV-2025-Q4,VERTRAG,VERA,L-0000315,VTR-00003391,2025-11-15,OK,Vertrag uebernommen
LV-2025-Q4,VERTRAG,VERA,L-0000316,VTR-00003392,2025-11-15,OK,Vertrag uebernommen
LV-2025-Q4,VERTRAG,VERA,L-0000317,VTR-00003394,2025-11-15,OK,Vertrag uebernommen
LV-2025-Q4,VERTRAG,VERA,L-0000318,VTR-00003395,2025-11-15,OK,Vertrag uebernommen
LV-2025-Q4,VERTRAG,VERA,L-0000319,VTR-00003396,2025-11-15,OK,Vertrag uebernommen
LV-2025-Q4,VERTRAG,VERA,L-0000320,VTR-00003398,2025-11-15,OK,Vertrag uebernommen
LV-2025-Q4,VERTRAG,VERA,L-0000321,VTR-00003399,2025-11-15,OK,Vertrag uebernommen
LV-2025-Q4,VERTRAG,VERA,L-0000322,VTR-00003400,2025-11-15,OK,Vertrag uebernommen
LV-2025-Q4,VERTRAG,VERA,L-0000323,VTR-00003401,2025-11-15,OK,Vertrag uebernommen
LV-2025-Q4,VERTRAG,VERA,L-0000324,VTR-00003402,2025-11-15,OK,Vertrag uebernommen
LV-2025-Q4,VERTRAG,VERA,L-0000325,VTR-00003403,2025-11-15,OK,Vertrag uebernommen
LV-2025-Q4,VERTRAG,VERA,L-0000326,VTR-00003404,2025-11-15,OK,Vertrag uebernommen
LV-2025-Q4,VERTRAG,VERA,L-0000327,VTR-00003405,2025-11-15,OK,Vertrag uebernommen
LV-2025-Q4,VERTRAG,VERA,L-0000328,VTR-00003406,2025-11-15,OK,Vertrag uebernommen
LV-2025-Q4,VERTRAG,VERA,L-0000329,VTR-00003407,2025-11-15,OK,Vertrag uebernommen
LV-2025-Q4,VERTRAG,VERA,L-0000330,VTR-00003408,2025-11-15,OK,Vertrag uebernommen
LV-2025-Q4,VERTRAG,VERA,L-0000331,VTR-00003409,2025-11-15,OK,Vertrag uebernommen
LV-2025-Q4,VERTRAG,VERA,L-0000332,VTR-00003410,2025-11-15,OK,Vertrag uebernommen
LV-2025-Q4,VERTRAG,VERA,L-0000333,VTR-00003411,2025-11-15,OK,Vertrag uebernommen
LV-2025-Q4,VERTRAG,VERA,L-0000334,VTR-00003412,2025-11-15,OK,Vertrag uebernommen
LV-2025-Q4,VERTRAG,VERA,L-0000335,VTR-00003413,2025-11-15,OK,Vertrag uebernommen
LV-2025-Q4,VERTRAG,VERA,L-0000336,VTR-00003414,2025-11-15,OK,Vertrag uebernommen
LV-2025-Q4,VERTRAG,VERA,L-0000337,VTR-00003415,2025-11-15,OK,Vertrag uebernommen
LV-2025-Q4,VERTRAG,VERA,L-0000338,VTR-00003416,2025-11-15,OK,Vertrag uebernommen
LV-2025-Q4,VERTRAG,VERA,L-0000339,VTR-00003418,2025-11-15,OK,Vertrag uebernommen
LV-2025-Q4,VERTRAG,VERA,L-0000340,VTR-00003419,2025-11-15,OK,Vertrag uebernommen
LV-2025-Q4,VERTRAG,VERA,L-0000341,VTR-00003420,2025-11-15,OK,Vertrag uebernommen
LV-2025-Q4,VERTRAG,VERA,L-0000342,VTR-00003421,2025-11-15,OK,Vertrag uebernommen
LV-2025-Q4,VERTRAG,VERA,L-0000343,VTR-00003422,2025-11-15,OK,Vertrag uebernommen
LV-2025-Q4,VERTRAG,VERA,L-0000344,VTR-00003423,2025-11-15,OK,Vertrag uebernommen
LV-2025-Q4,VERTRAG,VERA,L-0000345,VTR-00003424,2025-11-15,OK,Vertrag uebernommen
LV-2025-Q4,VERTRAG,VERA,L-0000346,VTR-00003425,2025-11-15,OK,Vertrag uebernommen
LV-2025-Q4,VERTRAG,VERA,L-0000347,VTR-00003426,2025-11-15,OK,Vertrag uebernommen
LV-2025-Q4,VERTRAG,VERA,L-0000348,VTR-00003429,2025-11-15,OK,Vertrag uebernommen
LV-2025-Q4,VERTRAG,VERA,L-0000349,VTR-00003430,2025-11-15,OK,Vertrag uebernommen
LV-2025-Q4,VERTRAG,VERA,L-0000350,VTR-00003431,2025-11-15,OK,Vertrag uebernommen
LV-2025-Q4,VERTRAG,VERA,L-0000351,VTR-00003432,2025-11-15,OK,Vertrag uebernommen
LV-2025-Q4,VERTRAG,VERA,L-0000352,VTR-00003433,2025-11-15,OK,Vertrag uebernommen
LV-2025-Q4,VERTRAG,VERA,L-0000353,VTR-00003434,2025-11-15,OK,Vertrag uebernommen
LV-2025-Q4,VERTRAG,VERA,L-0000354,VTR-00003437,2025-11-15,OK,Vertrag uebernommen
LV-2025-Q4,VERTRAG,VERA,L-0000355,VTR-00003439,2025-11-15,OK,Vertrag uebernommen
LV-2025-Q4,VERTRAG,VERA,L-0000356,VTR-00003441,2025-11-15,OK,Vertrag uebernommen
LV-2025-Q4,VERTRAG,VERA,L-0000357,VTR-00003442,2025-11-15,OK,Vertrag uebernommen
LV-2025-Q4,VERTRAG,VERA,L-0000358,VTR-00003443,2025-11-15,OK,Vertrag uebernommen
LV-2025-Q4,VERTRAG,VERA,L-0000359,VTR-00003444,2025-11-15,OK,Vertrag uebernommen
LV-2025-Q4,VERTRAG,VERA,L-0000360,VTR-00003445,2025-11-15,OK,Vertrag uebernommen
LV-2025-Q4,VERTRAG,VERA,L-0000361,VTR-00003446,2025-11-15,OK,Vertrag uebernommen
LV-2025-Q4,VERTRAG,VERA,L-0000362,VTR-00003447,2025-11-15,OK,Vertrag uebernommen
LV-2025-Q4,VERTRAG,VERA,L-0000363,VTR-00003449,2025-11-15,OK,Vertrag uebernommen
LV-2025-Q4,VERTRAG,VERA,L-0000364,VTR-00003450,2025-11-15,OK,Vertrag uebernommen
LV-2025-Q4,VERTRAG,VERA,L-0000365,VTR-00003451,2025-11-15,OK,Vertrag uebernommen
LV-2025-Q4,VERTRAG,VERA,L-0000366,VTR-00003452,2025-11-15,OK,Vertrag uebernommen
LV-2025-Q4,VERTRAG,VERA,L-0000367,VTR-00003453,2025-11-15,OK,Vertrag uebernommen
LV-2025-Q4,VERTRAG,VERA,L-0000368,VTR-00003454,2025-11-15,OK,Vertrag uebernommen
LV-2025-Q4,VERTRAG,VERA,L-0000369,VTR-00003455,2025-11-15,OK,Vertrag uebernommen
LV-2025-Q4,VERTRAG,VERA,L-0000370,VTR-00003456,2025-11-15,OK,Vertrag uebernommen
LV-2025-Q4,VERTRAG,VERA,L-0000371,VTR-00003457,2025-11-15,OK,Vertrag uebernommen
LV-2025-Q4,VERTRAG,VERA,L-0000372,VTR-00003458,2025-11-15,OK,Vertrag uebernommen
LV-2025-Q4,VERTRAG,VERA,L-0000373,VTR-00003459,2025-11-15,OK,Vertrag uebernommen
LV-2025-Q4,VERTRAG,VERA,L-0000374,VTR-00003460,2025-11-15,OK,Vertrag uebernommen
LV-2025-Q4,VERTRAG,VERA,L-0000375,VTR-00003461,2025-11-15,OK,Vertrag uebernommen
LV-2025-Q4,VERTRAG,VERA,L-0000376,VTR-00003462,2025-11-15,OK,Vertrag uebernommen
LV-2025-Q4,VERTRAG,VERA,L-0000377,VTR-00003463,2025-11-15,OK,Vertrag uebernommen
LV-2025-Q4,VERTRAG,VERA,L-0000378,VTR-00003464,2025-11-15,OK,Vertrag uebernommen
LV-2025-Q4,VERTRAG,VERA,L-0000379,VTR-00003465,2025-11-15,OK,Vertrag uebernommen
LV-2025-Q4,VERTRAG,VERA,L-0000380,VTR-00003466,2025-11-15,OK,Vertrag uebernommen
LV-2025-Q4,VERTRAG,VERA,L-0000381,VTR-00003467,2025-11-15,OK,Vertrag uebernommen
LV-2025-Q4,VERTRAG,VERA,L-0000382,VTR-00003468,2025-11-15,OK,Vertrag uebernommen
LV-2025-Q4,VERTRAG,VERA,L-0000383,VTR-00003469,2025-11-15,OK,Vertrag uebernommen
LV-2025-Q4,VERTRAG,VERA,L-0000384,VTR-00003471,2025-11-15,OK,Vertrag uebernommen
LV-2025-Q4,VERTRAG,VERA,L-0000385,VTR-00003472,2025-11-15,OK,Vertrag uebernommen
LV-2025-Q4,VERTRAG,VERA,L-0000386,VTR-00003475,2025-11-15,OK,Vertrag uebernommen
LV-2025-Q4,VERTRAG,VERA,L-0000387,VTR-00003476,2025-11-15,OK,Vertrag uebernommen
LV-2025-Q4,VERTRAG,VERA,L-0000388,VTR-00003477,2025-11-15,OK,Vertrag uebernommen
LV-2025-Q4,VERTRAG,VERA,L-0000389,VTR-00003478,2025-11-15,OK,Vertrag uebernommen
LV-2025-Q4,VERTRAG,VERA,L-0000390,VTR-00003479,2025-11-15,OK,Vertrag uebernommen
LV-2025-Q4,VERTRAG,VERA,L-0000391,VTR-00003480,2025-11-15,OK,Vertrag uebernommen
LV-2025-Q4,VERTRAG,VERA,L-0000392,VTR-00003481,2025-11-15,OK,Vertrag uebernommen
LV-2025-Q4,VERTRAG,VERA,L-0000393,VTR-00003482,2025-11-15,OK,Vertrag uebernommen
LV-2025-Q4,VERTRAG,VERA,L-0000394,VTR-00003483,2025-11-15,OK,Vertrag uebernommen
LV-2025-Q4,VERTRAG,VERA,L-0000395,VTR-00003484,2025-11-15,OK,Vertrag uebernommen
LV-2025-Q4,VERTRAG,VERA,L-0000396,VTR-00003486,2025-11-15,OK,Vertrag uebernommen
LV-2025-Q4,VERTRAG,VERA,L-0000397,VTR-00003488,2025-11-15,OK,Vertrag uebernommen
LV-2025-Q4,VERTRAG,VERA,L-0000398,VTR-00003489,2025-11-15,OK,Vertrag uebernommen
LV-2025-Q4,VERTRAG,VERA,L-0000399,VTR-00003490,2025-11-15,OK,Vertrag uebernommen
LV-2025-Q4,VERTRAG,VERA,L-0000400,VTR-00003491,2025-11-15,OK,Vertrag uebernommen
LV-2025-Q4,VERTRAG,VERA,L-0000401,VTR-00003492,2025-11-15,OK,Vertrag uebernommen
LV-2025-Q4,VERTRAG,VERA,L-0000402,VTR-00003493,2025-11-15,OK,Vertrag uebernommen
LV-2025-Q4,VERTRAG,VERA,L-0000403,VTR-00003494,2025-11-15,OK,Vertrag uebernommen
LV-2025-Q4,VERTRAG,VERA,L-0000404,VTR-00003495,2025-11-15,OK,Vertrag uebernommen
LV-2025-Q4,VERTRAG,VERA,L-0000405,VTR-00003496,2025-11-15,OK,Vertrag uebernommen
LV-2025-Q4,VERTRAG,VERA,L-0000406,VTR-00003497,2025-11-15,OK,Vertrag uebernommen
LV-2025-Q4,VERTRAG,VERA,L-0000407,VTR-00003498,2025-11-15,OK,Vertrag uebernommen
LV-2025-Q4,VERTRAG,VERA,L-0000408,VTR-00003499,2025-11-15,OK,Vertrag uebernommen
LV-2025-Q4,VERTRAG,VERA,L-0000409,VTR-00003500,2025-11-15,OK,Vertrag uebernommen
