curated_id,quellsystem,quell_id,match_methode,match_score,gueltig_von,gueltig_bis,bemerkung
PTR-00000001,HAPO,20000001,MIGRATIONSLOG,1.0,2016-03-01,2025-05-15,
PTR-00000003,HAPO,20000002,MIGRATIONSLOG,1.0,2016-01-01,2025-05-15,
PTR-00000004,HAPO,20000003,MIGRATIONSLOG,1.0,2014-01-01,2025-05-15,
PTR-00000005,HAPO,20000004,MIGRATIONSLOG,1.0,1995-07-01,2025-05-15,
PTR-00000008,HAPO,20000005,MIGRATIONSLOG,1.0,2013-01-01,2025-05-15,
PTR-00000011,HAPO,20000006,MIGRATIONSLOG,1.0,2019-05-01,2025-05-15,
PTR-00000015,HAPO,20000007,MIGRATIONSLOG,1.0,,2025-05-15,
PTR-00000017,HAPO,20000008,MIGRATIONSLOG,1.0,2023-05-15,2025-05-15,
PTR-00000019,HAPO,20000009,MIGRATIONSLOG,1.0,,2025-05-15,
PTR-00000020,HAPO,20000010,MIGRATIONSLOG,1.0,,2025-05-15,
PTR-00000023,HAPO,20000011,MIGRATIONSLOG,1.0,2020-06-01,2025-05-15,
PTR-00000026,HAPO,20000012,MIGRATIONSLOG,1.0,2016-07-01,2025-05-15,
PTR-00000027,HAPO,20000013,MIGRATIONSLOG,1.0,2025-01-01,2025-05-15,
PTR-00000029,HAPO,20000014,MIGRATIONSLOG,1.0,2015-02-01,2025-05-15,
PTR-00000030,HAPO,20000015,MIGRATIONSLOG,1.0,2007-04-01,2025-05-15,
PTR-00000032,HAPO,20000016,MIGRATIONSLOG,1.0,2018-06-01,2025-05-15,
PTR-00000033,HAPO,20000017,MIGRATIONSLOG,1.0,2022-09-01,2025-05-15,
PTR-00000034,HAPO,20000018,MIGRATIONSLOG,1.0,2015-01-01,2025-05-15,
PTR-00000035,HAPO,20000019,MIGRATIONSLOG,1.0,2011-04-01,2025-05-15,
PTR-00000036,HAPO,20000020,MIGRATIONSLOG,1.0,2002-02-01,2025-05-15,
PTR-00000037,HAPO,20000021,MIGRATIONSLOG,1.0,2025-07-01,2025-05-15,
PTR-00000040,HAPO,20000022,MIGRATIONSLOG,1.0,2018-06-01,2025-05-15,
PTR-00000041,HAPO,20000023,MIGRATIONSLOG,1.0,2011-07-01,2025-05-15,
PTR-00000042,HAPO,20000024,MIGRATIONSLOG,1.0,,2025-05-15,
PTR-00000043,HAPO,20000025,MIGRATIONSLOG,1.0,2017-07-01,2025-05-15,
PTR-00000044,HAPO,20000026,MIGRATIONSLOG,1.0,,2025-05-15,
PTR-00000045,HAPO,20000027,MIGRATIONSLOG,1.0,,2025-05-15,
PTR-00000046,HAPO,20000028,MIGRATIONSLOG,1.0,2025-12-01,2025-05-15,
PTR-00000050,HAPO,20000029,MIGRATIONSLOG,1.0,2016-02-01,2025-05-15,
PTR-00000051,HAPO,20000030,MIGRATIONSLOG,1.0,2025-12-01,2025-05-15,
PTR-00000054,HAPO,20000031,MIGRATIONSLOG,1.0,2013-05-01,2025-05-15,
PTR-00000055,HAPO,20000032,MIGRATIONSLOG,1.0,2016-12-01,2025-05-15,
PTR-00000056,HAPO,20000033,MIGRATIONSLOG,1.0,,2025-05-15,
PTR-00000057,HAPO,20000034,MIGRATIONSLOG,1.0,,2025-05-15,
PTR-00000058,HAPO,20000035,MIGRATIONSLOG,1.0,2007-10-01,2025-05-15,
PTR-00000059,HAPO,20000036,MIGRATIONSLOG,1.0,,2025-05-15,
PTR-00000060,HAPO,20000037,MIGRATIONSLOG,1.0,1996-02-01,2025-05-15,
PTR-00000061,HAPO,20000038,MIGRATIONSLOG,1.0,2014-03-01,2025-05-15,
PTR-00000062,HAPO,20000039,MIGRATIONSLOG,1.0,,2025-05-15,
PTR-00000063,HAPO,20000040,MIGRATIONSLOG,1.0,,2025-05-15,
PTR-00000064,HAPO,20000041,MIGRATIONSLOG,1.0,,2025-05-15,
PTR-00000068,HAPO,20000042,MIGRATIONSLOG,1.0,2018-12-01,2025-05-15,
PTR-00000069,HAPO,20000043,MIGRATIONSLOG,1.0,2013-08-01,2025-05-15,
PTR-00000074,HAPO,20000044,MIGRATIONSLOG,1.0,2020-04-01,2025-05-15,
PTR-00000075,HAPO,20000045,MIGRATIONSLOG,1.0,2019-11-01,2025-05-15,
PTR-00000076,HAPO,20000046,MIGRATIONSLOG,1.0,2025-07-01,2025-05-15,
PTR-00000077,HAPO,20000047,MIGRATIONSLOG,1.0,2025-10-01,2025-05-15,
PTR-00000079,HAPO,20000048,MIGRATIONSLOG,1.0,2013-09-01,2025-05-15,
PTR-00000080,HAPO,20000049,MIGRATIONSLOG,1.0,,2025-05-15,
PTR-00000081,HAPO,20000050,MIGRATIONSLOG,1.0,2025-08-01,2025-05-15,
PTR-00000083,HAPO,20000051,MIGRATIONSLOG,1.0,2001-06-01,2025-05-15,
PTR-00000084,HAPO,20000052,MIGRATIONSLOG,1.0,2020-09-01,2025-05-15,
PTR-00000085,HAPO,20000053,MIGRATIONSLOG,1.0,2015-06-01,2025-05-15,
PTR-00000088,HAPO,20000054,MIGRATIONSLOG,1.0,1999-10-01,2025-05-15,
PTR-00000089,HAPO,20000055,MIGRATIONSLOG,1.0,2013-07-01,2025-05-15,
PTR-00000090,HAPO,20000056,MIGRATIONSLOG,1.0,2022-07-01,2025-05-15,
PTR-00000093,HAPO,20000057,MIGRATIONSLOG,1.0,2009-03-01,2025-05-15,
PTR-00000094,HAPO,20000058,MIGRATIONSLOG,1.0,2004-05-01,2025-05-15,
PTR-00000095,HAPO,20000059,MIGRATIONSLOG,1.0,,2025-05-15,
PTR-00000097,HAPO,20000060,MIGRATIONSLOG,1.0,2015-08-01,2025-05-15,
PTR-00000098,HAPO,20000061,MIGRATIONSLOG,1.0,,2025-05-15,
PTR-00000104,HAPO,20000062,MIGRATIONSLOG,1.0,2020-10-01,2025-05-15,
PTR-00000105,HAPO,20000063,MIGRATIONSLOG,1.0,2014-12-01,2025-05-15,
PTR-00000106,HAPO,20000064,MIGRATIONSLOG,1.0,2018-02-01,2025-05-15,
PTR-00000107,HAPO,20000065,MIGRATIONSLOG,1.0,,2025-05-15,
PTR-00000108,HAPO,20000066,MIGRATIONSLOG,1.0,,2025-05-15,
PTR-00000116,HAPO,20000067,MIGRATIONSLOG,1.0,2001-05-01,2025-05-15,
PTR-00000117,HAPO,20000068,MIGRATIONSLOG,1.0,2005-05-01,2025-05-15,
PTR-00000118,HAPO,20000069,MIGRATIONSLOG,1.0,2010-11-01,2025-05-15,
PTR-00000121,HAPO,20000070,MIGRATIONSLOG,1.0,2013-07-01,2025-05-15,
PTR-00000123,HAPO,20000071,MIGRATIONSLOG,1.0,2020-08-01,2025-05-15,
PTR-00000124,HAPO,20000072,MIGRATIONSLOG,1.0,,2025-05-15,
PTR-00000125,HAPO,20000073,MIGRATIONSLOG,1.0,2014-01-01,2025-05-15,
PTR-00000126,HAPO,20000074,MIGRATIONSLOG,1.0,2012-09-01,2025-05-15,
PTR-00000127,HAPO,20000075,MIGRATIONSLOG,1.0,1988-11-01,2025-05-15,
PTR-00000128,HAPO,20000076,MIGRATIONSLOG,1.0,2011-12-01,2025-05-15,
PTR-00000129,HAPO,20000077,MIGRATIONSLOG,1.0,,2025-05-15,
PTR-00000130,HAPO,20000078,MIGRATIONSLOG,1.0,2020-08-01,2025-05-15,
PTR-00000131,HAPO,20000079,MIGRATIONSLOG,1.0,2025-06-01,2025-05-15,
PTR-00000132,HAPO,20000080,MIGRATIONSLOG,1.0,2025-05-01,2025-05-15,
PTR-00000133,HAPO,20000081,MIGRATIONSLOG,1.0,2025-12-01,2025-05-15,
PTR-00000134,HAPO,20000082,MIGRATIONSLOG,1.0,2006-12-01,2025-05-15,
PTR-00000138,HAPO,20000083,MIGRATIONSLOG,1.0,2007-06-01,2025-05-15,
PTR-00000139,HAPO,20000084,MIGRATIONSLOG,1.0,2006-03-01,2025-05-15,
PTR-00000144,HAPO,20000085,MIGRATIONSLOG,1.0,2020-05-01,2025-05-15,
PTR-00000145,HAPO,20000086,MIGRATIONSLOG,1.0,1999-01-01,2025-05-15,
PTR-00000157,HAPO,20000087,MIGRATIONSLOG,1.0,2005-07-01,2025-05-15,
PTR-00000158,HAPO,20000088,MIGRATIONSLOG,1.0,2005-12-01,2025-05-15,
PTR-00000159,HAPO,20000089,MIGRATIONSLOG,1.0,2011-08-01,2025-05-15,
PTR-00000160,HAPO,20000090,MIGRATIONSLOG,1.0,2023-05-01,2025-05-15,
PTR-00000161,HAPO,20000091,MIGRATIONSLOG,1.0,,2025-05-15,
PTR-00000162,HAPO,20000092,MIGRATIONSLOG,1.0,2025-01-01,2025-05-15,
PTR-00000168,HAPO,20000093,MIGRATIONSLOG,1.0,2016-11-01,2025-05-15,
PTR-00000169,HAPO,20000094,MIGRATIONSLOG,1.0,,2025-05-15,
PTR-00000170,HAPO,20000095,MIGRATIONSLOG,1.0,2016-07-01,2025-05-15,
PTR-00000171,HAPO,20000096,MIGRATIONSLOG,1.0,2009-12-01,2025-05-15,
PTR-00000173,HAPO,20000097,MIGRATIONSLOG,1.0,2013-04-01,2025-05-15,
PTR-00000174,HAPO,20000098,MIGRATIONSLOG,1.0,2007-10-01,2025-05-15,
PTR-00000175,HAPO,20000099,MIGRATIONSLOG,1.0,2018-09-01,2025-05-15,
PTR-00000176,HAPO,20000100,MIGRATIONSLOG,1.0,,2025-05-15,
PTR-00000178,HAPO,20000101,MIGRATIONSLOG,1.0,2014-07-01,2025-05-15,
PTR-00000181,HAPO,20000102,MIGRATIONSLOG,1.0,2014-03-01,2025-05-15,
PTR-00000182,HAPO,20000103,MIGRATIONSLOG,1.0,2015-01-01,2025-05-15,
PTR-00000183,HAPO,20000104,MIGRATIONSLOG,1.0,,2025-05-15,
PTR-00000184,HAPO,20000105,MIGRATIONSLOG,1.0,2005-09-01,2025-05-15,
PTR-00000189,HAPO,20000106,MIGRATIONSLOG,1.0,2016-08-01,2025-05-15,
PTR-00000190,HAPO,20000107,MIGRATIONSLOG,1.0,,2025-05-15,
PTR-00000191,HAPO,20000108,MIGRATIONSLOG,1.0,,2025-05-15,
PTR-00000192,HAPO,20000109,MIGRATIONSLOG,1.0,2019-02-01,2025-05-15,
PTR-00000193,HAPO,20000110,MIGRATIONSLOG,1.0,,2025-05-15,
PTR-00000194,HAPO,20000111,MIGRATIONSLOG,1.0,2024-04-01,2025-05-15,
PTR-00000197,HAPO,20000112,MIGRATIONSLOG,1.0,2013-05-01,2025-05-15,
PTR-00000198,HAPO,20000113,MIGRATIONSLOG,1.0,,2025-05-15,
PTR-00000199,HAPO,20000114,MIGRATIONSLOG,1.0,,2025-05-15,
PTR-00000201,HAPO,20000115,MIGRATIONSLOG,1.0,1999-05-01,2025-05-15,
PTR-00000202,HAPO,20000116,MIGRATIONSLOG,1.0,,2025-05-15,
PTR-00000203,HAPO,20000117,MIGRATIONSLOG,1.0,,2025-05-15,
PTR-00000210,HAPO,20000118,MIGRATIONSLOG,1.0,2020-10-01,2025-05-15,
PTR-00000211,HAPO,20000119,MIGRATIONSLOG,1.0,2025-08-01,2025-05-15,
PTR-00000212,HAPO,20000120,MIGRATIONSLOG,1.0,2014-01-01,2025-05-15,
PTR-00000213,HAPO,20000121,MIGRATIONSLOG,1.0,,2025-05-15,
PTR-00000214,HAPO,20000122,MIGRATIONSLOG,1.0,2011-07-01,2025-05-15,
PTR-00000215,HAPO,20000123,MIGRATIONSLOG,1.0,2025-05-01,2025-05-15,
PTR-00000216,HAPO,20000124,MIGRATIONSLOG,1.0,,2025-05-15,
PTR-00000217,HAPO,20000125,MIGRATIONSLOG,1.0,2016-08-01,2025-05-15,
PTR-00000218,HAPO,20000126,MIGRATIONSLOG,1.0,2025-02-01,2025-05-15,
PTR-00000219,HAPO,20000127,MIGRATIONSLOG,1.0,,2025-05-15,
PTR-00000220,HAPO,20000128,MIGRATIONSLOG,1.0,2014-08-01,2025-05-15,
PTR-00000226,HAPO,20000129,MIGRATIONSLOG,1.0,2015-04-01,2025-05-15,
PTR-00000234,HAPO,20000130,MIGRATIONSLOG,1.0,2013-09-01,2025-05-15,
PTR-00000238,HAPO,20000131,MIGRATIONSLOG,1.0,1996-01-01,2025-05-15,
PTR-00000239,HAPO,20000132,MIGRATIONSLOG,1.0,,2025-05-15,
PTR-00000240,HAPO,20000133,MIGRATIONSLOG,1.0,2025-11-01,2025-05-15,
PTR-00000241,HAPO,20000134,MIGRATIONSLOG,1.0,2018-05-01,2025-05-15,
PTR-00000242,HAPO,20000135,MIGRATIONSLOG,1.0,,2025-05-15,
PTR-00000243,HAPO,20000136,MIGRATIONSLOG,1.0,2019-03-01,2025-05-15,
PTR-00000247,HAPO,20000137,MIGRATIONSLOG,1.0,2009-04-01,2025-05-15,
PTR-00000248,HAPO,20000138,MIGRATIONSLOG,1.0,2017-08-01,2025-05-15,
PTR-00000249,HAPO,20000139,MIGRATIONSLOG,1.0,2020-12-01,2025-05-15,
PTR-00000250,HAPO,20000140,MIGRATIONSLOG,1.0,,2025-05-15,
PTR-00000251,HAPO,20000141,MIGRATIONSLOG,1.0,2019-12-01,2025-05-15,
PTR-00000252,HAPO,20000142,MIGRATIONSLOG,1.0,2013-05-01,2025-05-15,
PTR-00000253,HAPO,20000143,MIGRATIONSLOG,1.0,,2025-05-15,
PTR-00000257,HAPO,20000144,MIGRATIONSLOG,1.0,2004-03-01,2025-05-15,
PTR-00000258,HAPO,20000145,MIGRATIONSLOG,1.0,2016-11-01,2025-05-15,
PTR-00000262,HAPO,20000146,MIGRATIONSLOG,1.0,2004-05-01,2025-05-15,
PTR-00000263,HAPO,20000147,MIGRATIONSLOG,1.0,,2025-05-15,
PTR-00000264,HAPO,20000148,MIGRATIONSLOG,1.0,2019-02-01,2025-05-15,
PTR-00000274,HAPO,20000149,MIGRATIONSLOG,1.0,2006-12-01,2025-05-15,
PTR-00000275,HAPO,20000150,MIGRATIONSLOG,1.0,,2025-05-15,
PTR-00000276,HAPO,20000151,MIGRATIONSLOG,1.0,2017-01-01,2025-05-15,
PTR-00000283,HAPO,20000152,MIGRATIONSLOG,1.0,2013-09-01,2025-05-15,
PTR-00000284,HAPO,20000153,MIGRATIONSLOG,1.0,2017-01-01,2025-05-15,
PTR-00000285,HAPO,20000154,MIGRATIONSLOG,1.0,2013-03-01,2025-05-15,
PTR-00000286,HAPO,20000155,MIGRATIONSLOG,1.0,2006-10-01,2025-05-15,
PTR-00000287,HAPO,20000156,MIGRATIONSLOG,1.0,2014-03-01,2025-05-15,
PTR-00000288,HAPO,20000157,MIGRATIONSLOG,1.0,,2025-05-15,
PTR-00000290,HAPO,20000158,MIGRATIONSLOG,1.0,2019-10-01,2025-05-15,
PTR-00000291,HAPO,20000159,MIGRATIONSLOG,1.0,2016-10-01,2025-05-15,
PTR-00000292,HAPO,20000160,MIGRATIONSLOG,1.0,,2025-05-15,
PTR-00000293,HAPO,20000161,MIGRATIONSLOG,1.0,2006-06-01,2025-05-15,
PTR-00000294,HAPO,20000162,MIGRATIONSLOG,1.0,,2025-05-15,
PTR-00000299,HAPO,20000163,MIGRATIONSLOG,1.0,2010-01-01,2025-05-15,
PTR-00000300,HAPO,20000164,MIGRATIONSLOG,1.0,2008-09-01,2025-05-15,
PTR-00000301,HAPO,20000165,MIGRATIONSLOG,1.0,2009-11-01,2025-05-15,
PTR-00000302,HAPO,20000166,MIGRATIONSLOG,1.0,2008-03-01,2025-05-15,
PTR-00000303,HAPO,20000167,MIGRATIONSLOG,1.0,2011-07-01,2025-05-15,
PTR-00000304,HAPO,20000168,MIGRATIONSLOG,1.0,2024-04-01,2025-05-15,
PTR-00000305,HAPO,20000169,MIGRATIONSLOG,1.0,2015-11-01,2025-05-15,
PTR-00000306,HAPO,20000170,MIGRATIONSLOG,1.0,2011-02-01,2025-05-15,
PTR-00000307,HAPO,20000171,MIGRATIONSLOG,1.0,2005-11-01,2025-05-15,
PTR-00000308,HAPO,20000172,MIGRATIONSLOG,1.0,2018-01-01,2025-05-15,
PTR-00000310,HAPO,20000173,MIGRATIONSLOG,1.0,2008-12-01,2025-05-15,
PTR-00000314,HAPO,20000174,MIGRATIONSLOG,1.0,2013-05-01,2025-05-15,
PTR-00000315,HAPO,20000175,MIGRATIONSLOG,1.0,2005-03-01,2025-05-15,
PTR-00000316,HAPO,20000176,MIGRATIONSLOG,1.0,2012-09-01,2025-05-15,
PTR-00000324,HAPO,20000177,MIGRATIONSLOG,1.0,2015-07-01,2025-05-15,
PTR-00000327,HAPO,20000178,MIGRATIONSLOG,1.0,2017-04-01,2025-05-15,
PTR-00000328,HAPO,20000179,MIGRATIONSLOG,1.0,2002-11-01,2025-05-15,
PTR-00000329,HAPO,20000180,MIGRATIONSLOG,1.0,,2025-05-15,
PTR-00000330,HAPO,20000181,MIGRATIONSLOG,1.0,,2025-05-15,
PTR-00000331,HAPO,20000182,MIGRATIONSLOG,1.0,,2025-05-15,
PTR-00000332,HAPO,20000183,MIGRATIONSLOG,1.0,,2025-05-15,
PTR-00000333,HAPO,20000184,MIGRATIONSLOG,1.0,2017-04-01,2025-05-15,
PTR-00000336,HAPO,20000185,MIGRATIONSLOG,1.0,2013-10-01,2025-05-15,
PTR-00000339,HAPO,20000186,MIGRATIONSLOG,1.0,2004-04-01,2025-05-15,
PTR-00000340,HAPO,20000187,MIGRATIONSLOG,1.0,2011-11-01,2025-05-15,
PTR-00000341,HAPO,20000188,MIGRATIONSLOG,1.0,2025-08-01,2025-05-15,
PTR-00000343,HAPO,20000189,MIGRATIONSLOG,1.0,2014-04-01,2025-05-15,
PTR-00000344,HAPO,20000190,MIGRATIONSLOG,1.0,2001-12-01,2025-05-15,
PTR-00000345,HAPO,20000191,MIGRATIONSLOG,1.0,,2025-05-15,
PTR-00000348,HAPO,20000192,MIGRATIONSLOG,1.0,2014-08-01,2025-05-15,
PTR-00000349,HAPO,20000193,MIGRATIONSLOG,1.0,,2025-05-15,
PTR-00000350,HAPO,20000194,MIGRATIONSLOG,1.0,2025-11-01,2025-05-15,
PTR-00000351,HAPO,20000195,MIGRATIONSLOG,1.0,,2025-05-15,
PTR-00000352,HAPO,20000196,MIGRATIONSLOG,1.0,2025-05-01,2025-05-15,
PTR-00000353,HAPO,20000197,MIGRATIONSLOG,1.0,2016-05-01,2025-05-15,
PTR-00000354,HAPO,20000198,MIGRATIONSLOG,1.0,2002-10-01,2025-05-15,
PTR-00000355,HAPO,20000199,MIGRATIONSLOG,1.0,1988-11-01,2025-05-15,
PTR-00000356,HAPO,20000200,MIGRATIONSLOG,1.0,2011-02-01,2025-05-15,
PTR-00000357,HAPO,20000201,MIGRATIONSLOG,1.0,2018-10-01,2025-05-15,
PTR-00000359,HAPO,20000202,MIGRATIONSLOG,1.0,2016-11-01,2025-05-15,
PTR-00000362,HAPO,20000203,MIGRATIONSLOG,1.0,2015-10-01,2025-05-15,
PTR-00000363,HAPO,20000204,MIGRATIONSLOG,1.0,,2025-05-15,
PTR-00000364,HAPO,20000205,MIGRATIONSLOG,1.0,2014-06-01,2025-05-15,
PTR-00000365,HAPO,20000206,MIGRATIONSLOG,1.0,2005-06-01,2025-05-15,
PTR-00000367,HAPO,20000207,MIGRATIONSLOG,1.0,2014-01-01,2025-05-15,
PTR-00000370,HAPO,20000208,MIGRATIONSLOG,1.0,2006-05-01,2025-05-15,
PTR-00000371,HAPO,20000209,MIGRATIONSLOG,1.0,,2025-05-15,
PTR-00000384,HAPO,20000210,MIGRATIONSLOG,1.0,2018-06-01,2025-05-15,
PTR-00000385,HAPO,20000211,MIGRATIONSLOG,1.0,2018-12-01,2025-05-15,
PTR-00000386,HAPO,20000212,MIGRATIONSLOG,1.0,,2025-05-15,
PTR-00000393,HAPO,20000213,MIGRATIONSLOG,1.0,2017-03-01,2025-05-15,
PTR-00000394,HAPO,20000214,MIGRATIONSLOG,1.0,,2025-05-15,
PTR-00000395,HAPO,20000215,MIGRATIONSLOG,1.0,2025-12-01,2025-05-15,
PTR-00000396,HAPO,20000216,MIGRATIONSLOG,1.0,,2025-05-15,
PTR-00000397,HAPO,20000217,MIGRATIONSLOG,1.0,2014-03-01,2025-05-15,
PTR-00000398,HAPO,20000218,MIGRATIONSLOG,1.0,2013-03-01,2025-05-15,
PTR-00000399,HAPO,20000219,MIGRATIONSLOG,1.0,2025-11-01,2025-05-15,
PTR-00000400,HAPO,20000220,MIGRATIONSLOG,1.0,2004-01-01,2025-05-15,
PTR-00000403,HAPO,20000221,MIGRATIONSLOG,1.0,2016-06-01,2025-05-15,
PTR-00000404,HAPO,20000222,MIGRATIONSLOG,1.0,2015-01-01,2025-05-15,
PTR-00000405,HAPO,20000223,MIGRATIONSLOG,1.0,,2025-05-15,
PTR-00000406,HAPO,20000224,MIGRATIONSLOG,1.0,,2025-05-15,
PTR-00000407,HAPO,20000225,MIGRATIONSLOG,1.0,2013-05-01,2025-05-15,
PTR-00000410,HAPO,20000226,MIGRATIONSLOG,1.0,2015-04-01,2025-05-15,
PTR-00000411,HAPO,20000227,MIGRATIONSLOG,1.0,2019-10-01,2025-05-15,
PTR-00000412,HAPO,20000228,MIGRATIONSLOG,1.0,,2025-05-15,
PTR-00000416,HAPO,20000229,MIGRATIONSLOG,1.0,2002-01-01,2025-05-15,
PTR-00000417,HAPO,20000230,MIGRATIONSLOG,1.0,1997-09-01,2025-05-15,
PTR-00000419,HAPO,20000231,MIGRATIONSLOG,1.0,2018-07-01,2025-05-15,
PTR-00000420,HAPO,20000232,MIGRATIONSLOG,1.0,2001-03-01,2025-05-15,
PTR-00000422,HAPO,20000233,MIGRATIONSLOG,1.0,2013-02-01,2025-05-15,
PTR-00000425,HAPO,20000234,MIGRATIONSLOG,1.0,2015-11-01,2025-05-15,
PTR-00000426,HAPO,20000235,MIGRATIONSLOG,1.0,1997-02-01,2025-05-15,
PTR-00000427,HAPO,20000236,MIGRATIONSLOG,1.0,,2025-05-15,
PTR-00000428,HAPO,20000237,MIGRATIONSLOG,1.0,2025-09-01,2025-05-15,
PTR-00000429,HAPO,20000238,MIGRATIONSLOG,1.0,2025-06-01,2025-05-15,
PTR-00000435,HAPO,20000239,MIGRATIONSLOG,1.0,2014-11-01,2025-05-15,
PTR-00000437,HAPO,20000240,MIGRATIONSLOG,1.0,2015-02-01,2025-05-15,
PTR-00000438,HAPO,20000241,MIGRATIONSLOG,1.0,2020-01-01,2025-05-15,
PTR-00000439,HAPO,20000242,MIGRATIONSLOG,1.0,2025-05-01,2025-05-15,
PTR-00000440,HAPO,20000243,MIGRATIONSLOG,1.0,2010-04-01,2025-05-15,
PTR-00000441,HAPO,20000244,MIGRATIONSLOG,1.0,,2025-05-15,
PTR-00000442,HAPO,20000245,MIGRATIONSLOG,1.0,2008-02-01,2025-05-15,
PTR-00000445,HAPO,20000246,MIGRATIONSLOG,1.0,2005-02-01,2025-05-15,
PTR-00000446,HAPO,20000247,MIGRATIONSLOG,1.0,2013-03-01,2025-05-15,
PTR-00000447,HAPO,20000248,MIGRATIONSLOG,1.0,2006-06-01,2025-05-15,
PTR-00000448,HAPO,20000249,MIGRATIONSLOG,1.0,2007-03-01,2025-05-15,
PTR-00000449,HAPO,20000250,MIGRATIONSLOG,1.0,2011-06-01,2025-05-15,
PTR-00000450,HAPO,20000251,MIGRATIONSLOG,1.0,2016-10-01,2025-05-15,
PTR-00000451,HAPO,20000252,MIGRATIONSLOG,1.0,2020-12-01,2025-05-15,
PTR-00000452,HAPO,20000253,MIGRATIONSLOG,1.0,2020-02-01,2025-05-15,
PTR-00000457,HAPO,20000254,MIGRATIONSLOG,1.0,2007-06-01,2025-05-15,
PTR-00000458,HAPO,20000255,MIGRATIONSLOG,1.0,2025-05-01,2025-05-15,
PTR-00000459,HAPO,20000256,MIGRATIONSLOG,1.0,,2025-05-15,
PTR-00000464,HAPO,20000257,MIGRATIONSLOG,1.0,2013-05-01,2025-05-15,
PTR-00000465,HAPO,20000258,MIGRATIONSLOG,1.0,,2025-05-15,
PTR-00000466,HAPO,20000259,MIGRATIONSLOG,1.0,,2025-05-15,
PTR-00000467,HAPO,20000260,MIGRATIONSLOG,1.0,,2025-05-15,
PTR-00000468,HAPO,20000261,MIGRATIONSLOG,1.0,2017-03-01,2025-05-15,
PTR-00000469,HAPO,20000262,MIGRATIONSLOG,1.0,2017-07-01,2025-05-15,
PTR-00000470,HAPO,20000263,MIGRATIONSLOG,1.0,2025-12-01,2025-05-15,
PTR-00000471,HAPO,20000264,MIGRATIONSLOG,1.0,2025-08-01,2025-05-15,
PTR-00000481,HAPO,20000265,MIGRATIONSLOG,1.0,2012-12-01,2025-05-15,
PTR-00000482,HAPO,20000266,MIGRATIONSLOG,1.0,2019-04-01,2025-05-15,
PTR-00000483,HAPO,20000267,MIGRATIONSLOG,1.0,2023-12-01,2025-05-15,
PTR-00000484,HAPO,20000268,MIGRATIONSLOG,1.0,2014-06-01,2025-05-15,
PTR-00000485,HAPO,20000269,MIGRATIONSLOG,1.0,,2025-05-15,
PTR-00000489,HAPO,20000270,MIGRATIONSLOG,1.0,2013-09-01,2025-05-15,
PTR-00000490,HAPO,20000271,MIGRATIONSLOG,1.0,2014-03-01,2025-05-15,
PTR-00000491,HAPO,20000272,MIGRATIONSLOG,1.0,,2025-05-15,
PTR-00000492,HAPO,20000273,MIGRATIONSLOG,1.0,2025-12-01,2025-05-15,
PTR-00000493,HAPO,20000274,MIGRATIONSLOG,1.0,,2025-05-15,
PTR-00000494,HAPO,20000275,MIGRATIONSLOG,1.0,,2025-05-15,
PTR-00000500,HAPO,20000276,MIGRATIONSLOG,1.0,2000-12-01,2025-05-15,
PTR-00000501,HAPO,20000277,MIGRATIONSLOG,1.0,,2025-05-15,
PTR-00000502,HAPO,20000278,MIGRATIONSLOG,1.0,2018-01-01,2025-05-15,
PTR-00000503,HAPO,20000279,MIGRATIONSLOG,1.0,2013-10-01,2025-05-15,
PTR-00000504,HAPO,20000280,MIGRATIONSLOG,1.0,2025-08-01,2025-05-15,
PTR-00000505,HAPO,20000281,MIGRATIONSLOG,1.0,,2025-05-15,
PTR-00000508,HAPO,20000282,MIGRATIONSLOG,1.0,2014-07-01,2025-05-15,
PTR-00000509,HAPO,20000283,MIGRATIONSLOG,1.0,2006-05-01,2025-05-15,
PTR-00000513,HAPO,20000284,MIGRATIONSLOG,1.0,2014-03-01,2025-05-15,
PTR-00000514,HAPO,20000285,MIGRATIONSLOG,1.0,2002-04-01,2025-05-15,
PTR-00000515,HAPO,20000286,MIGRATIONSLOG,1.0,2024-08-01,2025-05-15,
PTR-00000516,HAPO,20000287,MIGRATIONSLOG,1.0,,2025-05-15,
PTR-00000519,HAPO,20000288,MIGRATIONSLOG,1.0,2014-09-01,2025-05-15,
PTR-00000520,HAPO,20000289,MIGRATIONSLOG,1.0,2005-05-01,2025-05-15,
PTR-00000521,HAPO,20000290,MIGRATIONSLOG,1.0,,2025-05-15,
PTR-00000522,HAPO,20000291,MIGRATIONSLOG,1.0,2006-11-01,2025-05-15,
PTR-00000523,HAPO,20000292,MIGRATIONSLOG,1.0,2015-11-01,2025-05-15,
PTR-00000524,HAPO,20000293,MIGRATIONSLOG,1.0,2016-12-01,2025-05-15,
PTR-00000526,HAPO,20000294,MIGRATIONSLOG,1.0,2017-07-01,2025-05-15,
PTR-00000527,HAPO,20000295,MIGRATIONSLOG,1.0,2012-02-01,2025-05-15,
PTR-00000528,HAPO,20000296,MIGRATIONSLOG,1.0,2006-04-01,2025-05-15,
PTR-00000529,HAPO,20000297,MIGRATIONSLOG,1.0,2025-10-01,2025-05-15,
PTR-00000531,HAPO,20000298,MIGRATIONSLOG,1.0,2015-11-01,2025-05-15,
PTR-00000532,HAPO,20000299,MIGRATIONSLOG,1.0,,2025-05-15,
PTR-00000533,HAPO,20000300,MIGRATIONSLOG,1.0,2004-04-01,2025-05-15,
PTR-00000535,HAPO,20000301,MIGRATIONSLOG,1.0,2001-11-01,2025-05-15,
PTR-00000536,HAPO,20000302,MIGRATIONSLOG,1.0,,2025-05-15,
PTR-00000541,HAPO,20000303,MIGRATIONSLOG,1.0,2017-06-01,2025-05-15,
PTR-00000542,HAPO,20000304,MIGRATIONSLOG,1.0,2015-03-01,2025-05-15,
PTR-00000549,HAPO,20000305,MIGRATIONSLOG,1.0,2009-12-01,2025-05-15,
PTR-00000550,HAPO,20000306,MIGRATIONSLOG,1.0,2003-09-01,2025-05-15,
PTR-00000551,HAPO,20000307,MIGRATIONSLOG,1.0,2025-09-01,2025-05-15,
PTR-00000552,HAPO,20000308,MIGRATIONSLOG,1.0,,2025-05-15,
PTR-00000554,HAPO,20000309,MIGRATIONSLOG,1.0,2002-04-01,2025-05-15,
PTR-00000555,HAPO,20000310,MIGRATIONSLOG,1.0,1994-10-01,2025-05-15,
PTR-00000556,HAPO,20000311,MIGRATIONSLOG,1.0,2016-09-01,2025-05-15,
PTR-00000563,HAPO,20000312,MIGRATIONSLOG,1.0,2016-01-01,2025-05-15,
PTR-00000564,HAPO,20000313,MIGRATIONSLOG,1.0,,2025-05-15,
PTR-00000565,HAPO,20000314,MIGRATIONSLOG,1.0,,2025-05-15,
PTR-00000568,HAPO,20000315,MIGRATIONSLOG,1.0,2016-01-01,2025-05-15,
PTR-00000569,HAPO,20000316,MIGRATIONSLOG,1.0,2011-08-01,2025-05-15,
PTR-00000571,HAPO,20000317,MIGRATIONSLOG,1.0,2011-06-01,2025-05-15,
PTR-00000572,HAPO,20000318,MIGRATIONSLOG,1.0,2014-08-01,2025-05-15,
PTR-00000573,HAPO,20000319,MIGRATIONSLOG,1.0,2007-09-01,2025-05-15,
PTR-00000576,HAPO,20000320,MIGRATIONSLOG,1.0,2018-07-01,2025-05-15,
PTR-00000579,HAPO,20000321,MIGRATIONSLOG,1.0,2009-02-01,2025-05-15,
PTR-00000581,HAPO,20000322,MIGRATIONSLOG,1.0,2017-05-01,2025-05-15,
PTR-00000583,HAPO,20000323,MIGRATIONSLOG,1.0,2002-10-01,2025-05-15,
PTR-00000584,HAPO,20000324,MIGRATIONSLOG,1.0,2022-11-01,2025-05-15,
PTR-00000585,HAPO,20000325,MIGRATIONSLOG,1.0,,2025-05-15,
PTR-00000586,HAPO,20000326,MIGRATIONSLOG,1.0,2014-11-01,2025-05-15,
PTR-00000588,HAPO,20000327,MIGRATIONSLOG,1.0,2018-05-01,2025-05-15,
PTR-00000590,HAPO,20000328,MIGRATIONSLOG,1.0,2012-12-01,2025-05-15,
PTR-00000591,HAPO,20000329,MIGRATIONSLOG,1.0,2010-11-01,2025-05-15,
PTR-00000594,HAPO,20000330,MIGRATIONSLOG,1.0,2015-07-01,2025-05-15,
PTR-00000595,HAPO,20000331,MIGRATIONSLOG,1.0,2011-08-01,2025-05-15,
PTR-00000596,HAPO,20000332,MIGRATIONSLOG,1.0,2025-09-01,2025-05-15,
PTR-00000597,HAPO,20000333,MIGRATIONSLOG,1.0,2025-10-01,2025-05-15,
PTR-00000598,HAPO,20000334,MIGRATIONSLOG,1.0,2025-03-01,2025-05-15,
PTR-00000599,HAPO,20000335,MIGRATIONSLOG,1.0,1996-01-01,2025-05-15,
PTR-00000600,HAPO,20000336,MIGRATIONSLOG,1.0,2012-06-01,2025-05-15,
PTR-00000601,HAPO,20000337,MIGRATIONSLOG,1.0,,2025-05-15,
PTR-00000602,HAPO,20000338,MIGRATIONSLOG,1.0,2022-12-01,2025-05-15,
PTR-00000603,HAPO,20000339,MIGRATIONSLOG,1.0,2007-12-01,2025-05-15,
PTR-00000604,HAPO,20000340,MIGRATIONSLOG,1.0,2015-06-01,2025-05-15,
PTR-00000611,HAPO,20000341,MIGRATIONSLOG,1.0,1997-09-01,2025-05-15,
PTR-00000612,HAPO,20000342,MIGRATIONSLOG,1.0,2023-03-01,2025-05-15,
PTR-00000613,HAPO,20000343,MIGRATIONSLOG,1.0,2014-07-01,2025-05-15,
PTR-00000614,HAPO,20000344,MIGRATIONSLOG,1.0,,2025-05-15,
PTR-00000615,HAPO,20000345,MIGRATIONSLOG,1.0,,2025-05-15,
PTR-00000616,HAPO,20000346,MIGRATIONSLOG,1.0,2016-09-01,2025-05-15,
PTR-00000618,HAPO,20000347,MIGRATIONSLOG,1.0,2008-04-01,2025-05-15,
PTR-00000619,HAPO,20000348,MIGRATIONSLOG,1.0,2013-10-01,2025-05-15,
PTR-00000620,HAPO,20000349,MIGRATIONSLOG,1.0,2009-10-01,2025-05-15,
PTR-00000621,HAPO,20000350,MIGRATIONSLOG,1.0,2012-02-01,2025-05-15,
PTR-00000622,HAPO,20000351,MIGRATIONSLOG,1.0,,2025-05-15,
PTR-00000623,HAPO,20000352,MIGRATIONSLOG,1.0,,2025-05-15,
PTR-00000624,HAPO,20000353,MIGRATIONSLOG,1.0,2006-09-01,2025-05-15,
PTR-00000625,HAPO,20000354,MIGRATIONSLOG,1.0,2016-04-01,2025-05-15,
PTR-00000626,HAPO,20000355,MIGRATIONSLOG,1.0,2005-07-01,2025-05-15,
PTR-00000630,HAPO,20000356,MIGRATIONSLOG,1.0,2014-06-01,2025-05-15,
PTR-00000631,HAPO,20000357,MIGRATIONSLOG,1.0,1999-08-01,2025-05-15,
PTR-00000632,HAPO,20000358,MIGRATIONSLOG,1.0,2005-11-01,2025-05-15,
PTR-00000633,HAPO,20000359,MIGRATIONSLOG,1.0,2015-10-01,2025-05-15,
PTR-00000634,HAPO,20000360,MIGRATIONSLOG,1.0,,2025-05-15,
PTR-00000635,HAPO,20000361,MIGRATIONSLOG,1.0,,2025-05-15,
PTR-00000642,HAPO,20000362,MIGRATIONSLOG,1.0,1996-04-01,2025-05-15,
PTR-00000643,HAPO,20000363,MIGRATIONSLOG,1.0,2018-11-01,2025-05-15,
PTR-00000644,HAPO,20000364,MIGRATIONSLOG,1.0,2015-03-01,2025-05-15,
PTR-00000645,HAPO,20000365,MIGRATIONSLOG,1.0,,2025-05-15,
PTR-00000646,HAPO,20000366,MIGRATIONSLOG,1.0,,2025-05-15,
PTR-00000648,HAPO,20000367,MIGRATIONSLOG,1.0,2020-09-01,2025-05-15,
PTR-00000649,HAPO,20000368,MIGRATIONSLOG,1.0,2013-04-01,2025-05-15,
PTR-00000653,HAPO,20000369,MIGRATIONSLOG,1.0,2001-01-01,2025-05-15,
PTR-00000661,HAPO,20000370,MIGRATIONSLOG,1.0,2019-02-01,2025-05-15,
PTR-00000662,HAPO,20000371,MIGRATIONSLOG,1.0,2018-02-01,2025-05-15,
PTR-00000664,HAPO,20000372,MIGRATIONSLOG,1.0,2016-02-01,2025-05-15,
PTR-00000665,HAPO,20000373,MIGRATIONSLOG,1.0,2001-08-01,2025-05-15,
PTR-00000666,HAPO,20000374,MIGRATIONSLOG,1.0,2018-05-01,2025-05-15,
PTR-00000667,HAPO,20000375,MIGRATIONSLOG,1.0,2025-11-01,2025-05-15,
PTR-00000668,HAPO,20000376,MIGRATIONSLOG,1.0,,2025-05-15,
PTR-00000669,HAPO,20000377,MIGRATIONSLOG,1.0,2025-11-01,2025-05-15,
PTR-00000678,HAPO,20000378,MIGRATIONSLOG,1.0,2019-11-01,2025-05-15,
PTR-00000679,HAPO,20000379,MIGRATIONSLOG,1.0,2018-02-01,2025-05-15,
PTR-00000680,HAPO,20000380,MIGRATIONSLOG,1.0,2005-01-01,2025-05-15,
PTR-00000681,HAPO,20000381,MIGRATIONSLOG,1.0,,2025-05-15,
PTR-00000682,HAPO,20000382,MIGRATIONSLOG,1.0,,2025-05-15,
PTR-00000683,HAPO,20000383,MIGRATIONSLOG,1.0,2019-01-01,2025-05-15,
PTR-00000685,HAPO,20000384,MIGRATIONSLOG,1.0,2013-08-01,2025-05-15,
PTR-00000686,HAPO,20000385,MIGRATIONSLOG,1.0,2022-02-01,2025-05-15,
PTR-00000687,HAPO,20000386,MIGRATIONSLOG,1.0,2007-09-01,2025-05-15,
PTR-00000688,HAPO,20000387,MIGRATIONSLOG,1.0,2015-01-01,2025-05-15,
PTR-00000689,HAPO,20000388,MIGRATIONSLOG,1.0,2010-11-01,2025-05-15,
PTR-00000692,HAPO,20000389,MIGRATIONSLOG,1.0,2000-09-01,2025-05-15,
PTR-00000696,HAPO,20000390,MIGRATIONSLOG,1.0,2009-12-01,2025-05-15,
PTR-00000704,HAPO,20000391,MIGRATIONSLOG,1.0,2015-03-01,2025-05-15,
PTR-00000705,HAPO,20000392,MIGRATIONSLOG,1.0,2013-05-01,2025-05-15,
PTR-00000715,HAPO,20000393,MIGRATIONSLOG,1.0,2013-01-01,2025-05-15,
PTR-00000716,HAPO,20000394,MIGRATIONSLOG,1.0,2017-07-01,2025-05-15,
PTR-00000727,HAPO,20000395,MIGRATIONSLOG,1.0,2020-01-01,2025-05-15,
PTR-00000729,HAPO,20000396,MIGRATIONSLOG,1.0,2020-09-01,2025-05-15,
PTR-00000730,HAPO,20000397,MIGRATIONSLOG,1.0,2013-10-01,2025-05-15,
PTR-00000731,HAPO,20000398,MIGRATIONSLOG,1.0,2009-07-01,2025-05-15,
PTR-00000732,HAPO,20000399,MIGRATIONSLOG,1.0,2003-07-01,2025-05-15,
PTR-00000733,HAPO,20000400,MIGRATIONSLOG,1.0,2015-07-01,2025-05-15,
PTR-00000735,HAPO,20000401,MIGRATIONSLOG,1.0,2004-12-01,2025-05-15,
PTR-00000746,HAPO,20000402,MIGRATIONSLOG,1.0,2005-10-01,2025-05-15,
PTR-00000747,HAPO,20000403,MIGRATIONSLOG,1.0,,2025-05-15,
PTR-00000753,HAPO,20000404,MIGRATIONSLOG,1.0,2003-05-01,2025-05-15,
PTR-00000754,HAPO,20000405,MIGRATIONSLOG,1.0,2014-04-01,2025-05-15,
PTR-00000755,HAPO,20000406,MIGRATIONSLOG,1.0,2005-05-01,2025-05-15,
PTR-00000756,HAPO,20000407,MIGRATIONSLOG,1.0,2012-03-01,2025-05-15,
PTR-00000757,HAPO,20000408,MIGRATIONSLOG,1.0,1999-07-01,2025-05-15,
PTR-00000761,HAPO,20000409,MIGRATIONSLOG,1.0,2014-01-01,2025-05-15,
PTR-00000762,HAPO,20000410,MIGRATIONSLOG,1.0,,2025-05-15,
PTR-00000764,HAPO,20000411,MIGRATIONSLOG,1.0,2020-11-01,2025-05-15,
PTR-00000769,HAPO,20000412,MIGRATIONSLOG,1.0,2018-03-01,2025-05-15,
PTR-00000770,HAPO,20000413,MIGRATIONSLOG,1.0,2002-10-01,2025-05-15,
PTR-00000771,HAPO,20000414,MIGRATIONSLOG,1.0,1995-11-01,2025-05-15,
PTR-00000772,HAPO,20000415,MIGRATIONSLOG,1.0,2020-10-01,2025-05-15,
PTR-00000773,HAPO,20000416,MIGRATIONSLOG,1.0,2011-11-01,2025-05-15,
PTR-00000774,HAPO,20000417,MIGRATIONSLOG,1.0,1999-07-01,2025-05-15,
PTR-00000775,HAPO,20000418,MIGRATIONSLOG,1.0,2016-06-01,2025-05-15,
PTR-00000776,HAPO,20000419,MIGRATIONSLOG,1.0,2025-11-01,2025-05-15,
PTR-00000777,HAPO,20000420,MIGRATIONSLOG,1.0,2010-12-01,2025-05-15,
PTR-00000785,HAPO,20000421,MIGRATIONSLOG,1.0,2018-05-01,2025-05-15,
PTR-00000786,HAPO,20000422,MIGRATIONSLOG,1.0,2001-02-01,2025-05-15,
PTR-00000788,HAPO,20000423,MIGRATIONSLOG,1.0,2006-11-01,2025-05-15,
PTR-00000790,HAPO,20000424,MIGRATIONSLOG,1.0,2012-12-01,2025-05-15,
PTR-00000791,HAPO,20000425,MIGRATIONSLOG,1.0,2008-03-01,2025-05-15,
PTR-00000793,HAPO,20000426,MIGRATIONSLOG,1.0,2014-02-01,2025-05-15,
PTR-00000794,HAPO,20000427,MIGRATIONSLOG,1.0,2010-06-01,2025-05-15,
PTR-00000795,HAPO,20000428,MIGRATIONSLOG,1.0,,2025-05-15,
PTR-00000798,HAPO,20000429,MIGRATIONSLOG,1.0,2004-01-01,2025-05-15,
PTR-00000799,HAPO,20000430,MIGRATIONSLOG,1.0,2013-05-01,2025-05-15,
PTR-00000800,HAPO,20000431,MIGRATIONSLOG,1.0,1996-04-01,2025-05-15,
PTR-00000803,HAPO,20000432,MIGRATIONSLOG,1.0,2002-06-01,2025-05-15,
PTR-00000804,HAPO,20000433,MIGRATIONSLOG,1.0,2010-03-01,2025-05-15,
PTR-00000805,HAPO,20000434,MIGRATIONSLOG,1.0,,2025-05-15,
PTR-00000806,HAPO,20000435,MIGRATIONSLOG,1.0,2025-07-01,2025-05-15,
PTR-00000807,HAPO,20000436,MIGRATIONSLOG,1.0,2025-07-01,2025-05-15,
PTR-00000808,HAPO,20000437,MIGRATIONSLOG,1.0,2025-12-01,2025-05-15,
PTR-00000810,HAPO,20000438,MIGRATIONSLOG,1.0,2013-04-01,2025-05-15,
PTR-00000812,HAPO,20000439,MIGRATIONSLOG,1.0,2014-01-01,2025-05-15,
PTR-00000814,HAPO,20000440,MIGRATIONSLOG,1.0,2016-04-01,2025-05-15,
PTR-00000815,HAPO,20000441,MIGRATIONSLOG,1.0,2003-08-01,2025-05-15,
PTR-00000816,HAPO,20000442,MIGRATIONSLOG,1.0,,2025-05-15,
PTR-00000818,HAPO,20000443,MIGRATIONSLOG,1.0,2015-08-01,2025-05-15,
PTR-00000819,HAPO,20000444,MIGRATIONSLOG,1.0,,2025-05-15,
PTR-00000820,HAPO,20000445,MIGRATIONSLOG,1.0,2012-02-01,2025-05-15,
PTR-00000821,HAPO,20000446,MIGRATIONSLOG,1.0,,2025-05-15,
PTR-00000822,HAPO,20000447,MIGRATIONSLOG,1.0,,2025-05-15,
PTR-00000823,HAPO,20000448,MIGRATIONSLOG,1.0,2004-07-01,2025-05-15,
PTR-00000824,HAPO,20000449,MIGRATIONSLOG,1.0,2014-08-01,2025-05-15,
PTR-00000825,HAPO,20000450,MIGRATIONSLOG,1.0,2015-12-01,2025-05-15,
PTR-00000826,HAPO,20000451,MIGRATIONSLOG,1.0,2013-02-01,2025-05-15,
PTR-00000828,HAPO,20000452,MIGRATIONSLOG,1.0,2012-02-01,2025-05-15,
PTR-00000833,HAPO,20000453,MIGRATIONSLOG,1.0,2008-08-01,2025-05-15,
PTR-00000834,HAPO,20000454,MIGRATIONSLOG,1.0,2017-08-01,2025-05-15,
PTR-00000835,HAPO,20000455,MIGRATIONSLOG,1.0,,2025-05-15,
PTR-00000836,HAPO,20000456,MIGRATIONSLOG,1.0,2008-10-01,2025-05-15,
PTR-00000838,HAPO,20000457,MIGRATIONSLOG,1.0,2016-07-01,2025-05-15,
PTR-00000839,HAPO,20000458,MIGRATIONSLOG,1.0,2017-12-01,2025-05-15,
PTR-00000842,HAPO,20000459,MIGRATIONSLOG,1.0,2017-03-01,2025-05-15,
PTR-00000847,HAPO,20000460,MIGRATIONSLOG,1.0,2017-06-01,2025-05-15,
PTR-00000848,HAPO,20000461,MIGRATIONSLOG,1.0,2019-02-01,2025-05-15,
PTR-00000849,HAPO,20000462,MIGRATIONSLOG,1.0,2002-03-01,2025-05-15,
PTR-00000850,HAPO,20000463,MIGRATIONSLOG,1.0,2017-04-01,2025-05-15,
PTR-00000851,HAPO,20000464,MIGRATIONSLOG,1.0,2013-08-01,2025-05-15,
PTR-00000852,HAPO,20000465,MIGRATIONSLOG,1.0,2009-01-01,2025-05-15,
PTR-00000853,HAPO,20000466,MIGRATIONSLOG,1.0,2016-04-01,2025-05-15,
PTR-00000854,HAPO,20000467,MIGRATIONSLOG,1.0,,2025-05-15,
PTR-00000856,HAPO,20000468,MIGRATIONSLOG,1.0,2013-05-01,2025-05-15,
PTR-00000859,HAPO,20000469,MIGRATIONSLOG,1.0,2009-03-01,2025-05-15,
PTR-00000860,HAPO,20000470,MIGRATIONSLOG,1.0,,2025-05-15,
PTR-00000865,HAPO,20000471,MIGRATIONSLOG,1.0,2018-06-01,2025-05-15,
PTR-00000866,HAPO,20000472,MIGRATIONSLOG,1.0,,2025-05-15,
PTR-00000867,HAPO,20000473,MIGRATIONSLOG,1.0,2025-11-01,2025-05-15,
PTR-00000868,HAPO,20000474,MIGRATIONSLOG,1.0,2014-10-01,2025-05-15,
PTR-00000869,HAPO,20000475,MIGRATIONSLOG,1.0,,2025-05-15,
PTR-00000870,HAPO,20000476,MIGRATIONSLOG,1.0,2025-11-01,2025-05-15,
PTR-00000871,HAPO,20000477,MIGRATIONSLOG,1.0,,2025-05-15,
PTR-00000872,HAPO,20000478,MIGRATIONSLOG,1.0,2016-05-01,2025-05-15,
PTR-00000873,HAPO,20000479,MIGRATIONSLOG,1.0,,2025-05-15,
PTR-00000874,HAPO,20000480,MIGRATIONSLOG,1.0,2013-02-01,2025-05-15,
PTR-00000875,HAPO,20000481,MIGRATIONSLOG,1.0,2014-09-01,2025-05-15,
PTR-00000876,HAPO,20000482,MIGRATIONSLOG,1.0,2011-12-01,2025-05-15,
PTR-00000879,HAPO,20000483,MIGRATIONSLOG,1.0,2015-02-01,2025-05-15,
PTR-00000880,HAPO,20000484,MIGRATIONSLOG,1.0,,2025-05-15,
PTR-00000881,HAPO,20000485,MIGRATIONSLOG,1.0,2013-11-01,2025-05-15,
PTR-00000882,HAPO,20000486,MIGRATIONSLOG,1.0,,2025-05-15,
PTR-00000883,HAPO,20000487,MIGRATIONSLOG,1.0,2025-05-01,2025-05-15,
PTR-00000884,HAPO,20000488,MIGRATIONSLOG,1.0,,2025-05-15,
PTR-00000885,HAPO,20000489,MIGRATIONSLOG,1.0,2025-10-01,2025-05-15,
PTR-00000888,HAPO,20000490,MIGRATIONSLOG,1.0,2018-10-01,2025-05-15,
PTR-00000889,HAPO,20000491,MIGRATIONSLOG,1.0,2015-01-01,2025-05-15,
PTR-00000890,HAPO,20000492,MIGRATIONSLOG,1.0,2006-04-01,2025-05-15,
PTR-00000891,HAPO,20000493,MIGRATIONSLOG,1.0,2002-12-01,2025-05-15,
PTR-00000892,HAPO,20000494,MIGRATIONSLOG,1.0,2015-02-01,2025-05-15,
PTR-00000893,HAPO,20000495,MIGRATIONSLOG,1.0,2011-02-01,2025-05-15,
PTR-00000894,HAPO,20000496,MIGRATIONSLOG,1.0,,2025-05-15,
PTR-00000895,HAPO,20000497,MIGRATIONSLOG,1.0,,2025-05-15,
PTR-00000896,HAPO,20000498,MIGRATIONSLOG,1.0,2025-12-01,2025-05-15,
PTR-00000897,HAPO,20000499,MIGRATIONSLOG,1.0,2009-12-01,2025-05-15,
PTR-00000898,HAPO,20000500,MIGRATIONSLOG,1.0,2018-06-01,2025-05-15,
PTR-00000905,HAPO,20000501,MIGRATIONSLOG,1.0,2013-09-01,2025-05-15,
PTR-00000907,HAPO,20000502,MIGRATIONSLOG,1.0,2019-11-01,2025-05-15,
PTR-00000909,HAPO,20000503,MIGRATIONSLOG,1.0,2003-04-01,2025-05-15,
PTR-00000910,HAPO,20000504,MIGRATIONSLOG,1.0,2012-11-01,2025-05-15,
PTR-00000911,HAPO,20000505,MIGRATIONSLOG,1.0,2007-08-01,2025-05-15,
PTR-00000912,HAPO,20000506,MIGRATIONSLOG,1.0,2005-10-01,2025-05-15,
PTR-00000916,HAPO,20000507,MIGRATIONSLOG,1.0,2014-11-01,2025-05-15,
PTR-00000920,HAPO,20000508,MIGRATIONSLOG,1.0,2014-02-01,2025-05-15,
PTR-00000924,HAPO,20000509,MIGRATIONSLOG,1.0,2014-12-01,2025-05-15,
PTR-00000925,HAPO,20000510,MIGRATIONSLOG,1.0,2015-12-01,2025-05-15,
PTR-00000926,HAPO,20000511,MIGRATIONSLOG,1.0,2019-05-01,2025-05-15,
PTR-00000927,HAPO,20000512,MIGRATIONSLOG,1.0,2015-08-01,2025-05-15,
PTR-00000928,HAPO,20000513,MIGRATIONSLOG,1.0,2003-02-01,2025-05-15,
PTR-00000930,HAPO,20000514,MIGRATIONSLOG,1.0,2015-06-01,2025-05-15,
PTR-00000932,HAPO,20000515,MIGRATIONSLOG,1.0,2003-02-01,2025-05-15,
PTR-00000937,HAPO,20000516,MIGRATIONSLOG,1.0,2020-06-01,2025-05-15,
PTR-00000938,HAPO,20000517,MIGRATIONSLOG,1.0,2012-02-01,2025-05-15,
PTR-00000939,HAPO,20000518,MIGRATIONSLOG,1.0,2016-03-01,2025-05-15,
PTR-00000940,HAPO,20000519,MIGRATIONSLOG,1.0,,2025-05-15,
PTR-00000941,HAPO,20000520,MIGRATIONSLOG,1.0,2025-08-01,2025-05-15,
PTR-00000945,HAPO,20000521,MIGRATIONSLOG,1.0,2008-03-01,2025-05-15,
PTR-00000946,HAPO,20000522,MIGRATIONSLOG,1.0,,2025-05-15,
PTR-00000947,HAPO,20000523,MIGRATIONSLOG,1.0,,2025-05-15,
PTR-00000948,HAPO,20000524,MIGRATIONSLOG,1.0,2012-09-01,2025-05-15,
PTR-00000949,HAPO,20000525,MIGRATIONSLOG,1.0,,2025-05-15,
PTR-00000951,HAPO,20000526,MIGRATIONSLOG,1.0,2012-10-01,2025-05-15,
PTR-00000952,HAPO,20000527,MIGRATIONSLOG,1.0,2019-11-01,2025-05-15,
PTR-00000953,HAPO,20000528,MIGRATIONSLOG,1.0,,2025-05-15,
PTR-00000954,HAPO,20000529,MIGRATIONSLOG,1.0,2008-08-01,2025-05-15,
PTR-00000955,HAPO,20000530,MIGRATIONSLOG,1.0,,2025-05-15,
PTR-00000956,HAPO,20000531,MIGRATIONSLOG,1.0,,2025-05-15,
PTR-00000957,HAPO,20000532,MIGRATIONSLOG,1.0,2025-12-01,2025-05-15,
PTR-00000958,HAPO,20000533,MIGRATIONSLOG,1.0,,2025-05-15,
PTR-00000959,HAPO,20000534,MIGRATIONSLOG,1.0,2014-12-01,2025-05-15,
PTR-00000960,HAPO,20000535,MIGRATIONSLOG,1.0,2009-06-01,2025-05-15,
PTR-00000961,HAPO,20000536,MIGRATIONSLOG,1.0,,2025-05-15,
PTR-00000962,HAPO,20000537,MIGRATIONSLOG,1.0,,2025-05-15,
PTR-00000963,HAPO,20000538,MIGRATIONSLOG,1.0,,2025-05-15,
PTR-00000965,HAPO,20000539,MIGRATIONSLOG,1.0,2014-06-01,2025-05-15,
PTR-00000966,HAPO,20000540,MIGRATIONSLOG,1.0,,2025-05-15,
PTR-00000967,HAPO,20000541,MIGRATIONSLOG,1.0,,2025-05-15,
PTR-00000970,HAPO,20000542,MIGRATIONSLOG,1.0,2010-04-01,2025-05-15,
PTR-00000971,HAPO,20000543,MIGRATIONSLOG,1.0,2013-09-01,2025-05-15,
PTR-00000973,HAPO,20000544,MIGRATIONSLOG,1.0,2005-02-01,2025-05-15,
PTR-00000974,HAPO,20000545,MIGRATIONSLOG,1.0,,2025-05-15,
PTR-00000975,HAPO,20000546,MIGRATIONSLOG,1.0,2001-09-01,2025-05-15,
PTR-00000976,HAPO,20000547,MIGRATIONSLOG,1.0,2006-10-01,2025-05-15,
PTR-00000977,HAPO,20000548,MIGRATIONSLOG,1.0,,2025-05-15,
PTR-00000978,HAPO,20000549,MIGRATIONSLOG,1.0,,2025-05-15,
PTR-00000987,HAPO,20000550,MIGRATIONSLOG,1.0,2013-09-01,2025-05-15,
PTR-00000988,HAPO,20000551,MIGRATIONSLOG,1.0,,2025-05-15,
PTR-00000989,HAPO,20000552,MIGRATIONSLOG,1.0,2014-06-01,2025-05-15,
PTR-00000990,HAPO,20000553,MIGRATIONSLOG,1.0,2005-05-01,2025-05-15,
PTR-00000991,HAPO,20000554,MIGRATIONSLOG,1.0,2008-12-01,2025-05-15,
PTR-00000992,HAPO,20000555,MIGRATIONSLOG,1.0,2020-06-01,2025-05-15,
PTR-00000993,HAPO,20000556,MIGRATIONSLOG,1.0,2016-03-01,2025-05-15,
PTR-00000994,HAPO,20000557,MIGRATIONSLOG,1.0,,2025-05-15,
PTR-00000995,HAPO,20000558,MIGRATIONSLOG,1.0,2007-10-01,2025-05-15,
PTR-00000996,HAPO,20000559,MIGRATIONSLOG,1.0,,2025-05-15,
PTR-00001000,HAPO,20000560,MIGRATIONSLOG,1.0,2017-07-01,2025-05-15,
PTR-00000034,HAPO,20000561,PROBABILISTISCH,0.82,,2014-09-01,Dublette innerhalb des Systems nach Umzug
PTR-00000089,HAPO,20000562,PROBABILISTISCH,0.71,,2013-06-01,Dublette innerhalb des Systems nach Umzug
PTR-00000215,HAPO,20000563,PROBABILISTISCH,0.77,,2013-02-01,Dublette innerhalb des Systems nach Umzug
PTR-00000219,HAPO,20000564,PROBABILISTISCH,0.75,,2012-05-01,Dublette innerhalb des Systems nach Umzug
PTR-00000300,HAPO,20000565,PROBABILISTISCH,0.71,,2016-01-01,Dublette innerhalb des Systems nach Umzug
PTR-00000357,HAPO,20000566,PROBABILISTISCH,0.84,,2014-06-01,Dublette innerhalb des Systems nach Umzug
PTR-00000422,HAPO,20000567,PROBABILISTISCH,0.85,,2009-07-01,Dublette innerhalb des Systems nach Umzug
PTR-00000494,HAPO,20000568,PROBABILISTISCH,0.77,,2007-11-01,Dublette innerhalb des Systems nach Umzug
PTR-00000573,HAPO,20000569,PROBABILISTISCH,0.72,,2009-09-01,Dublette innerhalb des Systems nach Umzug
PTR-00000595,HAPO,20000570,PROBABILISTISCH,0.73,,2014-09-01,Dublette innerhalb des Systems nach Umzug
PTR-00000599,HAPO,20000571,PROBABILISTISCH,0.81,,2015-07-01,Dublette innerhalb des Systems nach Umzug
PTR-00000685,HAPO,20000572,PROBABILISTISCH,0.74,,2010-07-01,Dublette innerhalb des Systems nach Umzug
PTR-00000696,HAPO,20000573,PROBABILISTISCH,0.78,,2016-06-01,Dublette innerhalb des Systems nach Umzug
PTR-00000880,HAPO,20000574,PROBABILISTISCH,0.71,,2007-08-01,Dublette innerhalb des Systems nach Umzug
PTR-00000912,HAPO,20000575,PROBABILISTISCH,0.87,,2016-02-01,Dublette innerhalb des Systems nach Umzug
PTR-00000001,VERA,10000001,MIGRATIONSLOG,1.0,2016-03-01,2025-11-15,in beiden Altsystemen
PTR-00000003,VERA,10000002,PROBABILISTISCH,0.88,2016-01-01,2025-11-15,"Dublette zu anderem Altsystem, Schreibweise/Adresse abweichend"
PTR-00000005,VERA,10000003,MIGRATIONSLOG,1.0,1995-07-01,2025-11-15,in beiden Altsystemen
PTR-00000006,VERA,10000004,MIGRATIONSLOG,1.0,2016-04-01,2025-11-15,
PTR-00000011,VERA,10000005,PROBABILISTISCH,0.82,2019-05-01,2025-11-15,"Dublette zu anderem Altsystem, Schreibweise/Adresse abweichend"
PTR-00000012,VERA,10000006,MIGRATIONSLOG,1.0,,2025-11-15,
PTR-00000014,VERA,10000007,MIGRATIONSLOG,1.0,2018-03-01,2025-11-15,
PTR-00000015,VERA,10000008,MIGRATIONSLOG,1.0,,2025-11-15,in beiden Altsystemen
PTR-00000016,VERA,10000009,MIGRATIONSLOG,1.0,,2025-11-15,
PTR-00000019,VERA,10000010,MIGRATIONSLOG,1.0,,2025-11-15,in beiden Altsystemen
PTR-00000020,VERA,10000011,PROBABILISTISCH,0.88,,2025-11-15,"Dublette zu anderem Altsystem, Schreibweise/Adresse abweichend"
PTR-00000030,VERA,10000012,PROBABILISTISCH,0.84,2007-04-01,2025-11-15,"Dublette zu anderem Altsystem, Schreibweise/Adresse abweichend"
PTR-00000032,VERA,10000013,MIGRATIONSLOG,1.0,2018-06-01,2025-11-15,in beiden Altsystemen
PTR-00000033,VERA,10000014,PROBABILISTISCH,0.86,2022-09-01,2025-11-15,"Dublette zu anderem Altsystem, Schreibweise/Adresse abweichend"
PTR-00000036,VERA,10000015,MIGRATIONSLOG,1.0,2002-02-01,2025-11-15,in beiden Altsystemen
PTR-00000041,VERA,10000016,PROBABILISTISCH,0.91,2011-07-01,2025-11-15,"Dublette zu anderem Altsystem, Schreibweise/Adresse abweichend"
PTR-00000042,VERA,10000017,PROBABILISTISCH,0.84,,2025-11-15,"Dublette zu anderem Altsystem, Schreibweise/Adresse abweichend"
PTR-00000043,VERA,10000018,PROBABILISTISCH,0.84,2017-07-01,2025-11-15,"Dublette zu anderem Altsystem, Schreibweise/Adresse abweichend"
PTR-00000044,VERA,10000019,MIGRATIONSLOG,1.0,,2025-11-15,in beiden Altsystemen
PTR-00000045,VERA,10000020,MIGRATIONSLOG,1.0,,2025-11-15,in beiden Altsystemen
PTR-00000046,VERA,10000021,PROBABILISTISCH,0.87,2025-12-01,2025-11-15,"Dublette zu anderem Altsystem, Schreibweise/Adresse abweichend"
PTR-00000054,VERA,10000022,MIGRATIONSLOG,1.0,2013-05-01,2025-11-15,in beiden Altsystemen
PTR-00000055,VERA,10000023,PROBABILISTISCH,0.84,2016-12-01,2025-11-15,"Dublette zu anderem Altsystem, Schreibweise/Adresse abweichend"
PTR-00000056,VERA,10000024,PROBABILISTISCH,0.88,,2025-11-15,"Dublette zu anderem Altsystem, Schreibweise/Adresse abweichend"
PTR-00000057,VERA,10000025,MIGRATIONSLOG,1.0,,2025-11-15,in beiden Altsystemen
PTR-00000060,VERA,10000026,PROBABILISTISCH,0.88,1996-02-01,2025-11-15,"Dublette zu anderem Altsystem, Schreibweise/Adresse abweichend"
PTR-00000069,VERA,10000027,MIGRATIONSLOG,1.0,2013-08-01,2025-11-15,in beiden Altsystemen
PTR-00000071,VERA,10000028,MIGRATIONSLOG,1.0,2007-01-01,2025-11-15,
PTR-00000073,VERA,10000029,MIGRATIONSLOG,1.0,2024-11-01,2025-11-15,
PTR-00000075,VERA,10000030,MIGRATIONSLOG,1.0,2019-11-01,2025-11-15,in beiden Altsystemen
PTR-00000079,VERA,10000031,MIGRATIONSLOG,1.0,2013-09-01,2025-11-15,in beiden Altsystemen
PTR-00000080,VERA,10000032,PROBABILISTISCH,0.84,,2025-11-15,"Dublette zu anderem Altsystem, Schreibweise/Adresse abweichend"
PTR-00000081,VERA,10000033,PROBABILISTISCH,0.84,2025-08-01,2025-11-15,"Dublette zu anderem Altsystem, Schreibweise/Adresse abweichend"
PTR-00000083,VERA,10000034,PROBABILISTISCH,0.89,2001-06-01,2025-11-15,"Dublette zu anderem Altsystem, Schreibweise/Adresse abweichend"
PTR-00000085,VERA,10000035,PROBABILISTISCH,0.88,2015-06-01,2025-11-15,"Dublette zu anderem Altsystem, Schreibweise/Adresse abweichend"
PTR-00000086,VERA,10000036,MIGRATIONSLOG,1.0,2007-05-01,2025-11-15,
PTR-00000087,VERA,10000037,MIGRATIONSLOG,1.0,,2025-11-15,
PTR-00000088,VERA,10000038,MIGRATIONSLOG,1.0,1999-10-01,2025-11-15,in beiden Altsystemen
PTR-00000089,VERA,10000039,PROBABILISTISCH,0.89,2013-07-01,2025-11-15,"Dublette zu anderem Altsystem, Schreibweise/Adresse abweichend"
PTR-00000090,VERA,10000040,PROBABILISTISCH,0.93,2022-07-01,2025-11-15,"Dublette zu anderem Altsystem, Schreibweise/Adresse abweichend"
PTR-00000094,VERA,10000041,MIGRATIONSLOG,1.0,2004-05-01,2025-11-15,in beiden Altsystemen
PTR-00000105,VERA,10000042,PROBABILISTISCH,0.93,2014-12-01,2025-11-15,"Dublette zu anderem Altsystem, Schreibweise/Adresse abweichend"
PTR-00000106,VERA,10000043,PROBABILISTISCH,0.92,2018-02-01,2025-11-15,"Dublette zu anderem Altsystem, Schreibweise/Adresse abweichend"
PTR-00000107,VERA,10000044,MIGRATIONSLOG,1.0,,2025-11-15,in beiden Altsystemen
PTR-00000108,VERA,10000045,MIGRATIONSLOG,1.0,,2025-11-15,in beiden Altsystemen
PTR-00000116,VERA,10000046,MIGRATIONSLOG,1.0,2001-05-01,2025-11-15,in beiden Altsystemen
PTR-00000117,VERA,10000047,MIGRATIONSLOG,1.0,2005-05-01,2025-11-15,in beiden Altsystemen
PTR-00000118,VERA,10000048,PROBABILISTISCH,0.9,2010-11-01,2025-11-15,"Dublette zu anderem Altsystem, Schreibweise/Adresse abweichend"
PTR-00000126,VERA,10000049,MIGRATIONSLOG,1.0,2012-09-01,2025-11-15,in beiden Altsystemen
PTR-00000127,VERA,10000050,PROBABILISTISCH,0.92,1988-11-01,2025-11-15,"Dublette zu anderem Altsystem, Schreibweise/Adresse abweichend"
PTR-00000128,VERA,10000051,MIGRATIONSLOG,1.0,2011-12-01,2025-11-15,in beiden Altsystemen
PTR-00000129,VERA,10000052,MIGRATIONSLOG,1.0,,2025-11-15,in beiden Altsystemen
PTR-00000134,VERA,10000053,MIGRATIONSLOG,1.0,2006-12-01,2025-11-15,in beiden Altsystemen
PTR-00000138,VERA,10000054,MIGRATIONSLOG,1.0,2007-06-01,2025-11-15,in beiden Altsystemen
PTR-00000139,VERA,10000055,PROBABILISTISCH,0.82,2006-03-01,2025-11-15,"Dublette zu anderem Altsystem, Schreibweise/Adresse abweichend"
PTR-00000140,VERA,10000056,MIGRATIONSLOG,1.0,2013-09-01,2025-11-15,
PTR-00000141,VERA,10000057,MIGRATIONSLOG,1.0,2005-10-01,2025-11-15,
PTR-00000142,VERA,10000058,MIGRATIONSLOG,1.0,,2025-11-15,
PTR-00000143,VERA,10000059,MIGRATIONSLOG,1.0,,2025-11-15,
PTR-00000145,VERA,10000060,PROBABILISTISCH,0.84,1999-01-01,2025-11-15,"Dublette zu anderem Altsystem, Schreibweise/Adresse abweichend"
PTR-00000148,VERA,10000061,MIGRATIONSLOG,1.0,2011-06-01,2025-11-15,
PTR-00000149,VERA,10000062,MIGRATIONSLOG,1.0,,2025-11-15,
PTR-00000158,VERA,10000063,MIGRATIONSLOG,1.0,2005-12-01,2025-11-15,in beiden Altsystemen
PTR-00000159,VERA,10000064,MIGRATIONSLOG,1.0,2011-08-01,2025-11-15,in beiden Altsystemen
PTR-00000160,VERA,10000065,MIGRATIONSLOG,1.0,2023-05-01,2025-11-15,in beiden Altsystemen
PTR-00000161,VERA,10000066,MIGRATIONSLOG,1.0,,2025-11-15,in beiden Altsystemen
PTR-00000162,VERA,10000067,PROBABILISTISCH,0.87,2025-01-01,2025-11-15,"Dublette zu anderem Altsystem, Schreibweise/Adresse abweichend"
PTR-00000168,VERA,10000068,PROBABILISTISCH,0.93,2016-11-01,2025-11-15,"Dublette zu anderem Altsystem, Schreibweise/Adresse abweichend"
PTR-00000169,VERA,10000069,MIGRATIONSLOG,1.0,,2025-11-15,in beiden Altsystemen
PTR-00000171,VERA,10000070,MIGRATIONSLOG,1.0,2009-12-01,2025-11-15,in beiden Altsystemen
PTR-00000173,VERA,10000071,MIGRATIONSLOG,1.0,2013-04-01,2025-11-15,in beiden Altsystemen
PTR-00000174,VERA,10000072,MIGRATIONSLOG,1.0,2007-10-01,2025-11-15,in beiden Altsystemen
PTR-00000175,VERA,10000073,MIGRATIONSLOG,1.0,2018-09-01,2025-11-15,in beiden Altsystemen
PTR-00000176,VERA,10000074,MIGRATIONSLOG,1.0,,2025-11-15,in beiden Altsystemen
PTR-00000181,VERA,10000075,MIGRATIONSLOG,1.0,2014-03-01,2025-11-15,in beiden Altsystemen
PTR-00000182,VERA,10000076,PROBABILISTISCH,0.86,2015-01-01,2025-11-15,"Dublette zu anderem Altsystem, Schreibweise/Adresse abweichend"
PTR-00000183,VERA,10000077,MIGRATIONSLOG,1.0,,2025-11-15,in beiden Altsystemen
PTR-00000184,VERA,10000078,MIGRATIONSLOG,1.0,2005-09-01,2025-11-15,in beiden Altsystemen
PTR-00000185,VERA,10000079,MIGRATIONSLOG,1.0,2021-12-01,2025-11-15,
PTR-00000186,VERA,10000080,MIGRATIONSLOG,1.0,,2025-11-15,
PTR-00000194,VERA,10000081,MIGRATIONSLOG,1.0,2024-04-01,2025-11-15,in beiden Altsystemen
PTR-00000197,VERA,10000082,PROBABILISTISCH,0.93,2013-05-01,2025-11-15,"Dublette zu anderem Altsystem, Schreibweise/Adresse abweichend"
PTR-00000198,VERA,10000083,MIGRATIONSLOG,1.0,,2025-11-15,in beiden Altsystemen
PTR-00000199,VERA,10000084,MIGRATIONSLOG,1.0,,2025-11-15,in beiden Altsystemen
PTR-00000201,VERA,10000085,MIGRATIONSLOG,1.0,1999-05-01,2025-11-15,in beiden Altsystemen
PTR-00000202,VERA,10000086,PROBABILISTISCH,0.85,,2025-11-15,"Dublette zu anderem Altsystem, Schreibweise/Adresse abweichend"
PTR-00000203,VERA,10000087,PROBABILISTISCH,0.87,,2025-11-15,"Dublette zu anderem Altsystem, Schreibweise/Adresse abweichend"
PTR-00000209,VERA,10000088,MIGRATIONSLOG,1.0,1995-02-01,2025-11-15,
PTR-00000210,VERA,10000089,MIGRATIONSLOG,1.0,2020-10-01,2025-11-15,in beiden Altsystemen
PTR-00000211,VERA,10000090,PROBABILISTISCH,0.88,2025-08-01,2025-11-15,"Dublette zu anderem Altsystem, Schreibweise/Adresse abweichend"
PTR-00000212,VERA,10000091,MIGRATIONSLOG,1.0,2014-01-01,2025-11-15,in beiden Altsystemen
PTR-00000213,VERA,10000092,MIGRATIONSLOG,1.0,,2025-11-15,in beiden Altsystemen
PTR-00000214,VERA,10000093,MIGRATIONSLOG,1.0,2011-07-01,2025-11-15,in beiden Altsystemen
PTR-00000215,VERA,10000094,MIGRATIONSLOG,1.0,2025-05-01,2025-11-15,in beiden Altsystemen
PTR-00000216,VERA,10000095,PROBABILISTISCH,0.89,,2025-11-15,"Dublette zu anderem Altsystem, Schreibweise/Adresse abweichend"
PTR-00000217,VERA,10000096,MIGRATIONSLOG,1.0,2016-08-01,2025-11-15,in beiden Altsystemen
PTR-00000218,VERA,10000097,MIGRATIONSLOG,1.0,2025-02-01,2025-11-15,in beiden Altsystemen
PTR-00000219,VERA,10000098,MIGRATIONSLOG,1.0,,2025-11-15,in beiden Altsystemen
PTR-00000224,VERA,10000099,MIGRATIONSLOG,1.0,2024-04-01,2025-11-15,
PTR-00000225,VERA,10000100,MIGRATIONSLOG,1.0,,2025-11-15,
PTR-00000226,VERA,10000101,MIGRATIONSLOG,1.0,2015-04-01,2025-11-15,in beiden Altsystemen
PTR-00000238,VERA,10000102,MIGRATIONSLOG,1.0,1996-01-01,2025-11-15,in beiden Altsystemen
PTR-00000239,VERA,10000103,PROBABILISTISCH,0.91,,2025-11-15,"Dublette zu anderem Altsystem, Schreibweise/Adresse abweichend"
PTR-00000240,VERA,10000104,MIGRATIONSLOG,1.0,2025-11-01,2025-11-15,in beiden Altsystemen
PTR-00000247,VERA,10000105,MIGRATIONSLOG,1.0,2009-04-01,2025-11-15,in beiden Altsystemen
PTR-00000257,VERA,10000106,PROBABILISTISCH,0.91,2004-03-01,2025-11-15,"Dublette zu anderem Altsystem, Schreibweise/Adresse abweichend"
PTR-00000262,VERA,10000107,PROBABILISTISCH,0.88,2004-05-01,2025-11-15,"Dublette zu anderem Altsystem, Schreibweise/Adresse abweichend"
PTR-00000263,VERA,10000108,MIGRATIONSLOG,1.0,,2025-11-15,in beiden Altsystemen
PTR-00000264,VERA,10000109,MIGRATIONSLOG,1.0,2019-02-01,2025-11-15,in beiden Altsystemen
PTR-00000265,VERA,10000110,MIGRATIONSLOG,1.0,2002-06-01,2025-11-15,
PTR-00000266,VERA,10000111,MIGRATIONSLOG,1.0,1999-05-01,2025-11-15,
PTR-00000274,VERA,10000112,MIGRATIONSLOG,1.0,2006-12-01,2025-11-15,in beiden Altsystemen
PTR-00000275,VERA,10000113,PROBABILISTISCH,0.9,,2025-11-15,"Dublette zu anderem Altsystem, Schreibweise/Adresse abweichend"
PTR-00000276,VERA,10000114,PROBABILISTISCH,0.87,2017-01-01,2025-11-15,"Dublette zu anderem Altsystem, Schreibweise/Adresse abweichend"
PTR-00000280,VERA,10000115,MIGRATIONSLOG,1.0,2015-05-01,2025-11-15,
PTR-00000281,VERA,10000116,MIGRATIONSLOG,1.0,2019-03-01,2025-11-15,
PTR-00000283,VERA,10000117,PROBABILISTISCH,0.91,2013-09-01,2025-11-15,"Dublette zu anderem Altsystem, Schreibweise/Adresse abweichend"
PTR-00000291,VERA,10000118,MIGRATIONSLOG,1.0,2016-10-01,2025-11-15,in beiden Altsystemen
PTR-00000293,VERA,10000119,MIGRATIONSLOG,1.0,2006-06-01,2025-11-15,in beiden Altsystemen
PTR-00000299,VERA,10000120,PROBABILISTISCH,0.95,2010-01-01,2025-11-15,"Dublette zu anderem Altsystem, Schreibweise/Adresse abweichend"
PTR-00000300,VERA,10000121,PROBABILISTISCH,0.88,2008-09-01,2025-11-15,"Dublette zu anderem Altsystem, Schreibweise/Adresse abweichend"
PTR-00000301,VERA,10000122,MIGRATIONSLOG,1.0,2009-11-01,2025-11-15,in beiden Altsystemen
PTR-00000302,VERA,10000123,MIGRATIONSLOG,1.0,2008-03-01,2025-11-15,in beiden Altsystemen
PTR-00000303,VERA,10000124,PROBABILISTISCH,0.92,2011-07-01,2025-11-15,"Dublette zu anderem Altsystem, Schreibweise/Adresse abweichend"
PTR-00000304,VERA,10000125,MIGRATIONSLOG,1.0,2024-04-01,2025-11-15,in beiden Altsystemen
PTR-00000307,VERA,10000126,MIGRATIONSLOG,1.0,2005-11-01,2025-11-15,in beiden Altsystemen
PTR-00000309,VERA,10000127,MIGRATIONSLOG,1.0,2016-12-01,2025-11-15,
PTR-00000315,VERA,10000128,PROBABILISTISCH,0.86,2005-03-01,2025-11-15,"Dublette zu anderem Altsystem, Schreibweise/Adresse abweichend"
PTR-00000316,VERA,10000129,PROBABILISTISCH,0.94,2012-09-01,2025-11-15,"Dublette zu anderem Altsystem, Schreibweise/Adresse abweichend"
PTR-00000321,VERA,10000130,MIGRATIONSLOG,1.0,2024-06-01,2025-11-15,
PTR-00000322,VERA,10000131,MIGRATIONSLOG,1.0,,2025-11-15,
PTR-00000324,VERA,10000132,PROBABILISTISCH,0.92,2015-07-01,2025-11-15,"Dublette zu anderem Altsystem, Schreibweise/Adresse abweichend"
PTR-00000327,VERA,10000133,MIGRATIONSLOG,1.0,2017-04-01,2025-11-15,in beiden Altsystemen
PTR-00000328,VERA,10000134,PROBABILISTISCH,0.88,2002-11-01,2025-11-15,"Dublette zu anderem Altsystem, Schreibweise/Adresse abweichend"
PTR-00000329,VERA,10000135,MIGRATIONSLOG,1.0,,2025-11-15,in beiden Altsystemen
PTR-00000330,VERA,10000136,MIGRATIONSLOG,1.0,,2025-11-15,in beiden Altsystemen
PTR-00000331,VERA,10000137,MIGRATIONSLOG,1.0,,2025-11-15,in beiden Altsystemen
PTR-00000332,VERA,10000138,MIGRATIONSLOG,1.0,,2025-11-15,in beiden Altsystemen
PTR-00000339,VERA,10000139,MIGRATIONSLOG,1.0,2004-04-01,2025-11-15,in beiden Altsystemen
PTR-00000340,VERA,10000140,PROBABILISTISCH,0.94,2011-11-01,2025-11-15,"Dublette zu anderem Altsystem, Schreibweise/Adresse abweichend"
PTR-00000341,VERA,10000141,MIGRATIONSLOG,1.0,2025-08-01,2025-11-15,in beiden Altsystemen
PTR-00000343,VERA,10000142,MIGRATIONSLOG,1.0,2014-04-01,2025-11-15,in beiden Altsystemen
PTR-00000344,VERA,10000143,PROBABILISTISCH,0.87,2001-12-01,2025-11-15,"Dublette zu anderem Altsystem, Schreibweise/Adresse abweichend"
PTR-00000345,VERA,10000144,PROBABILISTISCH,0.9,,2025-11-15,"Dublette zu anderem Altsystem, Schreibweise/Adresse abweichend"
PTR-00000355,VERA,10000145,MIGRATIONSLOG,1.0,1988-11-01,2025-11-15,in beiden Altsystemen
PTR-00000356,VERA,10000146,MIGRATIONSLOG,1.0,2011-02-01,2025-11-15,in beiden Altsystemen
PTR-00000357,VERA,10000147,PROBABILISTISCH,0.94,2018-10-01,2025-11-15,"Dublette zu anderem Altsystem, Schreibweise/Adresse abweichend"
PTR-00000358,VERA,10000148,MIGRATIONSLOG,1.0,2014-06-01,2025-11-15,
PTR-00000360,VERA,10000149,MIGRATIONSLOG,1.0,2014-07-01,2025-11-15,
PTR-00000361,VERA,10000150,MIGRATIONSLOG,1.0,,2025-11-15,
PTR-00000362,VERA,10000151,PROBABILISTISCH,0.9,2015-10-01,2025-11-15,"Dublette zu anderem Altsystem, Schreibweise/Adresse abweichend"
PTR-00000363,VERA,10000152,MIGRATIONSLOG,1.0,,2025-11-15,in beiden Altsystemen
PTR-00000364,VERA,10000153,MIGRATIONSLOG,1.0,2014-06-01,2025-11-15,in beiden Altsystemen
PTR-00000365,VERA,10000154,MIGRATIONSLOG,1.0,2005-06-01,2025-11-15,in beiden Altsystemen
PTR-00000370,VERA,10000155,MIGRATIONSLOG,1.0,2006-05-01,2025-11-15,in beiden Altsystemen
PTR-00000371,VERA,10000156,MIGRATIONSLOG,1.0,,2025-11-15,in beiden Altsystemen
PTR-00000377,VERA,10000157,MIGRATIONSLOG,1.0,2016-01-01,2025-11-15,
PTR-00000380,VERA,10000158,MIGRATIONSLOG,1.0,2005-06-01,2025-11-15,
PTR-00000381,VERA,10000159,MIGRATIONSLOG,1.0,2014-06-01,2025-11-15,
PTR-00000382,VERA,10000160,MIGRATIONSLOG,1.0,2020-01-01,2025-11-15,
PTR-00000383,VERA,10000161,MIGRATIONSLOG,1.0,2010-10-01,2025-11-15,
PTR-00000391,VERA,10000162,MIGRATIONSLOG,1.0,2018-10-01,2025-11-15,
PTR-00000398,VERA,10000163,MIGRATIONSLOG,1.0,2013-03-01,2025-11-15,in beiden Altsystemen
PTR-00000400,VERA,10000164,MIGRATIONSLOG,1.0,2004-01-01,2025-11-15,in beiden Altsystemen
PTR-00000404,VERA,10000165,MIGRATIONSLOG,1.0,2015-01-01,2025-11-15,in beiden Altsystemen
PTR-00000414,VERA,10000166,MIGRATIONSLOG,1.0,2018-08-01,2025-11-15,
PTR-00000416,VERA,10000167,PROBABILISTISCH,0.87,2002-01-01,2025-11-15,"Dublette zu anderem Altsystem, Schreibweise/Adresse abweichend"
PTR-00000417,VERA,10000168,PROBABILISTISCH,0.83,1997-09-01,2025-11-15,"Dublette zu anderem Altsystem, Schreibweise/Adresse abweichend"
PTR-00000420,VERA,10000169,MIGRATIONSLOG,1.0,2001-03-01,2025-11-15,in beiden Altsystemen
PTR-00000422,VERA,10000170,MIGRATIONSLOG,1.0,2013-02-01,2025-11-15,in beiden Altsystemen
PTR-00000426,VERA,10000171,PROBABILISTISCH,0.91,1997-02-01,2025-11-15,"Dublette zu anderem Altsystem, Schreibweise/Adresse abweichend"
PTR-00000433,VERA,10000172,MIGRATIONSLOG,1.0,2016-09-01,2025-11-15,
PTR-00000434,VERA,10000173,MIGRATIONSLOG,1.0,2008-03-01,2025-11-15,
PTR-00000435,VERA,10000174,MIGRATIONSLOG,1.0,2014-11-01,2025-11-15,in beiden Altsystemen
PTR-00000436,VERA,10000175,MIGRATIONSLOG,1.0,2014-11-01,2025-11-15,
PTR-00000442,VERA,10000176,PROBABILISTISCH,0.95,2008-02-01,2025-11-15,"Dublette zu anderem Altsystem, Schreibweise/Adresse abweichend"
PTR-00000443,VERA,10000177,MIGRATIONSLOG,1.0,2006-02-01,2025-11-15,
PTR-00000444,VERA,10000178,MIGRATIONSLOG,1.0,2006-11-01,2025-11-15,
PTR-00000445,VERA,10000179,PROBABILISTISCH,0.82,2005-02-01,2025-11-15,"Dublette zu anderem Altsystem, Schreibweise/Adresse abweichend"
PTR-00000446,VERA,10000180,MIGRATIONSLOG,1.0,2013-03-01,2025-11-15,in beiden Altsystemen
PTR-00000447,VERA,10000181,MIGRATIONSLOG,1.0,2006-06-01,2025-11-15,in beiden Altsystemen
PTR-00000448,VERA,10000182,PROBABILISTISCH,0.92,2007-03-01,2025-11-15,"Dublette zu anderem Altsystem, Schreibweise/Adresse abweichend"
PTR-00000449,VERA,10000183,MIGRATIONSLOG,1.0,2011-06-01,2025-11-15,in beiden Altsystemen
PTR-00000450,VERA,10000184,MIGRATIONSLOG,1.0,2016-10-01,2025-11-15,in beiden Altsystemen
PTR-00000451,VERA,10000185,MIGRATIONSLOG,1.0,2020-12-01,2025-11-15,in beiden Altsystemen
PTR-00000452,VERA,10000186,MIGRATIONSLOG,1.0,2020-02-01,2025-11-15,in beiden Altsystemen
PTR-00000457,VERA,10000187,MIGRATIONSLOG,1.0,2007-06-01,2025-11-15,in beiden Altsystemen
PTR-00000458,VERA,10000188,PROBABILISTISCH,0.84,2025-05-01,2025-11-15,"Dublette zu anderem Altsystem, Schreibweise/Adresse abweichend"
PTR-00000459,VERA,10000189,MIGRATIONSLOG,1.0,,2025-11-15,in beiden Altsystemen
PTR-00000469,VERA,10000190,MIGRATIONSLOG,1.0,2017-07-01,2025-11-15,in beiden Altsystemen
PTR-00000472,VERA,10000191,MIGRATIONSLOG,1.0,2017-12-01,2025-11-15,
PTR-00000473,VERA,10000192,MIGRATIONSLOG,1.0,2019-10-01,2025-11-15,
PTR-00000474,VERA,10000193,MIGRATIONSLOG,1.0,2023-07-01,2025-11-15,
PTR-00000475,VERA,10000194,MIGRATIONSLOG,1.0,2025-11-01,2025-11-15,
PTR-00000476,VERA,10000195,MIGRATIONSLOG,1.0,,2025-11-15,
PTR-00000478,VERA,10000196,MIGRATIONSLOG,1.0,2021-09-01,2025-11-15,
PTR-00000481,VERA,10000197,MIGRATIONSLOG,1.0,2012-12-01,2025-11-15,in beiden Altsystemen
PTR-00000483,VERA,10000198,MIGRATIONSLOG,1.0,2023-12-01,2025-11-15,in beiden Altsystemen
PTR-00000489,VERA,10000199,MIGRATIONSLOG,1.0,2013-09-01,2025-11-15,in beiden Altsystemen
PTR-00000500,VERA,10000200,PROBABILISTISCH,0.93,2000-12-01,2025-11-15,"Dublette zu anderem Altsystem, Schreibweise/Adresse abweichend"
PTR-00000501,VERA,10000201,MIGRATIONSLOG,1.0,,2025-11-15,in beiden Altsystemen
PTR-00000503,VERA,10000202,MIGRATIONSLOG,1.0,2013-10-01,2025-11-15,in beiden Altsystemen
PTR-00000508,VERA,10000203,PROBABILISTISCH,0.87,2014-07-01,2025-11-15,"Dublette zu anderem Altsystem, Schreibweise/Adresse abweichend"
PTR-00000509,VERA,10000204,MIGRATIONSLOG,1.0,2006-05-01,2025-11-15,in beiden Altsystemen
PTR-00000511,VERA,10000205,MIGRATIONSLOG,1.0,2023-08-01,2025-11-15,
PTR-00000514,VERA,10000206,PROBABILISTISCH,0.94,2002-04-01,2025-11-15,"Dublette zu anderem Altsystem, Schreibweise/Adresse abweichend"
PTR-00000515,VERA,10000207,MIGRATIONSLOG,1.0,2024-08-01,2025-11-15,in beiden Altsystemen
PTR-00000520,VERA,10000208,MIGRATIONSLOG,1.0,2005-05-01,2025-11-15,in beiden Altsystemen
PTR-00000521,VERA,10000209,MIGRATIONSLOG,1.0,,2025-11-15,in beiden Altsystemen
PTR-00000522,VERA,10000210,MIGRATIONSLOG,1.0,2006-11-01,2025-11-15,in beiden Altsystemen
PTR-00000523,VERA,10000211,MIGRATIONSLOG,1.0,2015-11-01,2025-11-15,in beiden Altsystemen
PTR-00000524,VERA,10000212,PROBABILISTISCH,0.86,2016-12-01,2025-11-15,"Dublette zu anderem Altsystem, Schreibweise/Adresse abweichend"
PTR-00000527,VERA,10000213,PROBABILISTISCH,0.86,2012-02-01,2025-11-15,"Dublette zu anderem Altsystem, Schreibweise/Adresse abweichend"
PTR-00000528,VERA,10000214,MIGRATIONSLOG,1.0,2006-04-01,2025-11-15,in beiden Altsystemen
PTR-00000529,VERA,10000215,PROBABILISTISCH,0.91,2025-10-01,2025-11-15,"Dublette zu anderem Altsystem, Schreibweise/Adresse abweichend"
PTR-00000533,VERA,10000216,PROBABILISTISCH,0.82,2004-04-01,2025-11-15,"Dublette zu anderem Altsystem, Schreibweise/Adresse abweichend"
PTR-00000535,VERA,10000217,MIGRATIONSLOG,1.0,2001-11-01,2025-11-15,in beiden Altsystemen
PTR-00000536,VERA,10000218,PROBABILISTISCH,0.84,,2025-11-15,"Dublette zu anderem Altsystem, Schreibweise/Adresse abweichend"
PTR-00000540,VERA,10000219,MIGRATIONSLOG,1.0,2006-07-01,2025-11-15,
PTR-00000549,VERA,10000220,PROBABILISTISCH,0.94,2009-12-01,2025-11-15,"Dublette zu anderem Altsystem, Schreibweise/Adresse abweichend"
PTR-00000550,VERA,10000221,MIGRATIONSLOG,1.0,2003-09-01,2025-11-15,in beiden Altsystemen
PTR-00000551,VERA,10000222,MIGRATIONSLOG,1.0,2025-09-01,2025-11-15,in beiden Altsystemen
PTR-00000552,VERA,10000223,PROBABILISTISCH,0.89,,2025-11-15,"Dublette zu anderem Altsystem, Schreibweise/Adresse abweichend"
PTR-00000554,VERA,10000224,PROBABILISTISCH,0.95,2002-04-01,2025-11-15,"Dublette zu anderem Altsystem, Schreibweise/Adresse abweichend"
PTR-00000555,VERA,10000225,MIGRATIONSLOG,1.0,1994-10-01,2025-11-15,in beiden Altsystemen
PTR-00000567,VERA,10000226,MIGRATIONSLOG,1.0,2023-12-01,2025-11-15,
PTR-00000569,VERA,10000227,MIGRATIONSLOG,1.0,2011-08-01,2025-11-15,in beiden Altsystemen
PTR-00000572,VERA,10000228,MIGRATIONSLOG,1.0,2014-08-01,2025-11-15,in beiden Altsystemen
PTR-00000573,VERA,10000229,MIGRATIONSLOG,1.0,2007-09-01,2025-11-15,in beiden Altsystemen
PTR-00000575,VERA,10000230,MIGRATIONSLOG,1.0,1995-09-01,2025-11-15,
PTR-00000581,VERA,10000231,PROBABILISTISCH,0.9,2017-05-01,2025-11-15,"Dublette zu anderem Altsystem, Schreibweise/Adresse abweichend"
PTR-00000583,VERA,10000232,PROBABILISTISCH,0.83,2002-10-01,2025-11-15,"Dublette zu anderem Altsystem, Schreibweise/Adresse abweichend"
PTR-00000584,VERA,10000233,MIGRATIONSLOG,1.0,2022-11-01,2025-11-15,in beiden Altsystemen
PTR-00000585,VERA,10000234,PROBABILISTISCH,0.84,,2025-11-15,"Dublette zu anderem Altsystem, Schreibweise/Adresse abweichend"
PTR-00000586,VERA,10000235,MIGRATIONSLOG,1.0,2014-11-01,2025-11-15,in beiden Altsystemen
PTR-00000589,VERA,10000236,MIGRATIONSLOG,1.0,2004-09-01,2025-11-15,
PTR-00000591,VERA,10000237,PROBABILISTISCH,0.88,2010-11-01,2025-11-15,"Dublette zu anderem Altsystem, Schreibweise/Adresse abweichend"
PTR-00000592,VERA,10000238,MIGRATIONSLOG,1.0,,2025-11-15,
PTR-00000593,VERA,10000239,MIGRATIONSLOG,1.0,,2025-11-15,
PTR-00000595,VERA,10000240,MIGRATIONSLOG,1.0,2011-08-01,2025-11-15,in beiden Altsystemen
PTR-00000596,VERA,10000241,PROBABILISTISCH,0.91,2025-09-01,2025-11-15,"Dublette zu anderem Altsystem, Schreibweise/Adresse abweichend"
PTR-00000597,VERA,10000242,PROBABILISTISCH,0.93,2025-10-01,2025-11-15,"Dublette zu anderem Altsystem, Schreibweise/Adresse abweichend"
PTR-00000598,VERA,10000243,MIGRATIONSLOG,1.0,2025-03-01,2025-11-15,in beiden Altsystemen
PTR-00000599,VERA,10000244,MIGRATIONSLOG,1.0,1996-01-01,2025-11-15,in beiden Altsystemen
PTR-00000602,VERA,10000245,PROBABILISTISCH,0.91,2022-12-01,2025-11-15,"Dublette zu anderem Altsystem, Schreibweise/Adresse abweichend"
PTR-00000603,VERA,10000246,MIGRATIONSLOG,1.0,2007-12-01,2025-11-15,in beiden Altsystemen
PTR-00000608,VERA,10000247,MIGRATIONSLOG,1.0,2003-04-01,2025-11-15,
PTR-00000609,VERA,10000248,MIGRATIONSLOG,1.0,1992-10-01,2025-11-15,
PTR-00000611,VERA,10000249,MIGRATIONSLOG,1.0,1997-09-01,2025-11-15,in beiden Altsystemen
PTR-00000612,VERA,10000250,MIGRATIONSLOG,1.0,2023-03-01,2025-11-15,in beiden Altsystemen
PTR-00000616,VERA,10000251,MIGRATIONSLOG,1.0,2016-09-01,2025-11-15,in beiden Altsystemen
PTR-00000617,VERA,10000252,MIGRATIONSLOG,1.0,2022-07-01,2025-11-15,
PTR-00000619,VERA,10000253,MIGRATIONSLOG,1.0,2013-10-01,2025-11-15,in beiden Altsystemen
PTR-00000620,VERA,10000254,MIGRATIONSLOG,1.0,2009-10-01,2025-11-15,in beiden Altsystemen
PTR-00000621,VERA,10000255,MIGRATIONSLOG,1.0,2012-02-01,2025-11-15,in beiden Altsystemen
PTR-00000622,VERA,10000256,MIGRATIONSLOG,1.0,,2025-11-15,in beiden Altsystemen
PTR-00000623,VERA,10000257,MIGRATIONSLOG,1.0,,2025-11-15,in beiden Altsystemen
PTR-00000624,VERA,10000258,MIGRATIONSLOG,1.0,2006-09-01,2025-11-15,in beiden Altsystemen
PTR-00000625,VERA,10000259,MIGRATIONSLOG,1.0,2016-04-01,2025-11-15,in beiden Altsystemen
PTR-00000626,VERA,10000260,PROBABILISTISCH,0.86,2005-07-01,2025-11-15,"Dublette zu anderem Altsystem, Schreibweise/Adresse abweichend"
PTR-00000631,VERA,10000261,MIGRATIONSLOG,1.0,1999-08-01,2025-11-15,in beiden Altsystemen
PTR-00000632,VERA,10000262,PROBABILISTISCH,0.87,2005-11-01,2025-11-15,"Dublette zu anderem Altsystem, Schreibweise/Adresse abweichend"
PTR-00000633,VERA,10000263,PROBABILISTISCH,0.93,2015-10-01,2025-11-15,"Dublette zu anderem Altsystem, Schreibweise/Adresse abweichend"
PTR-00000634,VERA,10000264,MIGRATIONSLOG,1.0,,2025-11-15,in beiden Altsystemen
PTR-00000635,VERA,10000265,MIGRATIONSLOG,1.0,,2025-11-15,in beiden Altsystemen
PTR-00000642,VERA,10000266,PROBABILISTISCH,0.92,1996-04-01,2025-11-15,"Dublette zu anderem Altsystem, Schreibweise/Adresse abweichend"
PTR-00000644,VERA,10000267,MIGRATIONSLOG,1.0,2015-03-01,2025-11-15,in beiden Altsystemen
PTR-00000649,VERA,10000268,PROBABILISTISCH,0.86,2013-04-01,2025-11-15,"Dublette zu anderem Altsystem, Schreibweise/Adresse abweichend"
PTR-00000652,VERA,10000269,MIGRATIONSLOG,1.0,2004-05-01,2025-11-15,
PTR-00000658,VERA,10000270,MIGRATIONSLOG,1.0,2011-07-01,2025-11-15,
PTR-00000662,VERA,10000271,MIGRATIONSLOG,1.0,2018-02-01,2025-11-15,in beiden Altsystemen
PTR-00000663,VERA,10000272,MIGRATIONSLOG,1.0,2014-10-01,2025-11-15,
PTR-00000665,VERA,10000273,PROBABILISTISCH,0.84,2001-08-01,2025-11-15,"Dublette zu anderem Altsystem, Schreibweise/Adresse abweichend"
PTR-00000666,VERA,10000274,MIGRATIONSLOG,1.0,2018-05-01,2025-11-15,in beiden Altsystemen
PTR-00000667,VERA,10000275,PROBABILISTISCH,0.91,2025-11-01,2025-11-15,"Dublette zu anderem Altsystem, Schreibweise/Adresse abweichend"
PTR-00000668,VERA,10000276,MIGRATIONSLOG,1.0,,2025-11-15,in beiden Altsystemen
PTR-00000669,VERA,10000277,PROBABILISTISCH,0.84,2025-11-01,2025-11-15,"Dublette zu anderem Altsystem, Schreibweise/Adresse abweichend"
PTR-00000671,VERA,10000278,MIGRATIONSLOG,1.0,2018-04-01,2025-11-15,
PTR-00000680,VERA,10000279,PROBABILISTISCH,0.83,2005-01-01,2025-11-15,"Dublette zu anderem Altsystem, Schreibweise/Adresse abweichend"
PTR-00000685,VERA,10000280,MIGRATIONSLOG,1.0,2013-08-01,2025-11-15,in beiden Altsystemen
PTR-00000686,VERA,10000281,MIGRATIONSLOG,1.0,2022-02-01,2025-11-15,in beiden Altsystemen
PTR-00000687,VERA,10000282,MIGRATIONSLOG,1.0,2007-09-01,2025-11-15,in beiden Altsystemen
PTR-00000689,VERA,10000283,MIGRATIONSLOG,1.0,2010-11-01,2025-11-15,in beiden Altsystemen
PTR-00000692,VERA,10000284,MIGRATIONSLOG,1.0,2000-09-01,2025-11-15,in beiden Altsystemen
PTR-00000696,VERA,10000285,PROBABILISTISCH,0.84,2009-12-01,2025-11-15,"Dublette zu anderem Altsystem, Schreibweise/Adresse abweichend"
PTR-00000715,VERA,10000286,MIGRATIONSLOG,1.0,2013-01-01,2025-11-15,in beiden Altsystemen
PTR-00000716,VERA,10000287,PROBABILISTISCH,0.89,2017-07-01,2025-11-15,"Dublette zu anderem Altsystem, Schreibweise/Adresse abweichend"
PTR-00000718,VERA,10000288,MIGRATIONSLOG,1.0,2004-03-01,2025-11-15,
PTR-00000719,VERA,10000289,MIGRATIONSLOG,1.0,,2025-11-15,
PTR-00000723,VERA,10000290,MIGRATIONSLOG,1.0,2012-11-01,2025-11-15,
PTR-00000724,VERA,10000291,MIGRATIONSLOG,1.0,2001-08-01,2025-11-15,
PTR-00000725,VERA,10000292,MIGRATIONSLOG,1.0,,2025-11-15,
PTR-00000731,VERA,10000293,PROBABILISTISCH,0.87,2009-07-01,2025-11-15,"Dublette zu anderem Altsystem, Schreibweise/Adresse abweichend"
PTR-00000732,VERA,10000294,MIGRATIONSLOG,1.0,2003-07-01,2025-11-15,in beiden Altsystemen
PTR-00000733,VERA,10000295,PROBABILISTISCH,0.82,2015-07-01,2025-11-15,"Dublette zu anderem Altsystem, Schreibweise/Adresse abweichend"
PTR-00000735,VERA,10000296,PROBABILISTISCH,0.84,2004-12-01,2025-11-15,"Dublette zu anderem Altsystem, Schreibweise/Adresse abweichend"
PTR-00000746,VERA,10000297,PROBABILISTISCH,0.92,2005-10-01,2025-11-15,"Dublette zu anderem Altsystem, Schreibweise/Adresse abweichend"
PTR-00000747,VERA,10000298,MIGRATIONSLOG,1.0,,2025-11-15,in beiden Altsystemen
PTR-00000753,VERA,10000299,PROBABILISTISCH,0.83,2003-05-01,2025-11-15,"Dublette zu anderem Altsystem, Schreibweise/Adresse abweichend"
PTR-00000754,VERA,10000300,PROBABILISTISCH,0.92,2014-04-01,2025-11-15,"Dublette zu anderem Altsystem, Schreibweise/Adresse abweichend"
PTR-00000755,VERA,10000301,MIGRATIONSLOG,1.0,2005-05-01,2025-11-15,in beiden Altsystemen
PTR-00000757,VERA,10000302,MIGRATIONSLOG,1.0,1999-07-01,2025-11-15,in beiden Altsystemen
PTR-00000759,VERA,10000303,MIGRATIONSLOG,1.0,2004-06-01,2025-11-15,
PTR-00000760,VERA,10000304,MIGRATIONSLOG,1.0,2024-06-01,2025-11-15,
PTR-00000761,VERA,10000305,MIGRATIONSLOG,1.0,2014-01-01,2025-11-15,in beiden Altsystemen
PTR-00000762,VERA,10000306,PROBABILISTISCH,0.84,,2025-11-15,"Dublette zu anderem Altsystem, Schreibweise/Adresse abweichend"
PTR-00000770,VERA,10000307,MIGRATIONSLOG,1.0,2002-10-01,2025-11-15,in beiden Altsystemen
PTR-00000771,VERA,10000308,PROBABILISTISCH,0.94,1995-11-01,2025-11-15,"Dublette zu anderem Altsystem, Schreibweise/Adresse abweichend"
PTR-00000772,VERA,10000309,MIGRATIONSLOG,1.0,2020-10-01,2025-11-15,in beiden Altsystemen
PTR-00000774,VERA,10000310,PROBABILISTISCH,0.94,1999-07-01,2025-11-15,"Dublette zu anderem Altsystem, Schreibweise/Adresse abweichend"
PTR-00000775,VERA,10000311,PROBABILISTISCH,0.89,2016-06-01,2025-11-15,"Dublette zu anderem Altsystem, Schreibweise/Adresse abweichend"
PTR-00000776,VERA,10000312,PROBABILISTISCH,0.86,2025-11-01,2025-11-15,"Dublette zu anderem Altsystem, Schreibweise/Adresse abweichend"
PTR-00000781,VERA,10000313,MIGRATIONSLOG,1.0,2003-12-01,2025-11-15,
PTR-00000782,VERA,10000314,MIGRATIONSLOG,1.0,2016-04-01,2025-11-15,
PTR-00000783,VERA,10000315,MIGRATIONSLOG,1.0,2009-04-01,2025-11-15,
PTR-00000784,VERA,10000316,MIGRATIONSLOG,1.0,2001-01-01,2025-11-15,
PTR-00000786,VERA,10000317,MIGRATIONSLOG,1.0,2001-02-01,2025-11-15,in beiden Altsystemen
PTR-00000789,VERA,10000318,MIGRATIONSLOG,1.0,2006-06-01,2025-11-15,
PTR-00000790,VERA,10000319,PROBABILISTISCH,0.86,2012-12-01,2025-11-15,"Dublette zu anderem Altsystem, Schreibweise/Adresse abweichend"
PTR-00000794,VERA,10000320,MIGRATIONSLOG,1.0,2010-06-01,2025-11-15,in beiden Altsystemen
PTR-00000795,VERA,10000321,MIGRATIONSLOG,1.0,,2025-11-15,in beiden Altsystemen
PTR-00000797,VERA,10000322,MIGRATIONSLOG,1.0,2006-07-01,2025-11-15,
PTR-00000800,VERA,10000323,MIGRATIONSLOG,1.0,1996-04-01,2025-11-15,in beiden Altsystemen
PTR-00000804,VERA,10000324,MIGRATIONSLOG,1.0,2010-03-01,2025-11-15,in beiden Altsystemen
PTR-00000805,VERA,10000325,PROBABILISTISCH,0.94,,2025-11-15,"Dublette zu anderem Altsystem, Schreibweise/Adresse abweichend"
PTR-00000806,VERA,10000326,PROBABILISTISCH,0.93,2025-07-01,2025-11-15,"Dublette zu anderem Altsystem, Schreibweise/Adresse abweichend"
PTR-00000807,VERA,10000327,PROBABILISTISCH,0.95,2025-07-01,2025-11-15,"Dublette zu anderem Altsystem, Schreibweise/Adresse abweichend"
PTR-00000808,VERA,10000328,MIGRATIONSLOG,1.0,2025-12-01,2025-11-15,in beiden Altsystemen
PTR-00000810,VERA,10000329,MIGRATIONSLOG,1.0,2013-04-01,2025-11-15,in beiden Altsystemen
PTR-00000815,VERA,10000330,PROBABILISTISCH,0.9,2003-08-01,2025-11-15,"Dublette zu anderem Altsystem, Schreibweise/Adresse abweichend"
PTR-00000818,VERA,10000331,MIGRATIONSLOG,1.0,2015-08-01,2025-11-15,in beiden Altsystemen
PTR-00000819,VERA,10000332,MIGRATIONSLOG,1.0,,2025-11-15,in beiden Altsystemen
PTR-00000823,VERA,10000333,MIGRATIONSLOG,1.0,2004-07-01,2025-11-15,in beiden Altsystemen
PTR-00000824,VERA,10000334,PROBABILISTISCH,0.92,2014-08-01,2025-11-15,"Dublette zu anderem Altsystem, Schreibweise/Adresse abweichend"
PTR-00000828,VERA,10000335,PROBABILISTISCH,0.93,2012-02-01,2025-11-15,"Dublette zu anderem Altsystem, Schreibweise/Adresse abweichend"
PTR-00000833,VERA,10000336,MIGRATIONSLOG,1.0,2008-08-01,2025-11-15,in beiden Altsystemen
PTR-00000836,VERA,10000337,MIGRATIONSLOG,1.0,2008-10-01,2025-11-15,in beiden Altsystemen
PTR-00000839,VERA,10000338,MIGRATIONSLOG,1.0,2017-12-01,2025-11-15,in beiden Altsystemen
PTR-00000842,VERA,10000339,PROBABILISTISCH,0.83,2017-03-01,2025-11-15,"Dublette zu anderem Altsystem, Schreibweise/Adresse abweichend"
PTR-00000847,VERA,10000340,MIGRATIONSLOG,1.0,2017-06-01,2025-11-15,in beiden Altsystemen
PTR-00000850,VERA,10000341,MIGRATIONSLOG,1.0,2017-04-01,2025-11-15,in beiden Altsystemen
PTR-00000851,VERA,10000342,PROBABILISTISCH,0.92,2013-08-01,2025-11-15,"Dublette zu anderem Altsystem, Schreibweise/Adresse abweichend"
PTR-00000852,VERA,10000343,PROBABILISTISCH,0.94,2009-01-01,2025-11-15,"Dublette zu anderem Altsystem, Schreibweise/Adresse abweichend"
PTR-00000855,VERA,10000344,MIGRATIONSLOG,1.0,1997-03-01,2025-11-15,
PTR-00000859,VERA,10000345,PROBABILISTISCH,0.93,2009-03-01,2025-11-15,"Dublette zu anderem Altsystem, Schreibweise/Adresse abweichend"
PTR-00000860,VERA,10000346,MIGRATIONSLOG,1.0,,2025-11-15,in beiden Altsystemen
PTR-00000862,VERA,10000347,MIGRATIONSLOG,1.0,2017-11-01,2025-11-15,
PTR-00000863,VERA,10000348,MIGRATIONSLOG,1.0,,2025-11-15,
PTR-00000868,VERA,10000349,PROBABILISTISCH,0.91,2014-10-01,2025-11-15,"Dublette zu anderem Altsystem, Schreibweise/Adresse abweichend"
PTR-00000869,VERA,10000350,MIGRATIONSLOG,1.0,,2025-11-15,in beiden Altsystemen
PTR-00000870,VERA,10000351,MIGRATIONSLOG,1.0,2025-11-01,2025-11-15,in beiden Altsystemen
PTR-00000871,VERA,10000352,PROBABILISTISCH,0.91,,2025-11-15,"Dublette zu anderem Altsystem, Schreibweise/Adresse abweichend"
PTR-00000872,VERA,10000353,MIGRATIONSLOG,1.0,2016-05-01,2025-11-15,in beiden Altsystemen
PTR-00000873,VERA,10000354,MIGRATIONSLOG,1.0,,2025-11-15,in beiden Altsystemen
PTR-00000874,VERA,10000355,MIGRATIONSLOG,1.0,2013-02-01,2025-11-15,in beiden Altsystemen
PTR-00000875,VERA,10000356,MIGRATIONSLOG,1.0,2014-09-01,2025-11-15,in beiden Altsystemen
PTR-00000876,VERA,10000357,MIGRATIONSLOG,1.0,2011-12-01,2025-11-15,in beiden Altsystemen
PTR-00000881,VERA,10000358,PROBABILISTISCH,0.9,2013-11-01,2025-11-15,"Dublette zu anderem Altsystem, Schreibweise/Adresse abweichend"
PTR-00000882,VERA,10000359,PROBABILISTISCH,0.94,,2025-11-15,"Dublette zu anderem Altsystem, Schreibweise/Adresse abweichend"
PTR-00000883,VERA,10000360,MIGRATIONSLOG,1.0,2025-05-01,2025-11-15,in beiden Altsystemen
PTR-00000884,VERA,10000361,MIGRATIONSLOG,1.0,,2025-11-15,in beiden Altsystemen
PTR-00000885,VERA,10000362,MIGRATIONSLOG,1.0,2025-10-01,2025-11-15,in beiden Altsystemen
PTR-00000889,VERA,10000363,MIGRATIONSLOG,1.0,2015-01-01,2025-11-15,in beiden Altsystemen
PTR-00000891,VERA,10000364,PROBABILISTISCH,0.88,2002-12-01,2025-11-15,"Dublette zu anderem Altsystem, Schreibweise/Adresse abweichend"
PTR-00000893,VERA,10000365,PROBABILISTISCH,0.94,2011-02-01,2025-11-15,"Dublette zu anderem Altsystem, Schreibweise/Adresse abweichend"
PTR-00000898,VERA,10000366,PROBABILISTISCH,0.88,2018-06-01,2025-11-15,"Dublette zu anderem Altsystem, Schreibweise/Adresse abweichend"
PTR-00000904,VERA,10000367,MIGRATIONSLOG,1.0,2022-08-01,2025-11-15,
PTR-00000906,VERA,10000368,MIGRATIONSLOG,1.0,2005-01-01,2025-11-15,
PTR-00000908,VERA,10000369,MIGRATIONSLOG,1.0,2010-11-01,2025-11-15,
PTR-00000910,VERA,10000370,PROBABILISTISCH,0.87,2012-11-01,2025-11-15,"Dublette zu anderem Altsystem, Schreibweise/Adresse abweichend"
PTR-00000912,VERA,10000371,PROBABILISTISCH,0.85,2005-10-01,2025-11-15,"Dublette zu anderem Altsystem, Schreibweise/Adresse abweichend"
PTR-00000925,VERA,10000372,MIGRATIONSLOG,1.0,2015-12-01,2025-11-15,in beiden Altsystemen
PTR-00000928,VERA,10000373,MIGRATIONSLOG,1.0,2003-02-01,2025-11-15,in beiden Altsystemen
PTR-00000932,VERA,10000374,MIGRATIONSLOG,1.0,2003-02-01,2025-11-15,in beiden Altsystemen
PTR-00000938,VERA,10000375,MIGRATIONSLOG,1.0,2012-02-01,2025-11-15,in beiden Altsystemen
PTR-00000939,VERA,10000376,PROBABILISTISCH,0.82,2016-03-01,2025-11-15,"Dublette zu anderem Altsystem, Schreibweise/Adresse abweichend"
PTR-00000940,VERA,10000377,PROBABILISTISCH,0.94,,2025-11-15,"Dublette zu anderem Altsystem, Schreibweise/Adresse abweichend"
PTR-00000941,VERA,10000378,MIGRATIONSLOG,1.0,2025-08-01,2025-11-15,in beiden Altsystemen
PTR-00000948,VERA,10000379,MIGRATIONSLOG,1.0,2012-09-01,2025-11-15,in beiden Altsystemen
PTR-00000949,VERA,10000380,MIGRATIONSLOG,1.0,,2025-11-15,in beiden Altsystemen
PTR-00000950,VERA,10000381,MIGRATIONSLOG,1.0,2022-10-01,2025-11-15,
PTR-00000951,VERA,10000382,MIGRATIONSLOG,1.0,2012-10-01,2025-11-15,in beiden Altsystemen
PTR-00000954,VERA,10000383,PROBABILISTISCH,0.86,2008-08-01,2025-11-15,"Dublette zu anderem Altsystem, Schreibweise/Adresse abweichend"
PTR-00000955,VERA,10000384,PROBABILISTISCH,0.93,,2025-11-15,"Dublette zu anderem Altsystem, Schreibweise/Adresse abweichend"
PTR-00000956,VERA,10000385,PROBABILISTISCH,0.86,,2025-11-15,"Dublette zu anderem Altsystem, Schreibweise/Adresse abweichend"
PTR-00000957,VERA,10000386,PROBABILISTISCH,0.83,2025-12-01,2025-11-15,"Dublette zu anderem Altsystem, Schreibweise/Adresse abweichend"
PTR-00000958,VERA,10000387,PROBABILISTISCH,0.91,,2025-11-15,"Dublette zu anderem Altsystem, Schreibweise/Adresse abweichend"
PTR-00000960,VERA,10000388,MIGRATIONSLOG,1.0,2009-06-01,2025-11-15,in beiden Altsystemen
PTR-00000965,VERA,10000389,PROBABILISTISCH,0.84,2014-06-01,2025-11-15,"Dublette zu anderem Altsystem, Schreibweise/Adresse abweichend"
PTR-00000966,VERA,10000390,MIGRATIONSLOG,1.0,,2025-11-15,in beiden Altsystemen
PTR-00000967,VERA,10000391,MIGRATIONSLOG,1.0,,2025-11-15,in beiden Altsystemen
PTR-00000970,VERA,10000392,MIGRATIONSLOG,1.0,2010-04-01,2025-11-15,in beiden Altsystemen
PTR-00000971,VERA,10000393,MIGRATIONSLOG,1.0,2013-09-01,2025-11-15,in beiden Altsystemen
PTR-00000973,VERA,10000394,MIGRATIONSLOG,1.0,2005-02-01,2025-11-15,in beiden Altsystemen
PTR-00000974,VERA,10000395,MIGRATIONSLOG,1.0,,2025-11-15,in beiden Altsystemen
PTR-00000975,VERA,10000396,MIGRATIONSLOG,1.0,2001-09-01,2025-11-15,in beiden Altsystemen
PTR-00000976,VERA,10000397,PROBABILISTISCH,0.94,2006-10-01,2025-11-15,"Dublette zu anderem Altsystem, Schreibweise/Adresse abweichend"
PTR-00000977,VERA,10000398,MIGRATIONSLOG,1.0,,2025-11-15,in beiden Altsystemen
PTR-00000978,VERA,10000399,PROBABILISTISCH,0.94,,2025-11-15,"Dublette zu anderem Altsystem, Schreibweise/Adresse abweichend"
PTR-00000989,VERA,10000400,MIGRATIONSLOG,1.0,2014-06-01,2025-11-15,in beiden Altsystemen
PTR-00000990,VERA,10000401,PROBABILISTISCH,0.92,2005-05-01,2025-11-15,"Dublette zu anderem Altsystem, Schreibweise/Adresse abweichend"
PTR-00000992,VERA,10000402,MIGRATIONSLOG,1.0,2020-06-01,2025-11-15,in beiden Altsystemen
PTR-00000993,VERA,10000403,PROBABILISTISCH,0.83,2016-03-01,2025-11-15,"Dublette zu anderem Altsystem, Schreibweise/Adresse abweichend"
PTR-00000994,VERA,10000404,MIGRATIONSLOG,1.0,,2025-11-15,in beiden Altsystemen
PTR-00000995,VERA,10000405,MIGRATIONSLOG,1.0,2007-10-01,2025-11-15,in beiden Altsystemen
PTR-00000996,VERA,10000406,MIGRATIONSLOG,1.0,,2025-11-15,in beiden Altsystemen
PTR-00000997,VERA,10000407,MIGRATIONSLOG,1.0,2019-05-01,2025-11-15,
PTR-00000998,VERA,10000408,MIGRATIONSLOG,1.0,2022-03-01,2025-11-15,
PTR-00000999,VERA,10000409,MIGRATIONSLOG,1.0,,2025-11-15,
PTR-00000030,VERA,10000410,PROBABILISTISCH,0.79,,2015-11-01,Dublette innerhalb des Systems nach Umzug
PTR-00000168,VERA,10000411,PROBABILISTISCH,0.73,,2007-08-01,Dublette innerhalb des Systems nach Umzug
PTR-00000174,VERA,10000412,PROBABILISTISCH,0.78,,2017-11-01,Dublette innerhalb des Systems nach Umzug
PTR-00000194,VERA,10000413,PROBABILISTISCH,0.79,,2013-04-01,Dublette innerhalb des Systems nach Umzug
PTR-00000316,VERA,10000414,PROBABILISTISCH,0.71,,2011-12-01,Dublette innerhalb des Systems nach Umzug
PTR-00000330,VERA,10000415,PROBABILISTISCH,0.79,,2007-12-01,Dublette innerhalb des Systems nach Umzug
PTR-00000448,VERA,10000416,PROBABILISTISCH,0.79,,2014-11-01,Dublette innerhalb des Systems nach Umzug
PTR-00000481,VERA,10000417,PROBABILISTISCH,0.79,,2010-12-01,Dublette innerhalb des Systems nach Umzug
PTR-00000644,VERA,10000418,PROBABILISTISCH,0.75,,2016-11-01,Dublette innerhalb des Systems nach Umzug
PTR-00000732,VERA,10000419,PROBABILISTISCH,0.85,,2017-12-01,Dublette innerhalb des Systems nach Umzug
PTR-00000747,VERA,10000420,PROBABILISTISCH,0.85,,2007-08-01,Dublette innerhalb des Systems nach Umzug
PTR-00000776,VERA,10000421,PROBABILISTISCH,0.81,,2016-02-01,Dublette innerhalb des Systems nach Umzug
PTR-00000794,VERA,10000422,PROBABILISTISCH,0.88,,2011-09-01,Dublette innerhalb des Systems nach Umzug
PTR-00000951,VERA,10000423,PROBABILISTISCH,0.87,,2009-03-01,Dublette innerhalb des Systems nach Umzug
PTR-00000001,MINT,a35f61f6-e9d7-4f8a-9f94-1de48c13986b,MIGRATIONSLOG,1.0,2025-05-15,,migriert
PTR-00000002,MINT,55a6f1d8-8ac8-42be-af92-e593619c1247,DIREKT,1.0,2021-03-15,,
PTR-00000003,MINT,ee767780-73bf-4ff0-916e-8e47b25985cf,MIGRATIONSLOG,1.0,2025-05-15,,migriert
PTR-00000004,MINT,c32bde8c-0d33-4a40-9297-a248e197d79b,MIGRATIONSLOG,1.0,2025-05-15,,migriert
PTR-00000005,MINT,1b40071b-6271-432b-a705-9727b1df5e69,MIGRATIONSLOG,1.0,2025-05-15,,migriert
PTR-00000006,MINT,0c495ffd-edef-41b4-8dd5-25e8f899c0cf,DIREKT,1.0,2016-04-01,,
PTR-00000007,MINT,2e4dd589-63ca-4d84-9522-249f137ff4fe,DIREKT,1.0,2024-09-01,,
PTR-00000008,MINT,0860b995-c21a-4b5a-9d32-f5dd16da9d7f,MIGRATIONSLOG,1.0,2025-05-15,,migriert
PTR-00000009,MINT,9e05fb26-041d-419c-9c2a-0fe8db010bf9,DIREKT,1.0,2022-02-01,,
PTR-00000010,MINT,6fa41ce8-33e9-4efa-95f0-aa4490d55733,DIREKT,1.0,2025-07-01,,
PTR-00000011,MINT,1aa258d7-98ac-4ae4-b005-143f7bce7d8d,MIGRATIONSLOG,1.0,2025-05-15,,migriert
PTR-00000014,MINT,4923a68b-fe49-40ed-9f7c-870e1a458e4b,MIGRATIONSLOG,1.0,2025-05-15,,migriert
PTR-00000017,MINT,13d3e04b-b2c0-433d-9a6a-a74d1e8087af,MIGRATIONSLOG,1.0,2025-05-15,,migriert
PTR-00000021,MINT,26c1ab86-76a7-4c32-9fb5-05b230ea5888,DIREKT,1.0,2022-05-01,,
PTR-00000023,MINT,1be1eb37-ab0a-4c10-9e5c-5f0973052ab7,DIREKT,1.0,2020-06-01,,
PTR-00000024,MINT,d67f09e0-e916-45b7-9c31-a6e4b7b6e7fa,DIREKT,1.0,2023-11-01,,
PTR-00000025,MINT,69bffdf5-272a-4e93-b5d5-8a56d139e59c,DIREKT,1.0,2021-01-01,,
PTR-00000026,MINT,ea229586-809d-4fd9-b7bf-2b0c4c223d76,MIGRATIONSLOG,1.0,2025-05-15,,migriert
PTR-00000027,MINT,28835c00-52a4-4252-82dc-d7da727bbefb,DIREKT,1.0,2025-01-01,,
PTR-00000028,MINT,c82147bc-75cf-4be7-94f4-37e126f4734c,DIREKT,1.0,2020-07-01,,
PTR-00000029,MINT,38979266-0449-4db3-b0a0-69461d93d5e0,MIGRATIONSLOG,1.0,2025-05-15,,migriert
PTR-00000030,MINT,feefbf70-5416-4afa-bf56-a229442525cf,MIGRATIONSLOG,1.0,2025-05-15,,migriert
PTR-00000031,MINT,c3fd0ea7-0660-4e10-97e3-5377c03744a7,DIREKT,1.0,2025-02-01,,
PTR-00000032,MINT,c9b9eee4-2e2a-43f5-af0e-90c051175065,MIGRATIONSLOG,1.0,2025-05-15,,migriert
PTR-00000033,MINT,290c8072-52c6-4ccc-b9f6-4b158cdf3eb7,MIGRATIONSLOG,1.0,2025-05-15,,migriert
PTR-00000034,MINT,971b747d-58e5-469f-b9b7-5ac4940fcbd1,MIGRATIONSLOG,1.0,2025-05-15,,migriert
PTR-00000035,MINT,ce442a6f-0cb0-4106-ba21-2ff86ef17280,MIGRATIONSLOG,1.0,2025-05-15,,migriert
PTR-00000036,MINT,817c1d54-faae-4819-a195-cde22e88a3dd,MIGRATIONSLOG,1.0,2025-05-15,,migriert
PTR-00000037,MINT,0ca3042d-5491-4b0d-8ee0-54fec57ac123,DIREKT,1.0,2025-07-01,,
PTR-00000038,MINT,f1a176bc-abc1-4ab8-9f20-f8bbb524bc19,DIREKT,1.0,2024-08-01,,
PTR-00000038,MINT,ca5b92cc-ab66-4a7e-9ba8-0460eb54aab0,PROBABILISTISCH,0.88,2024-08-01,,Registrierungsdublette
PTR-00000039,MINT,ce138ad8-d49f-453a-a0b2-c224bb2064e6,DIREKT,1.0,2020-08-01,,
PTR-00000040,MINT,05c4e982-2846-40d7-8121-ced5b4de06aa,MIGRATIONSLOG,1.0,2025-05-15,,migriert
PTR-00000041,MINT,d53906c2-6245-4ef2-b437-96bde151bf9c,MIGRATIONSLOG,1.0,2025-05-15,,migriert
PTR-00000043,MINT,143387f0-2d97-4001-8164-07a51fdc9a4d,MIGRATIONSLOG,1.0,2025-05-15,,migriert
PTR-00000046,MINT,5075ed60-bbdc-4461-893b-0fdde8c47b9b,DIREKT,1.0,2025-12-01,,
PTR-00000047,MINT,8ab23bfe-13be-49fa-a0ef-c1d26877926a,DIREKT,1.0,2021-06-01,,
PTR-00000047,MINT,d6b73ab0-5ff7-4c99-bf10-f0f592188e82,PROBABILISTISCH,0.88,2021-06-01,,Registrierungsdublette
PTR-00000049,MINT,cecdac83-25c9-4cf2-9b8e-295fe0d745a4,DIREKT,1.0,2022-09-01,,
PTR-00000050,MINT,8f5e8d41-aad6-40f9-abfb-8b0e28fe5fdc,DIREKT,1.0,2016-02-01,,
PTR-00000051,MINT,6e2e99ed-9308-4cf9-a98b-0edf07eba978,DIREKT,1.0,2025-12-01,,
PTR-00000052,MINT,aae3863e-8fc6-414a-865d-93255e746422,DIREKT,1.0,2021-02-01,,
PTR-00000053,MINT,75373804-fbb1-43ae-9fa7-4993a9185636,DIREKT,1.0,2025-01-01,,
PTR-00000054,MINT,7a7e2f9b-6251-46c8-89d9-727d5cd4f4ab,MIGRATIONSLOG,1.0,2025-05-15,,migriert
PTR-00000055,MINT,34821984-969a-410b-a32a-37d040175b0a,MIGRATIONSLOG,1.0,2025-05-15,,migriert
PTR-00000058,MINT,f099dc7c-71aa-4568-b0eb-6449ba6e7c57,MIGRATIONSLOG,1.0,2025-05-15,,migriert
PTR-00000060,MINT,7a593829-4372-475a-98c1-fd1e3b906ca1,MIGRATIONSLOG,1.0,2025-05-15,,migriert
PTR-00000061,MINT,14cc9b74-c551-4b0e-81d3-01fad24d989e,MIGRATIONSLOG,1.0,2025-05-15,,migriert
PTR-00000065,MINT,62748914-1f5b-4738-a720-1c6c87dcbdbd,DIREKT,1.0,2023-03-01,,
PTR-00000066,MINT,dd1a3e3b-c268-4078-8c37-cbe917b26de6,DIREKT,1.0,2023-03-01,,
PTR-00000068,MINT,3540c877-3f82-4e65-8299-8840321ab65e,MIGRATIONSLOG,1.0,2025-05-15,,migriert
PTR-00000069,MINT,dbc2527b-44c9-4ee6-8607-841378818c0b,MIGRATIONSLOG,1.0,2025-05-15,,migriert
PTR-00000070,MINT,c6d30e2b-8cdc-4251-b7f6-aa6a4425fda0,DIREKT,1.0,2025-01-01,,
PTR-00000071,MINT,b1fafb24-2f0d-4fad-be92-58396768f5c9,MIGRATIONSLOG,1.0,2025-05-15,,migriert
PTR-00000073,MINT,c8d77a05-9956-400c-8c97-29b09bfef93d,MIGRATIONSLOG,1.0,2025-05-15,,migriert
PTR-00000074,MINT,ac90ad43-43dd-469b-b1a1-d522bbeb31b2,MIGRATIONSLOG,1.0,2025-05-15,,migriert
PTR-00000075,MINT,c897fbbf-b006-44ef-ba1f-6f5b56d38d17,MIGRATIONSLOG,1.0,2025-05-15,,migriert
PTR-00000076,MINT,701e8604-a5c6-4dce-8de4-c53ab7bde65c,DIREKT,1.0,2025-07-01,,
PTR-00000077,MINT,43002c0e-644b-46ec-98ae-30c2189174c4,DIREKT,1.0,2025-10-01,,
PTR-00000078,MINT,15c006ca-8bdf-44d5-ba26-1324fcae6097,DIREKT,1.0,2024-07-01,,
PTR-00000079,MINT,5e490469-53d5-4361-bccf-95eb38fdbab9,DIREKT,1.0,2013-09-01,,
PTR-00000081,MINT,e8e9bd5d-e012-4f7c-aa70-add929a93141,DIREKT,1.0,2025-08-01,,
PTR-00000082,MINT,587e7a43-e926-4919-bcaa-4ac0bd889283,DIREKT,1.0,2025-06-01,,
PTR-00000083,MINT,0f05226d-90da-4538-b032-77699fff15df,MIGRATIONSLOG,1.0,2025-05-15,,migriert
PTR-00000084,MINT,f16c8643-eadb-4340-8a34-8dca3c1dcdd3,MIGRATIONSLOG,1.0,2025-05-15,,migriert
PTR-00000085,MINT,07e40387-5dcb-416a-96f4-faa43d1852ab,MIGRATIONSLOG,1.0,2025-05-15,,migriert
PTR-00000086,MINT,8e24801e-16d1-43b9-adbb-39e3e7b87b21,DIREKT,1.0,2007-05-01,,
PTR-00000088,MINT,56e0e0a5-5aa1-42d1-b089-1897c2045431,DIREKT,1.0,1999-10-01,,
PTR-00000089,MINT,a977301e-0468-4015-9f55-549b33db3486,MIGRATIONSLOG,1.0,2025-05-15,,migriert
PTR-00000090,MINT,5409e8f5-c04e-4cc9-862d-bfe20846cea2,MIGRATIONSLOG,1.0,2025-05-15,,migriert
PTR-00000091,MINT,a7f0b02a-3857-49b1-bbf5-32eda5302253,DIREKT,1.0,2023-12-01,,
PTR-00000092,MINT,58d398df-8fff-4ad6-b821-4a7953c8b774,DIREKT,1.0,2025-01-01,,
PTR-00000093,MINT,70c2b683-3dd1-45ee-9e9e-22beac84515a,MIGRATIONSLOG,1.0,2025-05-15,,migriert
PTR-00000094,MINT,0f610d83-47ff-40be-acca-3f3b5c27fe0e,MIGRATIONSLOG,1.0,2025-05-15,,migriert
PTR-00000096,MINT,8bbb1123-2bae-4151-ac85-565d31b27b43,DIREKT,1.0,2022-04-01,,
PTR-00000097,MINT,cc2bc3cf-3fa0-4987-8a0b-327d2deab8dd,MIGRATIONSLOG,1.0,2025-05-15,,migriert
PTR-00000099,MINT,8bca3f8b-472c-4cf2-96ca-271d33050334,DIREKT,1.0,2025-04-01,,
PTR-00000100,MINT,92bd318a-c7d3-4155-b62a-83dc54ea0ae3,DIREKT,1.0,2022-01-01,,
PTR-00000101,MINT,dc7d3f04-7e6d-4c95-9eeb-66c009c8a271,DIREKT,1.0,2025-12-01,,
PTR-00000102,MINT,26cb6db3-f1df-4f03-89a7-9f7daf7b5b04,DIREKT,1.0,2023-11-01,,
PTR-00000103,MINT,673080f4-5aa5-48c2-bb1d-48cad0b6abdf,DIREKT,1.0,2021-10-01,,
PTR-00000104,MINT,57cb8323-135f-4daa-b186-535fce863a3f,DIREKT,1.0,2020-10-01,,
PTR-00000105,MINT,044bf1f7-5e7f-4b26-b957-a0b4fbf05568,MIGRATIONSLOG,1.0,2025-05-15,,migriert
PTR-00000106,MINT,0f76861b-db05-452e-9ea7-14355280d8c7,DIREKT,1.0,2018-02-01,,
PTR-00000109,MINT,ba445b3e-5f93-40bd-9740-b92803c18e22,DIREKT,1.0,2022-01-01,,
PTR-00000110,MINT,6e38be12-7b07-45e4-8fcd-44f5aea53fb4,DIREKT,1.0,2021-07-01,,
PTR-00000112,MINT,2b2ab500-47be-477d-8347-04875aee187f,DIREKT,1.0,2023-09-01,,
PTR-00000114,MINT,209523f6-6a2c-4c47-a233-f51a79ab759e,DIREKT,1.0,2021-11-01,,
PTR-00000115,MINT,e4c5eac0-ae4d-4a0b-bb4b-0e892a9770e0,DIREKT,1.0,2023-04-01,,
PTR-00000116,MINT,bfa55ea8-985a-47b1-b6ba-3fb6a8b16165,MIGRATIONSLOG,1.0,2025-05-15,,migriert
PTR-00000117,MINT,752bb963-3efa-4548-8a00-69ca853fe6b1,MIGRATIONSLOG,1.0,2025-05-15,,migriert
PTR-00000118,MINT,01154bf5-c636-4d33-b169-bae59b85c3bb,MIGRATIONSLOG,1.0,2025-05-15,,migriert
PTR-00000119,MINT,d6b841ed-573a-4e62-a8fc-c7ae523de514,DIREKT,1.0,2023-07-01,,
PTR-00000121,MINT,94a55c23-83db-4643-b986-5f3527fc3871,MIGRATIONSLOG,1.0,2025-05-15,,migriert
PTR-00000122,MINT,ea532424-6190-4993-9633-1b1d2792feb7,DIREKT,1.0,2022-06-01,,
PTR-00000123,MINT,a74f75bd-88e5-4a31-be38-6b1fe4c96e78,MIGRATIONSLOG,1.0,2025-05-15,,migriert
PTR-00000125,MINT,b1b9374a-300d-4f9d-bd6a-5964b5967dc0,DIREKT,1.0,2014-01-01,,
PTR-00000126,MINT,35aac368-4197-437a-b5d5-59b6e356da8c,MIGRATIONSLOG,1.0,2025-05-15,,migriert
PTR-00000127,MINT,97e427fa-ac2c-404b-9c8f-b4a58f6c6015,MIGRATIONSLOG,1.0,2025-05-15,,migriert
PTR-00000128,MINT,08920f0b-7575-4687-813b-bc11d4039ab9,MIGRATIONSLOG,1.0,2025-05-15,,migriert
PTR-00000130,MINT,140292bf-f9c7-46c7-9bd5-db5892733edc,MIGRATIONSLOG,1.0,2025-05-15,,migriert
PTR-00000131,MINT,2bf9b4ef-4835-4b80-83d1-800a30e8af7e,DIREKT,1.0,2025-06-01,,
PTR-00000132,MINT,aabdb5b9-fe43-4a6f-80b8-ae1ec48a3655,DIREKT,1.0,2025-05-01,,
PTR-00000133,MINT,120ae5f8-d2b3-440d-9cdf-a51e5ed4ee97,DIREKT,1.0,2025-12-01,,
PTR-00000134,MINT,75cae5a9-fe47-4015-ada0-f6a782b23bbd,MIGRATIONSLOG,1.0,2025-05-15,,migriert
PTR-00000135,MINT,ede3f0b9-86cf-4ba6-abb2-ef9f2e32d037,DIREKT,1.0,2022-07-01,,
PTR-00000136,MINT,db2dcb7a-2253-4467-a516-429fb11c64e1,DIREKT,1.0,2022-03-01,,
PTR-00000137,MINT,b5735836-c72a-4080-a2d1-362949141a51,DIREKT,1.0,2025-02-01,,
PTR-00000138,MINT,fcef0706-3ba0-4a07-bbcb-a557bb63b75f,DIREKT,1.0,2007-06-01,,
PTR-00000139,MINT,894e4b0c-afa1-4a21-a04f-ef224e3e953d,MIGRATIONSLOG,1.0,2025-05-15,,migriert
PTR-00000140,MINT,3cd27548-8e6c-45bf-a665-3de5aafaa86c,DIREKT,1.0,2013-09-01,,
PTR-00000141,MINT,34eab6d8-2228-4291-902e-863b8c98cda4,MIGRATIONSLOG,1.0,2025-05-15,,migriert
PTR-00000144,MINT,6cea37ac-0195-4e45-b93b-ff29908026ca,MIGRATIONSLOG,1.0,2025-05-15,,migriert
PTR-00000145,MINT,90be1164-fbe4-4f50-b4b7-9541a1073bfd,MIGRATIONSLOG,1.0,2025-05-15,,migriert
PTR-00000146,MINT,77c0bd07-1228-4a84-bf7d-5fb338070a25,DIREKT,1.0,2023-06-01,,
PTR-00000148,MINT,57304e49-db6f-473a-9d7a-4b3bc59dcb5f,DIREKT,1.0,2011-06-01,,
PTR-00000150,MINT,72359649-936c-4578-a021-e9796c80db8e,DIREKT,1.0,2024-02-01,,
PTR-00000151,MINT,c98b5fe4-6805-495c-961c-f7dcfad58896,DIREKT,1.0,2024-09-01,,
PTR-00000152,MINT,fe090031-bed4-4521-8236-8f8855bddf1e,DIREKT,1.0,2021-08-01,,
PTR-00000153,MINT,6133c083-5edf-4286-84a8-d6d8266bf2ab,DIREKT,1.0,2025-04-01,,
PTR-00000155,MINT,82c2ace5-c014-4f43-ad17-ae51ecae4b21,DIREKT,1.0,2023-10-01,,
PTR-00000157,MINT,bd0b7805-f86b-420c-9711-1da014ba45a5,DIREKT,1.0,2005-07-01,,
PTR-00000158,MINT,09af0701-cc7d-4b8b-ad01-b0ecfba186f4,MIGRATIONSLOG,1.0,2025-05-15,,migriert
PTR-00000159,MINT,3caa4840-98d4-4be7-82ed-2931ff6d02fa,MIGRATIONSLOG,1.0,2025-05-15,,migriert
PTR-00000160,MINT,c886e5c0-ce43-4af0-9058-12503d3c7d63,MIGRATIONSLOG,1.0,2025-05-15,,migriert
PTR-00000162,MINT,59a67ff8-d980-4fe7-87fd-7ea073216f18,DIREKT,1.0,2025-01-01,,
PTR-00000163,MINT,2b7dcdbe-6935-46de-8c54-c46371e6af68,DIREKT,1.0,2022-01-01,,
PTR-00000165,MINT,0a887bf2-13f1-4254-b203-2a60ee6b8887,DIREKT,1.0,2025-01-01,,
PTR-00000166,MINT,68107a5f-8151-41d8-8c12-a3e1381cce34,DIREKT,1.0,2021-09-01,,
PTR-00000167,MINT,c01f0c5b-e892-4c14-b8bc-6d3beaad18ba,DIREKT,1.0,2021-11-01,,
PTR-00000168,MINT,bb057253-5820-4e8d-a90e-88669ab8b90c,MIGRATIONSLOG,1.0,2025-05-15,,migriert
PTR-00000170,MINT,42d32597-7369-4957-9c2f-e425a9d7c393,MIGRATIONSLOG,1.0,2025-05-15,,migriert
PTR-00000171,MINT,2654c7f1-b1db-4dbb-b518-0115a8afa276,MIGRATIONSLOG,1.0,2025-05-15,,migriert
PTR-00000172,MINT,e69fb343-7f4f-4bb4-97b0-90ef733c34c0,DIREKT,1.0,2024-08-01,,
PTR-00000173,MINT,60b099c0-0630-47a2-98e6-ced544b0715e,MIGRATIONSLOG,1.0,2025-05-15,,migriert
PTR-00000174,MINT,4cf69aac-e075-46c8-86b9-b982d1f67a65,MIGRATIONSLOG,1.0,2025-05-15,,migriert
PTR-00000175,MINT,3f954697-ca20-4ba2-be59-5f244515aa30,MIGRATIONSLOG,1.0,2025-05-15,,migriert
PTR-00000177,MINT,2f785cba-dc29-4188-acb5-e231a9cdc78f,DIREKT,1.0,2025-10-01,,
PTR-00000178,MINT,46ce65fa-32ef-4b42-9ec7-eece2741b4c4,MIGRATIONSLOG,1.0,2025-05-15,,migriert
PTR-00000179,MINT,b6968171-d794-48d2-988a-1b5b2cdc9709,DIREKT,1.0,2021-02-01,,
PTR-00000181,MINT,a4eb4fff-dd02-4af7-b9a8-4de745f14db3,MIGRATIONSLOG,1.0,2025-05-15,,migriert
PTR-00000182,MINT,c262c19c-9a51-4a9c-ba69-a9eb1345012a,MIGRATIONSLOG,1.0,2025-05-15,,migriert
PTR-00000184,MINT,5f9eab4a-0c4a-4224-abff-c9bf4ca2e86e,MIGRATIONSLOG,1.0,2025-05-15,,migriert
PTR-00000185,MINT,95296a04-3078-4723-a7af-3f46ec6b7191,DIREKT,1.0,2021-12-01,,
PTR-00000187,MINT,99b9231e-589b-4be8-aef9-fa7d4dd081a9,DIREKT,1.0,2021-12-01,,
PTR-00000189,MINT,0597bf1a-765b-4555-bf24-81ded11f4d76,DIREKT,1.0,2016-08-01,,
PTR-00000192,MINT,5e2c8eda-9337-4fe7-be5f-151f5c149161,DIREKT,1.0,2019-02-01,,
PTR-00000194,MINT,aeabef0f-5257-4e3b-99c7-6ae99abfd51a,DIREKT,1.0,2024-04-01,,
PTR-00000195,MINT,400a2e87-89a8-4b05-a4ec-18ee3e16deec,DIREKT,1.0,2025-05-01,,
PTR-00000196,MINT,72cd9506-5bae-4154-afef-99f163269b69,DIREKT,1.0,2022-07-01,,
PTR-00000197,MINT,49d53845-d663-4adc-afc4-ac2e52b0636e,MIGRATIONSLOG,1.0,2025-05-15,,migriert
PTR-00000200,MINT,5dd20602-f1e1-4021-8fde-b23c29641d9d,DIREKT,1.0,2022-05-01,,
PTR-00000201,MINT,93332343-4ca8-4680-a926-d13381add703,DIREKT,1.0,1999-05-01,,
PTR-00000204,MINT,4426b5b7-11f0-4097-9a0d-f40dcbeccb2f,DIREKT,1.0,2023-03-01,,
PTR-00000205,MINT,ba75b395-cec1-4f21-bd9a-240d4fc9edb1,DIREKT,1.0,2021-03-01,,
PTR-00000208,MINT,9ba139fa-2240-405e-9ea9-1915bc45976b,DIREKT,1.0,2023-04-01,,
PTR-00000209,MINT,32dbf4e2-32bf-457a-b560-5056044b680a,DIREKT,1.0,1995-02-01,,
PTR-00000210,MINT,00947de3-d6b7-4d19-965f-97e68277f3bf,MIGRATIONSLOG,1.0,2025-05-15,,migriert
PTR-00000211,MINT,a62e49c8-ba8b-4097-8d75-fde12c25c5c9,DIREKT,1.0,2025-08-01,,
PTR-00000212,MINT,a0c4c297-18d8-4f4c-9695-14d93b54e549,MIGRATIONSLOG,1.0,2025-05-15,,migriert
PTR-00000214,MINT,f9385e6d-98a4-4635-8bd0-1759407f75fd,MIGRATIONSLOG,1.0,2025-05-15,,migriert
PTR-00000215,MINT,ddedd5a5-147b-42f2-8786-7fe6d6a58a12,DIREKT,1.0,2025-05-01,,
PTR-00000217,MINT,138df81b-7025-4fec-bd47-daa43c3f9aef,DIREKT,1.0,2016-08-01,,
PTR-00000218,MINT,b35c579a-90a4-4f26-a761-2fbc3108c715,DIREKT,1.0,2025-02-01,,
PTR-00000220,MINT,a66c5e88-d903-47aa-9908-440e4079a3c4,MIGRATIONSLOG,1.0,2025-05-15,,migriert
PTR-00000221,MINT,0e535a89-b180-4f89-b881-cc36e7068251,DIREKT,1.0,2025-02-01,,
PTR-00000224,MINT,85d4dfae-7edc-44af-8d13-7c2069db68fe,DIREKT,1.0,2024-04-01,,
PTR-00000226,MINT,5845e77a-3c60-41fe-9105-774531f42ff0,MIGRATIONSLOG,1.0,2025-05-15,,migriert
PTR-00000227,MINT,ed9b7722-46f7-4687-8037-0b4171e61549,DIREKT,1.0,2025-04-01,,
PTR-00000229,MINT,30139a80-e85d-41ac-9d18-81ea9e34c1f5,DIREKT,1.0,2021-01-01,,
PTR-00000230,MINT,3624db9f-bf6e-4e4d-b29f-a759457af448,DIREKT,1.0,2021-06-01,,
PTR-00000231,MINT,f6fe4e19-de59-4c56-b5c8-b42beecfa90b,DIREKT,1.0,2021-02-01,,
PTR-00000234,MINT,93c36173-3b26-4f09-9eaa-63f70a4b8396,MIGRATIONSLOG,1.0,2025-05-15,,migriert
PTR-00000235,MINT,d6e87d0d-8eac-445a-85b8-97f00b899fe8,DIREKT,1.0,2024-10-01,,
PTR-00000236,MINT,c05599c4-8e8d-4ac6-bc96-75c72bbd3392,DIREKT,1.0,2025-06-01,,
PTR-00000237,MINT,b534da5f-90a7-4050-b2e5-824a99ec5e4b,DIREKT,1.0,2022-07-01,,
PTR-00000238,MINT,2272c6dc-9845-467b-ae61-4aa28c2dfa6f,MIGRATIONSLOG,1.0,2025-05-15,,migriert
PTR-00000240,MINT,11bb8bb2-f718-4a7a-b8fe-70d73fd6872b,DIREKT,1.0,2025-11-01,,
PTR-00000241,MINT,767595f7-474f-4bd4-b1bf-b7c385869a5f,MIGRATIONSLOG,1.0,2025-05-15,,migriert
PTR-00000243,MINT,3053f916-600d-4283-89c5-4d6261b1e895,MIGRATIONSLOG,1.0,2025-05-15,,migriert
PTR-00000244,MINT,225595c8-aeef-4b14-8a3d-f3bc84256258,DIREKT,1.0,2023-07-01,,
PTR-00000245,MINT,34f0210e-fa16-47e9-ab0e-9198e4827640,DIREKT,1.0,2021-04-01,,
PTR-00000247,MINT,a1aacb94-dc5a-4dd0-8164-fd6a40f6b259,MIGRATIONSLOG,1.0,2025-05-15,,migriert
PTR-00000248,MINT,522deaec-eeb4-4fb1-8140-9b0e58f41fe9,MIGRATIONSLOG,1.0,2025-05-15,,migriert
PTR-00000249,MINT,84eebd75-5ebb-43d6-9c05-c6f794276bbc,MIGRATIONSLOG,1.0,2025-05-15,,migriert
PTR-00000251,MINT,9e10bfda-3504-4dee-9a71-dec2f52e0b17,MIGRATIONSLOG,1.0,2025-05-15,,migriert
PTR-00000252,MINT,76884707-4ea2-4017-8f59-6bb0f4892aed,DIREKT,1.0,2013-05-01,,
PTR-00000254,MINT,a15dcd5f-5644-4188-93b9-a108acdd1497,DIREKT,1.0,2025-03-01,,
PTR-00000257,MINT,2738fe4c-98fd-4f29-b016-f8ba2eb72080,MIGRATIONSLOG,1.0,2025-05-15,,migriert
PTR-00000258,MINT,7866b587-c209-4034-97d7-6a674350cf52,DIREKT,1.0,2016-11-01,,
PTR-00000259,MINT,1684cf8c-6b44-4008-94d6-e85fc86b2d4e,DIREKT,1.0,2025-07-01,,
PTR-00000260,MINT,d6c91aa3-27af-440b-9c5e-88f12a5f3062,DIREKT,1.0,2022-11-01,,
PTR-00000262,MINT,8ad952c4-102f-41ab-9ba5-5df41b20d03e,MIGRATIONSLOG,1.0,2025-05-15,,migriert
PTR-00000264,MINT,e7d0a016-befd-43e5-9830-3ca9a7023198,MIGRATIONSLOG,1.0,2025-05-15,,migriert
PTR-00000265,MINT,0c54ce02-5995-4a84-bd0f-4f6afa05cd99,DIREKT,1.0,2002-06-01,,
PTR-00000266,MINT,0a1c6c10-a000-4fd1-8e95-8224994c1ad2,DIREKT,1.0,1999-05-01,,
PTR-00000267,MINT,811ce398-4109-48a1-acde-bcc52de53eaf,DIREKT,1.0,2025-07-01,,
PTR-00000268,MINT,21574973-9237-475e-a4dd-f2c1d99be6ac,DIREKT,1.0,2022-08-01,,
PTR-00000269,MINT,10e709c4-cc12-4c12-bfac-f41b800d9d03,DIREKT,1.0,2025-01-01,,
PTR-00000270,MINT,56453a61-4783-4524-a633-ebe1e8a5d3e7,DIREKT,1.0,2023-01-01,,
PTR-00000271,MINT,d367cf5a-e9eb-4193-a1c5-d41c9555fe67,DIREKT,1.0,2023-05-01,,
PTR-00000273,MINT,8dd56491-af91-4f04-9550-d5d20a8883c0,DIREKT,1.0,2022-10-01,,
PTR-00000274,MINT,65f3f09f-bda2-41b6-8262-8a4033c4bb20,DIREKT,1.0,2006-12-01,,
PTR-00000276,MINT,079c33bf-fa52-4c9b-8807-95389156b0ed,MIGRATIONSLOG,1.0,2025-05-15,,migriert
PTR-00000277,MINT,30119670-dfe0-4ce7-a2bf-8fc534d6819e,DIREKT,1.0,2025-05-01,,
PTR-00000279,MINT,0a6f5f21-a9c6-4bfd-99e6-b8efae49cdca,DIREKT,1.0,2025-02-01,,
PTR-00000280,MINT,7d244936-f500-4898-bdca-658b4ce36c2f,MIGRATIONSLOG,1.0,2025-05-15,,migriert
PTR-00000281,MINT,6e0ea0da-71dc-4468-b081-b2264e043943,MIGRATIONSLOG,1.0,2025-05-15,,migriert
PTR-00000283,MINT,7995c68e-e14a-450f-af60-71d00b179bd9,MIGRATIONSLOG,1.0,2025-05-15,,migriert
PTR-00000284,MINT,f739b158-0d92-4d68-a640-a77cb62bc981,DIREKT,1.0,2017-01-01,,
PTR-00000285,MINT,7a59a216-05ca-4c7c-b2cf-e083c01b65a4,DIREKT,1.0,2013-03-01,,
PTR-00000286,MINT,259571db-dc64-4f95-a375-5dda4fd4bd3a,DIREKT,1.0,2006-10-01,,
PTR-00000287,MINT,c7750a28-7d47-41c4-8b7b-a7c43ed49e53,MIGRATIONSLOG,1.0,2025-05-15,,migriert
PTR-00000289,MINT,932e8d68-ac43-40cb-92f5-ceb0d8a9d5cc,DIREKT,1.0,2024-09-01,,
PTR-00000290,MINT,c059d8c0-d725-4b29-9771-206561e70b65,MIGRATIONSLOG,1.0,2025-05-15,,migriert
PTR-00000291,MINT,24c7ec7f-2c27-4db1-a2ea-0a74ffd19308,MIGRATIONSLOG,1.0,2025-05-15,,migriert
PTR-00000293,MINT,cd2b0788-52b4-4915-bac3-b0169b701958,DIREKT,1.0,2006-06-01,,
PTR-00000295,MINT,06108e1a-af0e-4973-b74b-f2b01748501c,DIREKT,1.0,2025-10-01,,
PTR-00000297,MINT,fa973b33-8cc0-4ca2-9128-5330f39b311d,DIREKT,1.0,2025-11-01,,
PTR-00000299,MINT,f70a2801-2588-4450-b915-b0401c83d454,MIGRATIONSLOG,1.0,2025-05-15,,migriert
PTR-00000300,MINT,610a1556-590a-4ef3-8bd1-6c98c30ecae5,MIGRATIONSLOG,1.0,2025-05-15,,migriert
PTR-00000301,MINT,2bee015d-32bb-4e87-a280-233ec5e73724,DIREKT,1.0,2009-11-01,,
PTR-00000301,MINT,02e9b772-8911-4189-94c3-7b63673c3237,PROBABILISTISCH,0.88,2009-11-01,,Registrierungsdublette
PTR-00000302,MINT,44170e60-3ef5-4954-9867-fb80ac83dfba,MIGRATIONSLOG,1.0,2025-05-15,,migriert
PTR-00000303,MINT,db32d2c4-f4c3-454e-b9db-425e4f006e32,MIGRATIONSLOG,1.0,2025-05-15,,migriert
PTR-00000304,MINT,cc3a84fb-124f-40f0-a00d-c0c5386feeeb,MIGRATIONSLOG,1.0,2025-05-15,,migriert
PTR-00000305,MINT,1678fbb8-3591-4b33-842e-cd90647e56fb,DIREKT,1.0,2015-11-01,,
PTR-00000306,MINT,f959f9e7-60f2-473e-9308-696fd9049eb8,MIGRATIONSLOG,1.0,2025-05-15,,migriert
PTR-00000307,MINT,cba27fc6-0375-409a-9ea9-7e2bb380a6a3,MIGRATIONSLOG,1.0,2025-05-15,,migriert
PTR-00000308,MINT,c76dcf1d-e4eb-4748-94b8-c8698ae64929,MIGRATIONSLOG,1.0,2025-05-15,,migriert
PTR-00000309,MINT,9d1e09cc-9d22-4170-9923-dbbe05fceb62,MIGRATIONSLOG,1.0,2025-05-15,,migriert
PTR-00000310,MINT,5b3a5cd8-ebf3-49e5-8886-bee9306a41c3,MIGRATIONSLOG,1.0,2025-05-15,,migriert
PTR-00000311,MINT,207a024b-bcf2-4047-981e-d76d54b58e1b,DIREKT,1.0,2022-07-01,,
PTR-00000312,MINT,64a9e483-955e-499e-a181-e71919654e81,DIREKT,1.0,2020-08-01,,
PTR-00000314,MINT,e84d8420-76cf-4a19-8888-9dfa10642f42,MIGRATIONSLOG,1.0,2025-05-15,,migriert
PTR-00000315,MINT,bf68859e-8755-41d1-a8ab-786b79f5f713,MIGRATIONSLOG,1.0,2025-05-15,,migriert
PTR-00000316,MINT,057e684d-e760-404d-8871-8595158cfb0a,MIGRATIONSLOG,1.0,2025-05-15,,migriert
PTR-00000317,MINT,28e1c3a6-8baa-45ae-8009-7a569b7becde,DIREKT,1.0,2021-05-01,,
PTR-00000318,MINT,98b035b0-9e81-48f0-a083-380bc8c82732,DIREKT,1.0,2025-05-01,,
PTR-00000320,MINT,92a06016-fd9e-4ae5-8a6e-0ab253cef8ea,DIREKT,1.0,2023-05-01,,
PTR-00000321,MINT,1f7b0113-7305-4440-8bc7-df941480cf32,DIREKT,1.0,2024-06-01,,
PTR-00000323,MINT,074b1e36-101a-4434-b76d-a6c0984f942c,DIREKT,1.0,2025-12-01,,
PTR-00000324,MINT,2111ecbf-55f7-4f93-88e8-556fc860c48a,DIREKT,1.0,2015-07-01,,
PTR-00000325,MINT,0cd68546-6304-4a6d-93f8-2a1b9fb4f725,DIREKT,1.0,2022-02-01,,
PTR-00000326,MINT,16a149c2-a085-4302-bc58-62c3caf7c6aa,DIREKT,1.0,2025-04-01,,
PTR-00000327,MINT,cee8970f-74e0-4512-8d37-de9d559cb82e,DIREKT,1.0,2017-04-01,,
PTR-00000328,MINT,199a7caa-04f6-46dd-b1bb-8e64c24a1b7d,DIREKT,1.0,2002-11-01,,
PTR-00000333,MINT,05b642df-012a-45ad-bc5c-cc55f139f776,MIGRATIONSLOG,1.0,2025-05-15,,migriert
PTR-00000334,MINT,54a1a655-abd0-4990-8283-93da28a98e59,DIREKT,1.0,2023-01-01,,
PTR-00000336,MINT,a055e5f4-e230-4d2f-bfb3-788e437bdf4a,DIREKT,1.0,2013-10-01,,
PTR-00000337,MINT,a0140784-3c10-4ed1-b27b-80984f502286,DIREKT,1.0,2025-02-01,,
PTR-00000339,MINT,1ea4768a-f618-485d-9b48-fe0b29cf276f,MIGRATIONSLOG,1.0,2025-05-15,,migriert
PTR-00000340,MINT,059e20ad-b1fa-4d71-a550-a01c0353cbf3,MIGRATIONSLOG,1.0,2025-05-15,,migriert
PTR-00000341,MINT,b3524e1e-9f9c-40bc-9716-fd4036552425,DIREKT,1.0,2025-08-01,,
PTR-00000342,MINT,9a3e4724-698b-4f34-9d97-19a5f605abf6,DIREKT,1.0,2025-04-01,,
PTR-00000343,MINT,8d89818e-5ad2-4d06-9485-44919b14ac55,MIGRATIONSLOG,1.0,2025-05-15,,migriert
PTR-00000344,MINT,66cda51d-f710-4766-a138-6deab7298232,MIGRATIONSLOG,1.0,2025-05-15,,migriert
PTR-00000346,MINT,c9a97482-67fb-460e-ac4b-ccf14d548f49,DIREKT,1.0,2025-11-01,,
PTR-00000347,MINT,70fdd73f-068f-4c6a-8f39-aa30bccca966,DIREKT,1.0,2025-04-01,,
PTR-00000348,MINT,6dee8ab7-f0f6-4e23-9e65-62dd5c753c36,MIGRATIONSLOG,1.0,2025-05-15,,migriert
PTR-00000350,MINT,c8a73ccc-dcea-434b-83a8-a5133e442ed6,DIREKT,1.0,2025-11-01,,
PTR-00000352,MINT,a0a42fbe-2740-4b6d-990e-186f894687e5,DIREKT,1.0,2025-05-01,,
PTR-00000353,MINT,9ee8693a-97ff-4d09-b136-a2608a3a9561,MIGRATIONSLOG,1.0,2025-05-15,,migriert
PTR-00000354,MINT,a05f0483-07d4-44f8-ab9f-ffd2d4e0e0a3,MIGRATIONSLOG,1.0,2025-05-15,,migriert
PTR-00000355,MINT,cce652aa-8b48-46b2-8fd3-de034c98803b,MIGRATIONSLOG,1.0,2025-05-15,,migriert
PTR-00000356,MINT,1c020090-16bc-483b-959f-8d0cfe15bad3,MIGRATIONSLOG,1.0,2025-05-15,,migriert
PTR-00000357,MINT,a215daa3-5e35-4138-9ff0-2de2cf4788a9,MIGRATIONSLOG,1.0,2025-05-15,,migriert
PTR-00000358,MINT,6cd7e44d-bada-49f9-9465-75fe0dadbd96,DIREKT,1.0,2014-06-01,,
PTR-00000359,MINT,9580d0b3-3657-433c-8533-ed10780ca337,DIREKT,1.0,2016-11-01,,
PTR-00000360,MINT,1aa06e2b-94e1-49df-83fd-dd79b17d9d5b,DIREKT,1.0,2014-07-01,,
PTR-00000362,MINT,0928f985-9c40-455d-96fb-9b84268b20df,MIGRATIONSLOG,1.0,2025-05-15,,migriert
PTR-00000364,MINT,997f5481-df37-41a4-acf0-f61035556a89,DIREKT,1.0,2014-06-01,,
PTR-00000365,MINT,c3a9498d-b744-4ba7-9906-bec84033919f,MIGRATIONSLOG,1.0,2025-05-15,,migriert
PTR-00000366,MINT,da222bd0-2071-44ad-9d8e-b074e4cddfc9,DIREKT,1.0,2022-08-01,,
PTR-00000367,MINT,f8b313f7-1e02-47c9-81c5-8253800934f7,DIREKT,1.0,2014-01-01,,
PTR-00000368,MINT,013d2f1a-6a2c-4ee9-bd5d-05ee7c87caba,DIREKT,1.0,2025-10-01,,
PTR-00000369,MINT,ebc34fda-a083-4def-8472-18fcff35378a,DIREKT,1.0,2025-02-01,,
PTR-00000370,MINT,9dc3c0d9-ba79-4069-b270-cbee4856cadb,MIGRATIONSLOG,1.0,2025-05-15,,migriert
PTR-00000372,MINT,eef367e9-f474-4ea2-a017-e224acf7f7bd,DIREKT,1.0,2022-12-01,,
PTR-00000374,MINT,39c0fd4d-3120-4662-8c45-0a1a3f92c3ec,DIREKT,1.0,2021-08-01,,
PTR-00000376,MINT,719cdca9-c56b-41c3-a92e-1bd8ac9aaeef,DIREKT,1.0,2025-02-01,,
PTR-00000377,MINT,fd6a734d-efb0-4698-af18-4c8f3f1681bc,MIGRATIONSLOG,1.0,2025-05-15,,migriert
PTR-00000378,MINT,58b8c151-3da7-43ca-8878-22a356d7056f,DIREKT,1.0,2025-08-01,,
PTR-00000379,MINT,7cb4c1eb-7af1-485c-b69c-0f2d4d3a17fd,DIREKT,1.0,2021-09-01,,
PTR-00000380,MINT,bd8fb754-dc7a-44b6-b4ba-b4bec28094bf,DIREKT,1.0,2005-06-01,,
PTR-00000381,MINT,9a4f0d55-8682-4142-82a9-4665a9a68989,MIGRATIONSLOG,1.0,2025-05-15,,migriert
PTR-00000382,MINT,af2edfde-34bd-44ec-b385-501c53817c5d,DIREKT,1.0,2020-01-01,,
PTR-00000383,MINT,d8ef1ccb-89fc-47ff-ad4b-d1cc9ecf99d7,MIGRATIONSLOG,1.0,2025-05-15,,migriert
PTR-00000384,MINT,52f76d47-93ea-46b2-a931-60238df5777e,MIGRATIONSLOG,1.0,2025-05-15,,migriert
PTR-00000385,MINT,96901e2c-222c-4ef8-8d10-66138305ebe8,MIGRATIONSLOG,1.0,2025-05-15,,migriert
PTR-00000387,MINT,7ff29321-94ff-40fe-8f1d-8f96cea473a2,DIREKT,1.0,2025-08-01,,
PTR-00000388,MINT,dd0e8cfa-a687-4904-99b1-f67b873ba2ae,DIREKT,1.0,2025-10-01,,
PTR-00000391,MINT,5ecc6ed0-7cdd-4dc6-9ec5-1deb39de5e88,MIGRATIONSLOG,1.0,2025-05-15,,migriert
PTR-00000393,MINT,d4b282b6-ec6b-4c65-8bef-732527746f69,MIGRATIONSLOG,1.0,2025-05-15,,migriert
PTR-00000395,MINT,9300e27b-fbba-46ef-be4c-c78f902a4b7c,DIREKT,1.0,2025-12-01,,
PTR-00000397,MINT,8ae9dfda-bced-4b5c-abe4-3fee9d510dbf,DIREKT,1.0,2014-03-01,,
PTR-00000398,MINT,9069bc16-3961-4ce5-b1a1-0a0f51ca8119,MIGRATIONSLOG,1.0,2025-05-15,,migriert
PTR-00000399,MINT,5cf1e0dd-6752-4720-a500-71a4a8dbb0af,DIREKT,1.0,2025-11-01,,
PTR-00000400,MINT,2c540fe0-2346-4153-b62a-9f04f4aa520e,MIGRATIONSLOG,1.0,2025-05-15,,migriert
PTR-00000401,MINT,adeeff6f-1e50-4993-8e0e-061a7a43599b,DIREKT,1.0,2022-08-01,,
PTR-00000402,MINT,79595f0a-a587-46c0-a985-8cfd6cfb2b57,DIREKT,1.0,2020-09-01,,
PTR-00000403,MINT,c94e718f-d6bc-4d60-9f3d-dd624b7b196d,MIGRATIONSLOG,1.0,2025-05-15,,migriert
PTR-00000404,MINT,5a348fb1-5b80-46b0-8f1e-a181df175010,MIGRATIONSLOG,1.0,2025-05-15,,migriert
PTR-00000407,MINT,288a8961-66c1-4148-b7e9-0e71f484300b,MIGRATIONSLOG,1.0,2025-05-15,,migriert
PTR-00000408,MINT,7e0cd6f2-ac0f-43de-b7ca-44c40b8c82ae,DIREKT,1.0,2025-07-01,,
PTR-00000409,MINT,8537f280-3b91-4a8f-9b84-79197e3bab78,DIREKT,1.0,2025-10-01,,
PTR-00000410,MINT,3cc7a3fe-5a12-484f-a5b3-2866464398fc,MIGRATIONSLOG,1.0,2025-05-15,,migriert
PTR-00000411,MINT,ba3a4d75-8a24-4d70-b9da-f1a2044ba7e0,MIGRATIONSLOG,1.0,2025-05-15,,migriert
PTR-00000413,MINT,5d86da8c-da17-4b31-8f40-1b185aee9264,DIREKT,1.0,2025-04-01,,
PTR-00000414,MINT,044362a4-035c-4748-812f-e4f6c5407358,MIGRATIONSLOG,1.0,2025-05-15,,migriert
PTR-00000416,MINT,938e9c57-17a9-4206-82d4-dd9245c9253d,DIREKT,1.0,2002-01-01,,
PTR-00000417,MINT,bd0216d5-0fb0-4cb4-9b1b-d4d02d3d5cd1,MIGRATIONSLOG,1.0,2025-05-15,,migriert
PTR-00000418,MINT,3f189957-5d88-4b0a-9f2a-54f639ff4163,DIREKT,1.0,2024-07-01,,
PTR-00000419,MINT,a5450408-5f3e-435a-b15d-46748dd6a9f5,DIREKT,1.0,2018-07-01,,
PTR-00000420,MINT,ee0dda7a-b309-4129-8b9f-d964185f6b0e,MIGRATIONSLOG,1.0,2025-05-15,,migriert
PTR-00000421,MINT,938cb329-4977-4b18-a4ce-d080aa82da05,DIREKT,1.0,2022-01-01,,
PTR-00000422,MINT,2b4b95ef-8ef0-47f4-ae08-8ad6046c2b81,MIGRATIONSLOG,1.0,2025-05-15,,migriert
PTR-00000423,MINT,6a0f91de-5f4f-45f0-8a09-4379e95f65f9,DIREKT,1.0,2022-08-01,,
PTR-00000424,MINT,e165113b-e905-4b31-a59b-cb0107e475ac,DIREKT,1.0,2025-12-01,,
PTR-00000425,MINT,af06de9b-61af-4d42-ac73-fe12f642eb28,MIGRATIONSLOG,1.0,2025-05-15,,migriert
PTR-00000426,MINT,22320859-53a6-4b14-b961-cc4fa1242e70,MIGRATIONSLOG,1.0,2025-05-15,,migriert
PTR-00000428,MINT,a3cbf325-3ee9-49f6-b55a-6a8f1a8558fa,DIREKT,1.0,2025-09-01,,
PTR-00000429,MINT,0417bb64-c070-44d4-97b4-b01dc2c64b8d,DIREKT,1.0,2025-06-01,,
PTR-00000431,MINT,cda90a15-f42a-4aeb-a774-eec2533507a0,DIREKT,1.0,2025-04-01,,
PTR-00000432,MINT,748fc830-89ce-44af-9d5d-017b8d2e484c,DIREKT,1.0,2023-06-01,,
PTR-00000433,MINT,55121ae4-33b3-4312-b94e-4bd7ce7830fe,DIREKT,1.0,2016-09-01,,
PTR-00000434,MINT,c159d760-a5e8-4b36-9adc-3b9d080190e9,MIGRATIONSLOG,1.0,2025-05-15,,migriert
PTR-00000435,MINT,4c5612fa-d2e3-47f4-8329-deb915101218,DIREKT,1.0,2014-11-01,,
PTR-00000436,MINT,0997524b-abc3-499e-ad98-b5dc4eb9f018,MIGRATIONSLOG,1.0,2025-05-15,,migriert
PTR-00000437,MINT,0216fffc-a6c7-4c64-a1a8-3a4e0bc05ecf,MIGRATIONSLOG,1.0,2025-05-15,,migriert
PTR-00000438,MINT,0d083a68-3276-4af4-ae5a-206515a9ac8a,DIREKT,1.0,2020-01-01,,
PTR-00000438,MINT,981efc92-3b64-4fb0-a513-b240d35603b2,PROBABILISTISCH,0.88,2020-01-01,,Registrierungsdublette
PTR-00000439,MINT,011150b3-38d9-4f33-8925-23bd369fdd98,DIREKT,1.0,2025-05-01,,
PTR-00000440,MINT,ff841968-8c49-4a24-9041-172c719bedbb,DIREKT,1.0,2010-04-01,,
PTR-00000442,MINT,c41eb235-991a-4389-b126-3968acc6d371,MIGRATIONSLOG,1.0,2025-05-15,,migriert
PTR-00000443,MINT,e9444823-f83c-493a-b236-2b9f55069836,DIREKT,1.0,2006-02-01,,
PTR-00000444,MINT,166c772e-a58d-466e-b392-b03dd8000979,MIGRATIONSLOG,1.0,2025-05-15,,migriert
PTR-00000445,MINT,8846472d-18fe-42e3-96c6-9a6c4c951b31,MIGRATIONSLOG,1.0,2025-05-15,,migriert
PTR-00000446,MINT,7018a744-4484-4cf7-8ec1-2a74f62287d5,MIGRATIONSLOG,1.0,2025-05-15,,migriert
PTR-00000447,MINT,ef106750-73f0-45ac-abb8-56cf6add92b7,MIGRATIONSLOG,1.0,2025-05-15,,migriert
PTR-00000448,MINT,5bc91ba0-8d9f-40b1-880a-7cf3e5aa5b74,MIGRATIONSLOG,1.0,2025-05-15,,migriert
PTR-00000449,MINT,ddc6266b-76f4-489e-9930-cbc4e8159ae8,MIGRATIONSLOG,1.0,2025-05-15,,migriert
PTR-00000450,MINT,a366f626-cb55-4a32-a13e-b23eafa1c49f,MIGRATIONSLOG,1.0,2025-05-15,,migriert
PTR-00000451,MINT,dbe062f3-9143-4186-9d7e-437e4ab38582,MIGRATIONSLOG,1.0,2025-05-15,,migriert
PTR-00000452,MINT,dd45b39a-247e-483c-b00e-ff116c92512b,MIGRATIONSLOG,1.0,2025-05-15,,migriert
PTR-00000453,MINT,72255266-483b-4e8f-b7d0-5b2af357120d,DIREKT,1.0,2020-12-01,,
PTR-00000455,MINT,c87d7747-893b-42da-90ee-6e156e20d017,DIREKT,1.0,2023-02-01,,
PTR-00000456,MINT,c9dfc60e-a2b8-4184-9497-e8eeeb3ae2dd,DIREKT,1.0,2023-02-01,,
PTR-00000457,MINT,2b01fdc9-c4fe-4945-bd88-85ccd98f157e,MIGRATIONSLOG,1.0,2025-05-15,,migriert
PTR-00000458,MINT,20911d1a-33f0-4545-9192-9a8bc5f0f7cc,DIREKT,1.0,2025-05-01,,
PTR-00000460,MINT,e6b5f7ff-a365-4bf0-8e40-e5fa414b30b7,DIREKT,1.0,2024-11-01,,
PTR-00000462,MINT,14a51034-7869-4105-8468-24cf5d9dba5a,DIREKT,1.0,2025-11-01,,
PTR-00000463,MINT,1c6f09fd-9c64-49a6-a832-bc50b318de0b,DIREKT,1.0,2024-02-01,,
PTR-00000464,MINT,319e5d89-a906-4262-bda3-d767e3c6a631,MIGRATIONSLOG,1.0,2025-05-15,,migriert
PTR-00000468,MINT,8e60d269-2fd9-4c72-b28a-f470d43657cc,MIGRATIONSLOG,1.0,2025-05-15,,migriert
PTR-00000469,MINT,2fe1794f-3fc6-4a69-9ccf-ebba6d6c5f41,MIGRATIONSLOG,1.0,2025-05-15,,migriert
PTR-00000470,MINT,6caf3122-709d-4406-85d5-ccf51a2f06e1,DIREKT,1.0,2025-12-01,,
PTR-00000471,MINT,99dcc26b-705b-474c-9f24-f3a4d53998d3,DIREKT,1.0,2025-08-01,,
PTR-00000472,MINT,3ca4c016-573e-4066-9ee7-540d25acfd5b,DIREKT,1.0,2017-12-01,,
PTR-00000473,MINT,be673d24-ebc7-409a-af51-82b4d3d6999f,DIREKT,1.0,2019-10-01,,
PTR-00000474,MINT,1fa1f9ba-0d98-4ef0-b19d-119642517716,MIGRATIONSLOG,1.0,2025-05-15,,migriert
PTR-00000475,MINT,05a67178-0b03-4709-96c6-d1dffd6fc7df,DIREKT,1.0,2025-11-01,,
PTR-00000477,MINT,c8cba3f3-effe-4f0c-ae23-bf7efde97e0a,DIREKT,1.0,2025-04-01,,
PTR-00000478,MINT,14ffb5ad-c56e-48a4-8a0b-45c38ceaee96,MIGRATIONSLOG,1.0,2025-05-15,,migriert
PTR-00000479,MINT,ca541ac0-0bab-44c2-abe3-4244c2772eda,DIREKT,1.0,2025-10-01,,
PTR-00000480,MINT,3b0aeb36-357a-483f-bc5f-83616b041a69,DIREKT,1.0,2021-07-01,,
PTR-00000481,MINT,4666d0be-52fd-4663-b1ef-152db09d972f,MIGRATIONSLOG,1.0,2025-05-15,,migriert
PTR-00000482,MINT,acf3b072-0508-4a29-80ec-b480241bc1c1,DIREKT,1.0,2019-04-01,,
PTR-00000483,MINT,fa881f6e-e90c-4ae6-8d8b-b0a0dbc57f7c,MIGRATIONSLOG,1.0,2025-05-15,,migriert
PTR-00000484,MINT,940ae6e8-58f4-4356-a5a6-b0e5b8a1486f,MIGRATIONSLOG,1.0,2025-05-15,,migriert
PTR-00000486,MINT,a801ac36-7244-4526-9e50-edd67e449091,DIREKT,1.0,2025-11-01,,
PTR-00000488,MINT,f2f33d33-a95b-4b2e-91ac-9568b145542e,DIREKT,1.0,2025-11-01,,
PTR-00000489,MINT,4e44985e-bbda-4ed1-919b-8d3f4991fa9f,MIGRATIONSLOG,1.0,2025-05-15,,migriert
PTR-00000490,MINT,3c75c713-e20f-49fd-a5ef-8e3bf1850fc6,MIGRATIONSLOG,1.0,2025-05-15,,migriert
PTR-00000492,MINT,16007ede-1583-473b-ab46-e87ebd9428d7,DIREKT,1.0,2025-12-01,,
PTR-00000495,MINT,1c0e92de-b518-400e-a1a3-c87aa871149f,DIREKT,1.0,2025-10-01,,
PTR-00000499,MINT,779039c8-748a-486c-952c-cd5324c2ee6b,DIREKT,1.0,2025-12-01,,
PTR-00000500,MINT,96cbc4ed-436b-414d-adbf-0b643312b736,MIGRATIONSLOG,1.0,2025-05-15,,migriert
PTR-00000502,MINT,09837b1f-b8df-4d85-91d0-9fd7d39549c5,DIREKT,1.0,2018-01-01,,
PTR-00000503,MINT,4778a052-af89-484e-8870-93a2eceeda7f,MIGRATIONSLOG,1.0,2025-05-15,,migriert
PTR-00000504,MINT,9ffe27ab-3436-45fa-9b09-d0a2e5fe180b,DIREKT,1.0,2025-08-01,,
PTR-00000506,MINT,775c3692-2cab-4d15-ac96-03d5b285161b,DIREKT,1.0,2021-11-01,,
PTR-00000508,MINT,95a6205a-8b73-4367-a08c-36c7f1d68bb2,MIGRATIONSLOG,1.0,2025-05-15,,migriert
PTR-00000509,MINT,830bc599-28cc-4f54-ac85-a832dd3f81e5,MIGRATIONSLOG,1.0,2025-05-15,,migriert
PTR-00000510,MINT,49641ed1-9fab-4b3d-8195-e33c28b3c352,DIREKT,1.0,2025-04-01,,
PTR-00000511,MINT,ae1cf2d5-9489-48ec-9c4a-17d4d65810f5,MIGRATIONSLOG,1.0,2025-05-15,,migriert
PTR-00000512,MINT,1d0391c4-2f35-4c51-9304-488cfd8dbcda,DIREKT,1.0,2021-11-01,,
PTR-00000513,MINT,a6592640-18b8-4f20-90ef-6a4aabfa949a,DIREKT,1.0,2014-03-01,,
PTR-00000514,MINT,acc20214-58de-4dc2-a2bd-84df42cb66d1,MIGRATIONSLOG,1.0,2025-05-15,,migriert
PTR-00000515,MINT,8c8f389b-50aa-4d5a-a4f5-14f8d2862fc8,MIGRATIONSLOG,1.0,2025-05-15,,migriert
PTR-00000517,MINT,3e1c3014-49df-4762-ae26-805fcf050930,DIREKT,1.0,2022-02-01,,
PTR-00000518,MINT,c7db5af5-dba9-4e48-90f2-08582860c59f,DIREKT,1.0,2025-03-01,,
PTR-00000519,MINT,e2ccfdb2-289e-4b05-8353-94360da49dc0,MIGRATIONSLOG,1.0,2025-05-15,,migriert
PTR-00000520,MINT,a28836d5-63d5-4f39-bb6e-6a3e3d9f897b,DIREKT,1.0,2005-05-01,,
PTR-00000522,MINT,0c4d971a-fea0-4c87-abbc-7292db10f893,MIGRATIONSLOG,1.0,2025-05-15,,migriert
PTR-00000523,MINT,d8e5262d-4218-481b-b41d-4abce3ef29cf,MIGRATIONSLOG,1.0,2025-05-15,,migriert
PTR-00000524,MINT,8714c436-3d43-41e5-bb85-945cb73a25b7,DIREKT,1.0,2016-12-01,,
PTR-00000525,MINT,b8523843-7cfb-4327-831e-e86ab195eb06,DIREKT,1.0,2025-02-01,,
PTR-00000526,MINT,c1a61f6a-590a-40fd-beb9-6c884cea7269,DIREKT,1.0,2017-07-01,,
PTR-00000527,MINT,ab58582d-72c9-4202-a11e-f81faea2a16d,DIREKT,1.0,2012-02-01,,
PTR-00000528,MINT,80f089db-3c37-4881-88e2-b65ff42d9a5d,MIGRATIONSLOG,1.0,2025-05-15,,migriert
PTR-00000529,MINT,a4564579-c142-4ca1-86bc-87c619b31270,DIREKT,1.0,2025-10-01,,
PTR-00000530,MINT,cc23f2f5-0ed2-40cb-bab4-680be2dd40b0,DIREKT,1.0,2024-08-01,,
PTR-00000531,MINT,3465620a-5d5b-483e-9a88-fc6d3d52933c,MIGRATIONSLOG,1.0,2025-05-15,,migriert
PTR-00000533,MINT,c2bd13ed-3c76-4ded-affd-d68a31ec7220,DIREKT,1.0,2004-04-01,,
PTR-00000534,MINT,c80d06e1-254d-4e7b-a27b-ddd4817df4cd,DIREKT,1.0,2022-08-01,,
PTR-00000535,MINT,41ea0e87-580f-426a-83fc-783287bc43d6,MIGRATIONSLOG,1.0,2025-05-15,,migriert
PTR-00000537,MINT,42896830-b484-4674-b909-f24aa3ab97b4,DIREKT,1.0,2021-04-01,,
PTR-00000538,MINT,d6d179c2-064d-4383-8429-4822617682a4,DIREKT,1.0,2025-10-01,,
PTR-00000539,MINT,1a7bf137-b11d-403a-abc5-931cddfd8639,DIREKT,1.0,2025-01-01,,
PTR-00000539,MINT,f55fd48b-5771-4971-ade7-daa8a61346c3,PROBABILISTISCH,0.88,2025-01-01,,Registrierungsdublette
PTR-00000540,MINT,311de351-5d08-4426-8037-154393d81ee0,MIGRATIONSLOG,1.0,2025-05-15,,migriert
PTR-00000541,MINT,9d07146a-8667-47f8-bc9b-bc369dc57c73,DIREKT,1.0,2017-06-01,,
PTR-00000542,MINT,8d290cca-92a8-4fef-b43e-cfca0df151b6,MIGRATIONSLOG,1.0,2025-05-15,,migriert
PTR-00000543,MINT,bb7d5a42-533c-4da8-89e4-d378f00f5c12,DIREKT,1.0,2021-05-01,,
PTR-00000545,MINT,6f35bf0b-0404-43cc-b293-1024b1ae77f8,DIREKT,1.0,2025-09-01,,
PTR-00000546,MINT,3b1f161d-5a08-475e-bf49-7e6f07fa9476,DIREKT,1.0,2025-01-01,,
PTR-00000549,MINT,b255fa42-7111-4aa8-b7d9-fe2375287a37,MIGRATIONSLOG,1.0,2025-05-15,,migriert
PTR-00000550,MINT,8eb1a196-8ff4-4b67-a36d-861e0a87e01d,MIGRATIONSLOG,1.0,2025-05-15,,migriert
PTR-00000551,MINT,fdc1596d-93c6-4b2e-89da-b98a52a97360,DIREKT,1.0,2025-09-01,,
PTR-00000553,MINT,d2f6806c-f12d-478e-bf65-8bd4ae9cff3b,DIREKT,1.0,2025-02-01,,
PTR-00000554,MINT,46e9bdf2-d2dc-453e-84b9-37b70c3eabb0,DIREKT,1.0,2002-04-01,,
PTR-00000555,MINT,0c5dbabb-aa0b-44b2-b0c5-0d1c92d80b36,MIGRATIONSLOG,1.0,2025-05-15,,migriert
PTR-00000556,MINT,c959fb3b-e33d-42be-8ff9-51eae331f7ee,DIREKT,1.0,2016-09-01,,
PTR-00000557,MINT,26ec11d1-7616-45f0-ab00-9266dfc5185b,DIREKT,1.0,2021-10-01,,
PTR-00000558,MINT,a63b7c43-07da-432a-bf75-5ce64a2a685a,DIREKT,1.0,2025-08-01,,
PTR-00000559,MINT,2b16f7a7-6fd9-4d58-a426-2c7e1e104387,DIREKT,1.0,2025-07-01,,
PTR-00000560,MINT,d1ebe238-5e33-412a-a60f-4ca02805cfe6,DIREKT,1.0,2021-07-01,,
PTR-00000561,MINT,596290cc-dd2e-4822-9213-f265725c2f16,DIREKT,1.0,2025-04-01,,
PTR-00000562,MINT,c8cc0569-2521-4889-b8f9-df6dd4e5e6cf,DIREKT,1.0,2022-05-01,,
PTR-00000563,MINT,696eb93f-48d9-411b-b40a-e34395687e16,DIREKT,1.0,2016-01-01,,
PTR-00000566,MINT,2195895d-230d-4a71-947e-2a1144bfdfcf,DIREKT,1.0,2025-12-01,,
PTR-00000567,MINT,e22b7cf0-ab85-45a6-8cad-bd25c50884e3,MIGRATIONSLOG,1.0,2025-05-15,,migriert
PTR-00000568,MINT,7ce29e8c-b65a-4021-b3ef-997a52cf77fe,MIGRATIONSLOG,1.0,2025-05-15,,migriert
PTR-00000569,MINT,a706bce7-9d08-43e9-8137-a326e7c6d00b,MIGRATIONSLOG,1.0,2025-05-15,,migriert
PTR-00000570,MINT,68e887b0-084e-4195-964d-9cf2f47135fa,DIREKT,1.0,2022-06-01,,
PTR-00000571,MINT,e6f6894b-b239-4b47-b5e5-8bbeabdee199,MIGRATIONSLOG,1.0,2025-05-15,,migriert
PTR-00000572,MINT,96efb426-cd0e-4580-9f08-e8d51299f63b,MIGRATIONSLOG,1.0,2025-05-15,,migriert
PTR-00000573,MINT,60d4b57d-3f32-4c01-9f64-cd561313a4f3,MIGRATIONSLOG,1.0,2025-05-15,,migriert
PTR-00000574,MINT,db9f8c40-b51a-445a-9d2e-28705b686de8,DIREKT,1.0,2025-02-01,,
PTR-00000575,MINT,9be18a00-fd72-4b50-b040-e57cffb980e5,MIGRATIONSLOG,1.0,2025-05-15,,migriert
PTR-00000576,MINT,46245bce-62a4-46ae-965c-55ea9c199129,MIGRATIONSLOG,1.0,2025-05-15,,migriert
PTR-00000577,MINT,b1782280-23bd-47f4-b869-60d3906a800c,DIREKT,1.0,2023-07-01,,
PTR-00000578,MINT,679d4135-16a3-4560-8e31-2f35a260d896,DIREKT,1.0,2025-08-01,,
PTR-00000579,MINT,14cb3720-c010-402c-bd56-75252ead6792,MIGRATIONSLOG,1.0,2025-05-15,,migriert
PTR-00000580,MINT,5f566476-d3ea-43ba-9a3f-2db3df81c90c,DIREKT,1.0,2022-05-01,,
PTR-00000581,MINT,91898634-d043-4d65-a4cd-03d07fbd4b77,DIREKT,1.0,2017-05-01,,
PTR-00000582,MINT,b94a671a-d2cb-4271-bdd1-0b39962702bc,DIREKT,1.0,2021-12-01,,
PTR-00000583,MINT,1c115ccd-2075-4236-940d-3972e69d41fe,DIREKT,1.0,2002-10-01,,
PTR-00000584,MINT,2a904291-5830-4f84-8803-088183572422,MIGRATIONSLOG,1.0,2025-05-15,,migriert
PTR-00000586,MINT,3dce18cb-4677-457a-a2c5-b4d38d196fb6,MIGRATIONSLOG,1.0,2025-05-15,,migriert
PTR-00000588,MINT,2c2bccf4-c1c0-47b5-a206-94cdd00c0718,MIGRATIONSLOG,1.0,2025-05-15,,migriert
PTR-00000589,MINT,cde72a75-b4b0-4569-8c5e-1eecd5c95e44,MIGRATIONSLOG,1.0,2025-05-15,,migriert
PTR-00000590,MINT,aa2ff5b0-845e-45a4-b32d-0ce90187c9aa,DIREKT,1.0,2012-12-01,,
PTR-00000591,MINT,770e23d3-3b51-4805-b1fd-bbc521bf2455,DIREKT,1.0,2010-11-01,,
PTR-00000594,MINT,302f48ef-579c-47fa-8aba-09559cf1c126,MIGRATIONSLOG,1.0,2025-05-15,,migriert
PTR-00000595,MINT,20217fae-07f0-40f4-a2c2-f771eba0e661,DIREKT,1.0,2011-08-01,,
PTR-00000596,MINT,6cc1c774-fce7-4c22-a5c9-bd5612072b75,DIREKT,1.0,2025-09-01,,
PTR-00000597,MINT,2232d5c1-9a92-444c-b72b-9a81f7408727,DIREKT,1.0,2025-10-01,,
PTR-00000598,MINT,75357dd0-f701-4d7c-927b-da308182251b,DIREKT,1.0,2025-03-01,,
PTR-00000599,MINT,ca263173-eb5c-415a-9a8e-8da8c06a500d,MIGRATIONSLOG,1.0,2025-05-15,,migriert
PTR-00000600,MINT,962f60a1-198c-401e-a870-c33d42870c57,DIREKT,1.0,2012-06-01,,
PTR-00000602,MINT,16e10e48-65c4-4c01-8f30-ac829a46f2b4,MIGRATIONSLOG,1.0,2025-05-15,,migriert
PTR-00000603,MINT,1577b93b-d05d-40f3-b229-6f79607b6c15,MIGRATIONSLOG,1.0,2025-05-15,,migriert
PTR-00000604,MINT,4adf622b-0d37-42f2-99d2-c11f984d3bb6,MIGRATIONSLOG,1.0,2025-05-15,,migriert
PTR-00000605,MINT,ca90e151-f675-4c4b-a4db-43e3dfb24c20,DIREKT,1.0,2025-04-01,,
PTR-00000606,MINT,9d75930c-4395-4beb-bc14-c5ba18879868,DIREKT,1.0,2021-06-01,,
PTR-00000607,MINT,486399a8-23a8-4432-bb11-3027b963674f,DIREKT,1.0,2025-09-01,,
PTR-00000608,MINT,9331abb8-dfe0-405d-8416-8bd18dbb8536,DIREKT,1.0,2003-04-01,,
PTR-00000609,MINT,02a4af75-eb37-4ad3-9194-adb1805cd4b0,MIGRATIONSLOG,1.0,2025-05-15,,migriert
PTR-00000610,MINT,dcb41ce2-2171-446a-a558-2235a1f49d44,DIREKT,1.0,2024-06-01,,
PTR-00000611,MINT,6ba08474-68d6-4a6d-9d35-d89dfca0b849,DIREKT,1.0,1997-09-01,,
PTR-00000612,MINT,82fdf5eb-4b38-4324-a3bf-e5e97d5cb99d,MIGRATIONSLOG,1.0,2025-05-15,,migriert
PTR-00000613,MINT,995b75d6-3ace-44ba-b677-cbf6bfd0230e,MIGRATIONSLOG,1.0,2025-05-15,,migriert
PTR-00000616,MINT,d54fd3b2-24cc-4fa3-be40-9bebc5ac739d,MIGRATIONSLOG,1.0,2025-05-15,,migriert
PTR-00000617,MINT,adb7fc2e-b567-41d4-a138-b917ed5fb566,MIGRATIONSLOG,1.0,2025-05-15,,migriert
PTR-00000618,MINT,b2250b1e-7115-4b59-899e-ef7c1e7e6585,MIGRATIONSLOG,1.0,2025-05-15,,migriert
PTR-00000619,MINT,dbe2537f-4cf2-4ec9-9472-3ea6c2d572fb,MIGRATIONSLOG,1.0,2025-05-15,,migriert
PTR-00000620,MINT,2df6c8f6-b697-4fa1-9075-fade6748bdd0,MIGRATIONSLOG,1.0,2025-05-15,,migriert
PTR-00000621,MINT,7b2af124-c1c0-4a83-86ca-1f4bf7130243,MIGRATIONSLOG,1.0,2025-05-15,,migriert
PTR-00000624,MINT,c125edd0-3c2d-4a95-a193-836acf026bf8,MIGRATIONSLOG,1.0,2025-05-15,,migriert
PTR-00000625,MINT,ed30a753-2feb-429c-b68c-08b11c47f982,MIGRATIONSLOG,1.0,2025-05-15,,migriert
PTR-00000626,MINT,73e68414-1bf1-4372-af61-a3161d449f38,DIREKT,1.0,2005-07-01,,
PTR-00000627,MINT,254ca941-5ad1-4e3a-8beb-0bd43cc11a09,DIREKT,1.0,2023-09-01,,
PTR-00000629,MINT,dfb1fdcd-0188-416c-8094-2fad6077603d,DIREKT,1.0,2021-11-01,,
PTR-00000630,MINT,65ce2899-e267-4ebf-93c2-ef0e02d360ff,DIREKT,1.0,2014-06-01,,
PTR-00000631,MINT,03da00e5-be23-4021-9b43-219b07495a54,MIGRATIONSLOG,1.0,2025-05-15,,migriert
PTR-00000632,MINT,d23f0582-f968-4932-af0c-0140cc3a66bd,DIREKT,1.0,2005-11-01,,
PTR-00000633,MINT,d23df511-215f-44f3-8d19-9d3976db88b5,MIGRATIONSLOG,1.0,2025-05-15,,migriert
PTR-00000636,MINT,c1473713-248c-4fa3-9783-4ba4e596c178,DIREKT,1.0,2022-06-01,,
PTR-00000637,MINT,58a9c562-07b2-4243-b1cd-efe4281858d6,DIREKT,1.0,2021-11-01,,
PTR-00000640,MINT,1529f1da-40bc-43d1-9981-61958c72c149,DIREKT,1.0,2021-11-01,,
PTR-00000642,MINT,1f53dc7f-f13c-4fde-b491-11f12a2bbdec,MIGRATIONSLOG,1.0,2025-05-15,,migriert
PTR-00000643,MINT,e1705985-7564-4cc4-a92f-9bb055d7bec0,DIREKT,1.0,2018-11-01,,
PTR-00000644,MINT,d1fa8429-56c3-4763-86c4-3281fd1e27ae,MIGRATIONSLOG,1.0,2025-05-15,,migriert
PTR-00000647,MINT,28b8c4dd-090f-448e-866b-5c81dcc9677a,DIREKT,1.0,2025-05-01,,
PTR-00000648,MINT,5377aa2f-144c-4942-b9c1-4a9e05c31d47,MIGRATIONSLOG,1.0,2025-05-15,,migriert
PTR-00000649,MINT,e817ee4a-9d1b-4545-bd1a-73da63975808,MIGRATIONSLOG,1.0,2025-05-15,,migriert
PTR-00000650,MINT,33805209-57ad-4f37-a222-9f0e3d0d8ed8,DIREKT,1.0,2022-06-01,,
PTR-00000651,MINT,82443875-9e73-4167-9963-685f4460af09,DIREKT,1.0,2021-02-01,,
PTR-00000652,MINT,4c4b49bc-3bf1-4a4a-a428-f95b7bc74ec2,MIGRATIONSLOG,1.0,2025-05-15,,migriert
PTR-00000653,MINT,7fdc1180-c147-48d6-a1d6-6828cf67ea52,MIGRATIONSLOG,1.0,2025-05-15,,migriert
PTR-00000654,MINT,ba7ad1f6-9f06-45c1-b457-055e055669e0,DIREKT,1.0,2025-10-01,,
PTR-00000656,MINT,a0ce72a4-23c9-4547-be30-26a909691d13,DIREKT,1.0,2025-01-01,,
PTR-00000657,MINT,314e0ccd-d8d9-4036-9b9c-c8ad663da402,DIREKT,1.0,2025-09-01,,
PTR-00000658,MINT,927b31f8-1cc3-4195-b0a1-a4d36085be6c,MIGRATIONSLOG,1.0,2025-05-15,,migriert
PTR-00000660,MINT,7d23899a-ee33-43a8-9de7-dc643ae3be0e,DIREKT,1.0,2021-03-01,,
PTR-00000661,MINT,19ac2923-6052-4452-95ae-180443880315,MIGRATIONSLOG,1.0,2025-05-15,,migriert
PTR-00000662,MINT,9af05389-8fc7-480e-87aa-06567b6b14ec,DIREKT,1.0,2018-02-01,,
PTR-00000663,MINT,d21b9ccc-d26c-43b2-bef0-21ba9dcd6416,MIGRATIONSLOG,1.0,2025-05-15,,migriert
PTR-00000664,MINT,80172ba9-9bbf-4e32-9ffe-d345b6d2226b,MIGRATIONSLOG,1.0,2025-05-15,,migriert
PTR-00000665,MINT,7d301eb1-47be-4d0b-9644-20137995b90a,MIGRATIONSLOG,1.0,2025-05-15,,migriert
PTR-00000666,MINT,825de4ab-7797-4685-8c5d-af7288f59981,MIGRATIONSLOG,1.0,2025-05-15,,migriert
PTR-00000667,MINT,91724be3-9364-4270-93df-c77ffeab8b2b,DIREKT,1.0,2025-11-01,,
PTR-00000669,MINT,1b9f2f50-9b82-4088-9ec3-38c9fa4a49b4,DIREKT,1.0,2025-11-01,,
PTR-00000670,MINT,f223bb9a-61a1-46bc-887c-cef20f6e84dc,DIREKT,1.0,2025-08-01,,
PTR-00000671,MINT,80a5a124-5a66-4f28-9c15-a8963178beaf,MIGRATIONSLOG,1.0,2025-05-15,,migriert
PTR-00000675,MINT,25a600d2-2876-4012-85d8-576769a4b1c9,DIREKT,1.0,2025-02-01,,
PTR-00000676,MINT,f3da9404-3ba0-4295-b863-d0ed9d07b358,DIREKT,1.0,2025-08-01,,
PTR-00000677,MINT,67d3331d-2472-46a2-8edf-8cd6ccd5ca46,DIREKT,1.0,2024-01-01,,
PTR-00000678,MINT,7a6a117d-b85c-4453-8900-b8e9bdef9a37,DIREKT,1.0,2019-11-01,,
PTR-00000679,MINT,e46d208c-42d8-4288-8b72-d92764c8431a,DIREKT,1.0,2018-02-01,,
PTR-00000680,MINT,f2a14640-89af-430f-8aee-70ea529a0eca,MIGRATIONSLOG,1.0,2025-05-15,,migriert
PTR-00000683,MINT,d43c6b96-6a3e-483e-8fbb-25a589f3d340,DIREKT,1.0,2019-01-01,,
PTR-00000684,MINT,0b273fad-9f49-4ebe-9d3a-2ff3f453daa5,DIREKT,1.0,2025-11-01,,
PTR-00000685,MINT,49b51de0-0eda-41e6-b361-01e77174849b,MIGRATIONSLOG,1.0,2025-05-15,,migriert
PTR-00000686,MINT,51c49da1-60f1-448c-937d-bc79c42bc339,MIGRATIONSLOG,1.0,2025-05-15,,migriert
PTR-00000687,MINT,53c02ccc-5e8f-4194-b52e-4e6055ada917,MIGRATIONSLOG,1.0,2025-05-15,,migriert
PTR-00000688,MINT,253a46be-c16d-4589-8f75-a108cf2c1e93,MIGRATIONSLOG,1.0,2025-05-15,,migriert
PTR-00000689,MINT,a83f3ae8-9204-4865-87a2-c282aeb76280,DIREKT,1.0,2010-11-01,,
PTR-00000690,MINT,cd6f9291-ca09-40d5-9d92-eacaab748e3d,DIREKT,1.0,2021-03-01,,
PTR-00000692,MINT,4065956d-1c57-42a4-941f-edafcb42378e,DIREKT,1.0,2000-09-01,,
PTR-00000694,MINT,6253bded-25b6-400d-b693-2a991cdb9a26,DIREKT,1.0,2025-09-01,,
PTR-00000695,MINT,1a2cdb89-08db-4fb7-82f8-d30a9999856b,DIREKT,1.0,2025-11-01,,
PTR-00000696,MINT,8257d63a-7fb9-470c-9e15-9715b0bc35b8,DIREKT,1.0,2009-12-01,,
PTR-00000697,MINT,b86cc0ff-8579-434a-b707-4640e1aadcda,DIREKT,1.0,2020-09-01,,
PTR-00000699,MINT,7caa35ff-7487-4ff4-9670-e88cb82c7b2c,DIREKT,1.0,2024-12-01,,
PTR-00000700,MINT,63274739-e02c-4624-8d5e-81405b8d4112,DIREKT,1.0,2023-12-01,,
PTR-00000700,MINT,9651e9dc-703e-4838-aeb5-da198bc7b80c,PROBABILISTISCH,0.88,2023-12-01,,Registrierungsdublette
PTR-00000701,MINT,af680da7-5803-4b05-bc57-a2dad49b12cc,DIREKT,1.0,2025-01-01,,
PTR-00000702,MINT,6521deb5-3962-403c-8a91-1bff83088f09,DIREKT,1.0,2023-09-01,,
PTR-00000703,MINT,9f3189cb-c805-4b30-838c-d6a88e3930c3,DIREKT,1.0,2022-02-01,,
PTR-00000704,MINT,c9fb67bc-d9f5-4b93-8ce7-efd3a581c184,MIGRATIONSLOG,1.0,2025-05-15,,migriert
PTR-00000705,MINT,49141dd0-a15e-4c21-8e2a-5af03996778e,MIGRATIONSLOG,1.0,2025-05-15,,migriert
PTR-00000707,MINT,f6bf2309-434b-4c93-b277-7e5807610cee,DIREKT,1.0,2025-05-01,,
PTR-00000708,MINT,e17717c9-a8ef-4d80-993e-7bbbcbefa55c,DIREKT,1.0,2021-10-01,,
PTR-00000711,MINT,b0f15cda-8790-47e4-86ba-01de1e393d54,DIREKT,1.0,2022-01-01,,
PTR-00000712,MINT,5731e7c7-201a-4c28-8a61-015553abd6d3,DIREKT,1.0,2021-05-01,,
PTR-00000715,MINT,3ee2eba0-1745-41ec-844d-b4e188fbb30d,MIGRATIONSLOG,1.0,2025-05-15,,migriert
PTR-00000716,MINT,267d8865-becd-48ec-b62f-16cca1a373cf,MIGRATIONSLOG,1.0,2025-05-15,,migriert
PTR-00000717,MINT,fe5ed019-0066-4bc0-a117-b6fde0297dc5,DIREKT,1.0,2022-04-01,,
PTR-00000718,MINT,f32fddcc-b47f-4437-9204-cab2defa9441,DIREKT,1.0,2004-03-01,,
PTR-00000720,MINT,3ee526cc-bc56-4bec-b732-035d14f9ebe2,DIREKT,1.0,2021-04-01,,
PTR-00000722,MINT,12d2572f-347d-45b4-a68e-e346a22d47b0,DIREKT,1.0,2025-08-01,,
PTR-00000722,MINT,517ce3e2-a7a9-4f85-8afa-5f29a60a7d28,PROBABILISTISCH,0.88,2025-08-01,,Registrierungsdublette
PTR-00000723,MINT,b29b2753-fc92-4430-90f2-40bea1b67fb3,DIREKT,1.0,2012-11-01,,
PTR-00000724,MINT,8f10496f-2cb9-4e7d-a444-d46b22413273,MIGRATIONSLOG,1.0,2025-05-15,,migriert
PTR-00000726,MINT,b87ed49b-05ef-471b-a056-a2b776a468e8,DIREKT,1.0,2025-07-01,,
PTR-00000727,MINT,0396cbf5-5434-48c2-92a4-b5650055b244,DIREKT,1.0,2020-01-01,,
PTR-00000727,MINT,fc080aa3-f5ce-4826-982f-ba0a4118675a,PROBABILISTISCH,0.88,2020-01-01,,Registrierungsdublette
PTR-00000729,MINT,334c3618-c491-43a7-adc6-0152efe693f4,DIREKT,1.0,2020-09-01,,
PTR-00000730,MINT,850fa771-74b2-492a-a3cd-ffa4f644cb3e,MIGRATIONSLOG,1.0,2025-05-15,,migriert
PTR-00000731,MINT,41ac703c-2788-4fa4-aebd-5901aa43fa68,MIGRATIONSLOG,1.0,2025-05-15,,migriert
PTR-00000732,MINT,2ffce63b-e70a-4dff-8990-f11036629abc,DIREKT,1.0,2003-07-01,,
PTR-00000733,MINT,440e9bc3-a45c-4517-8667-2117c2d3035f,MIGRATIONSLOG,1.0,2025-05-15,,migriert
PTR-00000734,MINT,296dc536-06ed-45f5-92ca-9dd2d3a4ee41,DIREKT,1.0,2025-12-01,,
PTR-00000735,MINT,29a96459-86ab-41e2-88d7-621e5659f804,MIGRATIONSLOG,1.0,2025-05-15,,migriert
PTR-00000736,MINT,a82c9dae-4f2a-4321-a3f9-551fb15cb54b,DIREKT,1.0,2025-08-01,,
PTR-00000737,MINT,99299c90-176c-4c50-8a52-ec53487246b9,DIREKT,1.0,2025-05-01,,
PTR-00000739,MINT,84aecdd7-8018-4d0e-b323-baa87ebda61c,DIREKT,1.0,2023-05-01,,
PTR-00000741,MINT,9dbf7ca3-7eff-4721-b95a-1ff0a49d91f4,DIREKT,1.0,2021-05-01,,
PTR-00000742,MINT,8aa7f7f8-86a3-4239-ade0-cf210e5c2b4b,DIREKT,1.0,2024-09-01,,
PTR-00000743,MINT,955af980-5cce-4742-8f8b-7c98ff7b2fe2,DIREKT,1.0,2022-05-01,,
PTR-00000746,MINT,e7378473-4c61-4d93-875f-4801af8bb660,DIREKT,1.0,2005-10-01,,
PTR-00000748,MINT,6fdbf3a2-c0d3-42ab-a7f1-db9ea11a5db7,DIREKT,1.0,2025-12-01,,
PTR-00000752,MINT,b80da21d-4330-401a-8a34-b42bdab19116,DIREKT,1.0,2025-01-01,,
PTR-00000753,MINT,6945cf9c-f31e-4c0e-b4f2-a39ad4757461,DIREKT,1.0,2003-05-01,,
PTR-00000754,MINT,04e3fff2-865d-4206-a6cf-5a6b6fce1608,MIGRATIONSLOG,1.0,2025-05-15,,migriert
PTR-00000755,MINT,aa7b4816-d289-4d7d-867d-4cb060e5fb29,DIREKT,1.0,2005-05-01,,
PTR-00000756,MINT,1161201a-9609-484a-a448-819684265458,DIREKT,1.0,2012-03-01,,
PTR-00000757,MINT,d4739cc1-cf71-4ca8-a805-f52ea50487b2,MIGRATIONSLOG,1.0,2025-05-15,,migriert
PTR-00000758,MINT,a6214154-23e4-4f1c-81b9-33769c2a227a,DIREKT,1.0,2025-03-01,,
PTR-00000759,MINT,3b09216a-d6ed-426b-9f08-9c6a1fff0bf0,MIGRATIONSLOG,1.0,2025-05-15,,migriert
PTR-00000760,MINT,5812ae2d-4dd5-432f-9881-86e5fe58b99e,MIGRATIONSLOG,1.0,2025-05-15,,migriert
PTR-00000761,MINT,7cb7fb83-1783-480c-9620-6b2d0acb64f6,DIREKT,1.0,2014-01-01,,
PTR-00000764,MINT,8d6ead70-2206-48f7-9a18-0490c4afb7c3,DIREKT,1.0,2020-11-01,,
PTR-00000765,MINT,84a74916-762b-41b0-93d1-026ff6affc5c,DIREKT,1.0,2021-10-01,,
PTR-00000767,MINT,f4bfbcce-d7fa-490d-af54-27536a03dbaa,DIREKT,1.0,2020-11-01,,
PTR-00000767,MINT,fa54ddf6-e7ba-480a-b959-81e9a790ffe7,PROBABILISTISCH,0.88,2020-11-01,,Registrierungsdublette
PTR-00000768,MINT,47addc63-3e19-4b41-b924-b4e279f9e531,DIREKT,1.0,2023-10-01,,
PTR-00000769,MINT,7b1d8ef1-f625-4b0e-bbf4-aec6cb62fcef,DIREKT,1.0,2018-03-01,,
PTR-00000770,MINT,59f93131-a164-4692-b2da-9fa950032363,MIGRATIONSLOG,1.0,2025-05-15,,migriert
PTR-00000771,MINT,e5e8f914-c311-43ab-bb8e-e98f033fe27b,DIREKT,1.0,1995-11-01,,
PTR-00000772,MINT,6dafe18c-7893-49ab-93d3-dee11bf21302,MIGRATIONSLOG,1.0,2025-05-15,,migriert
PTR-00000773,MINT,d8d5aecb-ba44-4cfb-9097-1d2acb07b314,MIGRATIONSLOG,1.0,2025-05-15,,migriert
PTR-00000774,MINT,046cd17d-bf12-4b40-bb69-0837fe029217,DIREKT,1.0,1999-07-01,,
PTR-00000775,MINT,3d76ecda-8bec-483c-8910-dd1b39278ffc,DIREKT,1.0,2016-06-01,,
PTR-00000776,MINT,199e2e8d-58eb-4478-a8a8-8b9db1b47475,DIREKT,1.0,2025-11-01,,
PTR-00000777,MINT,e5674d06-3b53-447c-aa48-0d33e4c66541,DIREKT,1.0,2010-12-01,,
PTR-00000778,MINT,2aaedae0-6e61-4acf-aad2-84ee21be627d,DIREKT,1.0,2025-10-01,,
PTR-00000780,MINT,0fd74fe0-ee53-435e-803b-44ac6fe70a77,DIREKT,1.0,2025-01-01,,
PTR-00000781,MINT,7b154879-0322-4f62-9b88-ef7c20f53fd9,DIREKT,1.0,2003-12-01,,
PTR-00000782,MINT,1eb03466-babb-449f-bbed-ba5a32c55575,MIGRATIONSLOG,1.0,2025-05-15,,migriert
PTR-00000783,MINT,54599ddb-3563-4086-a76a-1678773fc6bc,MIGRATIONSLOG,1.0,2025-05-15,,migriert
PTR-00000784,MINT,fc1cf928-bcce-4cfe-8200-b7c7ee9d93b5,MIGRATIONSLOG,1.0,2025-05-15,,migriert
PTR-00000785,MINT,22a76a47-0ff1-4068-a8ba-051b50ddd175,MIGRATIONSLOG,1.0,2025-05-15,,migriert
PTR-00000786,MINT,e15957ff-7b41-4470-834d-54d2737a5f46,MIGRATIONSLOG,1.0,2025-05-15,,migriert
PTR-00000788,MINT,03bac6c2-a467-4c39-b9d0-38e0a4376352,MIGRATIONSLOG,1.0,2025-05-15,,migriert
PTR-00000789,MINT,9acc3367-3524-4087-b6e7-53fb08d795dd,DIREKT,1.0,2006-06-01,,
PTR-00000790,MINT,5d8d59e7-3d29-4127-811b-2b8c2da4fb75,MIGRATIONSLOG,1.0,2025-05-15,,migriert
PTR-00000791,MINT,5cceda9e-2010-4179-94b2-fbaa079465d2,MIGRATIONSLOG,1.0,2025-05-15,,migriert
PTR-00000792,MINT,7a2125c7-e9b5-4506-bd3a-dc7397dd44ee,DIREKT,1.0,2025-04-01,,
PTR-00000793,MINT,d44c3c5d-cdcd-4dc4-bece-960ee47e2616,DIREKT,1.0,2014-02-01,,
PTR-00000794,MINT,a6557564-b0c1-4d4d-804e-cbe5bbcd6789,DIREKT,1.0,2010-06-01,,
PTR-00000796,MINT,90e6723a-ac11-43f7-8092-b1bb84599b32,DIREKT,1.0,2025-01-01,,
PTR-00000797,MINT,0d739f00-d2e2-4a3e-a469-e750246fa4da,MIGRATIONSLOG,1.0,2025-05-15,,migriert
PTR-00000798,MINT,4f51ea42-4286-493e-94f3-04c04a093301,DIREKT,1.0,2004-01-01,,
PTR-00000799,MINT,f105bd48-e202-49cd-9d7f-339aedd8b181,MIGRATIONSLOG,1.0,2025-05-15,,migriert
PTR-00000800,MINT,68e2e407-a364-4ba6-bb32-29508df2ff34,MIGRATIONSLOG,1.0,2025-05-15,,migriert
PTR-00000801,MINT,71e080e5-7b6c-428c-975a-b7077441a7e5,DIREKT,1.0,2022-11-01,,
PTR-00000802,MINT,9644dbce-0652-4a42-87a7-49bc64e7da8d,DIREKT,1.0,2021-04-01,,
PTR-00000803,MINT,ba4c459e-c68f-4df0-8f75-fe15f47d3c20,MIGRATIONSLOG,1.0,2025-05-15,,migriert
PTR-00000804,MINT,afdb403d-4ff4-4ac4-bdcd-7537629614d7,DIREKT,1.0,2010-03-01,,
PTR-00000806,MINT,6b0dc7c3-a852-4277-a151-4e97738f4bc9,DIREKT,1.0,2025-07-01,,
PTR-00000807,MINT,841b362a-a9af-4080-b900-73186f4269d0,DIREKT,1.0,2025-07-01,,
PTR-00000808,MINT,f6278b7f-d87b-441d-a640-2715aa77f2e4,DIREKT,1.0,2025-12-01,,
PTR-00000809,MINT,f664791a-69c5-4b7c-a392-ed88f02045bd,DIREKT,1.0,2024-02-01,,
PTR-00000810,MINT,c5a40b78-0cb4-485e-9237-bab7df68a3a9,MIGRATIONSLOG,1.0,2025-05-15,,migriert
PTR-00000811,MINT,11684877-1182-4d21-8caf-805638c62825,DIREKT,1.0,2025-03-01,,
PTR-00000812,MINT,05058bf2-b1ea-479a-ad89-36878f497bfd,MIGRATIONSLOG,1.0,2025-05-15,,migriert
PTR-00000813,MINT,12494848-8691-46b5-ac52-517352b4d2e4,DIREKT,1.0,2021-12-01,,
PTR-00000814,MINT,64f79312-044d-43fe-96f7-f28b1c2d8264,MIGRATIONSLOG,1.0,2025-05-15,,migriert
PTR-00000815,MINT,585b66e8-30f7-4ab9-9ee0-fae491b62438,MIGRATIONSLOG,1.0,2025-05-15,,migriert
PTR-00000817,MINT,63f153e7-772d-4cd6-bfd2-d44ac21c1e08,DIREKT,1.0,2025-05-01,,
PTR-00000818,MINT,82f06e4b-ffb7-44b4-a3d8-9269b5a03b83,MIGRATIONSLOG,1.0,2025-05-15,,migriert
PTR-00000820,MINT,0301ce01-492b-48bf-b20f-b4d95888a5a9,MIGRATIONSLOG,1.0,2025-05-15,,migriert
PTR-00000823,MINT,0fd234ca-025c-4785-8ed2-4619328779b8,MIGRATIONSLOG,1.0,2025-05-15,,migriert
PTR-00000824,MINT,98c9e53b-8926-45bd-b7fd-064947d5ab7d,DIREKT,1.0,2014-08-01,,
PTR-00000825,MINT,cf727ce0-5d5f-4112-b248-bee7ad896194,MIGRATIONSLOG,1.0,2025-05-15,,migriert
PTR-00000826,MINT,f83715a9-1413-49db-88ce-6f4be959dc92,MIGRATIONSLOG,1.0,2025-05-15,,migriert
PTR-00000827,MINT,d6efa9aa-c9d4-448e-8850-2a921a038d44,DIREKT,1.0,2024-12-01,,
PTR-00000828,MINT,d7ce1985-70bd-4181-a366-26f1c742923d,MIGRATIONSLOG,1.0,2025-05-15,,migriert
PTR-00000829,MINT,00583543-a55d-4276-8607-222c986d0c4c,DIREKT,1.0,2021-05-01,,
PTR-00000830,MINT,4fc6aca8-178f-4d1e-9ac0-3fe79ef295ad,DIREKT,1.0,2020-10-01,,
PTR-00000832,MINT,cb01cee2-1aa9-4b82-96c0-5820fe4adfbc,DIREKT,1.0,2025-04-01,,
PTR-00000833,MINT,c5ff62f3-d177-4139-a427-ed2ab0dedac3,MIGRATIONSLOG,1.0,2025-05-15,,migriert
PTR-00000834,MINT,958337f1-cdcb-4a30-b866-284fedc2fa34,DIREKT,1.0,2017-08-01,,
PTR-00000836,MINT,77c00fd4-2f1c-4e27-b4c9-697662271957,MIGRATIONSLOG,1.0,2025-05-15,,migriert
PTR-00000837,MINT,6106ac9f-d334-4ee2-b0a1-ca9c9d1388a7,DIREKT,1.0,2025-08-01,,
PTR-00000838,MINT,3024d724-a613-49f2-a3d7-81edb0b945b0,MIGRATIONSLOG,1.0,2025-05-15,,migriert
PTR-00000839,MINT,5b631a1d-5c10-4c91-899a-e874f713a081,MIGRATIONSLOG,1.0,2025-05-15,,migriert
PTR-00000840,MINT,eecae1e6-d443-4aeb-9881-87510b50bb6a,DIREKT,1.0,2025-12-01,,
PTR-00000841,MINT,7ecd301a-0a57-4922-a00d-de22ed96da8c,DIREKT,1.0,2023-10-01,,
PTR-00000842,MINT,c77e43b2-379e-4514-b95d-7e133a1890d0,MIGRATIONSLOG,1.0,2025-05-15,,migriert
PTR-00000843,MINT,c3cc3189-fe73-4344-a7fc-bfdc26b17258,DIREKT,1.0,2025-12-01,,
PTR-00000844,MINT,be3c627b-a91c-42b3-8bcc-ec19ce9fa2f2,DIREKT,1.0,2025-05-01,,
PTR-00000845,MINT,ab80bb90-b4cf-4954-8939-aea97d3e69c6,DIREKT,1.0,2021-03-01,,
PTR-00000847,MINT,c7c424de-40dc-441d-9d86-0e2ccd303412,MIGRATIONSLOG,1.0,2025-05-15,,migriert
PTR-00000848,MINT,2b72bf1a-2997-497f-9977-0a210bcea938,MIGRATIONSLOG,1.0,2025-05-15,,migriert
PTR-00000849,MINT,a879372f-2838-4d0b-9569-1a8e57cbdeff,MIGRATIONSLOG,1.0,2025-05-15,,migriert
PTR-00000850,MINT,65801508-65c6-444b-aaf0-302d64dfb781,MIGRATIONSLOG,1.0,2025-05-15,,migriert
PTR-00000851,MINT,13d0c38f-d690-4228-8a00-5071f4440b41,DIREKT,1.0,2013-08-01,,
PTR-00000852,MINT,49689c0b-6209-4dd7-8058-5957e913bace,DIREKT,1.0,2009-01-01,,
PTR-00000853,MINT,602bb66f-b366-43c9-84f7-80f84c0179a3,DIREKT,1.0,2016-04-01,,
PTR-00000855,MINT,0f9475f5-b039-4db9-b99e-968353189ac0,MIGRATIONSLOG,1.0,2025-05-15,,migriert
PTR-00000856,MINT,9cc2646d-5016-4b6e-9e63-b64b6ef2bece,DIREKT,1.0,2013-05-01,,
PTR-00000858,MINT,38f28563-a0e2-4d34-8456-a8b1d7c4c8ee,DIREKT,1.0,2025-02-01,,
PTR-00000859,MINT,611e2323-bb7c-40be-98f6-14e76f65109c,MIGRATIONSLOG,1.0,2025-05-15,,migriert
PTR-00000861,MINT,d2ee40dc-4654-4635-8554-2c1ac2760f3a,DIREKT,1.0,2024-03-01,,
PTR-00000862,MINT,100dd7e4-e44e-4f30-8191-d2cd50f8ad0d,DIREKT,1.0,2017-11-01,,
PTR-00000864,MINT,23385f56-ed82-4abb-a530-f87e0dac7a75,DIREKT,1.0,2021-04-01,,
PTR-00000865,MINT,55b013af-85df-4e95-9190-017db84b9019,MIGRATIONSLOG,1.0,2025-05-15,,migriert
PTR-00000867,MINT,d19d084c-325f-4621-a6b1-f9824fecbf82,DIREKT,1.0,2025-11-01,,
PTR-00000868,MINT,10dda2f1-f5c0-4491-aef6-6cbc88a68fa0,DIREKT,1.0,2014-10-01,,
PTR-00000870,MINT,cee0b67e-af08-4cfe-8fde-ef00a98d08a7,DIREKT,1.0,2025-11-01,,
PTR-00000872,MINT,8b5facfc-a17f-4642-a0e9-a2c52ee56c49,MIGRATIONSLOG,1.0,2025-05-15,,migriert
PTR-00000874,MINT,611e1c8d-f473-4b0a-85a6-6b7023e8f0c2,MIGRATIONSLOG,1.0,2025-05-15,,migriert
PTR-00000875,MINT,78f321c0-bf32-4c39-b736-9b1ce3407b3f,MIGRATIONSLOG,1.0,2025-05-15,,migriert
PTR-00000876,MINT,6a05d0ab-f793-453c-9e14-ada2ef4cb483,MIGRATIONSLOG,1.0,2025-05-15,,migriert
PTR-00000877,MINT,be0fbb14-505b-4f71-9301-b8610922229b,DIREKT,1.0,2025-12-01,,
PTR-00000879,MINT,790fa2ef-82b8-4570-ba8e-5a3fc93a52cf,DIREKT,1.0,2015-02-01,,
PTR-00000881,MINT,16a862e2-e0cd-4b19-806c-4c9199d364de,DIREKT,1.0,2013-11-01,,
PTR-00000883,MINT,bc75bb17-a822-46ac-bc41-91cd315a8dca,DIREKT,1.0,2025-05-01,,
PTR-00000885,MINT,f1b19e60-1dbd-48ad-b99e-8b7b5df2c44c,DIREKT,1.0,2025-10-01,,
PTR-00000886,MINT,ae21156b-743f-446d-bfe2-476e1fdc1698,DIREKT,1.0,2025-06-01,,
PTR-00000887,MINT,c9ed6544-df17-4a9a-ac9c-6e0d6fb5d1b3,DIREKT,1.0,2025-09-01,,
PTR-00000888,MINT,24d63239-4281-44aa-b3be-80564fafdda2,DIREKT,1.0,2018-10-01,,
PTR-00000889,MINT,4df791ca-8b40-4ad9-8151-bd0c6f709c8e,MIGRATIONSLOG,1.0,2025-05-15,,migriert
PTR-00000890,MINT,b77f507b-779e-4207-a7c9-42427702e59a,MIGRATIONSLOG,1.0,2025-05-15,,migriert
PTR-00000891,MINT,53e3f32e-6fc9-4a3d-9fb9-36cdde7fef56,MIGRATIONSLOG,1.0,2025-05-15,,migriert
PTR-00000892,MINT,b5a603d4-995a-4a36-949e-487d9d89d7b7,MIGRATIONSLOG,1.0,2025-05-15,,migriert
PTR-00000893,MINT,9f0f0d6c-6649-45a0-920b-4f2d68e2655d,MIGRATIONSLOG,1.0,2025-05-15,,migriert
PTR-00000896,MINT,5f67bfe9-1ae4-4d18-a8e6-0bfd1494e66c,DIREKT,1.0,2025-12-01,,
PTR-00000897,MINT,478ed0c5-032f-41e6-a242-e2b80c466450,DIREKT,1.0,2009-12-01,,
PTR-00000898,MINT,5015e856-59f8-450d-b3e9-1a45320de6dc,MIGRATIONSLOG,1.0,2025-05-15,,migriert
PTR-00000899,MINT,57431fd2-d7c3-44ce-af75-580330ba2ca2,DIREKT,1.0,2021-07-01,,
PTR-00000900,MINT,9f7b72cc-593a-498a-adc3-b29a113f372f,DIREKT,1.0,2025-02-01,,
PTR-00000901,MINT,3ccef33a-1699-4b10-a4ea-c283a43650dc,DIREKT,1.0,2020-06-01,,
PTR-00000902,MINT,ee8b26e0-e77a-440b-b83f-d37be2e7ccb3,DIREKT,1.0,2021-05-01,,
PTR-00000903,MINT,aa0d6037-d93a-422d-9073-25f888bde277,DIREKT,1.0,2020-10-01,,
PTR-00000904,MINT,32cf289e-4021-4fec-a3e1-49caa7458435,DIREKT,1.0,2022-08-01,,
PTR-00000905,MINT,9390b2e8-0959-43bb-a58d-dd836d773695,MIGRATIONSLOG,1.0,2025-05-15,,migriert
PTR-00000906,MINT,9e0c1369-bd2b-48fe-8218-ef088f98deb6,MIGRATIONSLOG,1.0,2025-05-15,,migriert
PTR-00000907,MINT,6a287e80-5c2b-485f-8a0d-d16f28b05f40,DIREKT,1.0,2019-11-01,,
PTR-00000908,MINT,cae32565-d653-4eaf-9d88-2984aba27f83,DIREKT,1.0,2010-11-01,,
PTR-00000909,MINT,861e8505-50c5-4bc9-9ca2-e51a8d13b980,DIREKT,1.0,2003-04-01,,
PTR-00000910,MINT,588c54b0-c221-4f32-a6d4-c2d157157ef9,MIGRATIONSLOG,1.0,2025-05-15,,migriert
PTR-00000911,MINT,b5473ca7-41b3-45a3-b60a-a4b7ed9dd56e,MIGRATIONSLOG,1.0,2025-05-15,,migriert
PTR-00000912,MINT,e48556f1-dbf5-4e01-a1a4-381b7fa338a0,MIGRATIONSLOG,1.0,2025-05-15,,migriert
PTR-00000913,MINT,92500930-b596-4627-a674-6d787be52f3f,DIREKT,1.0,2022-06-01,,
PTR-00000916,MINT,0fe8c803-e49f-4c37-b6f4-5a0d46f02056,MIGRATIONSLOG,1.0,2025-05-15,,migriert
PTR-00000917,MINT,28c5492d-73a2-4c0f-ae80-d4ae49494ff2,DIREKT,1.0,2021-08-01,,
PTR-00000918,MINT,077447a0-6c8d-49bd-8cd4-55ff77c434a6,DIREKT,1.0,2021-06-01,,
PTR-00000919,MINT,7fb59574-c4c4-4d24-ad9d-39b8ea7594c0,DIREKT,1.0,2020-08-01,,
PTR-00000920,MINT,41b4e969-f22e-4511-a297-78ea1e48677f,MIGRATIONSLOG,1.0,2025-05-15,,migriert
PTR-00000921,MINT,cfbb2a30-c363-4113-91b6-ce5dc0f05739,DIREKT,1.0,2022-04-01,,
PTR-00000923,MINT,c71188b4-6300-4a9c-a46e-b5796168491e,DIREKT,1.0,2024-04-01,,
PTR-00000924,MINT,33875883-8547-4894-a992-01d787c21ffb,DIREKT,1.0,2014-12-01,,
PTR-00000925,MINT,8be669bb-ddc8-4175-93f5-e3e11f895b55,MIGRATIONSLOG,1.0,2025-05-15,,migriert
PTR-00000926,MINT,d0bb2fe9-0329-4786-a95b-9ab932d93845,DIREKT,1.0,2019-05-01,,
PTR-00000927,MINT,1c79b125-179e-4bd2-bf07-047d5e9428eb,MIGRATIONSLOG,1.0,2025-05-15,,migriert
PTR-00000928,MINT,2a0f72a9-4d27-41b2-8d11-ea8775a1089a,MIGRATIONSLOG,1.0,2025-05-15,,migriert
PTR-00000929,MINT,b7167fbf-dbe4-4fdd-992d-a773b1e57559,DIREKT,1.0,2025-03-01,,
PTR-00000930,MINT,c278f813-2440-4bf5-b0f7-47e032faa539,DIREKT,1.0,2015-06-01,,
PTR-00000931,MINT,e40cf33d-a9a7-4938-b8cf-b9461dfa5052,DIREKT,1.0,2025-05-01,,
PTR-00000932,MINT,661fbfb0-a7f5-4d7d-8827-ba72ca7d21ac,MIGRATIONSLOG,1.0,2025-05-15,,migriert
PTR-00000933,MINT,a2ea69bd-7b71-4966-94b2-a1215dc78803,DIREKT,1.0,2025-06-01,,
PTR-00000934,MINT,dc6c872b-fa8f-4d79-87d8-4f05b53a14d8,DIREKT,1.0,2024-11-01,,
PTR-00000936,MINT,57b126d8-8e27-4d36-8434-452173e5d9fd,DIREKT,1.0,2022-05-01,,
PTR-00000937,MINT,6773a908-adf8-494d-992c-881ceae6a5f1,DIREKT,1.0,2020-06-01,,
PTR-00000938,MINT,831ba17a-697d-46da-b9f8-52c3b5aa0f6f,MIGRATIONSLOG,1.0,2025-05-15,,migriert
PTR-00000939,MINT,aa5f995e-2ab4-4587-99e4-a5865a91cf36,MIGRATIONSLOG,1.0,2025-05-15,,migriert
PTR-00000941,MINT,0677f6bf-6ea4-45f7-8656-75b5440040b3,DIREKT,1.0,2025-08-01,,
PTR-00000942,MINT,0f1040cb-ccdf-493e-9fcd-5ba8b3837014,DIREKT,1.0,2023-03-01,,
PTR-00000943,MINT,1d741e0d-cd61-4ada-9c21-15b63649168b,DIREKT,1.0,2021-07-01,,
PTR-00000945,MINT,2968383a-460c-4bb8-8ae0-2e1a350a8354,MIGRATIONSLOG,1.0,2025-05-15,,migriert
PTR-00000948,MINT,9642d6d8-61a0-4b34-89d3-52285bd04b90,MIGRATIONSLOG,1.0,2025-05-15,,migriert
PTR-00000950,MINT,9801607b-d55c-4dbf-bfad-7aa5b45a1378,DIREKT,1.0,2022-10-01,,
PTR-00000951,MINT,299e188d-969f-456f-8c68-a15296441903,DIREKT,1.0,2012-10-01,,
PTR-00000952,MINT,76890d9f-83c4-4fcc-9798-05b44029c656,DIREKT,1.0,2019-11-01,,
PTR-00000954,MINT,7c84d18b-0999-4ff7-9ea8-da3bd81b5bc3,MIGRATIONSLOG,1.0,2025-05-15,,migriert
PTR-00000957,MINT,e6ece5eb-63c3-40af-8fe1-5504deaf2dac,DIREKT,1.0,2025-12-01,,
PTR-00000959,MINT,3ac05c00-2f4f-424c-8468-bb7f8d81e680,MIGRATIONSLOG,1.0,2025-05-15,,migriert
PTR-00000960,MINT,203adac1-7361-4946-b339-19375317c1f3,MIGRATIONSLOG,1.0,2025-05-15,,migriert
PTR-00000964,MINT,06948bc3-17f1-40df-8638-170a60738950,DIREKT,1.0,2025-03-01,,
PTR-00000965,MINT,f94e84f8-7ddf-4c9c-9206-a328fb3dcd8b,MIGRATIONSLOG,1.0,2025-05-15,,migriert
PTR-00000968,MINT,7e43259a-00d2-489d-95c6-4f2dfe177ff3,DIREKT,1.0,2020-10-01,,
PTR-00000970,MINT,b8ed9547-21db-4676-9fad-2bcb3118e47f,MIGRATIONSLOG,1.0,2025-05-15,,migriert
PTR-00000971,MINT,58909010-a6aa-4ff1-8e8f-2cdb929aa6f6,MIGRATIONSLOG,1.0,2025-05-15,,migriert
PTR-00000972,MINT,17c4fdb0-9e3c-4976-ada7-2ed95eddb79e,DIREKT,1.0,2025-03-01,,
PTR-00000973,MINT,6734810d-683e-459a-a802-203abcc99139,MIGRATIONSLOG,1.0,2025-05-15,,migriert
PTR-00000975,MINT,618a474a-99d7-489e-b4ec-9db1103125f6,MIGRATIONSLOG,1.0,2025-05-15,,migriert
PTR-00000976,MINT,5032c351-c6ef-4cb1-bf6c-2b07b017a70d,MIGRATIONSLOG,1.0,2025-05-15,,migriert
PTR-00000979,MINT,94ba2511-4381-425c-8b6a-0cd0cd3e1240,DIREKT,1.0,2021-04-01,,
PTR-00000982,MINT,225a8347-0322-4bfd-b9fe-c522d1323854,DIREKT,1.0,2025-01-01,,
PTR-00000983,MINT,44106be9-f99b-4165-98b2-a427401737ad,DIREKT,1.0,2025-10-01,,
PTR-00000984,MINT,36a2fe7f-eb60-41bb-b9c9-80444a0a00c7,DIREKT,1.0,2021-05-01,,
PTR-00000985,MINT,7557b82c-5cd8-47e7-985b-a91cfe42e6a5,DIREKT,1.0,2021-12-01,,
PTR-00000987,MINT,1e5c32af-f172-443b-94d9-f1ccf8020d3e,DIREKT,1.0,2013-09-01,,
PTR-00000989,MINT,ed8a221b-0bbe-4862-97cc-d41ec5d5650c,MIGRATIONSLOG,1.0,2025-05-15,,migriert
PTR-00000990,MINT,1e6e08da-6608-40c7-be58-2ff820a554ac,MIGRATIONSLOG,1.0,2025-05-15,,migriert
PTR-00000991,MINT,cc434239-4c20-4345-9561-8f99ccbcda03,MIGRATIONSLOG,1.0,2025-05-15,,migriert
PTR-00000992,MINT,809c7e48-102c-4d5e-9574-b7f4ee62ee6f,MIGRATIONSLOG,1.0,2025-05-15,,migriert
PTR-00000993,MINT,d1c1a0e6-dfa3-481c-8d0b-07186a9fc9f3,MIGRATIONSLOG,1.0,2025-05-15,,migriert
PTR-00000995,MINT,52756f04-8312-441e-a55f-d30489f194e8,MIGRATIONSLOG,1.0,2025-05-15,,migriert
PTR-00000997,MINT,ee32645a-c5a6-477c-9de4-8f498dd6300a,DIREKT,1.0,2019-05-01,,
PTR-00000998,MINT,79beffbd-91b5-4950-acaa-8424419bb2ce,MIGRATIONSLOG,1.0,2025-05-15,,migriert
PTR-00001000,MINT,528d8db8-b56a-4ee5-9825-ceb83d936401,DIREKT,1.0,2017-07-01,,
