curated_id,quellsystem,quell_id,match_methode,match_score,gueltig_von,gueltig_bis,bemerkung
VTR-00000101,HAPO,40.000.001-3,MIGRATIONSLOG,1.0,2016-03-01,2025-05-15,Migrationsstorno ZZ im Altsystem
VTR-00000301,HAPO,40.000.002-9,MIGRATIONSLOG,1.0,2016-01-01,2025-05-15,Migrationsstorno ZZ im Altsystem
VTR-00000401,HAPO,40.000.003-7,MIGRATIONSLOG,1.0,2014-01-01,2025-05-15,Migrationsstorno ZZ im Altsystem
VTR-00000503,HAPO,40.000.004-5,MIGRATIONSLOG,1.0,2001-01-01,2025-05-15,Migrationsstorno ZZ im Altsystem
VTR-00000801,HAPO,40.000.005-0,MIGRATIONSLOG,1.0,2013-01-01,2025-05-15,Migrationsstorno ZZ im Altsystem
VTR-00000902,HAPO,40.000.006-1,MIGRATIONSLOG,1.0,2023-05-15,2025-05-15,Migrationsstorno ZZ im Altsystem
VTR-00002003,HAPO,40.000.007-6,MIGRATIONSLOG,1.0,2017-11-01,2025-05-15,
VTR-00002004,HAPO,40.000.008-4,MIGRATIONSLOG,1.0,2015-03-01,2025-05-15,
VTR-00002008,HAPO,40.000.009-2,MIGRATIONSLOG,1.0,2013-05-01,2025-05-15,Migrationsstorno ZZ im Altsystem
VTR-00002009,HAPO,40.000.010-0,MIGRATIONSLOG,1.0,2015-02-01,2025-05-15,
VTR-00002012,HAPO,40.000.011-1,MIGRATIONSLOG,1.0,2017-03-01,2025-05-15,Migrationsstorno ZZ im Altsystem
VTR-00002014,HAPO,40.000.012-6,MIGRATIONSLOG,1.0,2018-01-01,2025-05-15,Migrationsstorno ZZ im Altsystem
VTR-00002017,HAPO,40.000.013-4,MIGRATIONSLOG,1.0,2016-04-01,2025-05-15,Migrationsstorno ZZ im Altsystem
VTR-00002018,HAPO,40.000.014-2,MIGRATIONSLOG,1.0,2018-07-01,2025-05-15,Migrationsstorno ZZ im Altsystem
VTR-00002021,HAPO,40.000.015-8,MIGRATIONSLOG,1.0,2019-10-01,2025-05-15,Migrationsstorno ZZ im Altsystem
VTR-00002023,HAPO,40.000.016-3,MIGRATIONSLOG,1.0,2013-04-01,2025-05-15,Migrationsstorno ZZ im Altsystem
VTR-00002025,HAPO,40.000.017-9,MIGRATIONSLOG,1.0,2017-06-01,2025-05-15,Migrationsstorno ZZ im Altsystem
VTR-00002026,HAPO,40.000.018-7,MIGRATIONSLOG,1.0,2020-10-01,2025-05-15,Migrationsstorno ZZ im Altsystem
VTR-00002028,HAPO,40.000.019-5,MIGRATIONSLOG,1.0,2017-12-01,2025-05-15,Migrationsstorno ZZ im Altsystem
VTR-00002029,HAPO,40.000.020-5,MIGRATIONSLOG,1.0,2012-03-01,2025-05-15,
VTR-00002030,HAPO,40.000.021-0,MIGRATIONSLOG,1.0,2017-07-01,2025-05-15,Migrationsstorno ZZ im Altsystem
VTR-00002038,HAPO,40.000.022-1,MIGRATIONSLOG,1.0,2016-08-01,2025-05-15,Migrationsstorno ZZ im Altsystem
VTR-00002042,HAPO,40.000.023-6,MIGRATIONSLOG,1.0,2016-10-01,2025-05-15,
VTR-00002043,HAPO,40.000.024-4,MIGRATIONSLOG,1.0,2015-11-01,2025-05-15,
VTR-00002045,HAPO,40.000.025-2,MIGRATIONSLOG,1.0,2017-03-01,2025-05-15,
VTR-00002046,HAPO,40.000.026-8,MIGRATIONSLOG,1.0,2018-03-01,2025-05-15,
VTR-00002048,HAPO,40.000.027-3,MIGRATIONSLOG,1.0,2007-08-01,2025-05-15,Migrationsstorno ZZ im Altsystem
VTR-00002050,HAPO,40.000.028-9,MIGRATIONSLOG,1.0,2014-01-01,2025-05-15,
VTR-00002051,HAPO,40.000.029-7,MIGRATIONSLOG,1.0,2016-11-01,2025-05-15,Migrationsstorno ZZ im Altsystem
VTR-00002052,HAPO,40.000.030-2,MIGRATIONSLOG,1.0,2016-01-01,2025-05-15,Migrationsstorno ZZ im Altsystem
VTR-00002054,HAPO,40.000.031-8,MIGRATIONSLOG,1.0,2017-08-01,2025-05-15,Migrationsstorno ZZ im Altsystem
VTR-00002055,HAPO,40.000.032-3,MIGRATIONSLOG,1.0,2016-05-01,2025-05-15,Migrationsstorno ZZ im Altsystem
VTR-00002057,HAPO,40.000.033-9,MIGRATIONSLOG,1.0,2015-08-01,2025-05-15,Migrationsstorno ZZ im Altsystem
VTR-00002058,HAPO,40.000.034-7,MIGRATIONSLOG,1.0,2016-05-01,2025-05-15,Migrationsstorno ZZ im Altsystem
VTR-00002059,HAPO,40.000.035-5,MIGRATIONSLOG,1.0,2016-05-01,2025-05-15,
VTR-00002063,HAPO,40.000.036-0,MIGRATIONSLOG,1.0,2016-05-01,2025-05-15,Migrationsstorno ZZ im Altsystem
VTR-00002064,HAPO,40.000.037-1,MIGRATIONSLOG,1.0,2014-03-01,2025-05-15,
VTR-00002065,HAPO,40.000.038-6,MIGRATIONSLOG,1.0,2019-10-01,2025-05-15,Migrationsstorno ZZ im Altsystem
VTR-00002066,HAPO,40.000.039-4,MIGRATIONSLOG,1.0,2014-09-01,2025-05-15,
VTR-00002067,HAPO,40.000.040-3,MIGRATIONSLOG,1.0,2020-12-01,2025-05-15,Migrationsstorno ZZ im Altsystem
VTR-00002069,HAPO,40.000.041-9,MIGRATIONSLOG,1.0,2018-10-01,2025-05-15,
VTR-00002074,HAPO,40.000.042-7,MIGRATIONSLOG,1.0,2017-07-01,2025-05-15,Migrationsstorno ZZ im Altsystem
VTR-00002078,HAPO,40.000.043-5,MIGRATIONSLOG,1.0,2012-02-01,2025-05-15,Migrationsstorno ZZ im Altsystem
VTR-00002079,HAPO,40.000.044-0,MIGRATIONSLOG,1.0,2017-06-01,2025-05-15,Migrationsstorno ZZ im Altsystem
VTR-00002085,HAPO,40.000.045-1,MIGRATIONSLOG,1.0,2013-10-01,2025-05-15,
VTR-00002087,HAPO,40.000.046-6,MIGRATIONSLOG,1.0,2015-02-01,2025-05-15,Migrationsstorno ZZ im Altsystem
VTR-00002093,HAPO,40.000.047-4,MIGRATIONSLOG,1.0,2011-02-01,2025-05-15,
VTR-00002094,HAPO,40.000.048-2,MIGRATIONSLOG,1.0,2011-11-01,2025-05-15,
VTR-00002100,HAPO,40.000.049-8,MIGRATIONSLOG,1.0,2020-01-01,2025-05-15,Migrationsstorno ZZ im Altsystem
VTR-00002101,HAPO,40.000.050-7,MIGRATIONSLOG,1.0,2020-06-01,2025-05-15,Migrationsstorno ZZ im Altsystem
VTR-00002103,HAPO,40.000.051-5,MIGRATIONSLOG,1.0,2020-10-01,2025-05-15,Migrationsstorno ZZ im Altsystem
VTR-00002104,HAPO,40.000.052-0,MIGRATIONSLOG,1.0,2018-05-01,2025-05-15,Migrationsstorno ZZ im Altsystem
VTR-00002105,HAPO,40.000.053-1,MIGRATIONSLOG,1.0,2015-03-01,2025-05-15,Migrationsstorno ZZ im Altsystem
VTR-00002107,HAPO,40.000.054-6,MIGRATIONSLOG,1.0,2017-07-01,2025-05-15,
VTR-00002108,HAPO,40.000.055-4,MIGRATIONSLOG,1.0,2005-03-01,2025-05-15,
VTR-00002109,HAPO,40.000.056-2,MIGRATIONSLOG,1.0,2014-08-01,2025-05-15,
VTR-00002113,HAPO,40.000.057-8,MIGRATIONSLOG,1.0,2013-10-01,2025-05-15,Migrationsstorno ZZ im Altsystem
VTR-00002117,HAPO,40.000.058-3,MIGRATIONSLOG,1.0,2015-11-01,2025-05-15,
VTR-00002118,HAPO,40.000.059-9,MIGRATIONSLOG,1.0,2014-04-01,2025-05-15,
VTR-00002121,HAPO,40.000.060-6,MIGRATIONSLOG,1.0,2019-11-01,2025-05-15,Migrationsstorno ZZ im Altsystem
VTR-00002123,HAPO,40.000.061-4,MIGRATIONSLOG,1.0,2014-08-01,2025-05-15,
VTR-00002125,HAPO,40.000.062-2,MIGRATIONSLOG,1.0,2016-11-01,2025-05-15,
VTR-00002126,HAPO,40.000.063-8,MIGRATIONSLOG,1.0,2015-03-01,2025-05-15,Migrationsstorno ZZ im Altsystem
VTR-00002127,HAPO,40.000.064-3,MIGRATIONSLOG,1.0,2017-04-01,2025-05-15,
VTR-00002129,HAPO,40.000.065-9,MIGRATIONSLOG,1.0,2014-07-01,2025-05-15,
VTR-00002131,HAPO,40.000.066-7,MIGRATIONSLOG,1.0,2015-07-01,2025-05-15,
VTR-00002135,HAPO,40.000.067-5,MIGRATIONSLOG,1.0,2017-01-01,2025-05-15,
VTR-00002138,HAPO,40.000.068-0,MIGRATIONSLOG,1.0,2018-04-01,2025-05-15,
VTR-00002142,HAPO,40.000.069-1,MIGRATIONSLOG,1.0,2001-05-01,2025-05-15,
VTR-00002144,HAPO,40.000.070-9,MIGRATIONSLOG,1.0,2015-06-01,2025-05-15,
VTR-00002145,HAPO,40.000.071-7,MIGRATIONSLOG,1.0,2011-11-01,2025-05-15,Migrationsstorno ZZ im Altsystem
VTR-00002150,HAPO,40.000.072-5,MIGRATIONSLOG,1.0,2014-01-01,2025-05-15,Migrationsstorno ZZ im Altsystem
VTR-00002153,HAPO,40.000.073-0,MIGRATIONSLOG,1.0,2020-03-01,2025-05-15,Migrationsstorno ZZ im Altsystem
VTR-00002157,HAPO,40.000.074-1,MIGRATIONSLOG,1.0,2020-04-01,2025-05-15,Migrationsstorno ZZ im Altsystem
VTR-00002158,HAPO,40.000.075-6,MIGRATIONSLOG,1.0,2020-09-01,2025-05-15,Migrationsstorno ZZ im Altsystem
VTR-00002163,HAPO,40.000.076-4,MIGRATIONSLOG,1.0,2015-07-01,2025-05-15,
VTR-00002168,HAPO,40.000.077-2,MIGRATIONSLOG,1.0,2014-05-01,2025-05-15,Migrationsstorno ZZ im Altsystem
VTR-00002172,HAPO,40.000.078-8,MIGRATIONSLOG,1.0,2014-11-01,2025-05-15,Migrationsstorno ZZ im Altsystem
VTR-00002176,HAPO,40.000.079-3,MIGRATIONSLOG,1.0,2016-04-01,2025-05-15,Migrationsstorno ZZ im Altsystem
VTR-00002180,HAPO,40.000.080-1,MIGRATIONSLOG,1.0,2016-05-01,2025-05-15,Migrationsstorno ZZ im Altsystem
VTR-00002183,HAPO,40.000.081-6,MIGRATIONSLOG,1.0,2006-03-01,2025-05-15,
VTR-00002184,HAPO,40.000.082-4,MIGRATIONSLOG,1.0,2012-02-01,2025-05-15,
VTR-00002185,HAPO,40.000.083-2,MIGRATIONSLOG,1.0,2019-02-01,2025-05-15,Migrationsstorno ZZ im Altsystem
VTR-00002186,HAPO,40.000.084-8,MIGRATIONSLOG,1.0,2020-05-01,2025-05-15,
VTR-00002187,HAPO,40.000.085-3,MIGRATIONSLOG,1.0,2002-01-01,2025-05-15,
VTR-00002188,HAPO,40.000.086-9,MIGRATIONSLOG,1.0,2017-03-01,2025-05-15,
VTR-00002190,HAPO,40.000.087-7,MIGRATIONSLOG,1.0,2015-07-01,2025-05-15,
VTR-00002191,HAPO,40.000.088-5,MIGRATIONSLOG,1.0,2009-01-01,2025-05-15,
VTR-00002192,HAPO,40.000.089-0,MIGRATIONSLOG,1.0,2014-02-01,2025-05-15,
VTR-00002193,HAPO,40.000.090-4,MIGRATIONSLOG,1.0,2018-06-01,2025-05-15,
VTR-00002196,HAPO,40.000.091-2,MIGRATIONSLOG,1.0,2018-04-01,2025-05-15,
VTR-00002198,HAPO,40.000.092-8,MIGRATIONSLOG,1.0,2014-03-01,2025-05-15,
VTR-00002201,HAPO,40.000.093-3,MIGRATIONSLOG,1.0,2020-09-01,2025-05-15,Migrationsstorno ZZ im Altsystem
VTR-00002206,HAPO,40.000.094-9,MIGRATIONSLOG,1.0,2019-11-01,2025-05-15,Migrationsstorno ZZ im Altsystem
VTR-00002207,HAPO,40.000.095-7,MIGRATIONSLOG,1.0,2018-11-01,2025-05-15,
VTR-00002208,HAPO,40.000.096-5,MIGRATIONSLOG,1.0,2009-10-01,2025-05-15,
VTR-00002210,HAPO,40.000.097-0,MIGRATIONSLOG,1.0,2016-08-01,2025-05-15,
VTR-00002213,HAPO,40.000.098-1,MIGRATIONSLOG,1.0,2004-11-01,2025-05-15,
VTR-00002214,HAPO,40.000.099-6,MIGRATIONSLOG,1.0,2008-12-01,2025-05-15,
VTR-00002216,HAPO,40.000.100-7,MIGRATIONSLOG,1.0,2020-08-01,2025-05-15,Migrationsstorno ZZ im Altsystem
VTR-00002220,HAPO,40.000.101-5,MIGRATIONSLOG,1.0,2018-03-01,2025-05-15,Migrationsstorno ZZ im Altsystem
VTR-00002221,HAPO,40.000.102-0,MIGRATIONSLOG,1.0,2016-04-01,2025-05-15,Migrationsstorno ZZ im Altsystem
VTR-00002225,HAPO,40.000.103-1,MIGRATIONSLOG,1.0,2009-03-01,2025-05-15,
VTR-00002226,HAPO,40.000.104-6,MIGRATIONSLOG,1.0,2019-11-01,2025-05-15,
VTR-00002227,HAPO,40.000.105-4,MIGRATIONSLOG,1.0,2015-11-01,2025-05-15,
VTR-00002229,HAPO,40.000.106-2,MIGRATIONSLOG,1.0,2013-10-01,2025-05-15,
VTR-00002230,HAPO,40.000.107-8,MIGRATIONSLOG,1.0,2004-07-01,2025-05-15,
VTR-00002231,HAPO,40.000.108-3,MIGRATIONSLOG,1.0,2018-04-01,2025-05-15,
VTR-00002232,HAPO,40.000.109-9,MIGRATIONSLOG,1.0,2019-07-01,2025-05-15,Migrationsstorno ZZ im Altsystem
VTR-00002233,HAPO,40.000.110-6,MIGRATIONSLOG,1.0,2019-01-01,2025-05-15,
VTR-00002236,HAPO,40.000.111-4,MIGRATIONSLOG,1.0,2014-01-01,2025-05-15,
VTR-00002237,HAPO,40.000.112-2,MIGRATIONSLOG,1.0,2017-11-01,2025-05-15,Migrationsstorno ZZ im Altsystem
VTR-00002240,HAPO,40.000.113-8,MIGRATIONSLOG,1.0,2015-05-01,2025-05-15,Migrationsstorno ZZ im Altsystem
VTR-00002243,HAPO,40.000.114-3,MIGRATIONSLOG,1.0,2014-04-01,2025-05-15,
VTR-00002244,HAPO,40.000.115-9,MIGRATIONSLOG,1.0,2020-10-01,2025-05-15,Migrationsstorno ZZ im Altsystem
VTR-00002245,HAPO,40.000.116-7,MIGRATIONSLOG,1.0,2016-07-01,2025-05-15,Migrationsstorno ZZ im Altsystem
VTR-00002248,HAPO,40.000.117-5,MIGRATIONSLOG,1.0,2013-01-01,2025-05-15,Migrationsstorno ZZ im Altsystem
VTR-00002249,HAPO,40.000.118-0,MIGRATIONSLOG,1.0,2017-04-01,2025-05-15,
VTR-00002250,HAPO,40.000.119-1,MIGRATIONSLOG,1.0,2019-10-01,2025-05-15,
VTR-00002251,HAPO,40.000.120-9,MIGRATIONSLOG,1.0,2020-06-01,2025-05-15,Migrationsstorno ZZ im Altsystem
VTR-00002252,HAPO,40.000.121-7,MIGRATIONSLOG,1.0,2015-11-01,2025-05-15,
VTR-00002254,HAPO,40.000.122-5,MIGRATIONSLOG,1.0,2009-12-01,2025-05-15,
VTR-00002255,HAPO,40.000.123-0,MIGRATIONSLOG,1.0,2020-04-01,2025-05-15,
VTR-00002257,HAPO,40.000.124-1,MIGRATIONSLOG,1.0,2006-10-01,2025-05-15,
VTR-00002259,HAPO,40.000.125-6,MIGRATIONSLOG,1.0,2015-01-01,2025-05-15,Migrationsstorno ZZ im Altsystem
VTR-00002260,HAPO,40.000.126-4,MIGRATIONSLOG,1.0,2015-03-01,2025-05-15,
VTR-00002262,HAPO,40.000.127-2,MIGRATIONSLOG,1.0,2015-08-01,2025-05-15,
VTR-00002263,HAPO,40.000.128-8,MIGRATIONSLOG,1.0,2020-08-01,2025-05-15,
VTR-00002270,HAPO,40.000.129-3,MIGRATIONSLOG,1.0,2014-03-01,2025-05-15,
VTR-00002272,HAPO,40.000.130-1,MIGRATIONSLOG,1.0,2015-12-01,2025-05-15,
VTR-00002273,HAPO,40.000.131-6,MIGRATIONSLOG,1.0,2016-10-01,2025-05-15,
VTR-00002279,HAPO,40.000.132-4,MIGRATIONSLOG,1.0,2016-08-01,2025-05-15,
VTR-00002280,HAPO,40.000.133-2,MIGRATIONSLOG,1.0,2015-06-01,2025-05-15,
VTR-00002283,HAPO,40.000.134-8,MIGRATIONSLOG,1.0,2016-09-01,2025-05-15,
VTR-00002286,HAPO,40.000.135-3,MIGRATIONSLOG,1.0,2014-03-01,2025-05-15,Migrationsstorno ZZ im Altsystem
VTR-00002289,HAPO,40.000.136-9,MIGRATIONSLOG,1.0,2013-07-01,2025-05-15,Migrationsstorno ZZ im Altsystem
VTR-00002290,HAPO,40.000.137-7,MIGRATIONSLOG,1.0,2015-03-01,2025-05-15,
VTR-00002291,HAPO,40.000.138-5,MIGRATIONSLOG,1.0,2016-07-01,2025-05-15,
VTR-00002292,HAPO,40.000.139-0,MIGRATIONSLOG,1.0,2019-11-01,2025-05-15,Migrationsstorno ZZ im Altsystem
VTR-00002296,HAPO,40.000.140-4,MIGRATIONSLOG,1.0,2008-03-01,2025-05-15,
VTR-00002301,HAPO,40.000.141-2,MIGRATIONSLOG,1.0,2017-10-01,2025-05-15,Migrationsstorno ZZ im Altsystem
VTR-00002302,HAPO,40.000.142-8,MIGRATIONSLOG,1.0,2014-02-01,2025-05-15,Migrationsstorno ZZ im Altsystem
VTR-00002304,HAPO,40.000.143-3,MIGRATIONSLOG,1.0,2014-12-01,2025-05-15,
VTR-00002306,HAPO,40.000.144-9,MIGRATIONSLOG,1.0,2015-02-01,2025-05-15,Migrationsstorno ZZ im Altsystem
VTR-00002308,HAPO,40.000.145-7,MIGRATIONSLOG,1.0,2014-08-01,2025-05-15,
VTR-00002311,HAPO,40.000.146-5,MIGRATIONSLOG,1.0,2013-09-01,2025-05-15,
VTR-00002315,HAPO,40.000.147-0,MIGRATIONSLOG,1.0,2009-03-01,2025-05-15,
VTR-00002321,HAPO,40.000.148-1,MIGRATIONSLOG,1.0,2017-07-01,2025-05-15,Migrationsstorno ZZ im Altsystem
VTR-00002323,HAPO,40.000.149-6,MIGRATIONSLOG,1.0,2016-06-01,2025-05-15,
VTR-00002324,HAPO,40.000.150-8,MIGRATIONSLOG,1.0,2015-06-01,2025-05-15,Migrationsstorno ZZ im Altsystem
VTR-00002325,HAPO,40.000.151-3,MIGRATIONSLOG,1.0,2008-08-01,2025-05-15,
VTR-00002326,HAPO,40.000.152-9,MIGRATIONSLOG,1.0,2013-08-01,2025-05-15,
VTR-00002328,HAPO,40.000.153-7,MIGRATIONSLOG,1.0,2017-05-01,2025-05-15,
VTR-00002330,HAPO,40.000.154-5,MIGRATIONSLOG,1.0,2015-01-01,2025-05-15,Migrationsstorno ZZ im Altsystem
VTR-00002332,HAPO,40.000.155-0,MIGRATIONSLOG,1.0,2017-06-01,2025-05-15,
VTR-00002333,HAPO,40.000.156-1,MIGRATIONSLOG,1.0,2015-01-01,2025-05-15,Migrationsstorno ZZ im Altsystem
VTR-00002340,HAPO,40.000.157-6,MIGRATIONSLOG,1.0,2020-10-01,2025-05-15,
VTR-00002343,HAPO,40.000.158-4,MIGRATIONSLOG,1.0,2020-01-01,2025-05-15,Migrationsstorno ZZ im Altsystem
VTR-00002348,HAPO,40.000.159-2,MIGRATIONSLOG,1.0,2017-03-01,2025-05-15,Migrationsstorno ZZ im Altsystem
VTR-00002350,HAPO,40.000.160-0,MIGRATIONSLOG,1.0,2017-12-01,2025-05-15,
VTR-00002353,HAPO,40.000.161-1,MIGRATIONSLOG,1.0,2002-06-01,2025-05-15,
VTR-00002354,HAPO,40.000.162-6,MIGRATIONSLOG,1.0,2015-04-01,2025-05-15,
VTR-00002355,HAPO,40.000.163-4,MIGRATIONSLOG,1.0,2018-02-01,2025-05-15,Migrationsstorno ZZ im Altsystem
VTR-00002357,HAPO,40.000.164-2,MIGRATIONSLOG,1.0,2005-12-01,2025-05-15,
VTR-00002358,HAPO,40.000.165-8,MIGRATIONSLOG,1.0,2019-03-01,2025-05-15,
VTR-00002362,HAPO,40.000.166-3,MIGRATIONSLOG,1.0,2019-10-01,2025-05-15,
VTR-00002363,HAPO,40.000.167-9,MIGRATIONSLOG,1.0,2016-05-01,2025-05-15,
VTR-00002368,HAPO,40.000.168-7,MIGRATIONSLOG,1.0,2020-09-01,2025-05-15,Migrationsstorno ZZ im Altsystem
VTR-00002370,HAPO,40.000.169-5,MIGRATIONSLOG,1.0,2018-12-01,2025-05-15,Migrationsstorno ZZ im Altsystem
VTR-00002374,HAPO,40.000.170-5,MIGRATIONSLOG,1.0,2020-12-01,2025-05-15,
VTR-00002375,HAPO,40.000.171-0,MIGRATIONSLOG,1.0,2016-02-01,2025-05-15,Migrationsstorno ZZ im Altsystem
VTR-00002376,HAPO,40.000.172-1,MIGRATIONSLOG,1.0,2018-04-01,2025-05-15,
VTR-00002378,HAPO,40.000.173-6,MIGRATIONSLOG,1.0,2020-06-01,2025-05-15,Migrationsstorno ZZ im Altsystem
VTR-00002379,HAPO,40.000.174-4,MIGRATIONSLOG,1.0,2019-07-01,2025-05-15,
VTR-00002380,HAPO,40.000.175-2,MIGRATIONSLOG,1.0,2019-01-01,2025-05-15,
VTR-00002381,HAPO,40.000.176-8,MIGRATIONSLOG,1.0,2020-08-01,2025-05-15,
VTR-00002384,HAPO,40.000.177-3,MIGRATIONSLOG,1.0,2015-03-01,2025-05-15,Migrationsstorno ZZ im Altsystem
VTR-00002389,HAPO,40.000.178-9,MIGRATIONSLOG,1.0,2014-01-01,2025-05-15,Migrationsstorno ZZ im Altsystem
VTR-00002390,HAPO,40.000.179-7,MIGRATIONSLOG,1.0,2007-10-01,2025-05-15,
VTR-00002395,HAPO,40.000.180-2,MIGRATIONSLOG,1.0,2011-04-01,2025-05-15,Migrationsstorno ZZ im Altsystem
VTR-00002396,HAPO,40.000.181-8,MIGRATIONSLOG,1.0,2015-01-01,2025-05-15,
VTR-00002401,HAPO,40.000.182-3,MIGRATIONSLOG,1.0,2016-09-01,2025-05-15,
VTR-00002402,HAPO,40.000.183-9,MIGRATIONSLOG,1.0,2015-06-01,2025-05-15,Migrationsstorno ZZ im Altsystem
VTR-00002403,HAPO,40.000.184-7,MIGRATIONSLOG,1.0,2020-05-01,2025-05-15,Migrationsstorno ZZ im Altsystem
VTR-00002406,HAPO,40.000.185-5,MIGRATIONSLOG,1.0,2002-10-01,2025-05-15,
VTR-00002407,HAPO,40.000.186-0,MIGRATIONSLOG,1.0,2006-04-01,2025-05-15,
VTR-00002409,HAPO,40.000.187-1,MIGRATIONSLOG,1.0,2018-12-01,2025-05-15,
VTR-00002410,HAPO,40.000.188-6,MIGRATIONSLOG,1.0,2019-11-01,2025-05-15,Migrationsstorno ZZ im Altsystem
VTR-00002412,HAPO,40.000.189-4,MIGRATIONSLOG,1.0,2015-02-01,2025-05-15,
VTR-00002413,HAPO,40.000.190-3,MIGRATIONSLOG,1.0,2016-09-01,2025-05-15,Migrationsstorno ZZ im Altsystem
VTR-00002418,HAPO,40.000.191-9,MIGRATIONSLOG,1.0,2016-10-01,2025-05-15,
VTR-00002420,HAPO,40.000.192-7,MIGRATIONSLOG,1.0,2020-02-01,2025-05-15,
VTR-00002421,HAPO,40.000.193-5,MIGRATIONSLOG,1.0,2014-03-01,2025-05-15,
VTR-00002422,HAPO,40.000.194-0,MIGRATIONSLOG,1.0,2018-02-01,2025-05-15,
VTR-00002423,HAPO,40.000.195-1,MIGRATIONSLOG,1.0,2020-10-01,2025-05-15,
VTR-00002430,HAPO,40.000.196-6,MIGRATIONSLOG,1.0,2011-01-01,2025-05-15,
VTR-00002431,HAPO,40.000.197-4,MIGRATIONSLOG,1.0,2020-12-01,2025-05-15,Migrationsstorno ZZ im Altsystem
VTR-00002434,HAPO,40.000.198-2,MIGRATIONSLOG,1.0,2019-10-01,2025-05-15,Migrationsstorno ZZ im Altsystem
VTR-00002436,HAPO,40.000.199-8,MIGRATIONSLOG,1.0,2013-05-01,2025-05-15,
VTR-00002440,HAPO,40.000.200-9,MIGRATIONSLOG,1.0,2020-06-01,2025-05-15,
VTR-00002441,HAPO,40.000.201-7,MIGRATIONSLOG,1.0,2005-11-01,2025-05-15,
VTR-00002445,HAPO,40.000.202-5,MIGRATIONSLOG,1.0,2019-02-01,2025-05-15,Migrationsstorno ZZ im Altsystem
VTR-00002448,HAPO,40.000.203-0,MIGRATIONSLOG,1.0,2015-07-01,2025-05-15,
VTR-00002452,HAPO,40.000.204-1,MIGRATIONSLOG,1.0,2020-04-01,2025-05-15,Migrationsstorno ZZ im Altsystem
VTR-00002454,HAPO,40.000.205-6,MIGRATIONSLOG,1.0,2020-08-01,2025-05-15,
VTR-00002455,HAPO,40.000.206-4,MIGRATIONSLOG,1.0,2016-07-01,2025-05-15,Migrationsstorno ZZ im Altsystem
VTR-00002460,HAPO,40.000.207-2,MIGRATIONSLOG,1.0,2016-01-01,2025-05-15,Migrationsstorno ZZ im Altsystem
VTR-00002461,HAPO,40.000.208-8,MIGRATIONSLOG,1.0,2017-02-01,2025-05-15,
VTR-00002463,HAPO,40.000.209-3,MIGRATIONSLOG,1.0,2016-07-01,2025-05-15,Migrationsstorno ZZ im Altsystem
VTR-00002466,HAPO,40.000.210-1,MIGRATIONSLOG,1.0,2015-02-01,2025-05-15,Migrationsstorno ZZ im Altsystem
VTR-00002467,HAPO,40.000.211-6,MIGRATIONSLOG,1.0,2018-07-01,2025-05-15,Migrationsstorno ZZ im Altsystem
VTR-00002470,HAPO,40.000.212-4,MIGRATIONSLOG,1.0,2014-12-01,2025-05-15,Migrationsstorno ZZ im Altsystem
VTR-00002471,HAPO,40.000.213-2,MIGRATIONSLOG,1.0,2019-02-01,2025-05-15,
VTR-00002472,HAPO,40.000.214-8,MIGRATIONSLOG,1.0,2013-02-01,2025-05-15,
VTR-00002473,HAPO,40.000.215-3,MIGRATIONSLOG,1.0,2015-01-01,2025-05-15,
VTR-00002476,HAPO,40.000.216-9,MIGRATIONSLOG,1.0,2010-10-01,2025-05-15,Migrationsstorno ZZ im Altsystem
VTR-00002478,HAPO,40.000.217-7,MIGRATIONSLOG,1.0,2013-11-01,2025-05-15,
VTR-00002479,HAPO,40.000.218-5,MIGRATIONSLOG,1.0,2013-05-01,2025-05-15,
VTR-00002480,HAPO,40.000.219-0,MIGRATIONSLOG,1.0,2020-03-01,2025-05-15,
VTR-00002482,HAPO,40.000.220-4,MIGRATIONSLOG,1.0,2017-04-01,2025-05-15,
VTR-00002487,HAPO,40.000.221-2,MIGRATIONSLOG,1.0,2017-10-01,2025-05-15,Migrationsstorno ZZ im Altsystem
VTR-00002490,HAPO,40.000.222-8,MIGRATIONSLOG,1.0,2013-01-01,2025-05-15,
VTR-00002491,HAPO,40.000.223-3,MIGRATIONSLOG,1.0,2017-06-01,2025-05-15,
VTR-00002492,HAPO,40.000.224-9,MIGRATIONSLOG,1.0,2018-06-01,2025-05-15,Migrationsstorno ZZ im Altsystem
VTR-00002495,HAPO,40.000.225-7,MIGRATIONSLOG,1.0,2014-07-01,2025-05-15,Migrationsstorno ZZ im Altsystem
VTR-00002498,HAPO,40.000.226-5,MIGRATIONSLOG,1.0,2020-07-01,2025-05-15,
VTR-00002499,HAPO,40.000.227-0,MIGRATIONSLOG,1.0,2011-06-01,2025-05-15,
VTR-00002504,HAPO,40.000.228-1,MIGRATIONSLOG,1.0,2016-06-01,2025-05-15,
VTR-00002507,HAPO,40.000.229-6,MIGRATIONSLOG,1.0,2016-05-01,2025-05-15,
VTR-00002510,HAPO,40.000.230-8,MIGRATIONSLOG,1.0,2014-09-01,2025-05-15,
VTR-00002513,HAPO,40.000.231-3,MIGRATIONSLOG,1.0,2014-01-01,2025-05-15,
VTR-00002514,HAPO,40.000.232-9,MIGRATIONSLOG,1.0,2018-10-01,2025-05-15,Migrationsstorno ZZ im Altsystem
VTR-00002518,HAPO,40.000.233-7,MIGRATIONSLOG,1.0,2019-11-01,2025-05-15,
VTR-00002521,HAPO,40.000.234-5,MIGRATIONSLOG,1.0,2020-05-01,2025-05-15,Migrationsstorno ZZ im Altsystem
VTR-00002522,HAPO,40.000.235-0,MIGRATIONSLOG,1.0,2016-04-01,2025-05-15,
VTR-00002524,HAPO,40.000.236-1,MIGRATIONSLOG,1.0,2020-03-01,2025-05-15,
VTR-00002529,HAPO,40.000.237-6,MIGRATIONSLOG,1.0,2014-01-01,2025-05-15,
VTR-00002530,HAPO,40.000.238-4,MIGRATIONSLOG,1.0,2014-06-01,2025-05-15,Migrationsstorno ZZ im Altsystem
VTR-00002531,HAPO,40.000.239-2,MIGRATIONSLOG,1.0,2015-07-01,2025-05-15,Migrationsstorno ZZ im Altsystem
VTR-00002534,HAPO,40.000.240-0,MIGRATIONSLOG,1.0,2014-01-01,2025-05-15,
VTR-00002535,HAPO,40.000.241-1,MIGRATIONSLOG,1.0,2016-01-01,2025-05-15,Migrationsstorno ZZ im Altsystem
VTR-00002536,HAPO,40.000.242-6,MIGRATIONSLOG,1.0,2008-03-01,2025-05-15,
VTR-00002540,HAPO,40.000.243-4,MIGRATIONSLOG,1.0,2018-05-01,2025-05-15,
VTR-00002542,HAPO,40.000.244-2,MIGRATIONSLOG,1.0,2016-09-01,2025-05-15,Migrationsstorno ZZ im Altsystem
VTR-00002543,HAPO,40.000.245-8,MIGRATIONSLOG,1.0,2020-01-01,2025-05-15,Migrationsstorno ZZ im Altsystem
VTR-00002545,HAPO,40.000.246-3,MIGRATIONSLOG,1.0,2020-05-01,2025-05-15,Migrationsstorno ZZ im Altsystem
VTR-00002546,HAPO,40.000.247-9,MIGRATIONSLOG,1.0,2015-04-01,2025-05-15,
VTR-00002548,HAPO,40.000.248-7,MIGRATIONSLOG,1.0,2014-06-01,2025-05-15,Migrationsstorno ZZ im Altsystem
VTR-00002549,HAPO,40.000.249-5,MIGRATIONSLOG,1.0,2015-01-01,2025-05-15,
VTR-00002551,HAPO,40.000.250-5,MIGRATIONSLOG,1.0,2018-06-01,2025-05-15,
VTR-00002556,HAPO,40.000.251-0,MIGRATIONSLOG,1.0,2010-03-01,2025-05-15,Migrationsstorno ZZ im Altsystem
VTR-00002557,HAPO,40.000.252-1,MIGRATIONSLOG,1.0,2019-11-01,2025-05-15,Migrationsstorno ZZ im Altsystem
VTR-00002560,HAPO,40.000.253-6,MIGRATIONSLOG,1.0,2012-11-01,2025-05-15,
VTR-00002561,HAPO,40.000.254-4,MIGRATIONSLOG,1.0,2014-07-01,2025-05-15,Migrationsstorno ZZ im Altsystem
VTR-00002562,HAPO,40.000.255-2,MIGRATIONSLOG,1.0,2015-08-01,2025-05-15,
VTR-00002564,HAPO,40.000.256-8,MIGRATIONSLOG,1.0,2014-06-01,2025-05-15,
VTR-00002568,HAPO,40.000.257-3,MIGRATIONSLOG,1.0,2020-05-01,2025-05-15,Migrationsstorno ZZ im Altsystem
VTR-00002569,HAPO,40.000.258-9,MIGRATIONSLOG,1.0,2009-05-01,2025-05-15,
VTR-00002571,HAPO,40.000.259-7,MIGRATIONSLOG,1.0,2018-01-01,2025-05-15,
VTR-00002575,HAPO,40.000.260-2,MIGRATIONSLOG,1.0,2020-01-01,2025-05-15,Migrationsstorno ZZ im Altsystem
VTR-00002577,HAPO,40.000.261-8,MIGRATIONSLOG,1.0,2017-08-01,2025-05-15,
VTR-00002578,HAPO,40.000.262-3,MIGRATIONSLOG,1.0,2018-05-01,2025-05-15,Migrationsstorno ZZ im Altsystem
VTR-00002582,HAPO,40.000.263-9,MIGRATIONSLOG,1.0,2009-02-01,2025-05-15,
VTR-00002586,HAPO,40.000.264-7,MIGRATIONSLOG,1.0,2014-08-01,2025-05-15,
VTR-00002587,HAPO,40.000.265-5,MIGRATIONSLOG,1.0,2007-07-01,2025-05-15,Migrationsstorno ZZ im Altsystem
VTR-00002589,HAPO,40.000.266-0,MIGRATIONSLOG,1.0,2014-10-01,2025-05-15,
VTR-00002591,HAPO,40.000.267-1,MIGRATIONSLOG,1.0,2018-12-01,2025-05-15,
VTR-00002593,HAPO,40.000.268-6,MIGRATIONSLOG,1.0,2012-12-01,2025-05-15,Migrationsstorno ZZ im Altsystem
VTR-00002594,HAPO,40.000.269-4,MIGRATIONSLOG,1.0,2013-05-01,2025-05-15,Migrationsstorno ZZ im Altsystem
VTR-00002597,HAPO,40.000.270-3,MIGRATIONSLOG,1.0,2013-12-01,2025-05-15,
VTR-00002598,HAPO,40.000.271-9,MIGRATIONSLOG,1.0,2020-04-01,2025-05-15,Migrationsstorno ZZ im Altsystem
VTR-00002599,HAPO,40.000.272-7,MIGRATIONSLOG,1.0,2012-10-01,2025-05-15,
VTR-00002601,HAPO,40.000.273-5,MIGRATIONSLOG,1.0,2015-02-01,2025-05-15,Migrationsstorno ZZ im Altsystem
VTR-00002602,HAPO,40.000.274-0,MIGRATIONSLOG,1.0,2019-04-01,2025-05-15,
VTR-00002603,HAPO,40.000.275-1,MIGRATIONSLOG,1.0,2019-03-01,2025-05-15,
VTR-00002604,HAPO,40.000.276-6,MIGRATIONSLOG,1.0,2020-03-01,2025-05-15,Migrationsstorno ZZ im Altsystem
VTR-00002605,HAPO,40.000.277-4,MIGRATIONSLOG,1.0,2015-01-01,2025-05-15,
VTR-00002607,HAPO,40.000.278-2,MIGRATIONSLOG,1.0,2014-08-01,2025-05-15,
VTR-00002608,HAPO,40.000.279-8,MIGRATIONSLOG,1.0,2017-03-01,2025-05-15,Migrationsstorno ZZ im Altsystem
VTR-00002612,HAPO,40.000.280-7,MIGRATIONSLOG,1.0,2015-11-01,2025-05-15,
VTR-00002614,HAPO,40.000.281-5,MIGRATIONSLOG,1.0,2019-11-01,2025-05-15,Migrationsstorno ZZ im Altsystem
VTR-00002617,HAPO,40.000.282-0,MIGRATIONSLOG,1.0,2013-04-01,2025-05-15,
VTR-00002618,HAPO,40.000.283-1,MIGRATIONSLOG,1.0,2020-09-01,2025-05-15,
VTR-00002619,HAPO,40.000.284-6,MIGRATIONSLOG,1.0,2015-08-01,2025-05-15,
VTR-00002620,HAPO,40.000.285-4,MIGRATIONSLOG,1.0,2009-04-01,2025-05-15,Migrationsstorno ZZ im Altsystem
VTR-00002622,HAPO,40.000.286-2,MIGRATIONSLOG,1.0,2019-05-01,2025-05-15,Migrationsstorno ZZ im Altsystem
VTR-00002623,HAPO,40.000.287-8,MIGRATIONSLOG,1.0,2019-02-01,2025-05-15,
VTR-00002625,HAPO,40.000.288-3,MIGRATIONSLOG,1.0,2017-04-01,2025-05-15,
VTR-00002626,HAPO,40.000.289-9,MIGRATIONSLOG,1.0,2014-06-01,2025-05-15,Migrationsstorno ZZ im Altsystem
VTR-00002627,HAPO,40.000.290-6,MIGRATIONSLOG,1.0,2013-02-01,2025-05-15,Migrationsstorno ZZ im Altsystem
VTR-00002630,HAPO,40.000.291-4,MIGRATIONSLOG,1.0,2019-01-01,2025-05-15,Migrationsstorno ZZ im Altsystem
VTR-00002632,HAPO,40.000.292-2,MIGRATIONSLOG,1.0,2015-02-01,2025-05-15,
VTR-00002634,HAPO,40.000.293-8,MIGRATIONSLOG,1.0,2019-02-01,2025-05-15,Migrationsstorno ZZ im Altsystem
VTR-00002637,HAPO,40.000.294-3,MIGRATIONSLOG,1.0,2017-03-01,2025-05-15,
VTR-00002638,HAPO,40.000.295-9,MIGRATIONSLOG,1.0,2013-07-01,2025-05-15,
VTR-00002642,HAPO,40.000.296-7,MIGRATIONSLOG,1.0,2015-10-01,2025-05-15,
VTR-00002644,HAPO,40.000.297-5,MIGRATIONSLOG,1.0,2016-05-01,2025-05-15,
VTR-00002645,HAPO,40.000.298-0,MIGRATIONSLOG,1.0,2016-11-01,2025-05-15,Migrationsstorno ZZ im Altsystem
VTR-00002649,HAPO,40.000.299-1,MIGRATIONSLOG,1.0,2018-06-01,2025-05-15,Migrationsstorno ZZ im Altsystem
VTR-00002652,HAPO,40.000.300-4,MIGRATIONSLOG,1.0,2018-03-01,2025-05-15,Migrationsstorno ZZ im Altsystem
VTR-00002653,HAPO,40.000.301-2,MIGRATIONSLOG,1.0,2019-12-01,2025-05-15,Migrationsstorno ZZ im Altsystem
VTR-00002657,HAPO,40.000.302-8,MIGRATIONSLOG,1.0,2016-12-01,2025-05-15,Migrationsstorno ZZ im Altsystem
VTR-00002662,HAPO,40.000.303-3,MIGRATIONSLOG,1.0,2017-11-01,2025-05-15,Migrationsstorno ZZ im Altsystem
VTR-00002663,HAPO,40.000.304-9,MIGRATIONSLOG,1.0,2010-11-01,2025-05-15,Migrationsstorno ZZ im Altsystem
VTR-00002664,HAPO,40.000.305-7,MIGRATIONSLOG,1.0,2012-06-01,2025-05-15,Migrationsstorno ZZ im Altsystem
VTR-00002665,HAPO,40.000.306-5,MIGRATIONSLOG,1.0,2011-08-01,2025-05-15,
VTR-00002666,HAPO,40.000.307-0,MIGRATIONSLOG,1.0,2017-03-01,2025-05-15,
VTR-00002667,HAPO,40.000.308-1,MIGRATIONSLOG,1.0,2010-04-01,2025-05-15,
VTR-00002669,HAPO,40.000.309-6,MIGRATIONSLOG,1.0,2013-05-01,2025-05-15,Migrationsstorno ZZ im Altsystem
VTR-00002670,HAPO,40.000.310-8,MIGRATIONSLOG,1.0,2015-10-01,2025-05-15,Migrationsstorno ZZ im Altsystem
VTR-00002673,HAPO,40.000.311-3,MIGRATIONSLOG,1.0,2018-06-01,2025-05-15,Migrationsstorno ZZ im Altsystem
VTR-00002678,HAPO,40.000.312-9,MIGRATIONSLOG,1.0,2017-06-01,2025-05-15,
VTR-00002679,HAPO,40.000.313-7,MIGRATIONSLOG,1.0,2015-12-01,2025-05-15,Migrationsstorno ZZ im Altsystem
VTR-00002680,HAPO,40.000.314-5,MIGRATIONSLOG,1.0,2016-02-01,2025-05-15,Migrationsstorno ZZ im Altsystem
VTR-00002682,HAPO,40.000.315-0,MIGRATIONSLOG,1.0,2018-08-01,2025-05-15,Migrationsstorno ZZ im Altsystem
VTR-00002683,HAPO,40.000.316-1,MIGRATIONSLOG,1.0,2015-04-01,2025-05-15,
VTR-00002685,HAPO,40.000.317-6,MIGRATIONSLOG,1.0,2017-11-01,2025-05-15,Migrationsstorno ZZ im Altsystem
VTR-00002686,HAPO,40.000.318-4,MIGRATIONSLOG,1.0,2016-03-01,2025-05-15,
VTR-00002687,HAPO,40.000.319-2,MIGRATIONSLOG,1.0,2016-12-01,2025-05-15,Migrationsstorno ZZ im Altsystem
VTR-00002691,HAPO,40.000.320-0,MIGRATIONSLOG,1.0,2016-08-01,2025-05-15,Migrationsstorno ZZ im Altsystem
VTR-00002694,HAPO,40.000.321-1,MIGRATIONSLOG,1.0,2020-12-01,2025-05-15,Migrationsstorno ZZ im Altsystem
VTR-00002695,HAPO,40.000.322-6,MIGRATIONSLOG,1.0,2017-10-01,2025-05-15,Migrationsstorno ZZ im Altsystem
VTR-00002696,HAPO,40.000.323-4,MIGRATIONSLOG,1.0,2020-10-01,2025-05-15,
VTR-00002700,HAPO,40.000.324-2,MIGRATIONSLOG,1.0,2013-08-01,2025-05-15,
VTR-00002702,HAPO,40.000.325-8,MIGRATIONSLOG,1.0,2015-11-01,2025-05-15,
VTR-00002703,HAPO,40.000.326-3,MIGRATIONSLOG,1.0,2018-06-01,2025-05-15,Migrationsstorno ZZ im Altsystem
VTR-00002707,HAPO,40.000.327-9,MIGRATIONSLOG,1.0,2018-08-01,2025-05-15,
VTR-00002710,HAPO,40.000.328-7,MIGRATIONSLOG,1.0,2015-12-01,2025-05-15,
VTR-00002711,HAPO,40.000.329-5,MIGRATIONSLOG,1.0,2019-12-01,2025-05-15,Migrationsstorno ZZ im Altsystem
VTR-00002712,HAPO,40.000.330-5,MIGRATIONSLOG,1.0,2017-06-01,2025-05-15,
VTR-00002715,HAPO,40.000.331-0,MIGRATIONSLOG,1.0,2018-12-01,2025-05-15,Migrationsstorno ZZ im Altsystem
VTR-00002719,HAPO,40.000.332-1,MIGRATIONSLOG,1.0,2017-09-01,2025-05-15,
VTR-00002720,HAPO,40.000.333-6,MIGRATIONSLOG,1.0,2020-12-01,2025-05-15,Migrationsstorno ZZ im Altsystem
VTR-00002723,HAPO,40.000.334-4,MIGRATIONSLOG,1.0,2020-08-01,2025-05-15,Migrationsstorno ZZ im Altsystem
VTR-00002727,HAPO,40.000.335-2,MIGRATIONSLOG,1.0,2014-04-01,2025-05-15,
VTR-00002730,HAPO,40.000.336-8,MIGRATIONSLOG,1.0,2015-12-01,2025-05-15,
VTR-00002734,HAPO,40.000.337-3,MIGRATIONSLOG,1.0,2020-12-01,2025-05-15,Migrationsstorno ZZ im Altsystem
VTR-00002737,HAPO,40.000.338-9,MIGRATIONSLOG,1.0,2020-03-01,2025-05-15,
VTR-00002738,HAPO,40.000.339-7,MIGRATIONSLOG,1.0,2019-10-01,2025-05-15,Migrationsstorno ZZ im Altsystem
VTR-00002740,HAPO,40.000.340-2,MIGRATIONSLOG,1.0,2014-03-01,2025-05-15,
VTR-00002744,HAPO,40.000.341-8,MIGRATIONSLOG,1.0,2017-10-01,2025-05-15,Migrationsstorno ZZ im Altsystem
VTR-00002749,HAPO,40.000.342-3,MIGRATIONSLOG,1.0,2019-09-01,2025-05-15,Migrationsstorno ZZ im Altsystem
VTR-00002752,HAPO,40.000.343-9,MIGRATIONSLOG,1.0,2020-08-01,2025-05-15,Migrationsstorno ZZ im Altsystem
VTR-00002756,HAPO,40.000.344-7,MIGRATIONSLOG,1.0,2018-09-01,2025-05-15,Migrationsstorno ZZ im Altsystem
VTR-00002758,HAPO,40.000.345-5,MIGRATIONSLOG,1.0,2016-10-01,2025-05-15,Migrationsstorno ZZ im Altsystem
VTR-00002761,HAPO,40.000.346-0,MIGRATIONSLOG,1.0,2006-11-01,2025-05-15,
VTR-00002765,HAPO,40.000.347-1,MIGRATIONSLOG,1.0,2019-04-01,2025-05-15,Migrationsstorno ZZ im Altsystem
VTR-00002771,HAPO,40.000.348-6,MIGRATIONSLOG,1.0,2013-05-01,2025-05-15,Migrationsstorno ZZ im Altsystem
VTR-00002772,HAPO,40.000.349-4,MIGRATIONSLOG,1.0,2016-04-01,2025-05-15,
VTR-00002774,HAPO,40.000.350-3,MIGRATIONSLOG,1.0,2016-11-01,2025-05-15,
VTR-00002775,HAPO,40.000.351-9,MIGRATIONSLOG,1.0,2019-04-01,2025-05-15,Migrationsstorno ZZ im Altsystem
VTR-00002777,HAPO,40.000.352-7,MIGRATIONSLOG,1.0,2015-02-01,2025-05-15,
VTR-00002781,HAPO,40.000.353-5,MIGRATIONSLOG,1.0,2019-11-01,2025-05-15,
VTR-00002782,HAPO,40.000.354-0,MIGRATIONSLOG,1.0,2017-03-01,2025-05-15,
VTR-00002784,HAPO,40.000.355-1,MIGRATIONSLOG,1.0,2012-12-01,2025-05-15,
VTR-00002787,HAPO,40.000.356-6,MIGRATIONSLOG,1.0,2019-05-01,2025-05-15,Migrationsstorno ZZ im Altsystem
VTR-00002790,HAPO,40.000.357-4,MIGRATIONSLOG,1.0,2009-02-01,2025-05-15,
VTR-00002793,HAPO,40.000.358-2,MIGRATIONSLOG,1.0,2013-09-01,2025-05-15,Migrationsstorno ZZ im Altsystem
VTR-00002795,HAPO,40.000.359-8,MIGRATIONSLOG,1.0,2017-09-01,2025-05-15,
VTR-00002798,HAPO,40.000.360-7,MIGRATIONSLOG,1.0,2014-02-01,2025-05-15,
VTR-00002799,HAPO,40.000.361-5,MIGRATIONSLOG,1.0,2017-10-01,2025-05-15,Migrationsstorno ZZ im Altsystem
VTR-00002800,HAPO,40.000.362-0,MIGRATIONSLOG,1.0,2014-03-01,2025-05-15,
VTR-00002801,HAPO,40.000.363-1,MIGRATIONSLOG,1.0,2020-09-01,2025-05-15,Migrationsstorno ZZ im Altsystem
VTR-00002805,HAPO,40.000.364-6,MIGRATIONSLOG,1.0,2013-10-01,2025-05-15,
VTR-00002806,HAPO,40.000.365-4,MIGRATIONSLOG,1.0,2018-05-01,2025-05-15,Migrationsstorno ZZ im Altsystem
VTR-00002807,HAPO,40.000.366-2,MIGRATIONSLOG,1.0,2013-06-01,2025-05-15,
VTR-00002810,HAPO,40.000.367-8,MIGRATIONSLOG,1.0,2017-10-01,2025-05-15,
VTR-00002811,HAPO,40.000.368-3,MIGRATIONSLOG,1.0,2019-09-01,2025-05-15,Migrationsstorno ZZ im Altsystem
VTR-00002812,HAPO,40.000.369-9,MIGRATIONSLOG,1.0,2013-09-01,2025-05-15,Migrationsstorno ZZ im Altsystem
VTR-00002813,HAPO,40.000.370-6,MIGRATIONSLOG,1.0,2013-10-01,2025-05-15,
VTR-00002814,HAPO,40.000.371-4,MIGRATIONSLOG,1.0,2003-04-01,2025-05-15,
VTR-00002817,HAPO,40.000.372-2,MIGRATIONSLOG,1.0,2016-02-01,2025-05-15,
VTR-00002819,HAPO,40.000.373-8,MIGRATIONSLOG,1.0,2002-03-01,2025-05-15,
VTR-00002821,HAPO,40.000.374-3,MIGRATIONSLOG,1.0,2004-01-01,2025-05-15,Migrationsstorno ZZ im Altsystem
VTR-00002824,HAPO,40.000.375-9,MIGRATIONSLOG,1.0,2014-01-01,2025-05-15,
VTR-00002826,HAPO,40.000.376-7,MIGRATIONSLOG,1.0,2019-03-01,2025-05-15,Migrationsstorno ZZ im Altsystem
VTR-00002829,HAPO,40.000.377-5,MIGRATIONSLOG,1.0,2013-05-01,2025-05-15,Migrationsstorno ZZ im Altsystem
VTR-00002830,HAPO,40.000.378-0,MIGRATIONSLOG,1.0,2015-04-01,2025-05-15,
VTR-00002837,HAPO,40.000.379-1,MIGRATIONSLOG,1.0,2010-12-01,2025-05-15,
VTR-00002838,HAPO,40.000.380-9,MIGRATIONSLOG,1.0,2019-08-01,2025-05-15,Migrationsstorno ZZ im Altsystem
VTR-00002840,HAPO,40.000.381-7,MIGRATIONSLOG,1.0,2015-01-01,2025-05-15,Migrationsstorno ZZ im Altsystem
VTR-00002841,HAPO,40.000.382-5,MIGRATIONSLOG,1.0,2017-08-01,2025-05-15,
VTR-00002842,HAPO,40.000.383-0,MIGRATIONSLOG,1.0,2019-10-01,2025-05-15,Migrationsstorno ZZ im Altsystem
VTR-00002843,HAPO,40.000.384-1,MIGRATIONSLOG,1.0,2017-04-01,2025-05-15,
VTR-00002846,HAPO,40.000.385-6,MIGRATIONSLOG,1.0,2001-01-01,2025-05-15,
VTR-00002848,HAPO,40.000.386-4,MIGRATIONSLOG,1.0,2020-01-01,2025-05-15,
VTR-00002850,HAPO,40.000.387-2,MIGRATIONSLOG,1.0,2008-04-01,2025-05-15,
VTR-00002851,HAPO,40.000.388-8,MIGRATIONSLOG,1.0,2019-07-01,2025-05-15,Migrationsstorno ZZ im Altsystem
VTR-00002852,HAPO,40.000.389-3,MIGRATIONSLOG,1.0,2008-12-01,2025-05-15,
VTR-00002853,HAPO,40.000.390-1,MIGRATIONSLOG,1.0,2019-10-01,2025-05-15,Migrationsstorno ZZ im Altsystem
VTR-00002855,HAPO,40.000.391-6,MIGRATIONSLOG,1.0,2018-05-01,2025-05-15,Migrationsstorno ZZ im Altsystem
VTR-00002857,HAPO,40.000.392-4,MIGRATIONSLOG,1.0,2013-09-01,2025-05-15,
VTR-00002859,HAPO,40.000.393-2,MIGRATIONSLOG,1.0,2005-07-01,2025-05-15,
VTR-00002860,HAPO,40.000.394-8,MIGRATIONSLOG,1.0,2017-06-01,2025-05-15,
VTR-00002862,HAPO,40.000.395-3,MIGRATIONSLOG,1.0,2017-01-01,2025-05-15,Migrationsstorno ZZ im Altsystem
VTR-00002864,HAPO,40.000.396-9,MIGRATIONSLOG,1.0,2013-03-01,2025-05-15,
VTR-00002865,HAPO,40.000.397-7,MIGRATIONSLOG,1.0,2008-03-01,2025-05-15,
VTR-00002869,HAPO,40.000.398-5,MIGRATIONSLOG,1.0,2018-06-01,2025-05-15,
VTR-00002871,HAPO,40.000.399-0,MIGRATIONSLOG,1.0,2013-05-01,2025-05-15,
VTR-00002875,HAPO,40.000.400-2,MIGRATIONSLOG,1.0,2020-11-01,2025-05-15,Migrationsstorno ZZ im Altsystem
VTR-00002876,HAPO,40.000.401-8,MIGRATIONSLOG,1.0,2015-06-01,2025-05-15,Migrationsstorno ZZ im Altsystem
VTR-00002877,HAPO,40.000.402-3,MIGRATIONSLOG,1.0,2017-07-01,2025-05-15,
VTR-00002878,HAPO,40.000.403-9,MIGRATIONSLOG,1.0,2010-09-01,2025-05-15,
VTR-00002882,HAPO,40.000.404-7,MIGRATIONSLOG,1.0,2018-07-01,2025-05-15,
VTR-00002885,HAPO,40.000.405-5,MIGRATIONSLOG,1.0,2001-09-01,2025-05-15,
VTR-00002886,HAPO,40.000.406-0,MIGRATIONSLOG,1.0,2011-04-01,2025-05-15,
VTR-00002887,HAPO,40.000.407-1,MIGRATIONSLOG,1.0,2015-11-01,2025-05-15,Migrationsstorno ZZ im Altsystem
VTR-00002888,HAPO,40.000.408-6,MIGRATIONSLOG,1.0,2020-09-01,2025-05-15,Migrationsstorno ZZ im Altsystem
VTR-00002891,HAPO,40.000.409-4,MIGRATIONSLOG,1.0,2017-07-01,2025-05-15,Migrationsstorno ZZ im Altsystem
VTR-00002892,HAPO,40.000.410-3,MIGRATIONSLOG,1.0,2003-08-01,2025-05-15,
VTR-00002893,HAPO,40.000.411-9,MIGRATIONSLOG,1.0,2014-10-01,2025-05-15,
VTR-00002898,HAPO,40.000.412-7,MIGRATIONSLOG,1.0,2015-02-01,2025-05-15,
VTR-00002899,HAPO,40.000.413-5,MIGRATIONSLOG,1.0,2014-12-01,2025-05-15,Migrationsstorno ZZ im Altsystem
VTR-00002900,HAPO,40.000.414-0,MIGRATIONSLOG,1.0,2017-12-01,2025-05-15,Migrationsstorno ZZ im Altsystem
VTR-00000102,VERA,L-0000001,MIGRATIONSLOG,1.0,2019-05-01,2025-11-15,Migrationsstorno ZZ im Altsystem
VTR-00000103,VERA,L-0000002,MIGRATIONSLOG,1.0,2019-05-01,2025-11-15,Migrationsstorno ZZ im Altsystem
VTR-00000104,VERA,L-0000003,MIGRATIONSLOG,1.0,2020-01-01,2025-11-15,Migrationsstorno ZZ im Altsystem
VTR-00000302,VERA,L-0000004,MIGRATIONSLOG,1.0,2019-07-01,2025-11-15,Migrationsstorno ZZ im Altsystem
VTR-00000402,VERA,L-0000005,MIGRATIONSLOG,1.0,2018-03-01,2025-11-15,Migrationsstorno ZZ im Altsystem
VTR-00000501,VERA,L-0000006,MIGRATIONSLOG,1.0,1995-07-01,2025-11-15,
VTR-00000502,VERA,L-0000007,MIGRATIONSLOG,1.0,2019-09-01,2025-11-15,Migrationsstorno ZZ im Altsystem
VTR-00000601,VERA,L-0000008,MIGRATIONSLOG,1.0,2016-04-01,2025-11-15,Migrationsstorno ZZ im Altsystem
VTR-00002902,VERA,L-0000009,MIGRATIONSLOG,1.0,2015-12-01,2025-11-15,Migrationsstorno ZZ im Altsystem
VTR-00002904,VERA,L-0000010,MIGRATIONSLOG,1.0,1995-11-01,2025-11-15,
VTR-00002906,VERA,L-0000011,MIGRATIONSLOG,1.0,2011-12-01,2025-11-15,
VTR-00002908,VERA,L-0000012,MIGRATIONSLOG,1.0,2017-12-01,2025-11-15,Migrationsstorno ZZ im Altsystem
VTR-00002910,VERA,L-0000013,MIGRATIONSLOG,1.0,2022-10-01,2025-11-15,Migrationsstorno ZZ im Altsystem
VTR-00002911,VERA,L-0000014,MIGRATIONSLOG,1.0,2020-03-01,2025-11-15,
VTR-00002913,VERA,L-0000015,MIGRATIONSLOG,1.0,2018-04-01,2025-11-15,Migrationsstorno ZZ im Altsystem
VTR-00002914,VERA,L-0000016,MIGRATIONSLOG,1.0,2006-09-01,2025-11-15,
VTR-00002917,VERA,L-0000017,MIGRATIONSLOG,1.0,2013-08-01,2025-11-15,Migrationsstorno ZZ im Altsystem
VTR-00002918,VERA,L-0000018,MIGRATIONSLOG,1.0,2017-11-01,2025-11-15,
VTR-00002920,VERA,L-0000019,MIGRATIONSLOG,1.0,2021-05-01,2025-11-15,Migrationsstorno ZZ im Altsystem
VTR-00002921,VERA,L-0000020,MIGRATIONSLOG,1.0,2024-11-01,2025-11-15,Migrationsstorno ZZ im Altsystem
VTR-00002922,VERA,L-0000021,MIGRATIONSLOG,1.0,2011-01-01,2025-11-15,
VTR-00002923,VERA,L-0000022,MIGRATIONSLOG,1.0,2003-12-01,2025-11-15,
VTR-00002925,VERA,L-0000023,MIGRATIONSLOG,1.0,1997-03-01,2025-11-15,
VTR-00002926,VERA,L-0000024,MIGRATIONSLOG,1.0,2016-08-01,2025-11-15,
VTR-00002931,VERA,L-0000025,MIGRATIONSLOG,1.0,2006-11-01,2025-11-15,
VTR-00002932,VERA,L-0000026,MIGRATIONSLOG,1.0,2010-11-01,2025-11-15,
VTR-00002936,VERA,L-0000027,MIGRATIONSLOG,1.0,2012-09-01,2025-11-15,
VTR-00002939,VERA,L-0000028,MIGRATIONSLOG,1.0,2004-09-01,2025-11-15,
VTR-00002940,VERA,L-0000029,MIGRATIONSLOG,1.0,2020-08-01,2025-11-15,Migrationsstorno ZZ im Altsystem
VTR-00002941,VERA,L-0000030,MIGRATIONSLOG,1.0,2007-09-01,2025-11-15,
VTR-00002942,VERA,L-0000031,MIGRATIONSLOG,1.0,2006-10-01,2025-11-15,
VTR-00002943,VERA,L-0000032,MIGRATIONSLOG,1.0,2009-07-01,2025-11-15,
VTR-00002944,VERA,L-0000033,MIGRATIONSLOG,1.0,2019-11-01,2025-11-15,Migrationsstorno ZZ im Altsystem
VTR-00002945,VERA,L-0000034,MIGRATIONSLOG,1.0,2001-02-01,2025-11-15,
VTR-00002946,VERA,L-0000035,MIGRATIONSLOG,1.0,2002-11-01,2025-11-15,Migrationsstorno ZZ im Altsystem
VTR-00002947,VERA,L-0000036,MIGRATIONSLOG,1.0,2014-11-01,2025-11-15,Migrationsstorno ZZ im Altsystem
VTR-00002948,VERA,L-0000037,MIGRATIONSLOG,1.0,2019-05-01,2025-11-15,Migrationsstorno ZZ im Altsystem
VTR-00002950,VERA,L-0000038,MIGRATIONSLOG,1.0,2016-12-01,2025-11-15,Migrationsstorno ZZ im Altsystem
VTR-00002951,VERA,L-0000039,MIGRATIONSLOG,1.0,1995-09-01,2025-11-15,
VTR-00002952,VERA,L-0000040,MIGRATIONSLOG,1.0,2019-12-01,2025-11-15,Migrationsstorno ZZ im Altsystem
VTR-00002954,VERA,L-0000041,MIGRATIONSLOG,1.0,2022-03-01,2025-11-15,Migrationsstorno ZZ im Altsystem
VTR-00002957,VERA,L-0000042,MIGRATIONSLOG,1.0,2008-06-01,2025-11-15,Migrationsstorno ZZ im Altsystem
VTR-00002959,VERA,L-0000043,MIGRATIONSLOG,1.0,2003-04-01,2025-11-15,
VTR-00002962,VERA,L-0000044,MIGRATIONSLOG,1.0,2018-06-01,2025-11-15,Migrationsstorno ZZ im Altsystem
VTR-00002963,VERA,L-0000045,MIGRATIONSLOG,1.0,2013-10-01,2025-11-15,
VTR-00002967,VERA,L-0000046,MIGRATIONSLOG,1.0,2022-07-01,2025-11-15,Migrationsstorno ZZ im Altsystem
VTR-00002970,VERA,L-0000047,MIGRATIONSLOG,1.0,2014-11-01,2025-11-15,Migrationsstorno ZZ im Altsystem
VTR-00002971,VERA,L-0000048,MIGRATIONSLOG,1.0,2014-01-01,2025-11-15,Migrationsstorno ZZ im Altsystem
VTR-00002972,VERA,L-0000049,MIGRATIONSLOG,1.0,2019-12-01,2025-11-15,Migrationsstorno ZZ im Altsystem
VTR-00002974,VERA,L-0000050,MIGRATIONSLOG,1.0,2024-06-01,2025-11-15,Migrationsstorno ZZ im Altsystem
VTR-00002976,VERA,L-0000051,MIGRATIONSLOG,1.0,2004-12-01,2025-11-15,
VTR-00002981,VERA,L-0000052,MIGRATIONSLOG,1.0,2015-04-01,2025-11-15,
VTR-00002984,VERA,L-0000053,MIGRATIONSLOG,1.0,1997-09-01,2025-11-15,
VTR-00002987,VERA,L-0000054,MIGRATIONSLOG,1.0,2023-05-01,2025-11-15,Migrationsstorno ZZ im Altsystem
VTR-00002988,VERA,L-0000055,MIGRATIONSLOG,1.0,1997-02-01,2025-11-15,
VTR-00002992,VERA,L-0000056,MIGRATIONSLOG,1.0,2006-11-01,2025-11-15,
VTR-00002994,VERA,L-0000057,MIGRATIONSLOG,1.0,2006-09-01,2025-11-15,
VTR-00002995,VERA,L-0000058,MIGRATIONSLOG,1.0,2013-08-01,2025-11-15,Migrationsstorno ZZ im Altsystem
VTR-00002998,VERA,L-0000059,MIGRATIONSLOG,1.0,2002-04-01,2025-11-15,
VTR-00002999,VERA,L-0000060,MIGRATIONSLOG,1.0,2021-12-01,2025-11-15,Migrationsstorno ZZ im Altsystem
VTR-00003001,VERA,L-0000061,MIGRATIONSLOG,1.0,2016-02-01,2025-11-15,Migrationsstorno ZZ im Altsystem
VTR-00003002,VERA,L-0000062,MIGRATIONSLOG,1.0,2018-08-01,2025-11-15,
VTR-00003003,VERA,L-0000063,MIGRATIONSLOG,1.0,2015-12-01,2025-11-15,Migrationsstorno ZZ im Altsystem
VTR-00003004,VERA,L-0000064,MIGRATIONSLOG,1.0,2021-03-01,2025-11-15,Migrationsstorno ZZ im Altsystem
VTR-00003005,VERA,L-0000065,MIGRATIONSLOG,1.0,2011-06-01,2025-11-15,Migrationsstorno ZZ im Altsystem
VTR-00003007,VERA,L-0000066,MIGRATIONSLOG,1.0,2022-04-01,2025-11-15,
VTR-00003008,VERA,L-0000067,MIGRATIONSLOG,1.0,2010-11-01,2025-11-15,Migrationsstorno ZZ im Altsystem
VTR-00003010,VERA,L-0000068,MIGRATIONSLOG,1.0,2015-01-01,2025-11-15,Migrationsstorno ZZ im Altsystem
VTR-00003013,VERA,L-0000069,MIGRATIONSLOG,1.0,2011-07-01,2025-11-15,Migrationsstorno ZZ im Altsystem
VTR-00003014,VERA,L-0000070,MIGRATIONSLOG,1.0,2022-08-01,2025-11-15,Migrationsstorno ZZ im Altsystem
VTR-00003019,VERA,L-0000071,MIGRATIONSLOG,1.0,2010-03-01,2025-11-15,
VTR-00003020,VERA,L-0000072,MIGRATIONSLOG,1.0,2023-08-01,2025-11-15,Migrationsstorno ZZ im Altsystem
VTR-00003022,VERA,L-0000073,MIGRATIONSLOG,1.0,2021-04-01,2025-11-15,
VTR-00003023,VERA,L-0000074,MIGRATIONSLOG,1.0,2009-01-01,2025-11-15,
VTR-00003024,VERA,L-0000075,MIGRATIONSLOG,1.0,2005-05-01,2025-11-15,
VTR-00003026,VERA,L-0000076,MIGRATIONSLOG,1.0,2000-09-01,2025-11-15,
VTR-00003027,VERA,L-0000077,MIGRATIONSLOG,1.0,2022-12-01,2025-11-15,Migrationsstorno ZZ im Altsystem
VTR-00003033,VERA,L-0000078,MIGRATIONSLOG,1.0,2015-05-01,2025-11-15,Migrationsstorno ZZ im Altsystem
VTR-00003038,VERA,L-0000079,MIGRATIONSLOG,1.0,2006-02-01,2025-11-15,
VTR-00003040,VERA,L-0000080,MIGRATIONSLOG,1.0,2020-02-01,2025-11-15,Migrationsstorno ZZ im Altsystem
VTR-00003042,VERA,L-0000081,MIGRATIONSLOG,1.0,2006-12-01,2025-11-15,
VTR-00003043,VERA,L-0000082,MIGRATIONSLOG,1.0,2002-10-01,2025-11-15,
VTR-00003045,VERA,L-0000083,MIGRATIONSLOG,1.0,2001-08-01,2025-11-15,
VTR-00003053,VERA,L-0000084,MIGRATIONSLOG,1.0,2018-07-01,2025-11-15,
VTR-00003056,VERA,L-0000085,MIGRATIONSLOG,1.0,2021-10-01,2025-11-15,Migrationsstorno ZZ im Altsystem
VTR-00003057,VERA,L-0000086,MIGRATIONSLOG,1.0,2014-12-01,2025-11-15,Migrationsstorno ZZ im Altsystem
VTR-00003058,VERA,L-0000087,MIGRATIONSLOG,1.0,2020-12-01,2025-11-15,Migrationsstorno ZZ im Altsystem
VTR-00003061,VERA,L-0000088,MIGRATIONSLOG,1.0,2023-11-01,2025-11-15,Migrationsstorno ZZ im Altsystem
VTR-00003063,VERA,L-0000089,MIGRATIONSLOG,1.0,2023-10-01,2025-11-15,Migrationsstorno ZZ im Altsystem
VTR-00003070,VERA,L-0000090,MIGRATIONSLOG,1.0,2009-11-01,2025-11-15,
VTR-00003071,VERA,L-0000091,MIGRATIONSLOG,1.0,2013-04-01,2025-11-15,Migrationsstorno ZZ im Altsystem
VTR-00003072,VERA,L-0000092,MIGRATIONSLOG,1.0,2018-08-01,2025-11-15,Migrationsstorno ZZ im Altsystem
VTR-00003073,VERA,L-0000093,MIGRATIONSLOG,1.0,2013-09-01,2025-11-15,Migrationsstorno ZZ im Altsystem
VTR-00003074,VERA,L-0000094,MIGRATIONSLOG,1.0,2021-02-01,2025-11-15,Migrationsstorno ZZ im Altsystem
VTR-00003077,VERA,L-0000095,MIGRATIONSLOG,1.0,2013-04-01,2025-11-15,
VTR-00003079,VERA,L-0000096,MIGRATIONSLOG,1.0,2024-05-01,2025-11-15,Migrationsstorno ZZ im Altsystem
VTR-00003082,VERA,L-0000097,MIGRATIONSLOG,1.0,2003-07-01,2025-11-15,
VTR-00003085,VERA,L-0000098,MIGRATIONSLOG,1.0,1997-09-01,2025-11-15,
VTR-00003086,VERA,L-0000099,MIGRATIONSLOG,1.0,2017-08-01,2025-11-15,
VTR-00003087,VERA,L-0000100,MIGRATIONSLOG,1.0,2021-09-01,2025-11-15,Migrationsstorno ZZ im Altsystem
VTR-00003090,VERA,L-0000101,MIGRATIONSLOG,1.0,2009-12-01,2025-11-15,
VTR-00003092,VERA,L-0000102,MIGRATIONSLOG,1.0,2022-10-01,2025-11-15,Migrationsstorno ZZ im Altsystem
VTR-00003093,VERA,L-0000103,MIGRATIONSLOG,1.0,2024-07-01,2025-11-15,Migrationsstorno ZZ im Altsystem
VTR-00003094,VERA,L-0000104,MIGRATIONSLOG,1.0,2011-08-01,2025-11-15,Migrationsstorno ZZ im Altsystem
VTR-00003095,VERA,L-0000105,MIGRATIONSLOG,1.0,2023-11-01,2025-11-15,Migrationsstorno ZZ im Altsystem
VTR-00003096,VERA,L-0000106,MIGRATIONSLOG,1.0,2007-05-01,2025-11-15,Migrationsstorno ZZ im Altsystem
VTR-00003100,VERA,L-0000107,MIGRATIONSLOG,1.0,2022-07-01,2025-11-15,Migrationsstorno ZZ im Altsystem
VTR-00003101,VERA,L-0000108,MIGRATIONSLOG,1.0,2017-03-01,2025-11-15,
VTR-00003102,VERA,L-0000109,MIGRATIONSLOG,1.0,2012-02-01,2025-11-15,Migrationsstorno ZZ im Altsystem
VTR-00003103,VERA,L-0000110,MIGRATIONSLOG,1.0,2022-03-01,2025-11-15,Migrationsstorno ZZ im Altsystem
VTR-00003104,VERA,L-0000111,MIGRATIONSLOG,1.0,2020-09-01,2025-11-15,Migrationsstorno ZZ im Altsystem
VTR-00003105,VERA,L-0000112,MIGRATIONSLOG,1.0,2009-01-01,2025-11-15,Migrationsstorno ZZ im Altsystem
VTR-00003106,VERA,L-0000113,MIGRATIONSLOG,1.0,2023-08-01,2025-11-15,Migrationsstorno ZZ im Altsystem
VTR-00003107,VERA,L-0000114,MIGRATIONSLOG,1.0,2004-12-01,2025-11-15,
VTR-00003108,VERA,L-0000115,MIGRATIONSLOG,1.0,1994-10-01,2025-11-15,
VTR-00003109,VERA,L-0000116,MIGRATIONSLOG,1.0,2019-02-01,2025-11-15,
VTR-00003110,VERA,L-0000117,MIGRATIONSLOG,1.0,2012-04-01,2025-11-15,Migrationsstorno ZZ im Altsystem
VTR-00003111,VERA,L-0000118,MIGRATIONSLOG,1.0,2001-03-01,2025-11-15,
VTR-00003112,VERA,L-0000119,MIGRATIONSLOG,1.0,2018-03-01,2025-11-15,Migrationsstorno ZZ im Altsystem
VTR-00003113,VERA,L-0000120,MIGRATIONSLOG,1.0,2020-10-01,2025-11-15,Migrationsstorno ZZ im Altsystem
VTR-00003117,VERA,L-0000121,MIGRATIONSLOG,1.0,2023-03-01,2025-11-15,Migrationsstorno ZZ im Altsystem
VTR-00003119,VERA,L-0000122,MIGRATIONSLOG,1.0,2013-03-01,2025-11-15,
VTR-00003120,VERA,L-0000123,MIGRATIONSLOG,1.0,2013-06-01,2025-11-15,
VTR-00003121,VERA,L-0000124,MIGRATIONSLOG,1.0,2003-02-01,2025-11-15,
VTR-00003124,VERA,L-0000125,MIGRATIONSLOG,1.0,2004-04-01,2025-11-15,
VTR-00003125,VERA,L-0000126,MIGRATIONSLOG,1.0,1999-07-01,2025-11-15,
VTR-00003126,VERA,L-0000127,MIGRATIONSLOG,1.0,2013-05-01,2025-11-15,Migrationsstorno ZZ im Altsystem
VTR-00003127,VERA,L-0000128,MIGRATIONSLOG,1.0,2007-01-01,2025-11-15,Migrationsstorno ZZ im Altsystem
VTR-00003131,VERA,L-0000129,MIGRATIONSLOG,1.0,2014-11-01,2025-11-15,Migrationsstorno ZZ im Altsystem
VTR-00003132,VERA,L-0000130,MIGRATIONSLOG,1.0,2003-05-01,2025-11-15,
VTR-00003133,VERA,L-0000131,MIGRATIONSLOG,1.0,2015-10-01,2025-11-15,Migrationsstorno ZZ im Altsystem
VTR-00003135,VERA,L-0000132,MIGRATIONSLOG,1.0,2015-05-01,2025-11-15,Migrationsstorno ZZ im Altsystem
VTR-00003137,VERA,L-0000133,MIGRATIONSLOG,1.0,2024-04-01,2025-11-15,Migrationsstorno ZZ im Altsystem
VTR-00003139,VERA,L-0000134,MIGRATIONSLOG,1.0,2024-08-01,2025-11-15,Migrationsstorno ZZ im Altsystem
VTR-00003140,VERA,L-0000135,MIGRATIONSLOG,1.0,2019-03-01,2025-11-15,Migrationsstorno ZZ im Altsystem
VTR-00003142,VERA,L-0000136,MIGRATIONSLOG,1.0,2016-04-01,2025-11-15,Migrationsstorno ZZ im Altsystem
VTR-00003143,VERA,L-0000137,MIGRATIONSLOG,1.0,2015-07-01,2025-11-15,Migrationsstorno ZZ im Altsystem
VTR-00003145,VERA,L-0000138,MIGRATIONSLOG,1.0,2017-04-01,2025-11-15,Migrationsstorno ZZ im Altsystem
VTR-00003147,VERA,L-0000139,MIGRATIONSLOG,1.0,1999-01-01,2025-11-15,Migrationsstorno ZZ im Altsystem
VTR-00003153,VERA,L-0000140,MIGRATIONSLOG,1.0,1999-08-01,2025-11-15,
VTR-00003154,VERA,L-0000141,MIGRATIONSLOG,1.0,2018-02-01,2025-11-15,Migrationsstorno ZZ im Altsystem
VTR-00003155,VERA,L-0000142,MIGRATIONSLOG,1.0,1999-10-01,2025-11-15,
VTR-00003156,VERA,L-0000143,MIGRATIONSLOG,1.0,2011-11-01,2025-11-15,
VTR-00003157,VERA,L-0000144,MIGRATIONSLOG,1.0,2013-05-01,2025-11-15,Migrationsstorno ZZ im Altsystem
VTR-00003158,VERA,L-0000145,MIGRATIONSLOG,1.0,2017-05-01,2025-11-15,Migrationsstorno ZZ im Altsystem
VTR-00003159,VERA,L-0000146,MIGRATIONSLOG,1.0,2016-03-01,2025-11-15,
VTR-00003161,VERA,L-0000147,MIGRATIONSLOG,1.0,2011-06-01,2025-11-15,Migrationsstorno ZZ im Altsystem
VTR-00003162,VERA,L-0000148,MIGRATIONSLOG,1.0,1996-04-01,2025-11-15,
VTR-00003163,VERA,L-0000149,MIGRATIONSLOG,1.0,2017-03-01,2025-11-15,Migrationsstorno ZZ im Altsystem
VTR-00003164,VERA,L-0000150,MIGRATIONSLOG,1.0,2022-05-01,2025-11-15,Migrationsstorno ZZ im Altsystem
VTR-00003168,VERA,L-0000151,MIGRATIONSLOG,1.0,2023-12-01,2025-11-15,Migrationsstorno ZZ im Altsystem
VTR-00003170,VERA,L-0000152,MIGRATIONSLOG,1.0,2017-04-01,2025-11-15,Migrationsstorno ZZ im Altsystem
VTR-00003171,VERA,L-0000153,MIGRATIONSLOG,1.0,1999-07-01,2025-11-15,
VTR-00003172,VERA,L-0000154,MIGRATIONSLOG,1.0,2016-12-01,2025-11-15,
VTR-00003173,VERA,L-0000155,MIGRATIONSLOG,1.0,2024-12-01,2025-11-15,Migrationsstorno ZZ im Altsystem
VTR-00003174,VERA,L-0000156,MIGRATIONSLOG,1.0,2009-12-01,2025-11-15,Migrationsstorno ZZ im Altsystem
VTR-00003175,VERA,L-0000157,MIGRATIONSLOG,1.0,2013-09-01,2025-11-15,
VTR-00003176,VERA,L-0000158,MIGRATIONSLOG,1.0,2006-08-01,2025-11-15,Migrationsstorno ZZ im Altsystem
VTR-00003177,VERA,L-0000159,MIGRATIONSLOG,1.0,2010-11-01,2025-11-15,
VTR-00003178,VERA,L-0000160,MIGRATIONSLOG,1.0,2015-05-01,2025-11-15,Migrationsstorno ZZ im Altsystem
VTR-00003179,VERA,L-0000161,MIGRATIONSLOG,1.0,2006-12-01,2025-11-15,
VTR-00003180,VERA,L-0000162,MIGRATIONSLOG,1.0,2016-08-01,2025-11-15,Migrationsstorno ZZ im Altsystem
VTR-00003181,VERA,L-0000163,MIGRATIONSLOG,1.0,1999-05-01,2025-11-15,
VTR-00003182,VERA,L-0000164,MIGRATIONSLOG,1.0,2005-07-01,2025-11-15,Migrationsstorno ZZ im Altsystem
VTR-00003183,VERA,L-0000165,MIGRATIONSLOG,1.0,2016-10-01,2025-11-15,
VTR-00003184,VERA,L-0000166,MIGRATIONSLOG,1.0,2024-07-01,2025-11-15,Migrationsstorno ZZ im Altsystem
VTR-00003185,VERA,L-0000167,MIGRATIONSLOG,1.0,2005-06-01,2025-11-15,
VTR-00003186,VERA,L-0000168,MIGRATIONSLOG,1.0,2013-10-01,2025-11-15,Migrationsstorno ZZ im Altsystem
VTR-00003187,VERA,L-0000169,MIGRATIONSLOG,1.0,2020-12-01,2025-11-15,Migrationsstorno ZZ im Altsystem
VTR-00003189,VERA,L-0000170,MIGRATIONSLOG,1.0,2018-05-01,2025-11-15,Migrationsstorno ZZ im Altsystem
VTR-00003190,VERA,L-0000171,MIGRATIONSLOG,1.0,2006-07-01,2025-11-15,Migrationsstorno ZZ im Altsystem
VTR-00003192,VERA,L-0000172,MIGRATIONSLOG,1.0,2018-11-01,2025-11-15,Migrationsstorno ZZ im Altsystem
VTR-00003193,VERA,L-0000173,MIGRATIONSLOG,1.0,2024-05-01,2025-11-15,Migrationsstorno ZZ im Altsystem
VTR-00003194,VERA,L-0000174,MIGRATIONSLOG,1.0,2024-04-01,2025-11-15,Migrationsstorno ZZ im Altsystem
VTR-00003195,VERA,L-0000175,MIGRATIONSLOG,1.0,2002-02-01,2025-11-15,Migrationsstorno ZZ im Altsystem
VTR-00003196,VERA,L-0000176,MIGRATIONSLOG,1.0,2009-10-01,2025-11-15,Migrationsstorno ZZ im Altsystem
VTR-00003197,VERA,L-0000177,MIGRATIONSLOG,1.0,2010-10-01,2025-11-15,Migrationsstorno ZZ im Altsystem
VTR-00003199,VERA,L-0000178,MIGRATIONSLOG,1.0,2011-12-01,2025-11-15,Migrationsstorno ZZ im Altsystem
VTR-00003200,VERA,L-0000179,MIGRATIONSLOG,1.0,2016-04-01,2025-11-15,
VTR-00003201,VERA,L-0000180,MIGRATIONSLOG,1.0,2016-07-01,2025-11-15,Migrationsstorno ZZ im Altsystem
VTR-00003202,VERA,L-0000181,MIGRATIONSLOG,1.0,2011-07-01,2025-11-15,Migrationsstorno ZZ im Altsystem
VTR-00003204,VERA,L-0000182,MIGRATIONSLOG,1.0,2008-12-01,2025-11-15,
VTR-00003205,VERA,L-0000183,MIGRATIONSLOG,1.0,2017-04-01,2025-11-15,Migrationsstorno ZZ im Altsystem
VTR-00003206,VERA,L-0000184,MIGRATIONSLOG,1.0,2018-09-01,2025-11-15,Migrationsstorno ZZ im Altsystem
VTR-00003207,VERA,L-0000185,MIGRATIONSLOG,1.0,2013-09-01,2025-11-15,
VTR-00003208,VERA,L-0000186,MIGRATIONSLOG,1.0,2010-11-01,2025-11-15,
VTR-00003210,VERA,L-0000187,MIGRATIONSLOG,1.0,2016-05-01,2025-11-15,Migrationsstorno ZZ im Altsystem
VTR-00003211,VERA,L-0000188,MIGRATIONSLOG,1.0,2014-06-01,2025-11-15,Migrationsstorno ZZ im Altsystem
VTR-00003212,VERA,L-0000189,MIGRATIONSLOG,1.0,2015-03-01,2025-11-15,Migrationsstorno ZZ im Altsystem
VTR-00003214,VERA,L-0000190,MIGRATIONSLOG,1.0,1996-02-01,2025-11-15,
VTR-00003216,VERA,L-0000191,MIGRATIONSLOG,1.0,2023-04-01,2025-11-15,Migrationsstorno ZZ im Altsystem
VTR-00003217,VERA,L-0000192,MIGRATIONSLOG,1.0,2022-11-01,2025-11-15,
VTR-00003219,VERA,L-0000193,MIGRATIONSLOG,1.0,2005-10-01,2025-11-15,
VTR-00003220,VERA,L-0000194,MIGRATIONSLOG,1.0,2001-11-01,2025-11-15,
VTR-00003221,VERA,L-0000195,MIGRATIONSLOG,1.0,2000-12-01,2025-11-15,
VTR-00003224,VERA,L-0000196,MIGRATIONSLOG,1.0,2003-09-01,2025-11-15,
VTR-00003226,VERA,L-0000197,MIGRATIONSLOG,1.0,1988-11-01,2025-11-15,
VTR-00003227,VERA,L-0000198,MIGRATIONSLOG,1.0,2005-10-01,2025-11-15,
VTR-00003228,VERA,L-0000199,MIGRATIONSLOG,1.0,2010-10-01,2025-11-15,
VTR-00003230,VERA,L-0000200,MIGRATIONSLOG,1.0,1992-10-01,2025-11-15,
VTR-00003231,VERA,L-0000201,MIGRATIONSLOG,1.0,2017-03-01,2025-11-15,Migrationsstorno ZZ im Altsystem
VTR-00003232,VERA,L-0000202,MIGRATIONSLOG,1.0,2013-10-01,2025-11-15,Migrationsstorno ZZ im Altsystem
VTR-00003234,VERA,L-0000203,MIGRATIONSLOG,1.0,2017-07-01,2025-11-15,Migrationsstorno ZZ im Altsystem
VTR-00003235,VERA,L-0000204,MIGRATIONSLOG,1.0,2011-08-01,2025-11-15,Migrationsstorno ZZ im Altsystem
VTR-00003236,VERA,L-0000205,MIGRATIONSLOG,1.0,2009-06-01,2025-11-15,Migrationsstorno ZZ im Altsystem
VTR-00003237,VERA,L-0000206,MIGRATIONSLOG,1.0,2016-03-01,2025-11-15,Migrationsstorno ZZ im Altsystem
VTR-00003238,VERA,L-0000207,MIGRATIONSLOG,1.0,2023-12-01,2025-11-15,Migrationsstorno ZZ im Altsystem
VTR-00003240,VERA,L-0000208,MIGRATIONSLOG,1.0,2013-11-01,2025-11-15,
VTR-00003241,VERA,L-0000209,MIGRATIONSLOG,1.0,2008-02-01,2025-11-15,
VTR-00003242,VERA,L-0000210,MIGRATIONSLOG,1.0,2012-09-01,2025-11-15,Migrationsstorno ZZ im Altsystem
VTR-00003244,VERA,L-0000211,MIGRATIONSLOG,1.0,2018-02-01,2025-11-15,
VTR-00003245,VERA,L-0000212,MIGRATIONSLOG,1.0,2001-06-01,2025-11-15,
VTR-00003246,VERA,L-0000213,MIGRATIONSLOG,1.0,2011-05-01,2025-11-15,
VTR-00003247,VERA,L-0000214,MIGRATIONSLOG,1.0,2022-08-01,2025-11-15,Migrationsstorno ZZ im Altsystem
VTR-00003248,VERA,L-0000215,MIGRATIONSLOG,1.0,2006-05-01,2025-11-15,
VTR-00003249,VERA,L-0000216,MIGRATIONSLOG,1.0,2011-06-01,2025-11-15,Migrationsstorno ZZ im Altsystem
VTR-00003250,VERA,L-0000217,MIGRATIONSLOG,1.0,2010-04-01,2025-11-15,
VTR-00003251,VERA,L-0000218,MIGRATIONSLOG,1.0,2006-10-01,2025-11-15,Migrationsstorno ZZ im Altsystem
VTR-00003254,VERA,L-0000219,MIGRATIONSLOG,1.0,2020-01-01,2025-11-15,Migrationsstorno ZZ im Altsystem
VTR-00003255,VERA,L-0000220,MIGRATIONSLOG,1.0,2023-08-01,2025-11-15,Migrationsstorno ZZ im Altsystem
VTR-00003256,VERA,L-0000221,MIGRATIONSLOG,1.0,2006-06-01,2025-11-15,
VTR-00003257,VERA,L-0000222,MIGRATIONSLOG,1.0,2001-01-01,2025-11-15,Migrationsstorno ZZ im Altsystem
VTR-00003258,VERA,L-0000223,MIGRATIONSLOG,1.0,2022-02-01,2025-11-15,Migrationsstorno ZZ im Altsystem
VTR-00003259,VERA,L-0000224,MIGRATIONSLOG,1.0,2020-02-01,2025-11-15,Migrationsstorno ZZ im Altsystem
VTR-00003260,VERA,L-0000225,MIGRATIONSLOG,1.0,1996-04-01,2025-11-15,
VTR-00003261,VERA,L-0000226,MIGRATIONSLOG,1.0,2023-11-01,2025-11-15,Migrationsstorno ZZ im Altsystem
VTR-00003262,VERA,L-0000227,MIGRATIONSLOG,1.0,2022-06-01,2025-11-15,Migrationsstorno ZZ im Altsystem
VTR-00003263,VERA,L-0000228,MIGRATIONSLOG,1.0,2011-12-01,2025-11-15,Migrationsstorno ZZ im Altsystem
VTR-00003264,VERA,L-0000229,MIGRATIONSLOG,1.0,2007-06-01,2025-11-15,
VTR-00003265,VERA,L-0000230,MIGRATIONSLOG,1.0,2012-02-01,2025-11-15,Migrationsstorno ZZ im Altsystem
VTR-00003269,VERA,L-0000231,MIGRATIONSLOG,1.0,2012-11-01,2025-11-15,Migrationsstorno ZZ im Altsystem
VTR-00003270,VERA,L-0000232,MIGRATIONSLOG,1.0,2023-06-01,2025-11-15,
VTR-00003271,VERA,L-0000233,MIGRATIONSLOG,1.0,2015-04-01,2025-11-15,Migrationsstorno ZZ im Altsystem
VTR-00003272,VERA,L-0000234,MIGRATIONSLOG,1.0,1999-05-01,2025-11-15,Migrationsstorno ZZ im Altsystem
VTR-00003273,VERA,L-0000235,MIGRATIONSLOG,1.0,2013-06-01,2025-11-15,Migrationsstorno ZZ im Altsystem
VTR-00003274,VERA,L-0000236,MIGRATIONSLOG,1.0,1995-02-01,2025-11-15,Migrationsstorno ZZ im Altsystem
VTR-00003276,VERA,L-0000237,MIGRATIONSLOG,1.0,2013-03-01,2025-11-15,Migrationsstorno ZZ im Altsystem
VTR-00003277,VERA,L-0000238,MIGRATIONSLOG,1.0,2012-10-01,2025-11-15,Migrationsstorno ZZ im Altsystem
VTR-00003278,VERA,L-0000239,MIGRATIONSLOG,1.0,2017-02-01,2025-11-15,
VTR-00003279,VERA,L-0000240,MIGRATIONSLOG,1.0,2024-06-01,2025-11-15,Migrationsstorno ZZ im Altsystem
VTR-00003280,VERA,L-0000241,MIGRATIONSLOG,1.0,2012-10-01,2025-11-15,
VTR-00003281,VERA,L-0000242,MIGRATIONSLOG,1.0,2005-06-01,2025-11-15,
VTR-00003284,VERA,L-0000243,MIGRATIONSLOG,1.0,2023-05-01,2025-11-15,Migrationsstorno ZZ im Altsystem
VTR-00003286,VERA,L-0000244,MIGRATIONSLOG,1.0,2005-09-01,2025-11-15,
VTR-00003287,VERA,L-0000245,MIGRATIONSLOG,1.0,2010-01-01,2025-11-15,
VTR-00003288,VERA,L-0000246,MIGRATIONSLOG,1.0,2016-01-01,2025-11-15,Migrationsstorno ZZ im Altsystem
VTR-00003289,VERA,L-0000247,MIGRATIONSLOG,1.0,2016-09-01,2025-11-15,Migrationsstorno ZZ im Altsystem
VTR-00003290,VERA,L-0000248,MIGRATIONSLOG,1.0,2022-08-01,2025-11-15,Migrationsstorno ZZ im Altsystem
VTR-00003291,VERA,L-0000249,MIGRATIONSLOG,1.0,2007-10-01,2025-11-15,
VTR-00003292,VERA,L-0000250,MIGRATIONSLOG,1.0,2008-10-01,2025-11-15,
VTR-00003294,VERA,L-0000251,MIGRATIONSLOG,1.0,2015-03-01,2025-11-15,Migrationsstorno ZZ im Altsystem
VTR-00003295,VERA,L-0000252,MIGRATIONSLOG,1.0,2006-06-01,2025-11-15,
VTR-00003296,VERA,L-0000253,MIGRATIONSLOG,1.0,2016-08-01,2025-11-15,Migrationsstorno ZZ im Altsystem
VTR-00003300,VERA,L-0000254,MIGRATIONSLOG,1.0,2016-06-01,2025-11-15,Migrationsstorno ZZ im Altsystem
VTR-00003301,VERA,L-0000255,MIGRATIONSLOG,1.0,2008-03-01,2025-11-15,Migrationsstorno ZZ im Altsystem
VTR-00003303,VERA,L-0000256,MIGRATIONSLOG,1.0,2001-12-01,2025-11-15,Migrationsstorno ZZ im Altsystem
VTR-00003304,VERA,L-0000257,MIGRATIONSLOG,1.0,2019-07-01,2025-11-15,Migrationsstorno ZZ im Altsystem
VTR-00003305,VERA,L-0000258,MIGRATIONSLOG,1.0,2019-07-01,2025-11-15,Migrationsstorno ZZ im Altsystem
VTR-00003307,VERA,L-0000259,MIGRATIONSLOG,1.0,1996-01-01,2025-11-15,
VTR-00003308,VERA,L-0000260,MIGRATIONSLOG,1.0,2010-11-01,2025-11-15,Migrationsstorno ZZ im Altsystem
VTR-00003309,VERA,L-0000261,MIGRATIONSLOG,1.0,2015-01-01,2025-11-15,Migrationsstorno ZZ im Altsystem
VTR-00003310,VERA,L-0000262,MIGRATIONSLOG,1.0,2012-03-01,2025-11-15,Migrationsstorno ZZ im Altsystem
VTR-00003311,VERA,L-0000263,MIGRATIONSLOG,1.0,2024-08-01,2025-11-15,Migrationsstorno ZZ im Altsystem
VTR-00003312,VERA,L-0000264,MIGRATIONSLOG,1.0,2013-12-01,2025-11-15,
VTR-00003313,VERA,L-0000265,MIGRATIONSLOG,1.0,2007-09-01,2025-11-15,
VTR-00003314,VERA,L-0000266,MIGRATIONSLOG,1.0,2004-03-01,2025-11-15,Migrationsstorno ZZ im Altsystem
VTR-00003316,VERA,L-0000267,MIGRATIONSLOG,1.0,1988-11-01,2025-11-15,
VTR-00003317,VERA,L-0000268,MIGRATIONSLOG,1.0,2013-10-01,2025-11-15,
VTR-00003318,VERA,L-0000269,MIGRATIONSLOG,1.0,2022-02-01,2025-11-15,Migrationsstorno ZZ im Altsystem
VTR-00003319,VERA,L-0000270,MIGRATIONSLOG,1.0,2010-12-01,2025-11-15,Migrationsstorno ZZ im Altsystem
VTR-00003320,VERA,L-0000271,MIGRATIONSLOG,1.0,2005-10-01,2025-11-15,
VTR-00003322,VERA,L-0000272,MIGRATIONSLOG,1.0,1996-01-01,2025-11-15,
VTR-00003323,VERA,L-0000273,MIGRATIONSLOG,1.0,2008-08-01,2025-11-15,
VTR-00003326,VERA,L-0000274,MIGRATIONSLOG,1.0,2021-07-01,2025-11-15,Migrationsstorno ZZ im Altsystem
VTR-00003327,VERA,L-0000275,MIGRATIONSLOG,1.0,2020-05-01,2025-11-15,Migrationsstorno ZZ im Altsystem
VTR-00003328,VERA,L-0000276,MIGRATIONSLOG,1.0,2018-10-01,2025-11-15,Migrationsstorno ZZ im Altsystem
VTR-00003329,VERA,L-0000277,MIGRATIONSLOG,1.0,2005-11-01,2025-11-15,
VTR-00003330,VERA,L-0000278,MIGRATIONSLOG,1.0,2006-06-01,2025-11-15,
VTR-00003333,VERA,L-0000279,MIGRATIONSLOG,1.0,2002-02-01,2025-11-15,
VTR-00003335,VERA,L-0000280,MIGRATIONSLOG,1.0,2006-10-01,2025-11-15,
VTR-00003336,VERA,L-0000281,MIGRATIONSLOG,1.0,2019-12-01,2025-11-15,Migrationsstorno ZZ im Altsystem
VTR-00003340,VERA,L-0000282,MIGRATIONSLOG,1.0,2023-07-01,2025-11-15,Migrationsstorno ZZ im Altsystem
VTR-00003341,VERA,L-0000283,MIGRATIONSLOG,1.0,2005-01-01,2025-11-15,
VTR-00003342,VERA,L-0000284,MIGRATIONSLOG,1.0,2002-04-01,2025-11-15,
VTR-00003343,VERA,L-0000285,MIGRATIONSLOG,1.0,2016-04-01,2025-11-15,
VTR-00003345,VERA,L-0000286,MIGRATIONSLOG,1.0,2011-07-01,2025-11-15,
VTR-00003346,VERA,L-0000287,MIGRATIONSLOG,1.0,2013-09-01,2025-11-15,
VTR-00003349,VERA,L-0000288,MIGRATIONSLOG,1.0,2014-10-01,2025-11-15,
VTR-00003350,VERA,L-0000289,MIGRATIONSLOG,1.0,2001-08-01,2025-11-15,Migrationsstorno ZZ im Altsystem
VTR-00003351,VERA,L-0000290,MIGRATIONSLOG,1.0,2006-03-01,2025-11-15,Migrationsstorno ZZ im Altsystem
VTR-00003357,VERA,L-0000291,MIGRATIONSLOG,1.0,2005-05-01,2025-11-15,
VTR-00003358,VERA,L-0000292,MIGRATIONSLOG,1.0,2021-01-01,2025-11-15,Migrationsstorno ZZ im Altsystem
VTR-00003359,VERA,L-0000293,MIGRATIONSLOG,1.0,2023-10-01,2025-11-15,Migrationsstorno ZZ im Altsystem
VTR-00003361,VERA,L-0000294,MIGRATIONSLOG,1.0,2024-02-01,2025-11-15,Migrationsstorno ZZ im Altsystem
VTR-00003363,VERA,L-0000295,MIGRATIONSLOG,1.0,2013-07-01,2025-11-15,Migrationsstorno ZZ im Altsystem
VTR-00003364,VERA,L-0000296,MIGRATIONSLOG,1.0,2013-09-01,2025-11-15,
VTR-00003367,VERA,L-0000297,MIGRATIONSLOG,1.0,2017-03-01,2025-11-15,
VTR-00003368,VERA,L-0000298,MIGRATIONSLOG,1.0,2006-04-01,2025-11-15,
VTR-00003369,VERA,L-0000299,MIGRATIONSLOG,1.0,2002-12-01,2025-11-15,
VTR-00003370,VERA,L-0000300,MIGRATIONSLOG,1.0,2007-04-01,2025-11-15,
VTR-00003371,VERA,L-0000301,MIGRATIONSLOG,1.0,2021-12-01,2025-11-15,Migrationsstorno ZZ im Altsystem
VTR-00003372,VERA,L-0000302,MIGRATIONSLOG,1.0,2012-11-01,2025-11-15,
VTR-00003373,VERA,L-0000303,MIGRATIONSLOG,1.0,2009-12-01,2025-11-15,
VTR-00003374,VERA,L-0000304,MIGRATIONSLOG,1.0,2011-02-01,2025-11-15,
VTR-00003375,VERA,L-0000305,MIGRATIONSLOG,1.0,2019-12-01,2025-11-15,Migrationsstorno ZZ im Altsystem
VTR-00003376,VERA,L-0000306,MIGRATIONSLOG,1.0,2002-06-01,2025-11-15,
VTR-00003378,VERA,L-0000307,MIGRATIONSLOG,1.0,2006-06-01,2025-11-15,
VTR-00003380,VERA,L-0000308,MIGRATIONSLOG,1.0,2009-11-01,2025-11-15,
VTR-00003381,VERA,L-0000309,MIGRATIONSLOG,1.0,2009-04-01,2025-11-15,Migrationsstorno ZZ im Altsystem
VTR-00003383,VERA,L-0000310,MIGRATIONSLOG,1.0,2006-08-01,2025-11-15,
VTR-00003384,VERA,L-0000311,MIGRATIONSLOG,1.0,2014-07-01,2025-11-15,
VTR-00003387,VERA,L-0000312,MIGRATIONSLOG,1.0,2017-03-01,2025-11-15,
VTR-00003389,VERA,L-0000313,MIGRATIONSLOG,1.0,2016-06-01,2025-11-15,
VTR-00003390,VERA,L-0000314,MIGRATIONSLOG,1.0,2015-08-01,2025-11-15,
VTR-00003391,VERA,L-0000315,MIGRATIONSLOG,1.0,2014-09-01,2025-11-15,Migrationsstorno ZZ im Altsystem
VTR-00003392,VERA,L-0000316,MIGRATIONSLOG,1.0,2004-04-01,2025-11-15,Migrationsstorno ZZ im Altsystem
VTR-00003394,VERA,L-0000317,MIGRATIONSLOG,1.0,2018-10-01,2025-11-15,
VTR-00003395,VERA,L-0000318,MIGRATIONSLOG,1.0,2022-05-01,2025-11-15,Migrationsstorno ZZ im Altsystem
VTR-00003396,VERA,L-0000319,MIGRATIONSLOG,1.0,2024-05-01,2025-11-15,Migrationsstorno ZZ im Altsystem
VTR-00003398,VERA,L-0000320,MIGRATIONSLOG,1.0,2008-09-01,2025-11-15,
VTR-00003399,VERA,L-0000321,MIGRATIONSLOG,1.0,2017-12-01,2025-11-15,Migrationsstorno ZZ im Altsystem
VTR-00003400,VERA,L-0000322,MIGRATIONSLOG,1.0,2016-03-01,2025-11-15,
VTR-00003401,VERA,L-0000323,MIGRATIONSLOG,1.0,2005-05-01,2025-11-15,
VTR-00003402,VERA,L-0000324,MIGRATIONSLOG,1.0,2013-02-01,2025-11-15,
VTR-00003403,VERA,L-0000325,MIGRATIONSLOG,1.0,2023-06-01,2025-11-15,Migrationsstorno ZZ im Altsystem
VTR-00003404,VERA,L-0000326,MIGRATIONSLOG,1.0,2014-06-01,2025-11-15,
VTR-00003405,VERA,L-0000327,MIGRATIONSLOG,1.0,2005-06-01,2025-11-15,
VTR-00003406,VERA,L-0000328,MIGRATIONSLOG,1.0,2012-09-01,2025-11-15,
VTR-00003407,VERA,L-0000329,MIGRATIONSLOG,1.0,2016-12-01,2025-11-15,
VTR-00003408,VERA,L-0000330,MIGRATIONSLOG,1.0,2016-03-01,2025-11-15,
VTR-00003409,VERA,L-0000331,MIGRATIONSLOG,1.0,2018-07-01,2025-11-15,Migrationsstorno ZZ im Altsystem
VTR-00003410,VERA,L-0000332,MIGRATIONSLOG,1.0,2024-08-01,2025-11-15,Migrationsstorno ZZ im Altsystem
VTR-00003411,VERA,L-0000333,MIGRATIONSLOG,1.0,2005-02-01,2025-11-15,
VTR-00003412,VERA,L-0000334,MIGRATIONSLOG,1.0,2003-02-01,2025-11-15,
VTR-00003413,VERA,L-0000335,MIGRATIONSLOG,1.0,2010-11-01,2025-11-15,
VTR-00003414,VERA,L-0000336,MIGRATIONSLOG,1.0,2006-05-01,2025-11-15,
VTR-00003415,VERA,L-0000337,MIGRATIONSLOG,1.0,2020-10-01,2025-11-15,Migrationsstorno ZZ im Altsystem
VTR-00003416,VERA,L-0000338,MIGRATIONSLOG,1.0,2019-10-01,2025-11-15,Migrationsstorno ZZ im Altsystem
VTR-00003418,VERA,L-0000339,MIGRATIONSLOG,1.0,2006-07-01,2025-11-15,
VTR-00003419,VERA,L-0000340,MIGRATIONSLOG,1.0,2023-01-01,2025-11-15,
VTR-00003420,VERA,L-0000341,MIGRATIONSLOG,1.0,2014-01-01,2025-11-15,
VTR-00003421,VERA,L-0000342,MIGRATIONSLOG,1.0,2018-01-01,2025-11-15,
VTR-00003422,VERA,L-0000343,MIGRATIONSLOG,1.0,2017-07-01,2025-11-15,Migrationsstorno ZZ im Altsystem
VTR-00003423,VERA,L-0000344,MIGRATIONSLOG,1.0,2007-11-01,2025-11-15,
VTR-00003424,VERA,L-0000345,MIGRATIONSLOG,1.0,2024-04-01,2025-11-15,Migrationsstorno ZZ im Altsystem
VTR-00003425,VERA,L-0000346,MIGRATIONSLOG,1.0,2004-05-01,2025-11-15,
VTR-00003426,VERA,L-0000347,MIGRATIONSLOG,1.0,2007-06-01,2025-11-15,Migrationsstorno ZZ im Altsystem
VTR-00003429,VERA,L-0000348,MIGRATIONSLOG,1.0,2022-07-01,2025-11-15,Migrationsstorno ZZ im Altsystem
VTR-00003430,VERA,L-0000349,MIGRATIONSLOG,1.0,2014-08-01,2025-11-15,
VTR-00003431,VERA,L-0000350,MIGRATIONSLOG,1.0,2011-12-01,2025-11-15,Migrationsstorno ZZ im Altsystem
VTR-00003432,VERA,L-0000351,MIGRATIONSLOG,1.0,2014-02-01,2025-11-15,
VTR-00003433,VERA,L-0000352,MIGRATIONSLOG,1.0,2015-05-01,2025-11-15,Migrationsstorno ZZ im Altsystem
VTR-00003434,VERA,L-0000353,MIGRATIONSLOG,1.0,2017-12-01,2025-11-15,Migrationsstorno ZZ im Altsystem
VTR-00003437,VERA,L-0000354,MIGRATIONSLOG,1.0,2020-07-01,2025-11-15,Migrationsstorno ZZ im Altsystem
VTR-00003439,VERA,L-0000355,MIGRATIONSLOG,1.0,2012-08-01,2025-11-15,Migrationsstorno ZZ im Altsystem
VTR-00003441,VERA,L-0000356,MIGRATIONSLOG,1.0,2005-07-01,2025-11-15,
VTR-00003442,VERA,L-0000357,MIGRATIONSLOG,1.0,2021-05-01,2025-11-15,Migrationsstorno ZZ im Altsystem
VTR-00003443,VERA,L-0000358,MIGRATIONSLOG,1.0,2004-05-01,2025-11-15,
VTR-00003444,VERA,L-0000359,MIGRATIONSLOG,1.0,2003-12-01,2025-11-15,
VTR-00003445,VERA,L-0000360,MIGRATIONSLOG,1.0,2012-02-01,2025-11-15,
VTR-00003446,VERA,L-0000361,MIGRATIONSLOG,1.0,2013-12-01,2025-11-15,
VTR-00003447,VERA,L-0000362,MIGRATIONSLOG,1.0,2022-11-01,2025-11-15,Migrationsstorno ZZ im Altsystem
VTR-00003449,VERA,L-0000363,MIGRATIONSLOG,1.0,2014-04-01,2025-11-15,
VTR-00003450,VERA,L-0000364,MIGRATIONSLOG,1.0,2005-02-01,2025-11-15,
VTR-00003451,VERA,L-0000365,MIGRATIONSLOG,1.0,2020-07-01,2025-11-15,Migrationsstorno ZZ im Altsystem
VTR-00003452,VERA,L-0000366,MIGRATIONSLOG,1.0,2014-05-01,2025-11-15,
VTR-00003453,VERA,L-0000367,MIGRATIONSLOG,1.0,2014-04-01,2025-11-15,
VTR-00003454,VERA,L-0000368,MIGRATIONSLOG,1.0,2008-03-01,2025-11-15,Migrationsstorno ZZ im Altsystem
VTR-00003455,VERA,L-0000369,MIGRATIONSLOG,1.0,2007-10-01,2025-11-15,Migrationsstorno ZZ im Altsystem
VTR-00003456,VERA,L-0000370,MIGRATIONSLOG,1.0,2004-03-01,2025-11-15,
VTR-00003457,VERA,L-0000371,MIGRATIONSLOG,1.0,2011-08-01,2025-11-15,
VTR-00003458,VERA,L-0000372,MIGRATIONSLOG,1.0,2018-09-01,2025-11-15,
VTR-00003459,VERA,L-0000373,MIGRATIONSLOG,1.0,2019-01-01,2025-11-15,
VTR-00003460,VERA,L-0000374,MIGRATIONSLOG,1.0,2019-09-01,2025-11-15,
VTR-00003461,VERA,L-0000375,MIGRATIONSLOG,1.0,2013-11-01,2025-11-15,Migrationsstorno ZZ im Altsystem
VTR-00003462,VERA,L-0000376,MIGRATIONSLOG,1.0,2022-02-01,2025-11-15,Migrationsstorno ZZ im Altsystem
VTR-00003463,VERA,L-0000377,MIGRATIONSLOG,1.0,2007-12-01,2025-11-15,
VTR-00003464,VERA,L-0000378,MIGRATIONSLOG,1.0,2020-02-01,2025-11-15,Migrationsstorno ZZ im Altsystem
VTR-00003465,VERA,L-0000379,MIGRATIONSLOG,1.0,2015-01-01,2025-11-15,
VTR-00003466,VERA,L-0000380,MIGRATIONSLOG,1.0,2018-06-01,2025-11-15,Migrationsstorno ZZ im Altsystem
VTR-00003467,VERA,L-0000381,MIGRATIONSLOG,1.0,2002-10-01,2025-11-15,
VTR-00003468,VERA,L-0000382,MIGRATIONSLOG,1.0,2024-07-01,2025-11-15,Migrationsstorno ZZ im Altsystem
VTR-00003469,VERA,L-0000383,MIGRATIONSLOG,1.0,2010-06-01,2025-11-15,
VTR-00003471,VERA,L-0000384,MIGRATIONSLOG,1.0,2004-01-01,2025-11-15,
VTR-00003472,VERA,L-0000385,MIGRATIONSLOG,1.0,2022-09-01,2025-11-15,Migrationsstorno ZZ im Altsystem
VTR-00003475,VERA,L-0000386,MIGRATIONSLOG,1.0,2004-04-01,2025-11-15,
VTR-00003476,VERA,L-0000387,MIGRATIONSLOG,1.0,2013-09-01,2025-11-15,
VTR-00003477,VERA,L-0000388,MIGRATIONSLOG,1.0,2011-07-01,2025-11-15,
VTR-00003478,VERA,L-0000389,MIGRATIONSLOG,1.0,2011-02-01,2025-11-15,
VTR-00003479,VERA,L-0000390,MIGRATIONSLOG,1.0,2011-09-01,2025-11-15,Migrationsstorno ZZ im Altsystem
VTR-00003480,VERA,L-0000391,MIGRATIONSLOG,1.0,2017-01-01,2025-11-15,Migrationsstorno ZZ im Altsystem
VTR-00003481,VERA,L-0000392,MIGRATIONSLOG,1.0,2019-07-01,2025-11-15,
VTR-00003482,VERA,L-0000393,MIGRATIONSLOG,1.0,2004-03-01,2025-11-15,Migrationsstorno ZZ im Altsystem
VTR-00003483,VERA,L-0000394,MIGRATIONSLOG,1.0,2004-04-01,2025-11-15,
VTR-00003484,VERA,L-0000395,MIGRATIONSLOG,1.0,2005-05-01,2025-11-15,Migrationsstorno ZZ im Altsystem
VTR-00003486,VERA,L-0000396,MIGRATIONSLOG,1.0,2005-01-01,2025-11-15,Migrationsstorno ZZ im Altsystem
VTR-00003488,VERA,L-0000397,MIGRATIONSLOG,1.0,2014-11-01,2025-11-15,
VTR-00003489,VERA,L-0000398,MIGRATIONSLOG,1.0,2007-03-01,2025-11-15,Migrationsstorno ZZ im Altsystem
VTR-00003490,VERA,L-0000399,MIGRATIONSLOG,1.0,2015-07-01,2025-11-15,
VTR-00003491,VERA,L-0000400,MIGRATIONSLOG,1.0,2017-01-01,2025-11-15,
VTR-00003492,VERA,L-0000401,MIGRATIONSLOG,1.0,2016-12-01,2025-11-15,Migrationsstorno ZZ im Altsystem
VTR-00003493,VERA,L-0000402,MIGRATIONSLOG,1.0,2011-11-01,2025-11-15,Migrationsstorno ZZ im Altsystem
VTR-00003494,VERA,L-0000403,MIGRATIONSLOG,1.0,2024-08-01,2025-11-15,Migrationsstorno ZZ im Altsystem
VTR-00003495,VERA,L-0000404,MIGRATIONSLOG,1.0,2015-11-01,2025-11-15,Migrationsstorno ZZ im Altsystem
VTR-00003496,VERA,L-0000405,MIGRATIONSLOG,1.0,2004-06-01,2025-11-15,
VTR-00003497,VERA,L-0000406,MIGRATIONSLOG,1.0,2014-06-01,2025-11-15,Migrationsstorno ZZ im Altsystem
VTR-00003498,VERA,L-0000407,MIGRATIONSLOG,1.0,2004-05-01,2025-11-15,
VTR-00003499,VERA,L-0000408,MIGRATIONSLOG,1.0,2012-12-01,2025-11-15,
VTR-00003500,VERA,L-0000409,MIGRATIONSLOG,1.0,2016-01-01,2025-11-15,
VTR-00000101,MINT,989fa3fa-0c2b-4e55-b30b-571ac5b1705e,MIGRATIONSLOG,1.0,2025-05-15,,migriert
VTR-00000102,MINT,da095efe-dc85-467a-9f06-b18d3888d036,MIGRATIONSLOG,1.0,2025-11-15,,migriert
VTR-00000103,MINT,a9db190d-fe52-436d-b5ab-e3e3c3997c1f,MIGRATIONSLOG,1.0,2025-11-15,,migriert
VTR-00000104,MINT,d2a48cd5-21d6-4130-8a82-79e722d215d7,MIGRATIONSLOG,1.0,2025-11-15,,migriert
VTR-00000201,MINT,99e1f6f0-062c-43e8-a71c-656c24454c84,DIREKT,1.0,2021-08-02,,
VTR-00000202,MINT,39bd4b37-6c92-472b-b0d9-4a6fd4e93e3f,DIREKT,1.0,2025-09-15,,
VTR-00000203,MINT,c06cd70a-f528-4884-832a-8dc1d714663c,DIREKT,1.0,2021-02-12,,
VTR-00000301,MINT,ae62f5e5-0f2d-4a72-8a6b-485bb185614a,MIGRATIONSLOG,1.0,2025-05-15,,migriert
VTR-00000302,MINT,0e6c3c1f-bb87-4c12-a185-cad60179775c,MIGRATIONSLOG,1.0,2025-11-15,,migriert
VTR-00000401,MINT,af862832-00aa-460d-b533-2085d2b4773a,MIGRATIONSLOG,1.0,2025-05-15,,migriert
VTR-00000402,MINT,127256d1-aa92-44a1-b3dc-5b729b7d7dc6,MIGRATIONSLOG,1.0,2025-11-15,,migriert
VTR-00000501,MINT,4b91d456-b92b-4782-865e-bb70eed64b3a,MIGRATIONSLOG,1.0,2025-11-15,,migriert
VTR-00000502,MINT,b9313d4c-8c16-49d5-b12d-4cc8a806ae28,MIGRATIONSLOG,1.0,2025-11-15,,migriert
VTR-00000503,MINT,a611d256-d69c-42ef-b651-19e2864b8f24,MIGRATIONSLOG,1.0,2025-05-15,,migriert
VTR-00000601,MINT,8b896792-6e2d-46d0-a15f-1cd00755a6dc,MIGRATIONSLOG,1.0,2025-11-15,,migriert
VTR-00000602,MINT,856b55a3-a243-4322-b9d6-a186d5b7d113,DIREKT,1.0,2025-06-02,,
VTR-00000701,MINT,aaae1ec4-ae0d-4e5e-94ca-81281f077c33,DIREKT,1.0,2024-08-07,,
VTR-00000702,MINT,75484788-b373-48a7-8ae6-1d1b8751b38e,DIREKT,1.0,2024-12-27,,
VTR-00000801,MINT,2e3ea2fd-76ff-44b6-9670-594f8d3c10dc,MIGRATIONSLOG,1.0,2025-05-15,,migriert
VTR-00000901,MINT,86f495a9-5f42-4a40-9906-3f48ee33cb57,DIREKT,1.0,2022-01-15,,
VTR-00000902,MINT,a55a2956-4fe4-4987-9259-23353d91482f,MIGRATIONSLOG,1.0,2025-05-15,,migriert
VTR-00001001,MINT,25dd353d-cea7-4164-8390-5bf62025658a,DIREKT,1.0,2025-05-27,,
VTR-00002001,MINT,aacceb32-8d28-43e0-8185-ad55bd3c3d70,DIREKT,1.0,2025-11-27,,
VTR-00002002,MINT,24332df0-45c0-4d25-ac68-fb877d57071c,DIREKT,1.0,2025-03-20,,
VTR-00002003,MINT,924a955e-84c6-42b3-81c5-ea84880fc43e,MIGRATIONSLOG,1.0,2025-05-15,,migriert
VTR-00002004,MINT,55475bd1-fc20-4558-a5d2-f9e8b8166466,MIGRATIONSLOG,1.0,2025-05-15,,migriert
VTR-00002005,MINT,ba18caaa-7b43-4396-a96d-cebacc23e665,DIREKT,1.0,2025-06-06,,
VTR-00002006,MINT,53821cc9-5f65-4a84-a201-f8219622a544,DIREKT,1.0,2025-05-23,,
VTR-00002007,MINT,8301bc38-1b41-40ee-9b6b-55b1c40eb532,DIREKT,1.0,2023-02-16,,
VTR-00002008,MINT,c7ea4a69-c50a-4356-bc9c-097fe7899b6c,MIGRATIONSLOG,1.0,2025-05-15,,migriert
VTR-00002009,MINT,e8e52d07-2005-486a-934b-e148369e9f52,MIGRATIONSLOG,1.0,2025-05-15,,migriert
VTR-00002010,MINT,81bb39f7-850c-433b-98d0-f393c1296e1a,DIREKT,1.0,2021-04-02,,
VTR-00002011,MINT,704413c7-1b59-41f1-ac3d-03f1528b2cf4,DIREKT,1.0,2021-03-02,,
VTR-00002012,MINT,a41e8fc7-429d-4323-abfe-934c9108c7c1,MIGRATIONSLOG,1.0,2025-05-15,,migriert
VTR-00002013,MINT,07ce4ba8-59b0-414a-b019-6383f528a221,DIREKT,1.0,2025-01-27,,
VTR-00002014,MINT,6ca86649-e14a-47a7-aebe-40a13668ae34,MIGRATIONSLOG,1.0,2025-05-15,,migriert
VTR-00002015,MINT,13729e61-8736-470d-a0ba-bc1bf15c25e8,DIREKT,1.0,2025-03-05,,
VTR-00002016,MINT,7bd29af6-21f1-4d40-9aad-3d450be39694,DIREKT,1.0,2025-03-23,,
VTR-00002017,MINT,224763d3-b491-43b0-886f-2297a9ce7663,MIGRATIONSLOG,1.0,2025-05-15,,migriert
VTR-00002018,MINT,d7658ef1-5b13-4f83-9f65-9262190bfd52,MIGRATIONSLOG,1.0,2025-05-15,,migriert
VTR-00002019,MINT,5d635240-e2ef-4476-a6a7-5424156bad40,DIREKT,1.0,2025-01-13,,
VTR-00002020,MINT,5a43f552-17c6-4d07-98f5-7c2e39dc129f,DIREKT,1.0,2025-11-12,,
VTR-00002021,MINT,fd2b1479-cddc-40f7-84f9-e5d030e1b86d,MIGRATIONSLOG,1.0,2025-05-15,,migriert
VTR-00002022,MINT,8b5dfee4-cb4a-4e26-a747-8542d4df9b46,DIREKT,1.0,2022-05-05,,
VTR-00002023,MINT,990a066c-a33a-4635-b6b8-121b2b536717,MIGRATIONSLOG,1.0,2025-05-15,,migriert
VTR-00002024,MINT,0cb1389e-5923-40f4-ae73-48a95b445a00,DIREKT,1.0,2022-02-28,,
VTR-00002025,MINT,5e5fe8d7-7fe6-45d4-acbb-29a4ede795a1,MIGRATIONSLOG,1.0,2025-05-15,,migriert
VTR-00002026,MINT,3f7fbe64-b622-48d6-9da3-efc39d2aa02d,MIGRATIONSLOG,1.0,2025-05-15,,migriert
VTR-00002027,MINT,f5ef00fd-b621-4e2e-9c4f-1a64607806fb,DIREKT,1.0,2025-07-20,,
VTR-00002028,MINT,dcf05867-c8f9-4131-82d7-6cffdb06dced,MIGRATIONSLOG,1.0,2025-05-15,,migriert
VTR-00002029,MINT,e782ac3b-299d-4795-8691-3b8574cdd43c,MIGRATIONSLOG,1.0,2025-05-15,,migriert
VTR-00002030,MINT,5282b43a-4130-4ce5-b4cf-6fc0267f04f3,MIGRATIONSLOG,1.0,2025-05-15,,migriert
VTR-00002031,MINT,36b93378-2af6-4c01-ae32-be4ce4da053c,DIREKT,1.0,2024-12-10,,
VTR-00002032,MINT,919957df-656b-410b-aae7-f530fa75737d,DIREKT,1.0,2024-07-22,,
VTR-00002033,MINT,fca9200a-296e-499e-b910-7847b122618e,DIREKT,1.0,2025-04-15,,
VTR-00002034,MINT,d7b59d30-56d8-4001-9675-4c1851e499b3,DIREKT,1.0,2024-10-18,,
VTR-00002035,MINT,4f07601f-e443-4f7e-a664-db63458ca84f,DIREKT,1.0,2025-10-25,,
VTR-00002036,MINT,6aaa415e-05b0-41e1-bd88-2c0f891746f1,DIREKT,1.0,2025-04-08,,
VTR-00002037,MINT,c17e98f9-9da6-4cc0-91a9-a868c7e9467c,DIREKT,1.0,2022-07-04,,
VTR-00002038,MINT,a69b0f2e-e9fb-47c0-badb-5693f543a096,MIGRATIONSLOG,1.0,2025-05-15,,migriert
VTR-00002039,MINT,5f1a17e6-62e0-4105-9437-2c540d9cf828,DIREKT,1.0,2025-05-11,,
VTR-00002040,MINT,b230ad9d-186e-4664-a56d-5c7559fa7c09,DIREKT,1.0,2022-03-17,,
VTR-00002041,MINT,109356e9-f586-43cb-bbec-b385987ee7ba,DIREKT,1.0,2025-03-26,,
VTR-00002042,MINT,56426104-ab05-40de-885a-77826bb5ba91,MIGRATIONSLOG,1.0,2025-05-15,,migriert
VTR-00002043,MINT,3e318e5a-96b8-4fc8-87c4-9c455d71c8cd,MIGRATIONSLOG,1.0,2025-05-15,,migriert
VTR-00002044,MINT,aedfcafc-42eb-414d-80b4-3a886d6025de,DIREKT,1.0,2023-11-01,,
VTR-00002045,MINT,8d61fdbe-f858-4b6a-a801-4f8a3ba895b0,MIGRATIONSLOG,1.0,2025-05-15,,migriert
VTR-00002046,MINT,7ab23f71-9888-4840-bf7a-bb82e19aab19,MIGRATIONSLOG,1.0,2025-05-15,,migriert
VTR-00002047,MINT,c2cc72ce-a232-4b68-9dcd-0e05124a7166,DIREKT,1.0,2025-06-10,,
VTR-00002048,MINT,6da23e2f-592e-46a1-bef9-6095b0327e24,MIGRATIONSLOG,1.0,2025-05-15,,migriert
VTR-00002049,MINT,3b3f8e69-2419-4039-ba24-dc758a4f179e,DIREKT,1.0,2022-07-30,,
VTR-00002050,MINT,7cba27dd-4b05-4ce4-ac18-623d58a46012,MIGRATIONSLOG,1.0,2025-05-15,,migriert
VTR-00002051,MINT,5fa5b5b0-5279-4927-bafa-8f0e66003925,MIGRATIONSLOG,1.0,2025-05-15,,migriert
VTR-00002052,MINT,ad5648e9-04bf-4c4c-8b26-e86999764f8a,MIGRATIONSLOG,1.0,2025-05-15,,migriert
VTR-00002053,MINT,ec6066cb-b142-405b-a189-0bb89811f552,DIREKT,1.0,2025-01-26,,
VTR-00002054,MINT,573e4381-4dbf-4820-bc16-002b456fff7f,MIGRATIONSLOG,1.0,2025-05-15,,migriert
VTR-00002055,MINT,6b869b11-589d-4913-bfda-7d41a6e6e4eb,MIGRATIONSLOG,1.0,2025-05-15,,migriert
VTR-00002056,MINT,a10f065c-3e2a-490b-881d-431e68865221,DIREKT,1.0,2024-02-28,,
VTR-00002057,MINT,06cd192c-8a29-45a4-ae27-9737afbacf89,MIGRATIONSLOG,1.0,2025-05-15,,migriert
VTR-00002058,MINT,e5986697-9515-494b-8ae9-f3ec61e76d0a,MIGRATIONSLOG,1.0,2025-05-15,,migriert
VTR-00002059,MINT,6176346e-ff67-4d11-8a0a-8c08f823ee52,MIGRATIONSLOG,1.0,2025-05-15,,migriert
VTR-00002060,MINT,da997091-8490-4998-8d32-c909398fb1c6,DIREKT,1.0,2025-10-30,,
VTR-00002061,MINT,42d46850-0c2d-4981-9d28-38e7f13f6e34,DIREKT,1.0,2022-09-19,,
VTR-00002062,MINT,9b030216-7207-49c3-9cd5-01b4c8e0c6b2,DIREKT,1.0,2023-02-24,,
VTR-00002063,MINT,6b4784d8-38c8-4dfd-bba4-2dee999ad028,MIGRATIONSLOG,1.0,2025-05-15,,migriert
VTR-00002064,MINT,a3791ee7-a2ba-46d9-94fd-7286c228644b,MIGRATIONSLOG,1.0,2025-05-15,,migriert
VTR-00002065,MINT,611347f2-5059-4681-b3bc-704ec0b8c64f,MIGRATIONSLOG,1.0,2025-05-15,,migriert
VTR-00002066,MINT,d1f8f0c7-7425-4c91-9f13-3716c02e987a,MIGRATIONSLOG,1.0,2025-05-15,,migriert
VTR-00002067,MINT,97deb3a7-b5d0-47ce-b1d4-959e81ca6d6f,MIGRATIONSLOG,1.0,2025-05-15,,migriert
VTR-00002068,MINT,5ea66681-74c0-46ce-91a4-9b2c4a609f6b,DIREKT,1.0,2025-05-30,,
VTR-00002069,MINT,ed4794a1-1368-44f8-b55e-16d1ba1d85fb,MIGRATIONSLOG,1.0,2025-05-15,,migriert
VTR-00002070,MINT,92f447eb-6e46-4e5d-91c6-18ce72d48da1,DIREKT,1.0,2021-01-18,,
VTR-00002071,MINT,be9e5761-04bf-4955-8d4f-0803572e0875,DIREKT,1.0,2025-03-23,,
VTR-00002072,MINT,fc74174b-3418-4770-bbed-f22b23b1186a,DIREKT,1.0,2024-11-03,,
VTR-00002073,MINT,a3235451-b24d-407b-9276-bda24d15860c,DIREKT,1.0,2021-04-12,,
VTR-00002074,MINT,14dff79c-1577-4d0e-b1b8-753446284f17,MIGRATIONSLOG,1.0,2025-05-15,,migriert
VTR-00002075,MINT,03865ec2-9bb1-48c8-9cbd-018f4d32846f,DIREKT,1.0,2022-09-20,,
VTR-00002076,MINT,03b24749-b671-4a0b-8e06-24d2fbfb8ffa,DIREKT,1.0,2024-12-26,,
VTR-00002077,MINT,dbbd64c0-213e-4db3-818e-783e7bed2080,DIREKT,1.0,2021-10-31,,
VTR-00002078,MINT,83c058ae-0ca4-4d34-8384-1ed2626ccfec,MIGRATIONSLOG,1.0,2025-05-15,,migriert
VTR-00002079,MINT,fa195a4c-b4ad-48b7-b5e1-3c7ea682c8b2,MIGRATIONSLOG,1.0,2025-05-15,,migriert
VTR-00002080,MINT,2b174b67-96d1-4e50-9d47-7e45d556edfb,DIREKT,1.0,2023-03-27,,
VTR-00002081,MINT,040c10b7-a4ba-4901-9c77-91808bb0fb2a,DIREKT,1.0,2024-11-20,,
VTR-00002082,MINT,57c0c014-ec40-4191-b7e7-c03452ef14fc,DIREKT,1.0,2021-01-22,,
VTR-00002083,MINT,f1b45b02-3ce3-4dbd-bf8f-934b1d55bb4a,DIREKT,1.0,2021-09-29,,
VTR-00002084,MINT,4d8797fa-35f4-4c2f-b575-3547f46a857c,DIREKT,1.0,2025-01-06,,
VTR-00002085,MINT,55b3d7fd-6b7e-4b0b-825d-165d4a70af5c,MIGRATIONSLOG,1.0,2025-05-15,,migriert
VTR-00002086,MINT,3895e37c-f98f-4117-90cd-9aa6b5c7af16,DIREKT,1.0,2024-10-07,,
VTR-00002087,MINT,c1206b68-c549-443e-8966-0f7f40c7e209,MIGRATIONSLOG,1.0,2025-05-15,,migriert
VTR-00002088,MINT,bdff4eaa-1f24-475d-913d-92fa5a9034c8,DIREKT,1.0,2024-03-15,,
VTR-00002089,MINT,6c1b7da1-8f3a-4856-8435-6cd35d9a460e,DIREKT,1.0,2025-03-25,,
VTR-00002090,MINT,55f2f822-f481-4ec3-bbd0-43efcd568d47,DIREKT,1.0,2024-06-17,,
VTR-00002091,MINT,4a2378d8-5e20-4325-a8e5-3cde35742829,DIREKT,1.0,2022-07-17,,
VTR-00002092,MINT,9065c9fa-dbd1-4012-a31e-2be3612f0829,DIREKT,1.0,2022-12-08,,
VTR-00002093,MINT,de8b1cb1-2b59-4cf8-b55c-96190493a041,MIGRATIONSLOG,1.0,2025-05-15,,migriert
VTR-00002094,MINT,22da187c-ff56-48b5-a908-3e52fbf7c84b,MIGRATIONSLOG,1.0,2025-05-15,,migriert
VTR-00002095,MINT,e9b8974c-8084-493d-80be-62abf51429e7,DIREKT,1.0,2025-06-14,,
VTR-00002096,MINT,950d906a-efbc-45df-b89f-d6edfe1fd014,DIREKT,1.0,2024-01-29,,
VTR-00002097,MINT,809dc2e5-4ca0-496f-9c05-166cb54dbd54,DIREKT,1.0,2023-08-26,,
VTR-00002098,MINT,c98434fb-b7dc-4d4e-93d9-4610e3f84b7c,DIREKT,1.0,2025-10-25,,
VTR-00002099,MINT,f1778af4-64d7-48ec-b336-ed5bff8d5e06,DIREKT,1.0,2023-03-26,,
VTR-00002100,MINT,1b3fffe2-2fba-49a7-a016-72192d0ca999,MIGRATIONSLOG,1.0,2025-05-15,,migriert
VTR-00002101,MINT,ce5b3753-21b6-48f9-a467-a58040a336a1,MIGRATIONSLOG,1.0,2025-05-15,,migriert
VTR-00002102,MINT,a38ba1ca-f581-4fbb-9e8a-ffb4d60aa1b4,DIREKT,1.0,2025-05-26,,
VTR-00002103,MINT,8ddf88ad-0015-44c7-91e6-a4adcc57113a,MIGRATIONSLOG,1.0,2025-05-15,,migriert
VTR-00002104,MINT,9a95bf5b-18a9-48db-99b9-db4bb3a420a6,MIGRATIONSLOG,1.0,2025-05-15,,migriert
VTR-00002105,MINT,b0bc2c16-ce81-43c8-9d1b-721ddd1e0b94,MIGRATIONSLOG,1.0,2025-05-15,,migriert
VTR-00002106,MINT,c61eb577-0cb4-4e7b-9125-4c42ddbc0bb1,DIREKT,1.0,2024-06-22,,
VTR-00002107,MINT,ef415056-2be1-491f-b047-72d4fca7e198,MIGRATIONSLOG,1.0,2025-05-15,,migriert
VTR-00002108,MINT,d10a1c89-34e9-4612-9877-96c73dad619d,MIGRATIONSLOG,1.0,2025-05-15,,migriert
VTR-00002109,MINT,84251bfd-a974-41d8-807c-5724bd148a20,MIGRATIONSLOG,1.0,2025-05-15,,migriert
VTR-00002110,MINT,aa6e767b-7689-4684-81ee-f58ab1fc51d8,DIREKT,1.0,2021-11-26,,
VTR-00002111,MINT,1a531ca2-ab7f-46fe-84d2-87de3565e95b,DIREKT,1.0,2025-07-30,,
VTR-00002112,MINT,d282b515-e06e-41c5-b683-69323120f1e3,DIREKT,1.0,2021-09-17,,
VTR-00002113,MINT,57fd6721-b791-44f2-93b5-6f80b795b881,MIGRATIONSLOG,1.0,2025-05-15,,migriert
VTR-00002114,MINT,adc0d3a5-2061-4568-adbd-b3030b6b098c,DIREKT,1.0,2024-03-14,,
VTR-00002115,MINT,f28a5a3a-42f6-480b-8c20-5305820cbfdd,DIREKT,1.0,2024-09-19,,
VTR-00002116,MINT,1f313f85-c358-4302-b675-7e76c937bcc9,DIREKT,1.0,2023-12-19,,
VTR-00002117,MINT,a32a648e-3036-40f0-be2d-270c1a2f7066,MIGRATIONSLOG,1.0,2025-05-15,,migriert
VTR-00002118,MINT,81c50adf-9d6d-4efe-a37d-1440b5cdfdb2,MIGRATIONSLOG,1.0,2025-05-15,,migriert
VTR-00002119,MINT,98aa9e68-d27c-4d09-ad2b-19061d0649a8,DIREKT,1.0,2025-11-07,,
VTR-00002120,MINT,c8c8e148-e630-45d0-89f4-56ba4105e4af,DIREKT,1.0,2025-02-25,,
VTR-00002121,MINT,3aa7ef06-9201-4fd5-b07f-d1b1ac6d365f,MIGRATIONSLOG,1.0,2025-05-15,,migriert
VTR-00002122,MINT,86911290-4bd0-48b5-930a-fa10732efeb5,DIREKT,1.0,2023-08-08,,
VTR-00002123,MINT,93851a7c-1336-463d-8434-f93d61431797,MIGRATIONSLOG,1.0,2025-05-15,,migriert
VTR-00002124,MINT,8b8b9718-7e9b-4e1b-bdb4-4da2fd81fe6a,DIREKT,1.0,2021-10-26,,
VTR-00002125,MINT,3b70a465-565c-40e0-b595-2d0dea88deda,MIGRATIONSLOG,1.0,2025-05-15,,migriert
VTR-00002126,MINT,cfb3be72-45eb-42e8-bd1f-302049b1657e,MIGRATIONSLOG,1.0,2025-05-15,,migriert
VTR-00002127,MINT,85a0b78b-1d6a-4f88-848a-955819292a3a,MIGRATIONSLOG,1.0,2025-05-15,,migriert
VTR-00002128,MINT,c13abaa3-cad7-42b3-a100-877c56cc7277,DIREKT,1.0,2025-04-23,,
VTR-00002129,MINT,1ac25f91-9017-4123-941c-467de3fb0822,MIGRATIONSLOG,1.0,2025-05-15,,migriert
VTR-00002130,MINT,e99acb2f-a549-4b94-aa76-18af2d2ba43d,DIREKT,1.0,2021-10-11,,
VTR-00002131,MINT,4de4c30a-1373-4192-84b1-717250464a42,MIGRATIONSLOG,1.0,2025-05-15,,migriert
VTR-00002132,MINT,eed90eba-4ce8-4624-a469-f14ae8abf46f,DIREKT,1.0,2023-05-07,,
VTR-00002133,MINT,cfd91e98-d248-49c9-aa4b-2a4f57dbd5bb,DIREKT,1.0,2025-10-21,,
VTR-00002134,MINT,110a45dc-59af-4a69-9efd-25fb4c26f6dc,DIREKT,1.0,2025-06-27,,
VTR-00002135,MINT,ee83b949-9196-425c-870e-330d916bf4cb,MIGRATIONSLOG,1.0,2025-05-15,,migriert
VTR-00002136,MINT,bd321562-9fb7-40c9-b1bc-018275b26031,DIREKT,1.0,2025-03-23,,
VTR-00002137,MINT,1a6ffb53-2d59-4f77-b2d3-bcaa6d610536,DIREKT,1.0,2025-11-21,,
VTR-00002138,MINT,5c230c0b-a019-4e08-8d93-4fe0925c6c2c,MIGRATIONSLOG,1.0,2025-05-15,,migriert
VTR-00002139,MINT,8133adb9-4a46-4f07-b277-2e3724919a50,DIREKT,1.0,2025-11-09,,
VTR-00002140,MINT,7849a397-bad6-4de5-af8e-ca0fe831c85b,DIREKT,1.0,2022-09-27,,
VTR-00002141,MINT,5d0e051d-9016-46b9-b287-6c2e1218c528,DIREKT,1.0,2024-10-28,,
VTR-00002142,MINT,c54ac8bb-644b-4808-83dd-593827f61181,MIGRATIONSLOG,1.0,2025-05-15,,migriert
VTR-00002143,MINT,25302466-7b37-4486-842e-7e5b72247e4d,DIREKT,1.0,2025-05-15,,
VTR-00002144,MINT,a0ca0726-7ddc-415d-9d91-5d5e218cbb66,MIGRATIONSLOG,1.0,2025-05-15,,migriert
VTR-00002145,MINT,665bf43f-d35c-4437-b8f1-d030d33af5db,MIGRATIONSLOG,1.0,2025-05-15,,migriert
VTR-00002146,MINT,f8b2f107-b4df-4891-835d-d59e0470501d,DIREKT,1.0,2023-05-25,,
VTR-00002147,MINT,c6a32864-b50c-45f4-90c0-9b95160edfc6,DIREKT,1.0,2025-02-05,,
VTR-00002148,MINT,e78318fb-36d4-4d0f-89a5-3ed6f875c37f,DIREKT,1.0,2021-01-21,,
VTR-00002149,MINT,16725b82-95a1-45b0-81bc-4e91e75cbf60,DIREKT,1.0,2024-01-29,,
VTR-00002150,MINT,2b895161-bfd6-4086-b628-fd3dcf162e56,MIGRATIONSLOG,1.0,2025-05-15,,migriert
VTR-00002151,MINT,8663c179-79e5-4947-a8d9-1db59537feee,DIREKT,1.0,2024-07-12,,
VTR-00002152,MINT,ed804ece-640a-4981-8341-0af70a86eed4,DIREKT,1.0,2021-02-14,,
VTR-00002153,MINT,46d87dc7-35a4-480c-a43e-2d97cd11e149,MIGRATIONSLOG,1.0,2025-05-15,,migriert
VTR-00002154,MINT,3400b9cd-84f7-4068-95ed-176eb1a7cc2b,DIREKT,1.0,2025-01-31,,
VTR-00002155,MINT,ee17f2a6-7866-42d1-8a0d-56791a96d82c,DIREKT,1.0,2022-10-05,,
VTR-00002156,MINT,81980455-3710-40b0-a522-ba3b2c649b28,DIREKT,1.0,2025-01-29,,
VTR-00002157,MINT,e561b866-1124-4e99-b74f-1d2e29b991b4,MIGRATIONSLOG,1.0,2025-05-15,,migriert
VTR-00002158,MINT,012f69e8-373e-4e20-809b-0a99caf58cae,MIGRATIONSLOG,1.0,2025-05-15,,migriert
VTR-00002159,MINT,695ef567-ef88-4daf-a263-aabf8eeae214,DIREKT,1.0,2023-07-30,,
VTR-00002160,MINT,57d4b9e5-512a-4bd1-8ad6-59323a71d4b9,DIREKT,1.0,2022-08-07,,
VTR-00002161,MINT,2efddbcd-bc88-432f-97c3-a0ab16ca0fe0,DIREKT,1.0,2025-03-23,,
VTR-00002162,MINT,0a1a43ea-d0f2-4d9a-80f5-0d6df6209315,DIREKT,1.0,2021-10-06,,
VTR-00002163,MINT,37a44519-aaed-4e1f-b44f-1283b324c8e3,MIGRATIONSLOG,1.0,2025-05-15,,migriert
VTR-00002164,MINT,686eb033-2a24-46f4-b03b-08503435a02b,DIREKT,1.0,2024-03-18,,
VTR-00002165,MINT,b8162b9e-132e-4b8c-ac28-be013e5e0c5f,DIREKT,1.0,2025-07-23,,
VTR-00002166,MINT,a563f4e8-660d-4565-a539-9d75ed332db3,DIREKT,1.0,2022-08-09,,
VTR-00002167,MINT,7897f575-7338-42bf-af87-cb4a51878984,DIREKT,1.0,2024-12-30,,
VTR-00002168,MINT,ce42e359-0088-41b6-ac91-f99ba9b48e18,MIGRATIONSLOG,1.0,2025-05-15,,migriert
VTR-00002169,MINT,3f2ae4a9-c97a-42be-a1ae-d4cba93bf205,DIREKT,1.0,2021-12-01,,
VTR-00002170,MINT,b00a3c4f-d5fd-4ea0-a77f-21e55e5ffdb2,DIREKT,1.0,2021-01-28,,
VTR-00002171,MINT,cc4e71f9-36c3-4f97-8431-f2a5d38301a8,DIREKT,1.0,2023-03-01,,
VTR-00002172,MINT,07b7cd89-d84c-4325-a946-e189046afa7b,MIGRATIONSLOG,1.0,2025-05-15,,migriert
VTR-00002173,MINT,399239e7-396c-4f5e-9eca-2f9f8ed419d3,DIREKT,1.0,2025-03-29,,
VTR-00002174,MINT,744a975e-b650-46b5-9a1d-1c70c3ce2e92,DIREKT,1.0,2025-02-21,,
VTR-00002175,MINT,3c4b8327-fd7b-40ed-a651-ecc6d881716b,DIREKT,1.0,2025-09-18,,
VTR-00002176,MINT,874d341d-9839-42bf-9761-203bb3013fe1,MIGRATIONSLOG,1.0,2025-05-15,,migriert
VTR-00002177,MINT,d0fc6902-0b4c-4c01-86d1-085f5fc2064e,DIREKT,1.0,2021-03-28,,
VTR-00002178,MINT,40e79b37-f0b1-4929-b453-fb8522ef875d,DIREKT,1.0,2023-08-27,,
VTR-00002179,MINT,524803cf-7103-4c29-a8f4-3d65991513cd,DIREKT,1.0,2025-10-25,,
VTR-00002180,MINT,4225e43f-d5be-44a7-b647-be02567f1fe8,MIGRATIONSLOG,1.0,2025-05-15,,migriert
VTR-00002181,MINT,9afbbcd4-ecde-4b94-a6c2-7bf63a8332a8,DIREKT,1.0,2023-03-31,,
VTR-00002182,MINT,8e9710e1-db00-4eca-b76f-97a95f2ff374,DIREKT,1.0,2025-01-27,,
VTR-00002183,MINT,87a39088-0b48-4833-b66a-92760939a9e0,MIGRATIONSLOG,1.0,2025-05-15,,migriert
VTR-00002184,MINT,61b5fbcf-2d3a-4c8f-bb28-1504f5fbac7e,MIGRATIONSLOG,1.0,2025-05-15,,migriert
VTR-00002185,MINT,8730be1e-eb95-41c6-935d-1586e63b06eb,MIGRATIONSLOG,1.0,2025-05-15,,migriert
VTR-00002186,MINT,ec5cc2dd-08fb-43af-924a-dd28d3572d52,MIGRATIONSLOG,1.0,2025-05-15,,migriert
VTR-00002187,MINT,a6479d3c-23bf-4e8c-893b-dd7e16ea4ee1,MIGRATIONSLOG,1.0,2025-05-15,,migriert
VTR-00002188,MINT,0933c7c4-dc2a-4004-ac6d-2fe5f50f4f1b,MIGRATIONSLOG,1.0,2025-05-15,,migriert
VTR-00002189,MINT,eda03aa5-8ba5-4162-8fdd-4b0058ab5f0f,DIREKT,1.0,2025-07-26,,
VTR-00002190,MINT,776d8a64-c646-48f5-ae21-ad4fae3467a1,MIGRATIONSLOG,1.0,2025-05-15,,migriert
VTR-00002191,MINT,78411c45-ddf7-4aa3-94fe-f9e802e76c27,MIGRATIONSLOG,1.0,2025-05-15,,migriert
VTR-00002192,MINT,8fee1147-3eff-4f32-9561-7225255bfa42,MIGRATIONSLOG,1.0,2025-05-15,,migriert
VTR-00002193,MINT,ec579ace-e5a9-4790-80e7-59ef6e062d54,MIGRATIONSLOG,1.0,2025-05-15,,migriert
VTR-00002194,MINT,3797abf9-f386-4ea5-941e-381801e98b47,DIREKT,1.0,2023-08-04,,
VTR-00002195,MINT,a9f04556-c825-4dcc-ae9f-f733d0234ff2,DIREKT,1.0,2021-11-16,,
VTR-00002196,MINT,ff6ee1c5-13cc-477e-ada2-3608c5d7016b,MIGRATIONSLOG,1.0,2025-05-15,,migriert
VTR-00002197,MINT,a1ea27a7-cd2d-4595-9dfd-7d3f8754304c,DIREKT,1.0,2024-12-25,,
VTR-00002198,MINT,988c684f-f6ed-4470-abcd-14f5a0859fa5,MIGRATIONSLOG,1.0,2025-05-15,,migriert
VTR-00002199,MINT,300f9879-7c40-4b6a-bfd4-babb0374c310,DIREKT,1.0,2023-06-14,,
VTR-00002200,MINT,10b2d750-15a0-4bfc-a2d4-aadc23ce93eb,DIREKT,1.0,2025-09-07,,
VTR-00002201,MINT,d93b0197-089a-4103-9bb8-160e4c6d1fce,MIGRATIONSLOG,1.0,2025-05-15,,migriert
VTR-00002202,MINT,f01cef32-33af-4a30-86ac-a678fc774e7f,DIREKT,1.0,2024-12-21,,
VTR-00002203,MINT,44e7061a-3de6-47ea-b461-c9ae78aa2a7f,DIREKT,1.0,2025-06-23,,
VTR-00002204,MINT,005bf87f-9e52-4b16-b3ba-71c83f4ea888,DIREKT,1.0,2024-12-19,,
VTR-00002205,MINT,68514ab6-eb4f-4bd0-9b86-0cc664acb99e,DIREKT,1.0,2025-08-13,,
VTR-00002206,MINT,4092f0a8-9f2b-4c68-8eee-06d74a1a6466,MIGRATIONSLOG,1.0,2025-05-15,,migriert
VTR-00002207,MINT,429fed7d-912d-4ffb-9d29-0a69dd3b5934,MIGRATIONSLOG,1.0,2025-05-15,,migriert
VTR-00002208,MINT,34096c0a-08b0-465f-b217-7f4a30cabcdf,MIGRATIONSLOG,1.0,2025-05-15,,migriert
VTR-00002209,MINT,f3e90d33-9a56-4e74-9572-ebdee750d162,DIREKT,1.0,2025-01-24,,
VTR-00002210,MINT,c5f69042-89e0-4575-adbd-5b6d0a0326de,MIGRATIONSLOG,1.0,2025-05-15,,migriert
VTR-00002211,MINT,14c69ccc-b049-4e7a-8d78-c13c39e99011,DIREKT,1.0,2025-06-28,,
VTR-00002212,MINT,22810fdd-fd22-474b-842d-b888f548fa21,DIREKT,1.0,2025-03-26,,
VTR-00002213,MINT,939e6b6f-eacd-4e61-b4e7-a2985ea8fcf1,MIGRATIONSLOG,1.0,2025-05-15,,migriert
VTR-00002214,MINT,4a605cda-a05e-4cd8-a1bf-4698b8450b21,MIGRATIONSLOG,1.0,2025-05-15,,migriert
VTR-00002215,MINT,7724eb35-6b30-45a8-a21c-7220a3df0ab0,DIREKT,1.0,2025-09-15,,
VTR-00002216,MINT,60ec70d0-d581-4c88-9226-c1b5fd4bfeb3,MIGRATIONSLOG,1.0,2025-05-15,,migriert
VTR-00002217,MINT,dc878bf3-62ed-4b7c-8c76-0a7626c55fcb,DIREKT,1.0,2025-03-30,,
VTR-00002218,MINT,e550bb9f-2d4b-4bef-9418-ba6c82462638,DIREKT,1.0,2022-03-23,,
VTR-00002219,MINT,fa93b247-2db8-4c48-9c7c-846d16c26c8d,DIREKT,1.0,2024-06-25,,
VTR-00002220,MINT,d2b5434c-d00e-4cec-8112-0aca0673e2a9,MIGRATIONSLOG,1.0,2025-05-15,,migriert
VTR-00002221,MINT,25ce08ed-5f85-433b-8064-3975ef9556dd,MIGRATIONSLOG,1.0,2025-05-15,,migriert
VTR-00002222,MINT,876bb6ca-fd50-460d-b081-71d193d7b584,DIREKT,1.0,2025-04-06,,
VTR-00002223,MINT,7a0c2b8a-e67e-4b3e-bb1c-00ed27642a10,DIREKT,1.0,2025-09-14,,
VTR-00002224,MINT,966abfd6-4016-4c3a-87dd-8bf85dad1ead,DIREKT,1.0,2025-09-14,,
VTR-00002225,MINT,3984537c-ac0a-432d-ada9-66c0f6f9e165,MIGRATIONSLOG,1.0,2025-05-15,,migriert
VTR-00002226,MINT,3aae5729-a46f-46e8-b08f-7dda89559caa,MIGRATIONSLOG,1.0,2025-05-15,,migriert
VTR-00002227,MINT,abc33fdd-0ba9-43bf-af85-03216a52cbed,MIGRATIONSLOG,1.0,2025-05-15,,migriert
VTR-00002228,MINT,63600948-5c49-4424-a223-86eebdb45d06,DIREKT,1.0,2024-07-06,,
VTR-00002229,MINT,2306eca7-0687-477e-b7ee-327fdc3f7c71,MIGRATIONSLOG,1.0,2025-05-15,,migriert
VTR-00002230,MINT,ddfc3853-0dfe-4695-9570-44621f3d81c7,MIGRATIONSLOG,1.0,2025-05-15,,migriert
VTR-00002231,MINT,be66aeef-0ad3-4463-a27b-3bf7f0b52677,MIGRATIONSLOG,1.0,2025-05-15,,migriert
VTR-00002232,MINT,873d2b79-35e6-403e-973a-052ee60d9bb2,MIGRATIONSLOG,1.0,2025-05-15,,migriert
VTR-00002233,MINT,7e6672f5-ff41-46f1-a34b-97b520c4cb00,MIGRATIONSLOG,1.0,2025-05-15,,migriert
VTR-00002234,MINT,3009ad48-5b63-409f-83ab-8b9be38621ae,DIREKT,1.0,2025-01-03,,
VTR-00002235,MINT,ec0ba4d7-a0eb-48cd-b132-762ba56ee915,DIREKT,1.0,2025-06-04,,
VTR-00002236,MINT,502be20d-1b0e-49fa-b136-4fefd4486213,MIGRATIONSLOG,1.0,2025-05-15,,migriert
VTR-00002237,MINT,3ace92ee-9710-4735-b47a-4b818d0e44df,MIGRATIONSLOG,1.0,2025-05-15,,migriert
VTR-00002238,MINT,7acb712e-0ce7-496b-812c-a7e01c46c888,DIREKT,1.0,2025-03-26,,
VTR-00002239,MINT,65863480-8c58-494a-9076-452bfa0f145c,DIREKT,1.0,2024-05-23,,
VTR-00002240,MINT,f34067bb-4064-4dc8-8032-bc4d923b2cdb,MIGRATIONSLOG,1.0,2025-05-15,,migriert
VTR-00002241,MINT,b6c438d1-306e-421c-8feb-b247ca4b3483,DIREKT,1.0,2025-09-25,,
VTR-00002242,MINT,fc8f1efd-a5d9-4ef3-9389-39101665e6c3,DIREKT,1.0,2021-11-27,,
VTR-00002243,MINT,db516a69-c932-4f80-a45f-873f88c6bf36,MIGRATIONSLOG,1.0,2025-05-15,,migriert
VTR-00002244,MINT,3095d22e-5423-4472-9b42-ce9689605889,MIGRATIONSLOG,1.0,2025-05-15,,migriert
VTR-00002245,MINT,ea2ed5a7-501b-464f-906f-baf1218bf3b2,MIGRATIONSLOG,1.0,2025-05-15,,migriert
VTR-00002246,MINT,0db8b0af-3241-49c5-a19e-fc6416dce9d4,DIREKT,1.0,2025-07-14,,
VTR-00002247,MINT,45176efc-9aed-4a3f-9066-34ac86daf358,DIREKT,1.0,2025-01-26,,
VTR-00002248,MINT,30525cf0-d866-4ed4-a6fb-2faf9b0ffca2,MIGRATIONSLOG,1.0,2025-05-15,,migriert
VTR-00002249,MINT,ef75dc25-2546-4c6e-b4a1-4c1ad7d28bc1,MIGRATIONSLOG,1.0,2025-05-15,,migriert
VTR-00002250,MINT,3e607a50-50b1-41b9-a45a-b945f769d99f,MIGRATIONSLOG,1.0,2025-05-15,,migriert
VTR-00002251,MINT,aae6b7d5-0023-4699-86b4-a3599d6dddc9,MIGRATIONSLOG,1.0,2025-05-15,,migriert
VTR-00002252,MINT,723dcd95-8f7d-40bf-8180-459dfb4b6549,MIGRATIONSLOG,1.0,2025-05-15,,migriert
VTR-00002253,MINT,32fbc165-236d-435b-8e14-d5efdf4235f5,DIREKT,1.0,2025-07-30,,
VTR-00002254,MINT,c93272e8-744f-48b5-a7f2-9bb1d3ba289d,MIGRATIONSLOG,1.0,2025-05-15,,migriert
VTR-00002255,MINT,8e9fc291-7c65-4996-9933-c3d049bdf4e5,MIGRATIONSLOG,1.0,2025-05-15,,migriert
VTR-00002256,MINT,fe7b51bb-f2d3-468e-ac5c-efa58a04a56f,DIREKT,1.0,2025-10-14,,
VTR-00002257,MINT,c91db10b-fe9f-4d24-8dcf-92b6581812ae,MIGRATIONSLOG,1.0,2025-05-15,,migriert
VTR-00002258,MINT,9450a86e-8b37-4876-aabe-5289941c1b69,DIREKT,1.0,2024-03-01,,
VTR-00002259,MINT,1ad03f66-7338-422d-98e3-21c0c31304f4,MIGRATIONSLOG,1.0,2025-05-15,,migriert
VTR-00002260,MINT,78e0e7ff-3009-44ac-b8a6-e913dee7513a,MIGRATIONSLOG,1.0,2025-05-15,,migriert
VTR-00002261,MINT,7ac3810e-d712-44f6-9519-5b416755b54e,DIREKT,1.0,2025-10-23,,
VTR-00002262,MINT,fdafd2da-3227-4561-b592-9f4d9f8ce5fa,MIGRATIONSLOG,1.0,2025-05-15,,migriert
VTR-00002263,MINT,6f48d6a8-0152-4955-af82-5e68780069af,MIGRATIONSLOG,1.0,2025-05-15,,migriert
VTR-00002264,MINT,c175abaf-28ee-497f-a1a1-e1b3b3057234,DIREKT,1.0,2022-06-25,,
VTR-00002265,MINT,9a0841f5-f6d9-456d-844a-cbd49f58feb5,DIREKT,1.0,2025-09-15,,
VTR-00002266,MINT,8ec37947-b13d-4c4c-b29c-24c213b8c9f1,DIREKT,1.0,2024-12-30,,
VTR-00002267,MINT,c0ba029e-98ed-4816-ab8b-43b40670d581,DIREKT,1.0,2024-07-26,,
VTR-00002268,MINT,6c3f4227-b554-4cf3-8708-5174738db7ca,DIREKT,1.0,2024-06-26,,
VTR-00002269,MINT,f28f6874-ac39-49fd-8c47-7d3f53360bd5,DIREKT,1.0,2023-01-21,,
VTR-00002270,MINT,e43cf2f2-0697-4fad-813e-227cb5abb373,MIGRATIONSLOG,1.0,2025-05-15,,migriert
VTR-00002271,MINT,8db5e401-1507-44b2-b6be-22aab55f60c7,DIREKT,1.0,2025-04-17,,
VTR-00002272,MINT,6d3eb5e4-4a1d-4160-9702-66a56ae60c5e,MIGRATIONSLOG,1.0,2025-05-15,,migriert
VTR-00002273,MINT,298d6036-8ba2-4b3c-b0cc-c6b7e3318747,MIGRATIONSLOG,1.0,2025-05-15,,migriert
VTR-00002274,MINT,dd2c3376-3ff0-4073-b7e9-8e3cc699fd20,DIREKT,1.0,2025-11-27,,
VTR-00002275,MINT,95d6fb5d-f768-43ae-b659-dc34e65acf77,DIREKT,1.0,2022-04-15,,
VTR-00002276,MINT,aef88ad8-7ead-4a13-93d6-d199b2a77294,DIREKT,1.0,2025-01-25,,
VTR-00002277,MINT,d7de08be-0e0f-42e8-945f-1867e036e478,DIREKT,1.0,2021-08-02,,
VTR-00002278,MINT,bc524044-be13-487c-9275-1365b6dec87d,DIREKT,1.0,2022-03-29,,
VTR-00002279,MINT,89a78031-8de7-49d9-a50c-2c93422c9b6b,MIGRATIONSLOG,1.0,2025-05-15,,migriert
VTR-00002280,MINT,6b4d2137-d24c-45ae-bb4d-8b77e9c85b56,MIGRATIONSLOG,1.0,2025-05-15,,migriert
VTR-00002281,MINT,273a66b8-6808-493e-ab74-e65c71ae939a,DIREKT,1.0,2025-09-25,,
VTR-00002282,MINT,4a252fb8-90ea-4d81-ab33-ffb9761c101b,DIREKT,1.0,2022-05-03,,
VTR-00002283,MINT,c98d630a-5709-470a-a814-a0be7ba3e9ee,MIGRATIONSLOG,1.0,2025-05-15,,migriert
VTR-00002284,MINT,777935a8-c142-42f5-86e5-ff25bbaffd39,DIREKT,1.0,2025-06-17,,
VTR-00002285,MINT,f1fa1396-9c66-41f2-a91f-bd386666de04,DIREKT,1.0,2024-12-30,,
VTR-00002286,MINT,989ae2c0-5584-47bd-be22-d56f0b047109,MIGRATIONSLOG,1.0,2025-05-15,,migriert
VTR-00002287,MINT,92613a56-53fd-4489-92cf-1e7ff7033935,DIREKT,1.0,2025-06-12,,
VTR-00002288,MINT,d0f3cadb-2bb2-4bd5-aa08-8d8753fd161c,DIREKT,1.0,2025-11-18,,
VTR-00002289,MINT,bfd98c69-90d9-4761-b032-e74887cf1361,MIGRATIONSLOG,1.0,2025-05-15,,migriert
VTR-00002290,MINT,2641efc8-85c0-4503-b5da-baba2f2d97b8,MIGRATIONSLOG,1.0,2025-05-15,,migriert
VTR-00002291,MINT,c4532e22-1b0f-451b-98cc-2f3dd35f573f,MIGRATIONSLOG,1.0,2025-05-15,,migriert
VTR-00002292,MINT,9c889d05-0758-45fd-874f-5ef8029bb71a,MIGRATIONSLOG,1.0,2025-05-15,,migriert
VTR-00002293,MINT,7b9ebbad-994a-4f44-9dc8-3fd86a4355a8,DIREKT,1.0,2024-12-26,,
VTR-00002294,MINT,13524c83-3fa3-48dd-828a-ebac974bf603,DIREKT,1.0,2025-08-13,,
VTR-00002295,MINT,28ed5fb3-4e92-4270-be79-5d83cd61cc28,DIREKT,1.0,2024-12-08,,
VTR-00002296,MINT,57dfe049-84b3-4f2b-aa2a-588e77517956,MIGRATIONSLOG,1.0,2025-05-15,,migriert
VTR-00002297,MINT,042e96ac-1e62-4540-867f-84944f449066,DIREKT,1.0,2025-05-09,,
VTR-00002298,MINT,a214f3b5-9238-48c6-b55f-0bcf4e54b90e,DIREKT,1.0,2021-05-25,,
VTR-00002299,MINT,29064fb7-b4ff-4997-8d1a-63a50d4f47cb,DIREKT,1.0,2021-03-08,,
VTR-00002300,MINT,43f44c93-da72-4c09-99ad-bf24515c68cd,DIREKT,1.0,2025-09-13,,
VTR-00002301,MINT,e13e4f89-e0cb-47cf-8967-682b19d083b6,MIGRATIONSLOG,1.0,2025-05-15,,migriert
VTR-00002302,MINT,b83a15c5-7633-42be-9952-2480b200b580,MIGRATIONSLOG,1.0,2025-05-15,,migriert
VTR-00002303,MINT,d416914e-b084-48e6-8f4a-1beee88afad1,DIREKT,1.0,2022-10-13,,
VTR-00002304,MINT,92eb0037-2158-4f08-a8aa-b96aa975bc20,MIGRATIONSLOG,1.0,2025-05-15,,migriert
VTR-00002305,MINT,e34406e6-18cd-454e-adcd-6599b43b1a74,DIREKT,1.0,2022-10-30,,
VTR-00002306,MINT,7d059e4b-9494-4b90-bf3c-98c687296094,MIGRATIONSLOG,1.0,2025-05-15,,migriert
VTR-00002307,MINT,3aea69c3-5463-4dcf-afd0-6157680f6c90,DIREKT,1.0,2021-04-19,,
VTR-00002308,MINT,d4401941-e8e4-40ae-9b2f-c9b1f8885920,MIGRATIONSLOG,1.0,2025-05-15,,migriert
VTR-00002309,MINT,6881836d-bb0b-426f-ac7a-e4a9051fd848,DIREKT,1.0,2025-01-24,,
VTR-00002310,MINT,7ae5805d-32fe-4c70-a399-772dd8b533d8,DIREKT,1.0,2022-02-19,,
VTR-00002311,MINT,40aa4f4f-cc9f-402a-8387-fd38242a62f9,MIGRATIONSLOG,1.0,2025-05-15,,migriert
VTR-00002312,MINT,ca2a5514-b62b-4eaf-9a05-639ce64146ce,DIREKT,1.0,2021-10-23,,
VTR-00002313,MINT,3cdd3681-4c9b-407c-8e94-08da04e88323,DIREKT,1.0,2025-09-17,,
VTR-00002314,MINT,da6fd872-a293-43c8-9473-707159db91fb,DIREKT,1.0,2020-12-28,,
VTR-00002315,MINT,b8c98fb8-4e67-423f-8c09-dd250936e541,MIGRATIONSLOG,1.0,2025-05-15,,migriert
VTR-00002316,MINT,40514391-fa37-4aaf-bba1-03bf462c0c88,DIREKT,1.0,2021-07-09,,
VTR-00002317,MINT,e2f5316a-167e-4240-97ff-ff0f29b0f217,DIREKT,1.0,2025-09-12,,
VTR-00002318,MINT,66fb444b-523f-434b-90c6-d0282ff46daa,DIREKT,1.0,2025-06-02,,
VTR-00002319,MINT,096c993e-8195-4b48-a065-ba3eeb998888,DIREKT,1.0,2024-01-31,,
VTR-00002320,MINT,23b7cc5f-5eeb-4d4c-89c7-0cb00eb6655d,DIREKT,1.0,2025-02-11,,
VTR-00002321,MINT,5e11b724-62fd-491b-a685-19c13f517995,MIGRATIONSLOG,1.0,2025-05-15,,migriert
VTR-00002322,MINT,c8352147-3f39-4565-9fd3-edfd86677158,DIREKT,1.0,2021-03-01,,
VTR-00002323,MINT,73813501-e398-4f6a-9dbc-28bd7e029260,MIGRATIONSLOG,1.0,2025-05-15,,migriert
VTR-00002324,MINT,00584f70-3e5d-4651-a09d-0e1f6d810cfa,MIGRATIONSLOG,1.0,2025-05-15,,migriert
VTR-00002325,MINT,6adc2fff-7b67-4591-8495-449def4adafb,MIGRATIONSLOG,1.0,2025-05-15,,migriert
VTR-00002326,MINT,b9fca5aa-ab26-4118-b9f1-a0d76e06434a,MIGRATIONSLOG,1.0,2025-05-15,,migriert
VTR-00002327,MINT,6f0cb4b1-c9c6-4f40-bb7e-43fa757849f4,DIREKT,1.0,2025-09-07,,
VTR-00002328,MINT,5bc25485-95eb-42a8-b1f6-735577a38c72,MIGRATIONSLOG,1.0,2025-05-15,,migriert
VTR-00002329,MINT,7c882f61-3a68-4b50-88b7-6e188018f76c,DIREKT,1.0,2025-02-28,,
VTR-00002330,MINT,0b11262e-ba4c-4543-998d-0a9cd707fd20,MIGRATIONSLOG,1.0,2025-05-15,,migriert
VTR-00002331,MINT,a25a2ffa-1415-4c9f-8b1d-f57cc66bbe3c,DIREKT,1.0,2025-09-03,,
VTR-00002332,MINT,0e417b68-5867-4ac1-9cce-94ff78c1d166,MIGRATIONSLOG,1.0,2025-05-15,,migriert
VTR-00002333,MINT,d3490f93-89ca-4cc3-9412-a8596ff5d624,MIGRATIONSLOG,1.0,2025-05-15,,migriert
VTR-00002334,MINT,791620c2-4170-4358-8c86-5a8da99404b9,DIREKT,1.0,2022-11-05,,
VTR-00002335,MINT,8cb0e817-c6ba-41da-ac2b-cd70542c719a,DIREKT,1.0,2025-05-31,,
VTR-00002336,MINT,3d67428e-a42a-4128-8d33-103fcf31493c,DIREKT,1.0,2023-06-23,,
VTR-00002337,MINT,94aeb219-6153-4486-b36a-7f55fca24b8f,DIREKT,1.0,2025-08-25,,
VTR-00002338,MINT,ac78d3b8-2a0c-41b3-8e0e-48ad52bccdc1,DIREKT,1.0,2024-12-31,,
VTR-00002339,MINT,5b7c355c-84e2-452a-934d-7fffbebe1df5,DIREKT,1.0,2025-05-25,,
VTR-00002340,MINT,a0e5e12d-4a00-4279-bb66-5128c060ce03,MIGRATIONSLOG,1.0,2025-05-15,,migriert
VTR-00002341,MINT,ff96169a-70ec-49d5-a6fd-859c770e3cfc,DIREKT,1.0,2025-11-11,,
VTR-00002342,MINT,0c738ab9-48af-456b-8088-ebff007d447b,DIREKT,1.0,2021-10-30,,
VTR-00002343,MINT,88cf6c14-c119-4468-8bb4-03f4e68bf3c8,MIGRATIONSLOG,1.0,2025-05-15,,migriert
VTR-00002344,MINT,551ea72c-074f-48cc-89b0-1ab4dcc7d1c3,DIREKT,1.0,2024-11-12,,
VTR-00002345,MINT,fdad23ad-3ea8-4175-af1e-e8f68a3157de,DIREKT,1.0,2023-01-25,,
VTR-00002346,MINT,eb2c2f39-036d-45db-839a-99265cf0ed08,DIREKT,1.0,2024-12-30,,
VTR-00002347,MINT,f1a924de-567f-4c04-9c33-0c68c61f9bab,DIREKT,1.0,2025-11-26,,
VTR-00002348,MINT,68a53eba-3b2e-423f-8c89-5977df19e5b8,MIGRATIONSLOG,1.0,2025-05-15,,migriert
VTR-00002349,MINT,62fc0d73-f5fe-4040-95e8-550639316f30,DIREKT,1.0,2025-03-14,,
VTR-00002350,MINT,f64ab1c4-7a6f-4eb4-8669-e1e9700d4dff,MIGRATIONSLOG,1.0,2025-05-15,,migriert
VTR-00002351,MINT,8f3d95b8-cc6d-4da4-8feb-51d8d37935b6,DIREKT,1.0,2024-01-09,,
VTR-00002352,MINT,f386f77d-fd3d-4715-b824-18ac8295d642,DIREKT,1.0,2025-09-20,,
VTR-00002353,MINT,7f400299-a64a-418e-baf9-fb7d29a30a88,MIGRATIONSLOG,1.0,2025-05-15,,migriert
VTR-00002354,MINT,4e66e2f7-af75-438b-a84f-5153843b8e79,MIGRATIONSLOG,1.0,2025-05-15,,migriert
VTR-00002355,MINT,667d2bc9-1632-425f-a172-896dc9233529,MIGRATIONSLOG,1.0,2025-05-15,,migriert
VTR-00002356,MINT,2792afb5-9690-4711-be85-497d9f7b3fc9,DIREKT,1.0,2022-04-24,,
VTR-00002357,MINT,24c69409-4955-4718-9d86-12622a623f80,MIGRATIONSLOG,1.0,2025-05-15,,migriert
VTR-00002358,MINT,8b149769-f8d4-4c0a-98f1-4e752930c174,MIGRATIONSLOG,1.0,2025-05-15,,migriert
VTR-00002359,MINT,3a60242f-eb10-47d9-808b-688a2d37c8fe,DIREKT,1.0,2023-06-10,,
VTR-00002360,MINT,cc8c8bb2-3127-4891-a6d4-f0836bea070d,DIREKT,1.0,2023-11-06,,
VTR-00002361,MINT,9bb8f8ed-37a3-4c3d-940a-be09715d47b1,DIREKT,1.0,2025-10-28,,
VTR-00002362,MINT,d80def41-5f2e-420f-92e2-3292d2b60195,MIGRATIONSLOG,1.0,2025-05-15,,migriert
VTR-00002363,MINT,34e545bc-ed04-4496-8e1d-7d593442cbdc,MIGRATIONSLOG,1.0,2025-05-15,,migriert
VTR-00002364,MINT,90eb3f7e-c57a-4ae3-acf9-155afe80080f,DIREKT,1.0,2025-10-24,,
VTR-00002365,MINT,6c83c19d-9e26-4aa4-b43c-df89fa84035e,DIREKT,1.0,2021-03-29,,
VTR-00002366,MINT,309a91c8-b3ff-4baa-bc80-49d9f81908dd,DIREKT,1.0,2025-05-19,,
VTR-00002367,MINT,3e5342bc-d30c-46d4-847d-fd206f9045f8,DIREKT,1.0,2021-03-16,,
VTR-00002368,MINT,729977ff-72db-4050-bdbc-20b952c5fdbd,MIGRATIONSLOG,1.0,2025-05-15,,migriert
VTR-00002369,MINT,e225090b-5e55-4524-94b7-4bc0c5997563,DIREKT,1.0,2024-12-22,,
VTR-00002370,MINT,533f0cd7-cbba-4ee7-81a1-103df4730f56,MIGRATIONSLOG,1.0,2025-05-15,,migriert
VTR-00002371,MINT,27ed81fa-3eb6-4282-a66c-f4a9a2678509,DIREKT,1.0,2024-09-18,,
VTR-00002372,MINT,812e7a3d-bc3e-448e-85b4-a1b8d1017fd6,DIREKT,1.0,2025-11-12,,
VTR-00002373,MINT,98874150-2546-414c-8c4d-282422f3ccd9,DIREKT,1.0,2024-12-25,,
VTR-00002374,MINT,5d23c33d-7548-4dcb-9214-8d953b4c05d3,MIGRATIONSLOG,1.0,2025-05-15,,migriert
VTR-00002375,MINT,cc8c3813-07ef-41f5-89eb-88afa85bfdde,MIGRATIONSLOG,1.0,2025-05-15,,migriert
VTR-00002376,MINT,786d8366-d59e-4c60-bf1f-0c41dd250c5a,MIGRATIONSLOG,1.0,2025-05-15,,migriert
VTR-00002377,MINT,26a578f3-ceec-4097-bf9a-2a046f3c9db2,DIREKT,1.0,2025-08-06,,
VTR-00002378,MINT,20a1793a-e514-4366-91b4-fa797332fe49,MIGRATIONSLOG,1.0,2025-05-15,,migriert
VTR-00002379,MINT,7014a492-2e2e-476a-8e85-1f1dda74fd77,MIGRATIONSLOG,1.0,2025-05-15,,migriert
VTR-00002380,MINT,ae407b21-e8a2-4c75-b4bb-055caefc25fe,MIGRATIONSLOG,1.0,2025-05-15,,migriert
VTR-00002381,MINT,e54a4fa5-14b3-4d4c-869d-d4473c8a5a0f,MIGRATIONSLOG,1.0,2025-05-15,,migriert
VTR-00002382,MINT,29a2f5b9-4656-4c74-9c6e-ecbcc7ee7e1d,DIREKT,1.0,2023-12-06,,
VTR-00002383,MINT,ddbc0203-d130-4189-834a-d4fc3ad0059c,DIREKT,1.0,2023-09-28,,
VTR-00002384,MINT,4046240d-94da-4f89-a3ad-452b182df558,MIGRATIONSLOG,1.0,2025-05-15,,migriert
VTR-00002385,MINT,d50ad33b-8b9d-49ff-b617-6ee96b691454,DIREKT,1.0,2024-11-30,,
VTR-00002386,MINT,7b42d9f1-1ff9-4b37-b37d-46f59a90e75f,DIREKT,1.0,2025-05-03,,
VTR-00002387,MINT,af3c716f-cf53-4321-9fa6-89ecefae2f6c,DIREKT,1.0,2024-12-10,,
VTR-00002388,MINT,61c9140c-21f1-4914-a180-7ffb848f8649,DIREKT,1.0,2025-11-19,,
VTR-00002389,MINT,00ff552b-60f7-41a0-96b8-041ff6a2c684,MIGRATIONSLOG,1.0,2025-05-15,,migriert
VTR-00002390,MINT,32ee33a8-333c-4c6b-a4c4-2ad8196f4089,MIGRATIONSLOG,1.0,2025-05-15,,migriert
VTR-00002391,MINT,545b792c-1d32-441a-b0e6-0c6d162406e7,DIREKT,1.0,2025-02-26,,
VTR-00002392,MINT,f093158b-6cda-47dc-9dd5-daddcd36ae21,DIREKT,1.0,2025-04-11,,
VTR-00002393,MINT,57a47574-137e-43aa-bca9-1efbb57c17c9,DIREKT,1.0,2025-09-26,,
VTR-00002394,MINT,4e2ca4be-2132-415d-a425-cfd45a522922,DIREKT,1.0,2021-09-03,,
VTR-00002395,MINT,107531bb-80f2-4348-b820-803146cde533,MIGRATIONSLOG,1.0,2025-05-15,,migriert
VTR-00002396,MINT,679368bd-f0e5-4969-af2e-86b4c1bb1e55,MIGRATIONSLOG,1.0,2025-05-15,,migriert
VTR-00002397,MINT,0d9ab658-8dbd-4dac-8876-22861bffd5b0,DIREKT,1.0,2021-01-14,,
VTR-00002398,MINT,03c971c1-5ba0-469a-9a5c-547ddd276a7c,DIREKT,1.0,2023-05-17,,
VTR-00002399,MINT,7a02d162-5acb-43db-9690-11734c1d4164,DIREKT,1.0,2025-10-23,,
VTR-00002400,MINT,c392a674-d27f-4d6c-80aa-e59db86d67df,DIREKT,1.0,2025-09-28,,
VTR-00002401,MINT,8e7af955-496f-4ca1-ac0f-0c287af07e29,MIGRATIONSLOG,1.0,2025-05-15,,migriert
VTR-00002402,MINT,80af9a6f-7f20-41a9-8a3c-fe009591ad2a,MIGRATIONSLOG,1.0,2025-05-15,,migriert
VTR-00002403,MINT,10210dfb-103c-4417-9ab2-8744f64fd461,MIGRATIONSLOG,1.0,2025-05-15,,migriert
VTR-00002404,MINT,212769dd-c96a-4d39-8a0d-f2cb9aee51db,DIREKT,1.0,2023-01-29,,
VTR-00002405,MINT,644d618f-060f-408d-93fc-85c0af81f85a,DIREKT,1.0,2022-05-20,,
VTR-00002406,MINT,f16de4bb-443c-4537-a86b-555fdb7011ed,MIGRATIONSLOG,1.0,2025-05-15,,migriert
VTR-00002407,MINT,8dcbe845-5e68-4e5f-a884-d901b54c49ec,MIGRATIONSLOG,1.0,2025-05-15,,migriert
VTR-00002408,MINT,de6a8b81-e5e2-4a59-8ae2-714bf23b767a,DIREKT,1.0,2022-11-22,,
VTR-00002409,MINT,d35b9e30-607b-48bb-ac53-72ff5652ca8b,MIGRATIONSLOG,1.0,2025-05-15,,migriert
VTR-00002410,MINT,5c4138b5-b183-4f1c-9b45-a91217520fba,MIGRATIONSLOG,1.0,2025-05-15,,migriert
VTR-00002411,MINT,64a7bbef-ac4a-4a31-887a-3368bd821b48,DIREKT,1.0,2025-08-18,,
VTR-00002412,MINT,4bc70f40-9eb5-4782-8613-fe08e94623f3,MIGRATIONSLOG,1.0,2025-05-15,,migriert
VTR-00002413,MINT,cfa73c6c-91c4-4b63-bfd8-323eb6b43679,MIGRATIONSLOG,1.0,2025-05-15,,migriert
VTR-00002414,MINT,0b28c3a9-d3e9-4a2b-ae82-e9bac69eaf56,DIREKT,1.0,2023-05-10,,
VTR-00002415,MINT,f16a1257-3a6c-412f-9e37-204321551cf9,DIREKT,1.0,2022-03-25,,
VTR-00002416,MINT,5a8f36fe-bddd-4770-88d5-1a96ee5106e0,DIREKT,1.0,2022-05-31,,
VTR-00002417,MINT,5da7839a-0732-4f7e-a00b-4fe34a243596,DIREKT,1.0,2025-01-01,,
VTR-00002418,MINT,35c3bddb-567b-4656-8e68-8a89efd65337,MIGRATIONSLOG,1.0,2025-05-15,,migriert
VTR-00002419,MINT,0ab69361-392d-41a2-81c6-503a14a18223,DIREKT,1.0,2021-12-06,,
VTR-00002420,MINT,33235a6d-6ad1-4ce9-91de-555798ea7d4c,MIGRATIONSLOG,1.0,2025-05-15,,migriert
VTR-00002421,MINT,308b13fa-aed2-4422-bacf-301f2cdad917,MIGRATIONSLOG,1.0,2025-05-15,,migriert
VTR-00002422,MINT,8b733e6b-fcd5-4b3e-af0a-f957c2299e6e,MIGRATIONSLOG,1.0,2025-05-15,,migriert
VTR-00002423,MINT,f5ef0447-db0b-4a3a-b24c-64cbdad093e1,MIGRATIONSLOG,1.0,2025-05-15,,migriert
VTR-00002424,MINT,6bf7f1b9-b283-4b1a-ad51-e7365efa022f,DIREKT,1.0,2022-07-28,,
VTR-00002425,MINT,b3a620c4-49a6-4d7c-b383-3e16ffd49444,DIREKT,1.0,2021-10-23,,
VTR-00002426,MINT,2972b0cd-6749-4b2d-be92-f5c4a9972f68,DIREKT,1.0,2024-12-08,,
VTR-00002427,MINT,7704da2b-5c26-4d31-ba9a-ce8a11588dc9,DIREKT,1.0,2025-11-27,,
VTR-00002428,MINT,a7efb6b0-06e4-42dc-9244-c5ccc233aa61,DIREKT,1.0,2025-01-08,,
VTR-00002429,MINT,083566b2-91be-4fd2-9f69-9db9af2516bb,DIREKT,1.0,2025-11-26,,
VTR-00002430,MINT,bada1189-53c9-4fbf-aa2f-547db66a86c9,MIGRATIONSLOG,1.0,2025-05-15,,migriert
VTR-00002431,MINT,ab3bab1c-ff2c-4d6a-b5cb-8821577c424f,MIGRATIONSLOG,1.0,2025-05-15,,migriert
VTR-00002432,MINT,c43b71ed-87a9-4dfe-934c-9899f75563c5,DIREKT,1.0,2021-12-20,,
VTR-00002433,MINT,409ae0be-f15a-46e6-a68f-20145fc6a4c1,DIREKT,1.0,2023-09-26,,
VTR-00002434,MINT,fdd2943c-3634-4add-b405-5d55f20c122a,MIGRATIONSLOG,1.0,2025-05-15,,migriert
VTR-00002435,MINT,e04b1e92-c668-454d-9833-c63a8ba42136,DIREKT,1.0,2025-01-16,,
VTR-00002436,MINT,ee621ce4-55c2-412c-8f92-63d45d569e6d,MIGRATIONSLOG,1.0,2025-05-15,,migriert
VTR-00002437,MINT,297ad7f3-6797-4d64-bd9d-00610853e541,DIREKT,1.0,2025-09-29,,
VTR-00002438,MINT,3837a566-a28e-4641-a256-f815cb1b5aa8,DIREKT,1.0,2025-10-23,,
VTR-00002439,MINT,32aad27f-e5c8-4c7f-a044-4e496b0b8911,DIREKT,1.0,2025-01-06,,
VTR-00002440,MINT,eb623bc1-9ee6-42a8-8f4b-d04fb197a90b,MIGRATIONSLOG,1.0,2025-05-15,,migriert
VTR-00002441,MINT,870c5534-cfd2-4b42-a114-3b19ab5e73c2,MIGRATIONSLOG,1.0,2025-05-15,,migriert
VTR-00002442,MINT,82df08e9-125f-4611-bae0-b97e53447251,DIREKT,1.0,2024-12-28,,
VTR-00002443,MINT,86f18f70-fe24-4bcc-a459-b45b677201aa,DIREKT,1.0,2023-02-06,,
VTR-00002444,MINT,be7603ca-65db-4015-8f2e-17bd8fb0c863,DIREKT,1.0,2023-11-12,,
VTR-00002445,MINT,9042ca3c-b965-448b-9f88-4ded0238ab2a,MIGRATIONSLOG,1.0,2025-05-15,,migriert
VTR-00002446,MINT,f2db2b8b-b5e6-443c-b053-0be4ae9d45e7,DIREKT,1.0,2025-11-17,,
VTR-00002447,MINT,080f48c8-c2d4-4a1a-9ef2-107bb696af0f,DIREKT,1.0,2021-10-27,,
VTR-00002448,MINT,0f6f8d4a-8018-438f-8fac-4fab2bf0150c,MIGRATIONSLOG,1.0,2025-05-15,,migriert
VTR-00002449,MINT,acb6a3ec-e821-473d-afe1-c1c867bb2044,DIREKT,1.0,2023-10-16,,
VTR-00002450,MINT,277761f9-b3db-43ea-8ba3-3b45af806984,DIREKT,1.0,2025-07-12,,
VTR-00002451,MINT,97425ae0-7f9c-4b28-b1df-4243396043b5,DIREKT,1.0,2025-05-31,,
VTR-00002452,MINT,848d044f-fea6-4886-b091-f6787b457692,MIGRATIONSLOG,1.0,2025-05-15,,migriert
VTR-00002453,MINT,e803c69d-146e-4c57-bc33-086493810d1c,DIREKT,1.0,2022-03-13,,
VTR-00002454,MINT,d714b816-13a1-4304-9a56-c602fa3e8090,MIGRATIONSLOG,1.0,2025-05-15,,migriert
VTR-00002455,MINT,774bdd88-cec4-4b19-a2d7-ea51db40d799,MIGRATIONSLOG,1.0,2025-05-15,,migriert
VTR-00002456,MINT,c7671075-f4ba-4d9c-b96c-0ba47f7b2924,DIREKT,1.0,2025-06-09,,
VTR-00002457,MINT,8eb3c101-a000-478c-ba5e-ef47c3bac4dc,DIREKT,1.0,2025-02-22,,
VTR-00002458,MINT,2a5a12e7-c6a8-4de0-bc09-eaa4c620429e,DIREKT,1.0,2021-05-28,,
VTR-00002459,MINT,86117441-7425-40a4-b7e4-7b5521e2a2c7,DIREKT,1.0,2021-08-24,,
VTR-00002460,MINT,1ecda9d4-fe88-4de2-9aa5-efaf98ef747d,MIGRATIONSLOG,1.0,2025-05-15,,migriert
VTR-00002461,MINT,a473cb1c-163d-460b-b906-197bdd9c1544,MIGRATIONSLOG,1.0,2025-05-15,,migriert
VTR-00002462,MINT,f195f2d5-8a4a-4a7c-a306-4cd12add3ee2,DIREKT,1.0,2025-06-26,,
VTR-00002463,MINT,57ae4e47-df91-4a9a-8c03-f705363794b5,MIGRATIONSLOG,1.0,2025-05-15,,migriert
VTR-00002464,MINT,3caaebb6-2b5c-420c-b84b-7ac31c33aa80,DIREKT,1.0,2024-06-07,,
VTR-00002465,MINT,5b5cea66-7152-44b3-8e2c-cef912f4aeca,DIREKT,1.0,2021-10-21,,
VTR-00002466,MINT,e8e4e63c-c164-4391-8dd5-16b832e9a176,MIGRATIONSLOG,1.0,2025-05-15,,migriert
VTR-00002467,MINT,ea16ec1a-0420-40b3-a468-bc908bf7a6bd,MIGRATIONSLOG,1.0,2025-05-15,,migriert
VTR-00002468,MINT,1782a8fa-86df-4418-8393-8f9911b856a1,DIREKT,1.0,2021-06-26,,
VTR-00002469,MINT,808bcd8e-439f-4c16-8261-9f5a9d3af8ef,DIREKT,1.0,2025-04-15,,
VTR-00002470,MINT,4e9bbe25-ef39-481a-ac39-7849ddf695cd,MIGRATIONSLOG,1.0,2025-05-15,,migriert
VTR-00002471,MINT,32f801a2-dcbc-4bb7-80b4-a9d0f22326fe,MIGRATIONSLOG,1.0,2025-05-15,,migriert
VTR-00002472,MINT,0b11233a-fff2-4406-b3f1-c3ca5eb59404,MIGRATIONSLOG,1.0,2025-05-15,,migriert
VTR-00002473,MINT,70ebd511-f452-4df4-9d56-678f0ffa0262,MIGRATIONSLOG,1.0,2025-05-15,,migriert
VTR-00002474,MINT,a37b8529-624e-45d5-a0b4-590a9052791e,DIREKT,1.0,2025-10-22,,
VTR-00002475,MINT,10f3719f-6b7e-466e-940a-f4e1dc7f7f29,DIREKT,1.0,2025-01-28,,
VTR-00002476,MINT,184ae5c8-8582-4545-8809-de7e384cc63b,MIGRATIONSLOG,1.0,2025-05-15,,migriert
VTR-00002477,MINT,3aba382d-d8f7-4286-819d-748380785ddf,DIREKT,1.0,2025-07-11,,
VTR-00002478,MINT,531c1bef-7d9a-4233-b7ad-0f4c50133c46,MIGRATIONSLOG,1.0,2025-05-15,,migriert
VTR-00002479,MINT,1ebcfdbc-d013-4cfd-895c-67a318388954,MIGRATIONSLOG,1.0,2025-05-15,,migriert
VTR-00002480,MINT,eb47b185-5e15-4a37-a0a6-bacb0182690f,MIGRATIONSLOG,1.0,2025-05-15,,migriert
VTR-00002481,MINT,befe80fc-1194-4b6d-ad1b-1e654b760a08,DIREKT,1.0,2025-07-07,,
VTR-00002482,MINT,99fa0388-3d81-402b-888f-fb9fc801a0ea,MIGRATIONSLOG,1.0,2025-05-15,,migriert
VTR-00002483,MINT,e9ca59fa-e60d-4f15-b0e3-e91ff23dd3e0,DIREKT,1.0,2023-01-31,,
VTR-00002484,MINT,6bbdec46-c337-4da9-b408-35efd526d3bc,DIREKT,1.0,2022-12-28,,
VTR-00002485,MINT,ca08633e-f333-432e-93d1-4d3c0d1742e7,DIREKT,1.0,2025-01-10,,
VTR-00002486,MINT,494c23ec-deb4-4b38-b709-6707f2f8704e,DIREKT,1.0,2021-06-23,,
VTR-00002487,MINT,63cc4a02-6e85-4b7e-a7f7-0d4652aaba91,MIGRATIONSLOG,1.0,2025-05-15,,migriert
VTR-00002488,MINT,a7b88cdd-4694-4797-a35d-abab69062651,DIREKT,1.0,2025-10-23,,
VTR-00002489,MINT,5bc4c545-cd7f-4f01-8cd5-493ca7e70d37,DIREKT,1.0,2025-07-29,,
VTR-00002490,MINT,c568cc12-2f36-43d1-987d-7e40c7a5619d,MIGRATIONSLOG,1.0,2025-05-15,,migriert
VTR-00002491,MINT,4d570b5e-b5c2-48a4-a7ad-a094f9b29819,MIGRATIONSLOG,1.0,2025-05-15,,migriert
VTR-00002492,MINT,7c342b92-422d-4997-87e6-94104591660e,MIGRATIONSLOG,1.0,2025-05-15,,migriert
VTR-00002493,MINT,813f9885-26ea-4a71-8442-426221a07f77,DIREKT,1.0,2025-06-24,,
VTR-00002494,MINT,6fc86fb5-be39-4562-9437-4f1e1b6ad3aa,DIREKT,1.0,2025-09-13,,
VTR-00002495,MINT,007c4a20-56e2-46dc-be82-28b6667e7b2f,MIGRATIONSLOG,1.0,2025-05-15,,migriert
VTR-00002496,MINT,d7dae585-994b-4fda-9e43-1a8ac6f3e2d6,DIREKT,1.0,2022-07-08,,
VTR-00002497,MINT,2cfc82d5-d302-4146-90cf-0250fdb81655,DIREKT,1.0,2024-07-27,,
VTR-00002498,MINT,eceeda9e-702e-4eda-bfc5-11745f993cb1,MIGRATIONSLOG,1.0,2025-05-15,,migriert
VTR-00002499,MINT,1c11eec0-eb0c-412f-8917-161c3f1f98b6,MIGRATIONSLOG,1.0,2025-05-15,,migriert
VTR-00002500,MINT,7db3aa02-73fa-4e24-9b88-d3275bd7a990,DIREKT,1.0,2025-01-06,,
VTR-00002501,MINT,09c8f1a6-b974-4944-8058-7f3a1b17add0,DIREKT,1.0,2025-07-11,,
VTR-00002502,MINT,a9c4a155-337d-4d07-bcf9-af545c1601ff,DIREKT,1.0,2024-03-23,,
VTR-00002503,MINT,271cc660-23e0-46b2-9da7-f72788bd8b66,DIREKT,1.0,2025-10-28,,
VTR-00002504,MINT,cb6ff2bb-d808-4b5c-8ef0-ac0505356425,MIGRATIONSLOG,1.0,2025-05-15,,migriert
VTR-00002505,MINT,492baf65-fad0-48f3-b6b6-7fbdab8e491d,DIREKT,1.0,2025-04-01,,
VTR-00002506,MINT,b1cc7dda-f48d-4fd7-81cc-9eee8663e228,DIREKT,1.0,2024-04-17,,
VTR-00002507,MINT,c3fe7d9e-f607-4d14-bd00-9b023293e53a,MIGRATIONSLOG,1.0,2025-05-15,,migriert
VTR-00002508,MINT,da9cec18-982a-4a0d-8abf-6ca3aa0fded0,DIREKT,1.0,2023-04-06,,
VTR-00002509,MINT,a26e146d-7830-40c6-9ff2-5c1be4d67b3e,DIREKT,1.0,2025-08-27,,
VTR-00002510,MINT,48e7e0a6-de17-4b95-bb70-88e43cbcf3b9,MIGRATIONSLOG,1.0,2025-05-15,,migriert
VTR-00002511,MINT,06efb942-704a-4698-94b5-79ae4ea62de9,DIREKT,1.0,2022-10-09,,
VTR-00002512,MINT,1c00e3c2-c304-4f40-b171-694203d8f1ba,DIREKT,1.0,2023-04-19,,
VTR-00002513,MINT,a3667606-4d56-43d5-8742-cba7d5641d5b,MIGRATIONSLOG,1.0,2025-05-15,,migriert
VTR-00002514,MINT,ba99e79f-ef9a-45cb-aaa3-5b85066d2962,MIGRATIONSLOG,1.0,2025-05-15,,migriert
VTR-00002515,MINT,0933d30d-37eb-4344-8537-c96c185baf82,DIREKT,1.0,2025-11-12,,
VTR-00002516,MINT,26efebc0-85c0-4ee6-bc38-f6fe3c1c4067,DIREKT,1.0,2024-05-29,,
VTR-00002517,MINT,8a6b7685-dcaa-4974-9e0f-edd39ec695a4,DIREKT,1.0,2025-10-20,,
VTR-00002518,MINT,6a1f4596-1c66-4748-bf7f-50c03f174d31,MIGRATIONSLOG,1.0,2025-05-15,,migriert
VTR-00002519,MINT,319a0749-294c-4b05-8573-6e4686208beb,DIREKT,1.0,2022-07-26,,
VTR-00002520,MINT,b5cdb000-6529-47d8-a5e8-8f065cd0041c,DIREKT,1.0,2025-04-18,,
VTR-00002521,MINT,bd1c22a6-fa1a-4c92-8fc8-a1dc8db638d1,MIGRATIONSLOG,1.0,2025-05-15,,migriert
VTR-00002522,MINT,01d8c685-96dd-4e1d-ab7d-52509a00b1f6,MIGRATIONSLOG,1.0,2025-05-15,,migriert
VTR-00002523,MINT,4bae5b6c-0f92-49e3-89ee-f71c4f671ef1,DIREKT,1.0,2025-05-25,,
VTR-00002524,MINT,a665da2b-3aac-4102-b83e-08a55be5c0b2,MIGRATIONSLOG,1.0,2025-05-15,,migriert
VTR-00002525,MINT,39a536f7-be4d-43b0-8270-60dcf76f3306,DIREKT,1.0,2024-11-23,,
VTR-00002526,MINT,a4d468fb-9e65-44f1-9903-fb05f72d666f,DIREKT,1.0,2024-10-03,,
VTR-00002527,MINT,f4956e87-e282-4aca-9650-6cd33d1142b4,DIREKT,1.0,2021-11-09,,
VTR-00002528,MINT,386ac744-30d5-4c80-8961-812fabfc79b6,DIREKT,1.0,2021-05-26,,
VTR-00002529,MINT,7a4b5edc-b72f-4364-8251-4f3de45e68ae,MIGRATIONSLOG,1.0,2025-05-15,,migriert
VTR-00002530,MINT,7a1c4cbf-135d-4790-bd19-296e623247b5,MIGRATIONSLOG,1.0,2025-05-15,,migriert
VTR-00002531,MINT,b1954f88-8f80-43e2-8f3e-b4c1b996009c,MIGRATIONSLOG,1.0,2025-05-15,,migriert
VTR-00002532,MINT,444fe1bf-578a-4512-bd99-e0b6018f9b95,DIREKT,1.0,2024-09-17,,
VTR-00002533,MINT,0810dd71-784c-4a21-b289-5c1c5849631f,DIREKT,1.0,2021-01-19,,
VTR-00002534,MINT,5fa8e9d6-b61f-49df-92cc-35717c53bd7b,MIGRATIONSLOG,1.0,2025-05-15,,migriert
VTR-00002535,MINT,e5f2de3d-25f7-43f3-8c62-9c1811c70990,MIGRATIONSLOG,1.0,2025-05-15,,migriert
VTR-00002536,MINT,53fba23d-6dd2-4b9c-a285-c4aad10f0139,MIGRATIONSLOG,1.0,2025-05-15,,migriert
VTR-00002537,MINT,ad896eae-cf16-4eee-9232-bf752a4a243c,DIREKT,1.0,2024-10-20,,
VTR-00002538,MINT,7378001e-b924-4c94-954e-0832de81172c,DIREKT,1.0,2023-12-25,,
VTR-00002539,MINT,839ff267-c334-45ae-a718-75a1433f2499,DIREKT,1.0,2023-08-18,,
VTR-00002540,MINT,993f2c36-b13e-44ca-81f9-cf3aaf9eeba6,MIGRATIONSLOG,1.0,2025-05-15,,migriert
VTR-00002541,MINT,16ee01f8-f0cf-4711-bac5-36dc64aa3c5f,DIREKT,1.0,2024-07-29,,
VTR-00002542,MINT,29d54565-4ed1-4f37-a2ee-0c53b8c7f392,MIGRATIONSLOG,1.0,2025-05-15,,migriert
VTR-00002543,MINT,fa72722b-dad7-459b-b3d2-444e6fab55f0,MIGRATIONSLOG,1.0,2025-05-15,,migriert
VTR-00002544,MINT,52a0df93-4287-48c2-9cb0-61fd0170d265,DIREKT,1.0,2023-09-25,,
VTR-00002545,MINT,7339b402-4fcc-4e75-9208-63315f1c3dbb,MIGRATIONSLOG,1.0,2025-05-15,,migriert
VTR-00002546,MINT,afebff48-9b49-4f9b-90d4-a3147926f1c5,MIGRATIONSLOG,1.0,2025-05-15,,migriert
VTR-00002547,MINT,fa7e70be-ead3-4d1c-8510-4797d12bbfaa,DIREKT,1.0,2021-04-21,,
VTR-00002548,MINT,0f00ee77-bad1-45d4-a80a-ecf56bdc4782,MIGRATIONSLOG,1.0,2025-05-15,,migriert
VTR-00002549,MINT,7be7f119-8b99-443c-8fd5-f382633975b9,MIGRATIONSLOG,1.0,2025-05-15,,migriert
VTR-00002550,MINT,17c6b46b-1b7e-4eb1-afb2-66f89d5cdf08,DIREKT,1.0,2023-09-16,,
VTR-00002551,MINT,d51a49c1-8373-4dc3-b239-065f9d0dc7f3,MIGRATIONSLOG,1.0,2025-05-15,,migriert
VTR-00002552,MINT,b4f0e6c7-efc1-45d7-a3a9-10268bde88a6,DIREKT,1.0,2025-03-06,,
VTR-00002553,MINT,76e3ed4b-95ca-4e4a-91f1-99abac20296a,DIREKT,1.0,2025-04-20,,
VTR-00002554,MINT,291c916a-6670-4a50-b4c7-2ed956e4e7b0,DIREKT,1.0,2025-03-12,,
VTR-00002555,MINT,5cf0e4fe-f2e1-4601-89d0-ff5bbd56428d,DIREKT,1.0,2024-08-26,,
VTR-00002556,MINT,170ce595-6f57-44a4-8611-caea0366815d,MIGRATIONSLOG,1.0,2025-05-15,,migriert
VTR-00002557,MINT,8cad8a28-36c2-4ea6-a61d-9a856c35b862,MIGRATIONSLOG,1.0,2025-05-15,,migriert
VTR-00002558,MINT,4eecd115-763f-4f00-8f94-952048d8fdc6,DIREKT,1.0,2022-10-07,,
VTR-00002559,MINT,d62d57b1-48de-4c80-959d-fe1b64b37046,DIREKT,1.0,2025-05-28,,
VTR-00002560,MINT,eebd8878-287b-41d4-91cb-47dfc53c087d,MIGRATIONSLOG,1.0,2025-05-15,,migriert
VTR-00002561,MINT,2959189e-1d42-4686-9b51-73644d35f89d,MIGRATIONSLOG,1.0,2025-05-15,,migriert
VTR-00002562,MINT,503bf9ec-5b8b-4e99-aed9-c9b3024381fb,MIGRATIONSLOG,1.0,2025-05-15,,migriert
VTR-00002563,MINT,77452d29-cd65-45de-a58b-f4a8cf104451,DIREKT,1.0,2023-05-03,,
VTR-00002564,MINT,d5ef5f26-00e8-47ee-94c3-04e482296616,MIGRATIONSLOG,1.0,2025-05-15,,migriert
VTR-00002565,MINT,54c707b2-1c10-46dc-b4bb-d6b483d4c794,DIREKT,1.0,2025-06-09,,
VTR-00002566,MINT,7fd424e3-7d9d-42a5-bae0-0fc84a5b7e39,DIREKT,1.0,2021-02-23,,
VTR-00002567,MINT,010b925d-54ba-4d50-90a0-35208bd40bcd,DIREKT,1.0,2025-07-15,,
VTR-00002568,MINT,1928383c-f055-43b2-83a6-069f42dd6c1c,MIGRATIONSLOG,1.0,2025-05-15,,migriert
VTR-00002569,MINT,5bfc5050-7683-4c71-a9b6-5a8976bb3438,MIGRATIONSLOG,1.0,2025-05-15,,migriert
VTR-00002570,MINT,d871d3e5-cb75-4c97-9d51-0e72a38a84c2,DIREKT,1.0,2025-07-04,,
VTR-00002571,MINT,4dd84da7-76e0-48da-bb26-fbebbf09b643,MIGRATIONSLOG,1.0,2025-05-15,,migriert
VTR-00002572,MINT,8eac9b82-d486-47da-9a11-cf6ca225d325,DIREKT,1.0,2025-06-28,,
VTR-00002573,MINT,a9225e1b-7bde-4dbd-9ef6-e3278e0570eb,DIREKT,1.0,2025-07-25,,
VTR-00002574,MINT,17cd8ba0-5e98-4024-a4b7-3409515d7c06,DIREKT,1.0,2024-08-10,,
VTR-00002575,MINT,d50a3271-6e7e-4709-95a4-92c0bf22bffc,MIGRATIONSLOG,1.0,2025-05-15,,migriert
VTR-00002576,MINT,0e9aec62-29a3-469c-bb3c-f53b4198a352,DIREKT,1.0,2025-07-11,,
VTR-00002577,MINT,cfcaeac4-ba89-4d22-8632-40c33d3e9689,MIGRATIONSLOG,1.0,2025-05-15,,migriert
VTR-00002578,MINT,8f4a4215-b126-4dff-a997-2be23a3a457f,MIGRATIONSLOG,1.0,2025-05-15,,migriert
VTR-00002579,MINT,edf106d1-dce7-496c-a825-77eb227251d2,DIREKT,1.0,2025-06-15,,
VTR-00002580,MINT,76c52a32-72d8-432b-b755-2bdbaf708c3b,DIREKT,1.0,2025-07-06,,
VTR-00002581,MINT,f93ad88a-9a5d-44b6-a990-51c2c2023d5e,DIREKT,1.0,2024-10-29,,
VTR-00002582,MINT,b4517863-d917-482a-9738-d193e8a4208f,MIGRATIONSLOG,1.0,2025-05-15,,migriert
VTR-00002583,MINT,d80174f1-e3b1-4d8e-9503-5facc172c739,DIREKT,1.0,2025-03-10,,
VTR-00002584,MINT,b98d5169-bf09-427d-a68e-728996532cab,DIREKT,1.0,2025-03-19,,
VTR-00002585,MINT,69f4b49a-5c1d-415e-a15d-a26c70aae837,DIREKT,1.0,2025-03-21,,
VTR-00002586,MINT,58fb25de-9722-4036-9af3-121f7761d04b,MIGRATIONSLOG,1.0,2025-05-15,,migriert
VTR-00002587,MINT,2cb4d975-cbca-459f-84db-ef7b52e0d35c,MIGRATIONSLOG,1.0,2025-05-15,,migriert
VTR-00002588,MINT,3650bc82-f2b3-4301-887c-b8f03d891eb4,DIREKT,1.0,2022-09-03,,
VTR-00002589,MINT,58de76b9-3ad3-4217-a0a3-1d0bfd79b43f,MIGRATIONSLOG,1.0,2025-05-15,,migriert
VTR-00002590,MINT,54afad18-b2d1-4df1-8bf3-402eac54cd73,DIREKT,1.0,2024-10-21,,
VTR-00002591,MINT,3da86ce2-1fa5-4490-9f65-fd476fc38b76,MIGRATIONSLOG,1.0,2025-05-15,,migriert
VTR-00002592,MINT,be65a993-a151-4e30-a1a4-525af6ef2dc1,DIREKT,1.0,2025-05-28,,
VTR-00002593,MINT,a1d31dba-f0b6-40c1-a47e-897d32701fcb,MIGRATIONSLOG,1.0,2025-05-15,,migriert
VTR-00002594,MINT,f14dfd4e-4651-454d-8243-29699eb8b8d4,MIGRATIONSLOG,1.0,2025-05-15,,migriert
VTR-00002595,MINT,84d08b72-1197-4fea-bfb6-1f3204d95a83,DIREKT,1.0,2022-06-15,,
VTR-00002596,MINT,bb32bbc9-0bef-4b42-8de1-bc21c9f11287,DIREKT,1.0,2023-08-30,,
VTR-00002597,MINT,7e5556df-f1cd-459a-a117-33170ce0a937,MIGRATIONSLOG,1.0,2025-05-15,,migriert
VTR-00002598,MINT,51f1f7bf-1308-433d-aa42-e9e396d7ba73,MIGRATIONSLOG,1.0,2025-05-15,,migriert
VTR-00002599,MINT,402dc7de-f2b7-4645-a170-338ae9add8dc,MIGRATIONSLOG,1.0,2025-05-15,,migriert
VTR-00002600,MINT,25beb114-707d-4f19-9ae4-6cacc5eeb80a,DIREKT,1.0,2022-06-24,,
VTR-00002601,MINT,3623cc77-c6fb-4060-b525-287cfefab03f,MIGRATIONSLOG,1.0,2025-05-15,,migriert
VTR-00002602,MINT,bf64138f-e6d9-449a-af6f-bd33a9d490db,MIGRATIONSLOG,1.0,2025-05-15,,migriert
VTR-00002603,MINT,2cd39f59-1c8b-4ff2-831c-341583cdf624,MIGRATIONSLOG,1.0,2025-05-15,,migriert
VTR-00002604,MINT,4809432b-0b74-454f-b3b5-7c215e624f43,MIGRATIONSLOG,1.0,2025-05-15,,migriert
VTR-00002605,MINT,1e2d3a76-dbab-4efe-85f8-9f5333762a46,MIGRATIONSLOG,1.0,2025-05-15,,migriert
VTR-00002606,MINT,e0e10aa8-4793-4dc3-a0bb-2d5aa512177f,DIREKT,1.0,2025-06-19,,
VTR-00002607,MINT,df86d3e0-f035-4c39-b103-f1bd83d439d4,MIGRATIONSLOG,1.0,2025-05-15,,migriert
VTR-00002608,MINT,c1c05d83-2648-4b62-99dd-0e5184a543eb,MIGRATIONSLOG,1.0,2025-05-15,,migriert
VTR-00002609,MINT,1e39b66c-aead-4fe5-853d-be77d5e46507,DIREKT,1.0,2023-09-21,,
VTR-00002610,MINT,69fc2e22-2c76-4245-8d9b-a4bd89b9c100,DIREKT,1.0,2025-04-27,,
VTR-00002611,MINT,03888aba-2371-4e10-a808-4c75dc1e849d,DIREKT,1.0,2022-11-06,,
VTR-00002612,MINT,1e948f76-7007-4855-a359-caba12aa6aad,MIGRATIONSLOG,1.0,2025-05-15,,migriert
VTR-00002613,MINT,c123ba4d-f6ca-4ec7-bf69-f12cdbf2349e,DIREKT,1.0,2025-02-23,,
VTR-00002614,MINT,f47c52e9-4d74-4af9-ba31-194081697475,MIGRATIONSLOG,1.0,2025-05-15,,migriert
VTR-00002615,MINT,08d8e481-39a0-42a9-8221-7d811f23f863,DIREKT,1.0,2025-03-28,,
VTR-00002616,MINT,2e748914-ed3b-4702-b636-469b43058a6e,DIREKT,1.0,2025-11-02,,
VTR-00002617,MINT,e3207160-9da3-43a9-b985-a02f8801c422,MIGRATIONSLOG,1.0,2025-05-15,,migriert
VTR-00002618,MINT,7e302697-4fdd-425f-a333-4cb28da3e905,MIGRATIONSLOG,1.0,2025-05-15,,migriert
VTR-00002619,MINT,e9e248a0-62af-48eb-8dac-85df085e893a,MIGRATIONSLOG,1.0,2025-05-15,,migriert
VTR-00002620,MINT,538a34d6-fc84-4eb0-9407-63222373dae0,MIGRATIONSLOG,1.0,2025-05-15,,migriert
VTR-00002621,MINT,29a6b22d-8c91-4e44-8a4e-d357af2f6ee3,DIREKT,1.0,2024-12-01,,
VTR-00002622,MINT,8e5c6dd6-020a-4be4-9469-090b7cf7d38a,MIGRATIONSLOG,1.0,2025-05-15,,migriert
VTR-00002623,MINT,a549b0de-958e-434c-84b5-5c5523887843,MIGRATIONSLOG,1.0,2025-05-15,,migriert
VTR-00002624,MINT,ec23c49e-b031-43e5-a027-5af83bfb53fb,DIREKT,1.0,2025-07-24,,
VTR-00002625,MINT,38184b2c-3506-49a8-80ae-42946f0e2ed4,MIGRATIONSLOG,1.0,2025-05-15,,migriert
VTR-00002626,MINT,b5a9ff50-df99-42ba-bbae-c649172348de,MIGRATIONSLOG,1.0,2025-05-15,,migriert
VTR-00002627,MINT,681ef283-5a38-4691-9428-1356c001c411,MIGRATIONSLOG,1.0,2025-05-15,,migriert
VTR-00002628,MINT,704d9da1-a1a2-4582-8979-6ad7dfa1e9d8,DIREKT,1.0,2023-03-24,,
VTR-00002629,MINT,365c7ea3-fa9b-4b9f-9f4c-4d5e1d2cecca,DIREKT,1.0,2025-07-26,,
VTR-00002630,MINT,32957095-24cd-440a-849e-8536a0e48c80,MIGRATIONSLOG,1.0,2025-05-15,,migriert
VTR-00002631,MINT,9fd04837-8410-46ab-8a51-d05fdc50a993,DIREKT,1.0,2025-07-15,,
VTR-00002632,MINT,569bf61d-aee2-434e-a3f7-959b6832154c,MIGRATIONSLOG,1.0,2025-05-15,,migriert
VTR-00002633,MINT,8ff5e572-164c-4f98-9f8e-bd651a261419,DIREKT,1.0,2022-05-23,,
VTR-00002634,MINT,de32b8e4-a6ff-4ba6-b6b4-498723f0e9b1,MIGRATIONSLOG,1.0,2025-05-15,,migriert
VTR-00002635,MINT,3d45b633-34c0-4e62-94d7-ff3e2348821a,DIREKT,1.0,2021-12-30,,
VTR-00002636,MINT,a4c8a616-3e1d-49f4-bb28-06cc358ab254,DIREKT,1.0,2023-05-14,,
VTR-00002637,MINT,60a7967d-3573-4e14-b746-0d9a9a97beee,MIGRATIONSLOG,1.0,2025-05-15,,migriert
VTR-00002638,MINT,b5e9891f-ef02-463b-ad73-35e379d21c37,MIGRATIONSLOG,1.0,2025-05-15,,migriert
VTR-00002639,MINT,72d85c8e-48d8-45c1-a35e-6842ad767f03,DIREKT,1.0,2022-01-27,,
VTR-00002640,MINT,f50c1581-034b-42f7-84b1-4825fe93610e,DIREKT,1.0,2025-11-13,,
VTR-00002641,MINT,c13ab8f4-396b-42ac-baeb-f95b74654a35,DIREKT,1.0,2021-04-24,,
VTR-00002642,MINT,9723bc70-de97-46ff-abe9-f67f90c22588,MIGRATIONSLOG,1.0,2025-05-15,,migriert
VTR-00002643,MINT,1426c49d-49b4-4142-980b-9efe03fedf85,DIREKT,1.0,2024-05-19,,
VTR-00002644,MINT,00eee7cf-7b52-4e56-81c8-59381ac073e1,MIGRATIONSLOG,1.0,2025-05-15,,migriert
VTR-00002645,MINT,7e667f0a-aaf2-4cf1-95b5-f5be543e7516,MIGRATIONSLOG,1.0,2025-05-15,,migriert
VTR-00002646,MINT,01ca7d63-20b0-49c8-aecd-cd53511b4faa,DIREKT,1.0,2021-10-28,,
VTR-00002647,MINT,a6ee6935-1987-46e1-a3f2-f96ba0570acd,DIREKT,1.0,2022-05-03,,
VTR-00002648,MINT,ba224e43-12e9-48ea-b56b-1d8051884d66,DIREKT,1.0,2025-10-13,,
VTR-00002649,MINT,aead0140-cc0a-45b3-98e9-dcd20dc95a29,MIGRATIONSLOG,1.0,2025-05-15,,migriert
VTR-00002650,MINT,a134000e-5651-4607-b67e-d2ac2960ea1b,DIREKT,1.0,2025-05-07,,
VTR-00002651,MINT,cb7ebb2b-cebd-4086-9326-00777861e3eb,DIREKT,1.0,2025-08-08,,
VTR-00002652,MINT,996c091d-9f1d-4e04-b325-9f05c117a8c6,MIGRATIONSLOG,1.0,2025-05-15,,migriert
VTR-00002653,MINT,d3d75bd9-b2a8-4788-b81e-b378e8048ce1,MIGRATIONSLOG,1.0,2025-05-15,,migriert
VTR-00002654,MINT,e2fb9713-34ca-4570-863f-3d3ae2486cac,DIREKT,1.0,2025-11-15,,
VTR-00002655,MINT,d0ee12fc-b087-44ec-a17f-066b0d9800b7,DIREKT,1.0,2022-10-16,,
VTR-00002656,MINT,cf4f1538-bbf2-4646-9143-1b43693c479f,DIREKT,1.0,2022-04-13,,
VTR-00002657,MINT,5c269387-d2cf-436b-b555-abd1d5e61323,MIGRATIONSLOG,1.0,2025-05-15,,migriert
VTR-00002658,MINT,1e17d4f7-c5d6-467c-a588-f6974e34137e,DIREKT,1.0,2022-04-14,,
VTR-00002659,MINT,9ef6dd2c-1528-4964-86bc-07eea23084bd,DIREKT,1.0,2021-04-17,,
VTR-00002660,MINT,26e905f9-2c8c-4b02-9ab7-3a04977c0f66,DIREKT,1.0,2024-11-25,,
VTR-00002661,MINT,a9475150-5ff5-4512-abc3-5f3ee3e8cc3e,DIREKT,1.0,2024-12-11,,
VTR-00002662,MINT,040b512c-1e6a-48c4-8350-acce03cbcb1f,MIGRATIONSLOG,1.0,2025-05-15,,migriert
VTR-00002663,MINT,f174b7b7-70ad-4d3e-850e-598dd04ac033,MIGRATIONSLOG,1.0,2025-05-15,,migriert
VTR-00002664,MINT,31f83edb-50e6-4469-b9a4-ab60aaf3d88b,MIGRATIONSLOG,1.0,2025-05-15,,migriert
VTR-00002665,MINT,19b6c266-90b0-4856-b094-650514bf0118,MIGRATIONSLOG,1.0,2025-05-15,,migriert
VTR-00002666,MINT,6c8cb16c-72e9-4387-b192-cc9d0b94438b,MIGRATIONSLOG,1.0,2025-05-15,,migriert
VTR-00002667,MINT,36d8c498-c5aa-41a0-8347-0aeeb32ab8a5,MIGRATIONSLOG,1.0,2025-05-15,,migriert
VTR-00002668,MINT,654be67b-31da-481c-affa-90c33171cb3d,DIREKT,1.0,2023-08-24,,
VTR-00002669,MINT,6b9fdbef-0f1c-41b7-a2bc-38772d99fbe1,MIGRATIONSLOG,1.0,2025-05-15,,migriert
VTR-00002670,MINT,e1537084-ef3d-4ca6-a0b4-1ecc1bd1abbd,MIGRATIONSLOG,1.0,2025-05-15,,migriert
VTR-00002671,MINT,c45ba189-abf7-45a1-be47-9bad0347fb96,DIREKT,1.0,2025-02-14,,
VTR-00002672,MINT,fb2d40ec-8891-444d-b14b-17d08a312b28,DIREKT,1.0,2021-05-14,,
VTR-00002673,MINT,3d107eab-d01b-4cd4-9320-424d13875930,MIGRATIONSLOG,1.0,2025-05-15,,migriert
VTR-00002674,MINT,acf26f08-1e4e-49f9-a437-d7487ccebdad,DIREKT,1.0,2025-02-05,,
VTR-00002675,MINT,919da089-bfde-43ee-9489-bf9e71401bf6,DIREKT,1.0,2025-10-28,,
VTR-00002676,MINT,1d257426-de92-4e2b-b182-44115073daba,DIREKT,1.0,2025-01-31,,
VTR-00002677,MINT,2cc05d98-4771-4ea4-8693-ac96e9f4fc35,DIREKT,1.0,2025-02-26,,
VTR-00002678,MINT,c993379e-71fd-4bba-b69b-19247f5a5924,MIGRATIONSLOG,1.0,2025-05-15,,migriert
VTR-00002679,MINT,f9f72c0d-29c3-4fac-963d-d0ff7256cb17,MIGRATIONSLOG,1.0,2025-05-15,,migriert
VTR-00002680,MINT,597e132c-6fbb-47a0-8169-640e62a29b3f,MIGRATIONSLOG,1.0,2025-05-15,,migriert
VTR-00002681,MINT,531e918e-a3fb-498e-9d12-943f6bd34b0a,DIREKT,1.0,2025-03-29,,
VTR-00002682,MINT,9f81f11c-fd36-4413-8814-74393ece33f6,MIGRATIONSLOG,1.0,2025-05-15,,migriert
VTR-00002683,MINT,c8f44d76-b82d-4a56-8a66-928d10140e0b,MIGRATIONSLOG,1.0,2025-05-15,,migriert
VTR-00002684,MINT,80969bfc-b268-4ce2-90b0-431d93cd8079,DIREKT,1.0,2025-08-30,,
VTR-00002685,MINT,9df41c7d-90da-41e4-b4b7-1198c38da8e2,MIGRATIONSLOG,1.0,2025-05-15,,migriert
VTR-00002686,MINT,c99db665-71d9-4c3b-8aa0-f59420e555f3,MIGRATIONSLOG,1.0,2025-05-15,,migriert
VTR-00002687,MINT,359773d5-9597-4549-be06-dabbebc9a8f8,MIGRATIONSLOG,1.0,2025-05-15,,migriert
VTR-00002688,MINT,13dbdace-545d-4be0-a2a6-7dc4a2eabb83,DIREKT,1.0,2022-04-23,,
VTR-00002689,MINT,198dd3b6-8275-46e7-be98-d80152268db2,DIREKT,1.0,2021-02-22,,
VTR-00002690,MINT,5998dab3-ab7d-4929-9413-6a73d9312757,DIREKT,1.0,2025-09-18,,
VTR-00002691,MINT,6aae04e8-3fa7-4046-ad16-d582a19f0b94,MIGRATIONSLOG,1.0,2025-05-15,,migriert
VTR-00002692,MINT,8542e309-73ea-4c64-a8e9-e91cd11f5575,DIREKT,1.0,2021-07-20,,
VTR-00002693,MINT,425493aa-d3b1-4fe4-902f-7e9c9e1e38f5,DIREKT,1.0,2024-12-22,,
VTR-00002694,MINT,735d44dc-4009-406c-b1cb-195b4830aff9,MIGRATIONSLOG,1.0,2025-05-15,,migriert
VTR-00002695,MINT,e94db844-2350-4e60-8987-dd6deb501a19,MIGRATIONSLOG,1.0,2025-05-15,,migriert
VTR-00002696,MINT,f809536a-65ee-425d-8557-019065477b6a,MIGRATIONSLOG,1.0,2025-05-15,,migriert
VTR-00002697,MINT,e9fbbc26-5ba5-462e-b7c9-c07504da2623,DIREKT,1.0,2021-04-30,,
VTR-00002698,MINT,984155d1-b017-47cc-ab15-824cbd12dcf8,DIREKT,1.0,2025-05-12,,
VTR-00002699,MINT,a6d31f11-865f-465c-abb0-a24c27f3539f,DIREKT,1.0,2024-10-07,,
VTR-00002700,MINT,166785f1-00c6-4fb1-a3b8-dd9fe8e4025f,MIGRATIONSLOG,1.0,2025-05-15,,migriert
VTR-00002701,MINT,67fceeb7-424d-4bc5-8781-bbae10b71595,DIREKT,1.0,2023-02-28,,
VTR-00002702,MINT,8bd441bc-71a3-4f82-b0a5-ab3ec9bee895,MIGRATIONSLOG,1.0,2025-05-15,,migriert
VTR-00002703,MINT,4ab04fd5-eb51-4f50-9745-37d494899867,MIGRATIONSLOG,1.0,2025-05-15,,migriert
VTR-00002704,MINT,f358608a-26d2-4b89-bd99-c01a4ca8a3d8,DIREKT,1.0,2025-01-17,,
VTR-00002705,MINT,8f49c056-7f3f-4a8f-bb5a-5afce562a4cc,DIREKT,1.0,2025-11-06,,
VTR-00002706,MINT,d7dc4d87-bdca-4ad0-be80-4059dd301f3c,DIREKT,1.0,2022-12-03,,
VTR-00002707,MINT,003c83b7-ad6e-478c-aa92-63cdd9701c21,MIGRATIONSLOG,1.0,2025-05-15,,migriert
VTR-00002708,MINT,32bfd959-d5bd-4b31-ab2a-7a20039de14e,DIREKT,1.0,2023-03-24,,
VTR-00002709,MINT,821d70f0-23ee-4645-ac06-1375bf7a433c,DIREKT,1.0,2025-04-17,,
VTR-00002710,MINT,d28f2fb7-a6ab-4e7b-bb3b-630d1278fdfe,MIGRATIONSLOG,1.0,2025-05-15,,migriert
VTR-00002711,MINT,9ea1aaff-d856-43b7-b572-de0d382576d7,MIGRATIONSLOG,1.0,2025-05-15,,migriert
VTR-00002712,MINT,3542e1d7-fe21-4602-92cc-d1dbf0afe438,MIGRATIONSLOG,1.0,2025-05-15,,migriert
VTR-00002713,MINT,06e0d154-f6e7-4b94-84e7-0514abfdb078,DIREKT,1.0,2025-10-27,,
VTR-00002714,MINT,0d441cd1-fcb0-4280-92c1-cebf8cdbf3be,DIREKT,1.0,2025-08-10,,
VTR-00002715,MINT,d239a515-2b98-42e9-bc87-3cc938ac8aef,MIGRATIONSLOG,1.0,2025-05-15,,migriert
VTR-00002716,MINT,bc8bda01-a05b-4722-ab96-acc71898d74e,DIREKT,1.0,2024-08-14,,
VTR-00002717,MINT,ccd8a240-ba9a-4aed-a830-973e69c4b50d,DIREKT,1.0,2022-11-18,,
VTR-00002718,MINT,9920a7ce-7fa3-490a-9362-21b6ee924872,DIREKT,1.0,2025-04-21,,
VTR-00002719,MINT,7f35e4a4-6878-4283-b9f2-4bfbcab63d2c,MIGRATIONSLOG,1.0,2025-05-15,,migriert
VTR-00002720,MINT,d2c2e0e1-ee69-4532-8b04-199f635a7c38,MIGRATIONSLOG,1.0,2025-05-15,,migriert
VTR-00002721,MINT,7a49d795-635d-4ea4-be3b-3f7dcc3c87f1,DIREKT,1.0,2025-01-19,,
VTR-00002722,MINT,41142012-8ad6-48c1-8067-081addc62b9a,DIREKT,1.0,2025-03-30,,
VTR-00002723,MINT,c98a41cc-654e-4dcf-a18f-4a41cf61da20,MIGRATIONSLOG,1.0,2025-05-15,,migriert
VTR-00002724,MINT,f039a196-b3c0-4030-8d47-306b30c4db10,DIREKT,1.0,2025-11-09,,
VTR-00002725,MINT,276a446c-bc4c-4b20-ab9e-760bfcd0c85f,DIREKT,1.0,2025-01-17,,
VTR-00002726,MINT,b3f301ba-d06f-4319-94d3-9bb947c92de6,DIREKT,1.0,2025-02-06,,
VTR-00002727,MINT,9fe94d45-f4ca-4299-a58a-4916c17cd42d,MIGRATIONSLOG,1.0,2025-05-15,,migriert
VTR-00002728,MINT,389bad1a-838f-44d1-935f-c19ee5429804,DIREKT,1.0,2021-03-03,,
VTR-00002729,MINT,627f4d07-c546-475e-ba6c-530d59ba5f7c,DIREKT,1.0,2022-10-18,,
VTR-00002730,MINT,4219ce59-5608-4acf-9817-5f031658aa6a,MIGRATIONSLOG,1.0,2025-05-15,,migriert
VTR-00002731,MINT,1c3aa062-b97f-4b93-94a4-ccd47f86132f,DIREKT,1.0,2025-07-05,,
VTR-00002732,MINT,81e07911-b3e8-4189-a774-30ed51494747,DIREKT,1.0,2024-07-21,,
VTR-00002733,MINT,ca0efc6a-8160-4afe-9131-10cfe68e2477,DIREKT,1.0,2023-08-18,,
VTR-00002734,MINT,2e7a3b95-752f-4fe2-ac2a-a32d9efde790,MIGRATIONSLOG,1.0,2025-05-15,,migriert
VTR-00002735,MINT,8f6db429-ac52-4bb1-b3bc-fc0db017c01b,DIREKT,1.0,2025-09-04,,
VTR-00002736,MINT,9a9df8cb-6d49-4188-aa4f-153fa99cbb19,DIREKT,1.0,2025-06-24,,
VTR-00002737,MINT,a19287ae-956c-469d-b36f-2491f484641a,MIGRATIONSLOG,1.0,2025-05-15,,migriert
VTR-00002738,MINT,1181ee51-50f4-4d8e-9d0d-d16314cca96d,MIGRATIONSLOG,1.0,2025-05-15,,migriert
VTR-00002739,MINT,346de20e-d332-44b7-8a72-8a86571a6729,DIREKT,1.0,2023-10-18,,
VTR-00002740,MINT,6920b416-a2cf-4c4d-8e7b-b42d7c9e5ad5,MIGRATIONSLOG,1.0,2025-05-15,,migriert
VTR-00002741,MINT,398f472f-948d-49ec-9ef0-6c71fc20385f,DIREKT,1.0,2024-08-26,,
VTR-00002742,MINT,a1faeb66-c392-48c3-bf67-ff3b9362a351,DIREKT,1.0,2025-08-30,,
VTR-00002743,MINT,9e1d72cf-0c31-4f1c-8603-468e1aed52cb,DIREKT,1.0,2024-03-06,,
VTR-00002744,MINT,c8a4685b-9f1d-499b-834e-1461d528a844,MIGRATIONSLOG,1.0,2025-05-15,,migriert
VTR-00002745,MINT,f28f59df-403d-48d1-bd63-4f4a366d1dd4,DIREKT,1.0,2025-04-07,,
VTR-00002746,MINT,d45430ad-f842-4e21-a491-0fab61324d54,DIREKT,1.0,2025-08-24,,
VTR-00002747,MINT,fc36ade2-ba62-41ae-b643-ed6fb746447c,DIREKT,1.0,2025-07-31,,
VTR-00002748,MINT,a3e823d5-ef7c-48b3-8c91-19303c8ade04,DIREKT,1.0,2024-09-08,,
VTR-00002749,MINT,2f2dc2c5-448a-4639-a113-7df551e727af,MIGRATIONSLOG,1.0,2025-05-15,,migriert
VTR-00002750,MINT,4c5a7fc5-1aa8-4550-8c0d-ab9934ed1b14,DIREKT,1.0,2023-09-30,,
VTR-00002751,MINT,50a2e92f-0312-43ed-9f32-ec114afb6f6a,DIREKT,1.0,2025-09-25,,
VTR-00002752,MINT,9182a364-d1f9-4983-8d63-5fa2a65a29a9,MIGRATIONSLOG,1.0,2025-05-15,,migriert
VTR-00002753,MINT,506f621b-4e9c-440c-a05a-8afcc832e4c0,DIREKT,1.0,2025-10-27,,
VTR-00002754,MINT,0c2d41e0-66a9-4b50-b383-b4042469d260,DIREKT,1.0,2025-09-04,,
VTR-00002755,MINT,b62f1b88-33bc-4f86-ad1f-3a24c5d6a226,DIREKT,1.0,2023-09-24,,
VTR-00002756,MINT,c99f3935-c985-43fa-9529-12be400e0251,MIGRATIONSLOG,1.0,2025-05-15,,migriert
VTR-00002757,MINT,94395c1b-4574-43ec-9956-8cd0fc205b32,DIREKT,1.0,2025-11-24,,
VTR-00002758,MINT,8677c06a-8f8c-4744-9c15-80832955589f,MIGRATIONSLOG,1.0,2025-05-15,,migriert
VTR-00002759,MINT,315cfa34-c3b6-4bbb-b5fb-f929f2d3c8af,DIREKT,1.0,2023-02-15,,
VTR-00002760,MINT,23fedd86-0117-46d7-bf8d-41e7b6a391cd,DIREKT,1.0,2022-12-01,,
VTR-00002761,MINT,17b68ef4-f5b2-48df-ac7c-8e5e85b65818,MIGRATIONSLOG,1.0,2025-05-15,,migriert
VTR-00002762,MINT,81fb71fc-25aa-45ec-bfc5-04a023d86e24,DIREKT,1.0,2025-06-24,,
VTR-00002763,MINT,1f052c8e-f05b-47b0-9096-2ebbe200e4cd,DIREKT,1.0,2025-08-26,,
VTR-00002764,MINT,4a2ce11c-57de-4ca8-bda5-e0cc1a691a9e,DIREKT,1.0,2025-05-28,,
VTR-00002765,MINT,bdad2164-3040-4592-b1ca-bd8e73748bda,MIGRATIONSLOG,1.0,2025-05-15,,migriert
VTR-00002766,MINT,eff9d998-e152-4f58-b4fd-6d3090f1fdb4,DIREKT,1.0,2024-12-27,,
VTR-00002767,MINT,5bf0e140-547e-4568-8d16-e29d80b78eff,DIREKT,1.0,2025-10-11,,
VTR-00002768,MINT,345341f9-ef29-4fb6-89d8-f9a9dca4add5,DIREKT,1.0,2025-07-30,,
VTR-00002769,MINT,a5138bc2-aa01-4378-bc18-74bd91d23a4c,DIREKT,1.0,2025-04-05,,
VTR-00002770,MINT,ad205b0a-a687-4759-ac99-a6cf3313d44c,DIREKT,1.0,2025-05-04,,
VTR-00002771,MINT,cf40a754-85e2-47f1-b77e-f2051ea21523,MIGRATIONSLOG,1.0,2025-05-15,,migriert
VTR-00002772,MINT,c88ff4b4-18cf-4931-bbe0-37772c1f554d,MIGRATIONSLOG,1.0,2025-05-15,,migriert
VTR-00002773,MINT,a79b6463-6b70-4efe-afea-60f94aedd5d9,DIREKT,1.0,2025-08-12,,
VTR-00002774,MINT,282fedf6-1187-4a0a-ad88-c023d8069d8d,MIGRATIONSLOG,1.0,2025-05-15,,migriert
VTR-00002775,MINT,97596c4e-3030-4479-a1a1-e8129bb2337d,MIGRATIONSLOG,1.0,2025-05-15,,migriert
VTR-00002776,MINT,0b152519-50c9-4e62-a791-01b85083f6a8,DIREKT,1.0,2024-12-02,,
VTR-00002777,MINT,cc426e5e-1baa-43f7-a862-dd9b27c08eaa,MIGRATIONSLOG,1.0,2025-05-15,,migriert
VTR-00002778,MINT,a3649304-e32a-45e6-be3f-94be3b5e9be1,DIREKT,1.0,2025-08-30,,
VTR-00002779,MINT,687de3da-ed95-4d8d-9b95-59be873f34ae,DIREKT,1.0,2025-07-08,,
VTR-00002780,MINT,dc2bf664-1aaa-41af-8b61-f457e391632d,DIREKT,1.0,2025-09-30,,
VTR-00002781,MINT,f2b36db6-70e8-4dba-af7c-052fb0b6d77f,MIGRATIONSLOG,1.0,2025-05-15,,migriert
VTR-00002782,MINT,a24f6829-037b-4933-b9d7-1f2fe7160f58,MIGRATIONSLOG,1.0,2025-05-15,,migriert
VTR-00002783,MINT,effb3d68-f846-4a96-ab88-9a04dd354692,DIREKT,1.0,2025-09-09,,
VTR-00002784,MINT,133128fa-dab9-44e1-bb99-d7d10bc73d53,MIGRATIONSLOG,1.0,2025-05-15,,migriert
VTR-00002785,MINT,bd110aac-26cd-4a5c-9c4c-15bb245269f1,DIREKT,1.0,2025-03-08,,
VTR-00002786,MINT,3f227c1c-a739-4e72-b011-f367778a36c1,DIREKT,1.0,2025-03-25,,
VTR-00002787,MINT,00b60c69-f734-4164-a942-2204da473b7f,MIGRATIONSLOG,1.0,2025-05-15,,migriert
VTR-00002788,MINT,789f3e60-9ca5-4ef5-b13d-bce2a25c7e5e,DIREKT,1.0,2025-11-11,,
VTR-00002789,MINT,861974ea-7862-4d12-9876-c01e8abd3867,DIREKT,1.0,2024-12-29,,
VTR-00002790,MINT,06ffcb45-af26-4612-afbd-b621e1fb4e1d,MIGRATIONSLOG,1.0,2025-05-15,,migriert
VTR-00002791,MINT,eecee149-9040-421d-b451-dcbf8cb47b0a,DIREKT,1.0,2025-02-01,,
VTR-00002792,MINT,3885c854-6e70-4901-accb-fb3085bc2fed,DIREKT,1.0,2025-09-26,,
VTR-00002793,MINT,f001ffb2-dad2-4dbc-a00a-0910f223ba91,MIGRATIONSLOG,1.0,2025-05-15,,migriert
VTR-00002794,MINT,c286746b-667a-4ac7-be6b-17b7c75e0eb0,DIREKT,1.0,2025-04-16,,
VTR-00002795,MINT,dd7536a1-956b-42a6-b9d0-9a14a54739c4,MIGRATIONSLOG,1.0,2025-05-15,,migriert
VTR-00002796,MINT,d0376a5e-ef0c-4db4-9d78-97b538ce79c2,DIREKT,1.0,2025-06-27,,
VTR-00002797,MINT,116b1a36-69d9-46e8-a86b-de5adc62c154,DIREKT,1.0,2025-08-26,,
VTR-00002798,MINT,6986e3e5-9bce-4ef8-8b78-b677dd2f03d2,MIGRATIONSLOG,1.0,2025-05-15,,migriert
VTR-00002799,MINT,1d006ab2-0eb8-435a-92be-a3af8f5d8820,MIGRATIONSLOG,1.0,2025-05-15,,migriert
VTR-00002800,MINT,7632d836-57eb-4eed-86e0-030990c1414a,MIGRATIONSLOG,1.0,2025-05-15,,migriert
VTR-00002801,MINT,5d85ffd5-3678-4228-9824-937b8704e090,MIGRATIONSLOG,1.0,2025-05-15,,migriert
VTR-00002802,MINT,137aba13-4bd8-4502-9970-bb83a60065f2,DIREKT,1.0,2025-01-23,,
VTR-00002803,MINT,465876fa-d51c-490e-a4ad-ffdd9f717d4e,DIREKT,1.0,2025-03-23,,
VTR-00002804,MINT,cafb7f74-7da7-46c0-b97f-e6f029ebc112,DIREKT,1.0,2025-04-22,,
VTR-00002805,MINT,5eb357d0-c42d-4f10-a5bc-062fc3bb027f,MIGRATIONSLOG,1.0,2025-05-15,,migriert
VTR-00002806,MINT,60121891-1917-4749-b761-6b9c1cc41eff,MIGRATIONSLOG,1.0,2025-05-15,,migriert
VTR-00002807,MINT,8f32e35a-e744-4a02-b92d-77980c76469d,MIGRATIONSLOG,1.0,2025-05-15,,migriert
VTR-00002808,MINT,657b5ccb-b462-415c-9fa4-c549a5d278d8,DIREKT,1.0,2025-02-18,,
VTR-00002809,MINT,0c63735e-75ce-41fc-8f52-13a0bf83d71d,DIREKT,1.0,2024-12-19,,
VTR-00002810,MINT,86b08d73-1944-4f9c-aad6-90953e648a19,MIGRATIONSLOG,1.0,2025-05-15,,migriert
VTR-00002811,MINT,9b02a162-2a89-4be7-a62f-dde3184ba4be,MIGRATIONSLOG,1.0,2025-05-15,,migriert
VTR-00002812,MINT,5ec7e6cf-e4ee-4718-bd54-63bc42017550,MIGRATIONSLOG,1.0,2025-05-15,,migriert
VTR-00002813,MINT,6df10e2a-c315-4a3c-a58e-6626d2072844,MIGRATIONSLOG,1.0,2025-05-15,,migriert
VTR-00002814,MINT,ad3b0de0-2fe4-4b1c-8290-4ae40cdc2d8b,MIGRATIONSLOG,1.0,2025-05-15,,migriert
VTR-00002815,MINT,8ad797e9-ce87-4226-9ade-342225424c58,DIREKT,1.0,2024-11-25,,
VTR-00002816,MINT,58d70cb7-87b2-4b14-b1f7-9319be3e3341,DIREKT,1.0,2025-10-09,,
VTR-00002817,MINT,8aac8c70-b529-4a1c-9a6f-24880e65530e,MIGRATIONSLOG,1.0,2025-05-15,,migriert
VTR-00002818,MINT,3dc00cdf-6c26-464e-9e30-b52171ec532a,DIREKT,1.0,2025-09-17,,
VTR-00002819,MINT,208ecc44-f5d9-4516-8a9d-ac2234db178c,MIGRATIONSLOG,1.0,2025-05-15,,migriert
VTR-00002820,MINT,d50cd441-d341-4fc5-8c81-158aae8f7d3c,DIREKT,1.0,2025-06-05,,
VTR-00002821,MINT,7f97b63f-aae7-447a-924f-edf54177c272,MIGRATIONSLOG,1.0,2025-05-15,,migriert
VTR-00002822,MINT,6646e275-1bad-4870-be25-841ff10b58a1,DIREKT,1.0,2025-09-10,,
VTR-00002823,MINT,3ea959fa-dab0-4f91-b3a4-a6a70b0b65f6,DIREKT,1.0,2025-02-24,,
VTR-00002824,MINT,b21c5bea-4214-45be-b46e-21f018c6eda8,MIGRATIONSLOG,1.0,2025-05-15,,migriert
VTR-00002825,MINT,0c81c620-7e66-49a3-b5c2-a0576cb9da63,DIREKT,1.0,2025-11-26,,
VTR-00002826,MINT,7600c427-9bda-45f0-b7c0-51d0420242f3,MIGRATIONSLOG,1.0,2025-05-15,,migriert
VTR-00002827,MINT,4dbdba36-a275-4263-b360-8ed85d8bc947,DIREKT,1.0,2025-07-17,,
VTR-00002828,MINT,1c4fd382-b3fc-468d-9cad-92094fb30429,DIREKT,1.0,2025-05-21,,
VTR-00002829,MINT,58132b4d-a896-40c5-9ee0-1da9e74f3f6f,MIGRATIONSLOG,1.0,2025-05-15,,migriert
VTR-00002830,MINT,e434c932-ab26-4ad5-be2f-4c4b19555b54,MIGRATIONSLOG,1.0,2025-05-15,,migriert
VTR-00002831,MINT,616cc7d4-1f4e-44d4-8395-71097530722d,DIREKT,1.0,2025-06-23,,
VTR-00002832,MINT,f0c59a46-c60c-4d8d-9702-ed13846963df,DIREKT,1.0,2025-03-23,,
VTR-00002833,MINT,5add02dd-afc6-4b86-aec4-dcd735639f59,DIREKT,1.0,2025-05-06,,
VTR-00002834,MINT,2e27f6e4-d992-4859-80f9-4687c5e3ee51,DIREKT,1.0,2025-08-05,,
VTR-00002835,MINT,a5424b92-e7bf-431e-a83a-37f71f3e8f52,DIREKT,1.0,2025-08-11,,
VTR-00002836,MINT,1aafa0ab-8f39-405f-b0a7-84aa858028b1,DIREKT,1.0,2025-01-01,,
VTR-00002837,MINT,e33d203a-1910-4468-b8f1-cc63093ad4ed,MIGRATIONSLOG,1.0,2025-05-15,,migriert
VTR-00002838,MINT,d0c6d472-7a1d-4ef3-875a-52150eda75ec,MIGRATIONSLOG,1.0,2025-05-15,,migriert
VTR-00002839,MINT,0617e690-af00-4da4-aff2-638bec35b941,DIREKT,1.0,2024-11-27,,
VTR-00002840,MINT,2757be0b-2f26-47ae-87db-ddc3b3569b6c,MIGRATIONSLOG,1.0,2025-05-15,,migriert
VTR-00002841,MINT,79b8f179-ab2b-4c25-bf8e-1c4943cb0027,MIGRATIONSLOG,1.0,2025-05-15,,migriert
VTR-00002842,MINT,c4b0c968-1c2b-4dec-84da-db547d2c9bb7,MIGRATIONSLOG,1.0,2025-05-15,,migriert
VTR-00002843,MINT,078627bd-dbf3-410c-ac2c-e2f6a0bc22b9,MIGRATIONSLOG,1.0,2025-05-15,,migriert
VTR-00002844,MINT,409fcfd7-9135-4c19-8611-59775f7f0595,DIREKT,1.0,2025-01-29,,
VTR-00002845,MINT,8987b0ee-2293-4f0d-b1aa-e3ce2311dfef,DIREKT,1.0,2025-04-21,,
VTR-00002846,MINT,eef4e199-88c3-4d7c-81d7-69022af1e625,MIGRATIONSLOG,1.0,2025-05-15,,migriert
VTR-00002847,MINT,92d2b05c-8c9b-4c75-9ade-587b773c1420,DIREKT,1.0,2025-01-23,,
VTR-00002848,MINT,7d5bc96c-b5e0-4dad-b538-3549727203c3,MIGRATIONSLOG,1.0,2025-05-15,,migriert
VTR-00002849,MINT,2a2863f8-9336-496a-aefc-69505536a7a2,DIREKT,1.0,2024-12-30,,
VTR-00002850,MINT,52094cfb-e392-4f47-8bde-e0009c45a1d6,MIGRATIONSLOG,1.0,2025-05-15,,migriert
VTR-00002851,MINT,8f3e1121-3469-4fdc-96ab-c3c04ec89c96,MIGRATIONSLOG,1.0,2025-05-15,,migriert
VTR-00002852,MINT,2d965430-3cd2-4449-9bf1-4cad0e86c105,MIGRATIONSLOG,1.0,2025-05-15,,migriert
VTR-00002853,MINT,5223674c-3aa6-49b5-9dfe-1093df58eab6,MIGRATIONSLOG,1.0,2025-05-15,,migriert
VTR-00002854,MINT,3376632c-c8df-49cf-8d6a-8135e0788435,DIREKT,1.0,2025-10-20,,
VTR-00002855,MINT,04669307-9a34-42e5-aa45-7fedc5c2428f,MIGRATIONSLOG,1.0,2025-05-15,,migriert
VTR-00002856,MINT,f096c2ea-85ef-4ec6-b131-c20a9d34a938,DIREKT,1.0,2025-04-29,,
VTR-00002857,MINT,bb41a0c5-235e-4fcf-93c2-db6e9e40cc43,MIGRATIONSLOG,1.0,2025-05-15,,migriert
VTR-00002858,MINT,669d0499-1281-4734-9910-ab7d0e2f34ec,DIREKT,1.0,2025-10-27,,
VTR-00002859,MINT,f7b0046e-286c-4e48-8fa0-22d8fbfa537e,MIGRATIONSLOG,1.0,2025-05-15,,migriert
VTR-00002860,MINT,217b634f-3aa6-487c-bca5-142d360de9c1,MIGRATIONSLOG,1.0,2025-05-15,,migriert
VTR-00002861,MINT,15c69257-05e4-4d8a-bd57-1cd9624e733a,DIREKT,1.0,2025-09-12,,
VTR-00002862,MINT,686332ed-b105-489d-8e10-a5efa6e47b6b,MIGRATIONSLOG,1.0,2025-05-15,,migriert
VTR-00002863,MINT,040b2b22-9408-48cb-9195-160443647e17,DIREKT,1.0,2025-10-02,,
VTR-00002864,MINT,23fcf156-f133-4284-8735-a51fb6bddf63,MIGRATIONSLOG,1.0,2025-05-15,,migriert
VTR-00002865,MINT,773a9da4-8ffe-4701-b917-8d777320271e,MIGRATIONSLOG,1.0,2025-05-15,,migriert
VTR-00002866,MINT,a8a340f8-5661-4633-8dca-44578f68027d,DIREKT,1.0,2025-05-21,,
VTR-00002867,MINT,478e1a3a-3f5a-45a7-827d-575b5c5e0d2e,DIREKT,1.0,2025-10-19,,
VTR-00002868,MINT,b717a7e3-3bfd-41a6-84e2-e32f62774d39,DIREKT,1.0,2025-02-27,,
VTR-00002869,MINT,bda11673-b3dd-4188-8486-86131dcd0eed,MIGRATIONSLOG,1.0,2025-05-15,,migriert
VTR-00002870,MINT,04039cf5-24a4-40e3-8eae-a7fd9bac2770,DIREKT,1.0,2025-02-04,,
VTR-00002871,MINT,f8c5bdb2-344b-4cac-a6f6-26299a2d7f46,MIGRATIONSLOG,1.0,2025-05-15,,migriert
VTR-00002872,MINT,d512cfa1-886b-4749-9302-b1a3ce955eae,DIREKT,1.0,2025-01-02,,
VTR-00002873,MINT,eb73bfea-facc-4864-addb-e96a64d6bc9f,DIREKT,1.0,2024-12-16,,
VTR-00002874,MINT,f91c6206-36fc-4124-a0cf-c974314afecd,DIREKT,1.0,2025-06-27,,
VTR-00002875,MINT,d69f1192-998f-4529-970f-1e9a9e5126b7,MIGRATIONSLOG,1.0,2025-05-15,,migriert
VTR-00002876,MINT,754fef4f-90d9-401f-904d-4445bd4d5e27,MIGRATIONSLOG,1.0,2025-05-15,,migriert
VTR-00002877,MINT,0730db7a-038b-4b8c-9895-9df85321e3d7,MIGRATIONSLOG,1.0,2025-05-15,,migriert
VTR-00002878,MINT,70f9403c-82b7-49c2-abb4-053144801964,MIGRATIONSLOG,1.0,2025-05-15,,migriert
VTR-00002879,MINT,f1c50a3a-7243-4853-8b28-681a4fc9b0f2,DIREKT,1.0,2025-02-22,,
VTR-00002880,MINT,c33bad35-2a5f-4637-ac94-764ed54b44f1,DIREKT,1.0,2024-12-02,,
VTR-00002881,MINT,33991d80-2323-4199-a3e8-e30ec6853f95,DIREKT,1.0,2025-02-22,,
VTR-00002882,MINT,ed713fb9-b9c3-427d-93b8-6c5e00a2b3e3,MIGRATIONSLOG,1.0,2025-05-15,,migriert
VTR-00002883,MINT,84ffa1b8-9193-4d69-bd3b-3746f6934724,DIREKT,1.0,2024-12-09,,
VTR-00002884,MINT,c6d30121-6a65-48de-893f-1c9e72bce136,DIREKT,1.0,2025-08-06,,
VTR-00002885,MINT,501f13ee-a507-4cfc-9aab-067db181f081,MIGRATIONSLOG,1.0,2025-05-15,,migriert
VTR-00002886,MINT,e957d222-b466-48f2-81eb-d81278cb9d77,MIGRATIONSLOG,1.0,2025-05-15,,migriert
VTR-00002887,MINT,03c68f11-e568-4b9d-8f98-bbcac1364419,MIGRATIONSLOG,1.0,2025-05-15,,migriert
VTR-00002888,MINT,39c20e95-7531-422b-8003-f054ae46b452,MIGRATIONSLOG,1.0,2025-05-15,,migriert
VTR-00002889,MINT,8478888d-c9fd-4174-9442-2f9d28726646,DIREKT,1.0,2025-01-28,,
VTR-00002890,MINT,d86de6e1-70aa-4182-a0db-97798bfb16a3,DIREKT,1.0,2025-02-24,,
VTR-00002891,MINT,428c2c1c-847a-4755-9cb8-5a691ccf066f,MIGRATIONSLOG,1.0,2025-05-15,,migriert
VTR-00002892,MINT,e795851d-ea67-4fa5-b3e1-7b592fcd501a,MIGRATIONSLOG,1.0,2025-05-15,,migriert
VTR-00002893,MINT,974c3068-d5a6-4ac4-9f6e-4aaee8956467,MIGRATIONSLOG,1.0,2025-05-15,,migriert
VTR-00002894,MINT,23288f17-4916-4afd-8972-541d994f9e5b,DIREKT,1.0,2025-03-24,,
VTR-00002895,MINT,3cde6fac-4e51-49e4-b496-f4d8b6897ef3,DIREKT,1.0,2025-04-26,,
VTR-00002896,MINT,9298d865-b2df-4058-97be-6034b0f73dd4,DIREKT,1.0,2025-10-14,,
VTR-00002897,MINT,ebfa41ce-6b33-4cad-882c-192d33b4cb67,DIREKT,1.0,2025-08-17,,
VTR-00002898,MINT,d816ade3-b01f-4752-ba7f-489804f2651a,MIGRATIONSLOG,1.0,2025-05-15,,migriert
VTR-00002899,MINT,79ca790a-1a02-4d3d-a084-b46682b6f907,MIGRATIONSLOG,1.0,2025-05-15,,migriert
VTR-00002900,MINT,9bd0e10d-b659-44ac-aba8-56a5043ab78c,MIGRATIONSLOG,1.0,2025-05-15,,migriert
VTR-00002901,MINT,12f34ade-f6fa-446f-bc1f-43eb3c4e8e4d,DIREKT,1.0,2022-01-20,,
VTR-00002902,MINT,5aae0bef-e6f1-4acc-ba3e-dd5498d73327,MIGRATIONSLOG,1.0,2025-11-15,,migriert
VTR-00002904,MINT,0004ac5f-dc83-4deb-8ffa-10a2767e78f5,MIGRATIONSLOG,1.0,2025-11-15,,migriert
VTR-00002906,MINT,1a97b921-412e-4c6e-b518-e409c395f49b,MIGRATIONSLOG,1.0,2025-11-15,,migriert
VTR-00002907,MINT,993f2225-09b1-4e9b-840c-8c575b7a435f,DIREKT,1.0,2025-06-03,,
VTR-00002908,MINT,ae740f90-1c4e-4a2b-93bf-559d42115079,MIGRATIONSLOG,1.0,2025-11-15,,migriert
VTR-00002909,MINT,96b3e968-a3d5-4600-8edd-264cfeb11e83,DIREKT,1.0,2020-10-26,,
VTR-00002910,MINT,84813a68-6766-4c8f-8b63-5dfc325f6ab5,MIGRATIONSLOG,1.0,2025-11-15,,migriert
VTR-00002911,MINT,93700d19-195a-4dc4-923b-b543947a5b63,MIGRATIONSLOG,1.0,2025-11-15,,migriert
VTR-00002913,MINT,5a5d1cf9-735a-4fce-8f70-e8d5a191f843,MIGRATIONSLOG,1.0,2025-11-15,,migriert
VTR-00002914,MINT,1e72eaa6-3968-4ca4-88e9-3928e3e5ed7c,MIGRATIONSLOG,1.0,2025-11-15,,migriert
VTR-00002915,MINT,6fbb2b1f-cd25-488b-8029-0e3771a7f26c,DIREKT,1.0,2020-05-23,,
VTR-00002916,MINT,06bcb01e-142e-4bb3-a659-70211db31eb7,DIREKT,1.0,2025-07-09,,
VTR-00002917,MINT,e412d6ae-13b1-4e70-9274-daa8f1465e13,MIGRATIONSLOG,1.0,2025-11-15,,migriert
VTR-00002918,MINT,031bca7a-0529-4e8c-a780-7a0d8e0b7337,MIGRATIONSLOG,1.0,2025-11-15,,migriert
VTR-00002919,MINT,fc205693-95e3-4062-ba94-0b2559954f68,DIREKT,1.0,2025-11-03,,
VTR-00002920,MINT,3c94807a-3006-4aae-8d26-63ca08c99448,MIGRATIONSLOG,1.0,2025-11-15,,migriert
VTR-00002921,MINT,19b83a2c-5a81-4155-ad4c-5e006b1ed4b2,MIGRATIONSLOG,1.0,2025-11-15,,migriert
VTR-00002922,MINT,a77e2ef9-0301-4ec3-ae3f-21b98fcdfc58,MIGRATIONSLOG,1.0,2025-11-15,,migriert
VTR-00002923,MINT,3c07c9b5-a7ee-4f49-bd95-e389cfd850d3,MIGRATIONSLOG,1.0,2025-11-15,,migriert
VTR-00002924,MINT,9d085c93-c641-42d8-95f8-d3efda11de9c,DIREKT,1.0,2025-09-01,,
VTR-00002925,MINT,5a57ed68-9278-4bc5-b3dd-e42be01d5fd0,MIGRATIONSLOG,1.0,2025-11-15,,migriert
VTR-00002926,MINT,70debe42-b36e-4c5b-b7ce-4c5a05a217d0,MIGRATIONSLOG,1.0,2025-11-15,,migriert
VTR-00002927,MINT,c1f2e5db-cc4f-4f0b-b93f-fb0439d3e447,DIREKT,1.0,2022-11-26,,
VTR-00002928,MINT,f78387f8-ee9d-4218-a4b6-5959b27cddc0,DIREKT,1.0,2021-06-29,,
VTR-00002929,MINT,6bcbc7ed-ebe7-4074-8d15-98ae6aebe565,DIREKT,1.0,2020-12-01,,
VTR-00002930,MINT,bfedddec-fde8-46f8-a333-10cbaea95acf,DIREKT,1.0,2023-05-17,,
VTR-00002931,MINT,5dc4181a-4100-42cb-9fc0-c22c825865ab,MIGRATIONSLOG,1.0,2025-11-15,,migriert
VTR-00002932,MINT,d7a26dfb-409e-434c-822f-087b505427ae,MIGRATIONSLOG,1.0,2025-11-15,,migriert
VTR-00002933,MINT,868d1e98-6af5-4c15-8e4f-843dd5810757,DIREKT,1.0,2021-06-12,,
VTR-00002934,MINT,ab3f5124-7c94-4fb3-b4f6-ee8a8d11398a,DIREKT,1.0,2023-03-14,,
VTR-00002935,MINT,a760f911-ff98-43f7-a5ad-84491b6c59e0,DIREKT,1.0,2020-08-25,,
VTR-00002936,MINT,a8acd2c4-4fa2-4167-bd92-09746172e87f,MIGRATIONSLOG,1.0,2025-11-15,,migriert
VTR-00002937,MINT,d92567d3-8636-43c6-ae38-ea6635f28bcd,DIREKT,1.0,2024-12-05,,
VTR-00002938,MINT,4dfe8293-c636-458f-aed1-e862903370e2,DIREKT,1.0,2023-04-04,,
VTR-00002939,MINT,6ba50409-3ef7-406b-8508-e47924ccfe70,MIGRATIONSLOG,1.0,2025-11-15,,migriert
VTR-00002940,MINT,c2ed9888-2fb9-470b-977d-a49972994df9,MIGRATIONSLOG,1.0,2025-11-15,,migriert
VTR-00002941,MINT,90677086-f41d-4206-a2d8-b9ea6dca6234,MIGRATIONSLOG,1.0,2025-11-15,,migriert
VTR-00002942,MINT,2ce289ef-fd0e-4466-88aa-ec228d4d00c5,MIGRATIONSLOG,1.0,2025-11-15,,migriert
VTR-00002943,MINT,37f59de9-2265-4c3e-bf3a-1912bcd8720f,MIGRATIONSLOG,1.0,2025-11-15,,migriert
VTR-00002944,MINT,0c5abc33-11a9-4e02-b092-a1c3250e6da9,MIGRATIONSLOG,1.0,2025-11-15,,migriert
VTR-00002945,MINT,18bbbef6-9119-4e4c-bcce-3127fb121d8c,MIGRATIONSLOG,1.0,2025-11-15,,migriert
VTR-00002946,MINT,ec6acad4-df68-4cec-8e7e-d78f5f3ca283,MIGRATIONSLOG,1.0,2025-11-15,,migriert
VTR-00002947,MINT,e7d0e7a6-8568-4861-a202-8b1f5f4445f0,MIGRATIONSLOG,1.0,2025-11-15,,migriert
VTR-00002948,MINT,f7c1d1c8-e3de-4bca-8306-47acc3a9ef05,MIGRATIONSLOG,1.0,2025-11-15,,migriert
VTR-00002949,MINT,fdc47505-09a9-4a4d-9dcf-adce24df6ceb,DIREKT,1.0,2025-06-10,,
VTR-00002950,MINT,17382ee5-fb65-4fbd-adfa-d4ec1383d138,MIGRATIONSLOG,1.0,2025-11-15,,migriert
VTR-00002951,MINT,15ea22b4-b5c4-4aca-83ed-ffecb58351bf,MIGRATIONSLOG,1.0,2025-11-15,,migriert
VTR-00002952,MINT,f3b75e5c-ea7e-49b9-8017-ab09d570b0ec,MIGRATIONSLOG,1.0,2025-11-15,,migriert
VTR-00002953,MINT,c015fdbf-f921-4d25-9565-792ca2f62a0b,DIREKT,1.0,2025-07-29,,
VTR-00002954,MINT,ef02f851-f313-4c06-b8c4-c9688df13c17,MIGRATIONSLOG,1.0,2025-11-15,,migriert
VTR-00002955,MINT,60a799dc-b6b2-4dbb-becb-fa3a10a47ad0,DIREKT,1.0,2021-05-03,,
VTR-00002956,MINT,b5dd5d4e-b047-4aeb-95f2-ec2848a34d87,DIREKT,1.0,2025-09-04,,
VTR-00002957,MINT,2371d989-a30f-4ad3-a2e4-23e17d755de2,MIGRATIONSLOG,1.0,2025-11-15,,migriert
VTR-00002958,MINT,2d3028a0-b2ef-4590-bd04-0b8bd1fcc642,DIREKT,1.0,2022-05-23,,
VTR-00002959,MINT,9ffe9304-fb0b-4f38-b459-6b4f66e72bd6,MIGRATIONSLOG,1.0,2025-11-15,,migriert
VTR-00002960,MINT,b4f339e1-7d34-440a-8989-939cabef1891,DIREKT,1.0,2025-03-23,,
VTR-00002961,MINT,75f85892-2862-4392-bb75-5b50b6d7b1cf,DIREKT,1.0,2022-02-28,,
VTR-00002962,MINT,04f93ad6-6a19-410d-afee-0e0196c5d172,MIGRATIONSLOG,1.0,2025-11-15,,migriert
VTR-00002963,MINT,06fe7194-5b80-43d7-a82f-ebb413ed0f0b,MIGRATIONSLOG,1.0,2025-11-15,,migriert
VTR-00002964,MINT,8bdce356-18d3-4f04-8910-94420a83df93,DIREKT,1.0,2024-09-01,,
VTR-00002965,MINT,599b8cdf-0c78-4ce1-b35a-9e82959819cd,DIREKT,1.0,2024-01-25,,
VTR-00002967,MINT,cd28a8a9-e79a-4ada-850c-d5bf24d18e89,MIGRATIONSLOG,1.0,2025-11-15,,migriert
VTR-00002968,MINT,f2172416-6237-4245-babe-3617cbd6598e,DIREKT,1.0,2020-11-29,,
VTR-00002969,MINT,d32df015-dcb5-407d-b929-1919fa566635,DIREKT,1.0,2025-10-01,,
VTR-00002970,MINT,9c916a85-fcea-40de-9636-0294bcc82b3e,MIGRATIONSLOG,1.0,2025-11-15,,migriert
VTR-00002971,MINT,2e018887-9957-45b3-951e-3f49ac7eb34d,MIGRATIONSLOG,1.0,2025-11-15,,migriert
VTR-00002972,MINT,0686647b-c346-4376-ae0e-9f47b7945666,MIGRATIONSLOG,1.0,2025-11-15,,migriert
VTR-00002973,MINT,3dca9725-16a0-46d8-b323-f174ec6e6b7b,DIREKT,1.0,2023-01-23,,
VTR-00002974,MINT,04082382-a6be-4e3a-8008-22f3996da1df,MIGRATIONSLOG,1.0,2025-11-15,,migriert
VTR-00002975,MINT,0aae08e2-ce97-4d85-989c-2465ee98e7c8,DIREKT,1.0,2025-02-13,,
VTR-00002976,MINT,99048533-2bad-44c8-ba14-fe4e7048e001,MIGRATIONSLOG,1.0,2025-11-15,,migriert
VTR-00002977,MINT,93167006-385e-433c-87a7-f28497327a66,DIREKT,1.0,2022-05-29,,
VTR-00002978,MINT,ee33f8a3-edbe-4f97-b8a7-50b4479a53ea,DIREKT,1.0,2023-03-13,,
VTR-00002979,MINT,4f53c177-d18b-4d59-9105-e01d8c78f22f,DIREKT,1.0,2020-07-17,,
VTR-00002980,MINT,1151f812-a9f0-4ea5-b856-4deed96529c1,DIREKT,1.0,2024-09-25,,
VTR-00002981,MINT,2a1d668d-479d-4a17-bf70-b243576a488e,MIGRATIONSLOG,1.0,2025-11-15,,migriert
VTR-00002982,MINT,00feb0cd-ee22-4295-81f7-a569c6254546,DIREKT,1.0,2025-09-08,,
VTR-00002983,MINT,cb9ab949-e20d-4023-986a-69d7641287bb,DIREKT,1.0,2020-08-30,,
VTR-00002984,MINT,48cc10a6-2736-48dc-ace8-4a4d059b7de0,MIGRATIONSLOG,1.0,2025-11-15,,migriert
VTR-00002985,MINT,8891607b-4847-480c-89c7-e864e083ac98,DIREKT,1.0,2025-11-15,,
VTR-00002986,MINT,e2948528-4665-4a67-8d29-87abbb18dcc4,DIREKT,1.0,2023-02-15,,
VTR-00002987,MINT,949ecc5b-3819-4525-b7c5-c1cde2078031,MIGRATIONSLOG,1.0,2025-11-15,,migriert
VTR-00002988,MINT,dce440a5-39f5-4e0d-abb3-ad2d0883de02,MIGRATIONSLOG,1.0,2025-11-15,,migriert
VTR-00002989,MINT,681bded4-bdc8-4add-a2e5-7035225a907d,DIREKT,1.0,2024-04-26,,
VTR-00002990,MINT,9c4deee6-2a04-4344-b2a7-9f69bf318bc1,DIREKT,1.0,2024-07-25,,
VTR-00002991,MINT,ffaa7a26-908f-4499-b45f-15b94b303be2,DIREKT,1.0,2025-10-28,,
VTR-00002992,MINT,b10eaa10-621a-4782-aa9b-90983e0e5726,MIGRATIONSLOG,1.0,2025-11-15,,migriert
VTR-00002993,MINT,d992627d-2dd7-4cc6-a177-1a404d0205be,DIREKT,1.0,2025-11-14,,
VTR-00002994,MINT,26c7a283-5a90-4698-b3fb-9be87e3b106a,MIGRATIONSLOG,1.0,2025-11-15,,migriert
VTR-00002995,MINT,14a700fc-ad92-4165-93a7-c543ce6752e5,MIGRATIONSLOG,1.0,2025-11-15,,migriert
VTR-00002996,MINT,4927a71d-454d-46b0-9b69-8dbfe3c3dd90,DIREKT,1.0,2022-04-28,,
VTR-00002997,MINT,5fe90741-0970-4830-a1e2-196a4a1c1bc5,DIREKT,1.0,2021-12-02,,
VTR-00002998,MINT,423cbf32-9196-4d5c-a1be-a4e4593ea8c8,MIGRATIONSLOG,1.0,2025-11-15,,migriert
VTR-00002999,MINT,3113b317-101b-43ce-a5e0-1f10967e1139,MIGRATIONSLOG,1.0,2025-11-15,,migriert
VTR-00003000,MINT,3b0f9dcb-ff6b-40f4-bf41-bef7840164e5,DIREKT,1.0,2022-09-18,,
VTR-00003001,MINT,7e35b5f6-ba32-4b11-a0be-254b9ee8bf84,MIGRATIONSLOG,1.0,2025-11-15,,migriert
VTR-00003002,MINT,bde9b23c-b2e4-4cdc-8a9b-3179e14f5d45,MIGRATIONSLOG,1.0,2025-11-15,,migriert
VTR-00003003,MINT,217996f0-c9d6-40fd-bfa9-81dc18c979cb,MIGRATIONSLOG,1.0,2025-11-15,,migriert
VTR-00003004,MINT,f357f18a-6a26-4568-bf0f-8ff2b35b33fb,MIGRATIONSLOG,1.0,2025-11-15,,migriert
VTR-00003005,MINT,a192b550-d128-4b1f-9873-4d0cd499eb68,MIGRATIONSLOG,1.0,2025-11-15,,migriert
VTR-00003006,MINT,6e6508b7-7b8f-4312-9c7f-adfd6f582707,DIREKT,1.0,2025-09-23,,
VTR-00003007,MINT,8056eec2-fa3e-4f05-ae84-1b5f5284656e,MIGRATIONSLOG,1.0,2025-11-15,,migriert
VTR-00003008,MINT,a261d4e0-efb6-4731-871b-565732b8b6f1,MIGRATIONSLOG,1.0,2025-11-15,,migriert
VTR-00003009,MINT,b1ffb348-bb02-43b6-89a3-73c72d009f5f,DIREKT,1.0,2020-06-27,,
VTR-00003010,MINT,b9722b1e-9cd4-450b-a223-e0a3f88aaed3,MIGRATIONSLOG,1.0,2025-11-15,,migriert
VTR-00003013,MINT,1dac4598-5086-4f9b-b2fd-50c28444a011,MIGRATIONSLOG,1.0,2025-11-15,,migriert
VTR-00003014,MINT,b64f2a1f-3682-45c2-a77a-8073d73d830b,MIGRATIONSLOG,1.0,2025-11-15,,migriert
VTR-00003015,MINT,430257dd-6d76-45c1-a714-cc72fd6530da,DIREKT,1.0,2021-08-29,,
VTR-00003017,MINT,f8901d7d-4140-4cff-af2b-85f8829f2bd5,DIREKT,1.0,2020-06-27,,
VTR-00003018,MINT,d3c537eb-ba60-4cb3-a4b6-ace151b6e097,DIREKT,1.0,2025-11-06,,
VTR-00003019,MINT,cc3cddec-0ef7-43bf-b79e-373c2cb102ff,MIGRATIONSLOG,1.0,2025-11-15,,migriert
VTR-00003020,MINT,60ca98a9-5603-4ea1-89d9-eb5958566b8c,MIGRATIONSLOG,1.0,2025-11-15,,migriert
VTR-00003022,MINT,c6d18444-d55c-4e6b-8afc-9b164d9a8851,MIGRATIONSLOG,1.0,2025-11-15,,migriert
VTR-00003023,MINT,a52ec536-ce13-46bd-833f-4f03534a801e,MIGRATIONSLOG,1.0,2025-11-15,,migriert
VTR-00003024,MINT,3412cdfd-566c-4306-a35e-29fda698fbc5,MIGRATIONSLOG,1.0,2025-11-15,,migriert
VTR-00003025,MINT,26a577e8-d049-48d1-bb1b-16baf661c2bf,DIREKT,1.0,2021-03-30,,
VTR-00003026,MINT,00a729b6-7cf3-4229-b153-b12a5381d720,MIGRATIONSLOG,1.0,2025-11-15,,migriert
VTR-00003027,MINT,b967152f-18ad-49d8-a40f-b1bca4ce38d5,MIGRATIONSLOG,1.0,2025-11-15,,migriert
VTR-00003029,MINT,55730a85-aa99-4d3a-9ced-d3d50be9ce09,DIREKT,1.0,2023-09-14,,
VTR-00003031,MINT,a6c9c6bd-2b21-4dfb-b0a3-8ee647ecd04c,DIREKT,1.0,2020-09-24,,
VTR-00003032,MINT,26eacb69-17e5-41d9-bb0e-466d00f9e06b,DIREKT,1.0,2024-08-29,,
VTR-00003033,MINT,5bea3c3d-9901-4230-8543-7c626c637a71,MIGRATIONSLOG,1.0,2025-11-15,,migriert
VTR-00003034,MINT,dbd353d1-560a-484b-9f4d-ec9036074aa5,DIREKT,1.0,2020-11-22,,
VTR-00003035,MINT,f2fa66c2-7e5a-4d34-94e5-72a452f26be4,DIREKT,1.0,2024-05-10,,
VTR-00003038,MINT,8c081584-0c48-4050-a00f-90c365495ebd,MIGRATIONSLOG,1.0,2025-11-15,,migriert
VTR-00003039,MINT,8acc7a28-3630-4e36-b65f-97b9da41c91a,DIREKT,1.0,2021-06-08,,
VTR-00003040,MINT,4a032769-3578-4f8d-bf27-2a0e9a75dc52,MIGRATIONSLOG,1.0,2025-11-15,,migriert
VTR-00003041,MINT,97dd8413-98f6-4732-9fc6-9a85fe40f13e,DIREKT,1.0,2025-10-29,,
VTR-00003042,MINT,9f41163b-7b05-4226-9ea4-eff144057112,MIGRATIONSLOG,1.0,2025-11-15,,migriert
VTR-00003043,MINT,7e5329fa-4a58-444e-b34d-a2eb71f9e64c,MIGRATIONSLOG,1.0,2025-11-15,,migriert
VTR-00003044,MINT,99ef2bc6-1ebc-4039-b926-d8b50b7fa41f,DIREKT,1.0,2025-07-11,,
VTR-00003045,MINT,ab8c49bb-37e1-4075-8aaf-780fa0b35f25,MIGRATIONSLOG,1.0,2025-11-15,,migriert
VTR-00003046,MINT,c0cfd613-f067-4011-a08f-683bf4b83c37,DIREKT,1.0,2021-06-30,,
VTR-00003047,MINT,66eb3386-26d5-44b1-8442-e2b56b1f7e10,DIREKT,1.0,2023-10-27,,
VTR-00003048,MINT,9537b824-f2c6-4b09-b576-0abf206d45d3,DIREKT,1.0,2025-11-25,,
VTR-00003049,MINT,a5142204-b88b-4157-8c15-5205b52b7c3e,DIREKT,1.0,2023-02-19,,
VTR-00003050,MINT,ede770ee-608e-45f8-a229-8c478edf51d7,DIREKT,1.0,2023-12-22,,
VTR-00003051,MINT,656228ef-ba6e-4897-87c7-e10e0f9967ed,DIREKT,1.0,2025-11-23,,
VTR-00003053,MINT,c812c9de-29b7-4761-b2bd-d33f3a15787c,MIGRATIONSLOG,1.0,2025-11-15,,migriert
VTR-00003054,MINT,13a21de7-88dd-4f7d-888d-ccf1d18c977c,DIREKT,1.0,2020-07-11,,
VTR-00003055,MINT,ff2677d8-9d42-4ea4-bf23-9030f358c865,DIREKT,1.0,2021-10-11,,
VTR-00003056,MINT,5b659481-0d7b-441b-8794-4564b280724b,MIGRATIONSLOG,1.0,2025-11-15,,migriert
VTR-00003057,MINT,6c6ee75c-d530-4e6e-b06c-a3a3f20b2f34,MIGRATIONSLOG,1.0,2025-11-15,,migriert
VTR-00003058,MINT,a1faf8af-2c20-4339-a7aa-f5f274e70664,MIGRATIONSLOG,1.0,2025-11-15,,migriert
VTR-00003059,MINT,0f3ae8a9-bfdc-4a70-9122-6c692e5076ec,DIREKT,1.0,2023-10-15,,
VTR-00003060,MINT,337c71da-27f0-4732-8c32-e78234da956a,DIREKT,1.0,2024-01-30,,
VTR-00003061,MINT,20974f70-4c7d-4ed1-9dc7-d6e09a911a1c,MIGRATIONSLOG,1.0,2025-11-15,,migriert
VTR-00003062,MINT,fff3a1e8-33c7-4c99-a1bc-081188e18dbc,DIREKT,1.0,2024-03-06,,
VTR-00003063,MINT,1778546f-d08b-4bf8-8e02-595d6fcbe582,MIGRATIONSLOG,1.0,2025-11-15,,migriert
VTR-00003064,MINT,8efde008-90c5-42ae-9a1d-dc4ce41e42c3,DIREKT,1.0,2021-06-21,,
VTR-00003065,MINT,c99c1074-8b69-47fa-b0cb-8ef8fb4c8d37,DIREKT,1.0,2022-04-20,,
VTR-00003066,MINT,760281d2-8588-4d60-94c5-f1fa74a5113b,DIREKT,1.0,2024-07-09,,
VTR-00003067,MINT,3581cd2b-7e02-4dc8-813a-870cb847eb43,DIREKT,1.0,2021-12-07,,
VTR-00003068,MINT,dc636b76-7c85-4ce5-b890-9e616debdc71,DIREKT,1.0,2025-11-30,,
VTR-00003069,MINT,7b109a8c-e446-4bc7-9db4-3aeae2e643bb,DIREKT,1.0,2025-09-30,,
VTR-00003070,MINT,6b70a014-66fd-4b27-8b41-0ef195415a62,MIGRATIONSLOG,1.0,2025-11-15,,migriert
VTR-00003071,MINT,cb754a6f-7a31-4611-bcf5-4f768b0390af,MIGRATIONSLOG,1.0,2025-11-15,,migriert
VTR-00003072,MINT,e64b8b44-1757-4cc7-a2f6-342766c1f092,MIGRATIONSLOG,1.0,2025-11-15,,migriert
VTR-00003073,MINT,b7b25fee-c738-4b1f-920e-07d063a92231,MIGRATIONSLOG,1.0,2025-11-15,,migriert
VTR-00003074,MINT,72e5988f-eb4c-478c-9bb8-167f284f8707,MIGRATIONSLOG,1.0,2025-11-15,,migriert
VTR-00003075,MINT,120c3108-5386-4e81-aae2-dc6e224d331c,DIREKT,1.0,2024-07-27,,
VTR-00003076,MINT,e677eaf8-2352-4798-9c16-6973062aa797,DIREKT,1.0,2021-09-05,,
VTR-00003077,MINT,1fc2ca83-844a-4eae-9142-2fb3d5c1bbc8,MIGRATIONSLOG,1.0,2025-11-15,,migriert
VTR-00003078,MINT,9fe89231-f1ca-4c6a-b90e-b888252d76f5,DIREKT,1.0,2020-08-11,,
VTR-00003079,MINT,24b504f7-f2de-4f49-ae48-f2d67216bd3b,MIGRATIONSLOG,1.0,2025-11-15,,migriert
VTR-00003080,MINT,cd7e4a2e-2df3-4134-b70c-512db56bc567,DIREKT,1.0,2025-06-13,,
VTR-00003081,MINT,b134d073-5d0d-4358-8ba7-43695ab81099,DIREKT,1.0,2025-02-04,,
VTR-00003082,MINT,23d379a9-d437-4d25-8c39-30cd51a6a33a,MIGRATIONSLOG,1.0,2025-11-15,,migriert
VTR-00003083,MINT,26e19239-7d07-45e3-a56e-395d5fe0771b,DIREKT,1.0,2025-09-28,,
VTR-00003084,MINT,f777d196-8c38-4fec-932e-8b7096764acd,DIREKT,1.0,2025-10-14,,
VTR-00003085,MINT,3b56101c-0a76-4e7c-8de8-11d5aa1693d9,MIGRATIONSLOG,1.0,2025-11-15,,migriert
VTR-00003086,MINT,731d5921-e651-43a1-9827-56196516f983,MIGRATIONSLOG,1.0,2025-11-15,,migriert
VTR-00003087,MINT,7c526533-cfe6-4f8d-916f-fdf334cbecff,MIGRATIONSLOG,1.0,2025-11-15,,migriert
VTR-00003088,MINT,ad441cbe-1dc4-4ff4-a410-e1a547197f6d,DIREKT,1.0,2025-04-24,,
VTR-00003089,MINT,0e77d9ea-52c7-4dfa-8b0f-961a27d56629,DIREKT,1.0,2024-07-29,,
VTR-00003090,MINT,a491fd43-f071-40ea-baf2-b31e42c3a9eb,MIGRATIONSLOG,1.0,2025-11-15,,migriert
VTR-00003091,MINT,72fee3ec-2eb4-49d0-99d7-2ca7bb6d1151,DIREKT,1.0,2025-06-30,,
VTR-00003092,MINT,14e0bfdd-fa0c-47ec-a794-63069c7205f5,MIGRATIONSLOG,1.0,2025-11-15,,migriert
VTR-00003093,MINT,28f97967-cefc-489c-8550-1d048f2f9cb3,MIGRATIONSLOG,1.0,2025-11-15,,migriert
VTR-00003094,MINT,cb31f13c-e0ff-4dee-9a0b-d0119c47facb,MIGRATIONSLOG,1.0,2025-11-15,,migriert
VTR-00003095,MINT,cf307d5a-d2c3-40ce-bed8-d4f04136a2d0,MIGRATIONSLOG,1.0,2025-11-15,,migriert
VTR-00003096,MINT,d17fe2f5-817a-4eba-8395-f3e8543e98ca,MIGRATIONSLOG,1.0,2025-11-15,,migriert
VTR-00003098,MINT,c5ecca44-e91a-4f2d-bfd5-59a12d0ecca6,DIREKT,1.0,2020-08-05,,
VTR-00003099,MINT,614dafc9-3c93-412e-923c-5272e620b23d,DIREKT,1.0,2022-03-23,,
VTR-00003100,MINT,6f154599-bfd4-4d3e-a4e5-88d6c350a229,MIGRATIONSLOG,1.0,2025-11-15,,migriert
VTR-00003101,MINT,08da21be-65c0-40d4-828b-64af791aca97,MIGRATIONSLOG,1.0,2025-11-15,,migriert
VTR-00003102,MINT,c8f3046d-73c0-4b51-aab5-c38119e45219,MIGRATIONSLOG,1.0,2025-11-15,,migriert
VTR-00003103,MINT,44e0048b-f3b5-48ff-a3b5-308daa276005,MIGRATIONSLOG,1.0,2025-11-15,,migriert
VTR-00003104,MINT,2b595456-5191-4748-b2d7-e77497a170dd,MIGRATIONSLOG,1.0,2025-11-15,,migriert
VTR-00003105,MINT,35941de0-c5d4-4564-b445-d14e2a888d09,MIGRATIONSLOG,1.0,2025-11-15,,migriert
VTR-00003106,MINT,4e393254-dd32-4b95-8179-bab2b7360a63,MIGRATIONSLOG,1.0,2025-11-15,,migriert
VTR-00003107,MINT,4b8a9e66-70ff-4cb1-9d42-b68801dc8ebd,MIGRATIONSLOG,1.0,2025-11-15,,migriert
VTR-00003108,MINT,626efba4-efeb-4279-9c47-e558adf689cf,MIGRATIONSLOG,1.0,2025-11-15,,migriert
VTR-00003109,MINT,7b933f3b-beab-44ec-96e0-13f5655af431,MIGRATIONSLOG,1.0,2025-11-15,,migriert
VTR-00003110,MINT,974e9935-42b1-42ad-823d-b193c4fa5972,MIGRATIONSLOG,1.0,2025-11-15,,migriert
VTR-00003111,MINT,2f0d15d6-b023-44cd-8e28-b80a1dd5172b,MIGRATIONSLOG,1.0,2025-11-15,,migriert
VTR-00003112,MINT,2e2308c0-f86f-4e90-8781-a17c837caec5,MIGRATIONSLOG,1.0,2025-11-15,,migriert
VTR-00003113,MINT,b0f251d3-a0e7-4398-9455-68633cb17b4d,MIGRATIONSLOG,1.0,2025-11-15,,migriert
VTR-00003114,MINT,dee394b3-fd9b-48e8-bcdc-5991bab59d56,DIREKT,1.0,2025-11-10,,
VTR-00003115,MINT,5ee880e7-bf55-490b-9987-98ac37597a56,DIREKT,1.0,2022-07-08,,
VTR-00003116,MINT,68252ca6-3a88-4477-a758-956a5a795c07,DIREKT,1.0,2025-07-13,,
VTR-00003117,MINT,2402176b-bedf-4458-b69c-461a059c87e5,MIGRATIONSLOG,1.0,2025-11-15,,migriert
VTR-00003119,MINT,02879bfc-0119-4456-a985-02a148cf51ec,MIGRATIONSLOG,1.0,2025-11-15,,migriert
VTR-00003120,MINT,7f8a2654-29da-4b79-a802-9cd4bf94a21f,MIGRATIONSLOG,1.0,2025-11-15,,migriert
VTR-00003121,MINT,d41092c1-070e-4ad4-b69a-05977d81b6db,MIGRATIONSLOG,1.0,2025-11-15,,migriert
VTR-00003122,MINT,59d7483b-2963-4f0b-b40e-cb8bc05cb33b,DIREKT,1.0,2025-04-26,,
VTR-00003123,MINT,38214a4e-00d9-4707-8328-57b16daa4e5c,DIREKT,1.0,2025-10-11,,
VTR-00003124,MINT,c83c9c15-6b3b-4811-9244-af58ee050926,MIGRATIONSLOG,1.0,2025-11-15,,migriert
VTR-00003125,MINT,40282cc9-830a-4552-8948-f27cefaf857f,MIGRATIONSLOG,1.0,2025-11-15,,migriert
VTR-00003126,MINT,25818db2-4495-48b9-b3c7-d8d0e1fc2145,MIGRATIONSLOG,1.0,2025-11-15,,migriert
VTR-00003127,MINT,2e63976c-3be8-4f6e-aa52-fcb214b755f7,MIGRATIONSLOG,1.0,2025-11-15,,migriert
VTR-00003128,MINT,1d01d032-4f01-4b6e-a9e9-671932e97cb5,DIREKT,1.0,2025-06-17,,
VTR-00003129,MINT,79358059-6ca3-4031-b17a-0bb4b066e349,DIREKT,1.0,2025-10-24,,
VTR-00003130,MINT,f979a1c3-a981-41d0-96ad-bfc8a42f962f,DIREKT,1.0,2025-05-09,,
VTR-00003131,MINT,41bb3124-e7d7-4f88-b93c-4e6237aea9a0,MIGRATIONSLOG,1.0,2025-11-15,,migriert
VTR-00003132,MINT,2bd5fcc5-92d5-409e-b17c-230666a9a69e,MIGRATIONSLOG,1.0,2025-11-15,,migriert
VTR-00003133,MINT,7dae21dd-617f-4484-8a68-e0089ea556ff,MIGRATIONSLOG,1.0,2025-11-15,,migriert
VTR-00003134,MINT,aae3ba5b-c701-43e3-9603-f5d77dc5407f,DIREKT,1.0,2025-11-27,,
VTR-00003135,MINT,bed52e74-2f3e-4d42-b821-67f7e345ebd9,MIGRATIONSLOG,1.0,2025-11-15,,migriert
VTR-00003136,MINT,647c3dc5-da38-4db4-9439-9f14583b29c7,DIREKT,1.0,2025-04-20,,
VTR-00003137,MINT,034fa9bb-5fca-41b8-b5be-ff1ad50e769b,MIGRATIONSLOG,1.0,2025-11-15,,migriert
VTR-00003138,MINT,71bcd01c-c6f8-4140-899b-d52a06058374,DIREKT,1.0,2025-06-26,,
VTR-00003139,MINT,a6185485-c3db-4b3b-a044-f9d754dadb81,MIGRATIONSLOG,1.0,2025-11-15,,migriert
VTR-00003140,MINT,d76e3dc1-a2bd-4ae9-b2d6-ee2704f30673,MIGRATIONSLOG,1.0,2025-11-15,,migriert
VTR-00003142,MINT,22623b7b-1bea-4239-8ad1-1653b789cdca,MIGRATIONSLOG,1.0,2025-11-15,,migriert
VTR-00003143,MINT,e0d87c9a-d22f-4415-b7b1-e7585afba7e5,MIGRATIONSLOG,1.0,2025-11-15,,migriert
VTR-00003144,MINT,072ff025-89a4-4a61-8af9-80eec8b6308f,DIREKT,1.0,2025-10-06,,
VTR-00003145,MINT,c84aef24-dc1b-41ff-b1bd-bccabe5417ae,MIGRATIONSLOG,1.0,2025-11-15,,migriert
VTR-00003146,MINT,d5f7a112-1f7c-40f4-ba57-e35344452968,DIREKT,1.0,2025-05-29,,
VTR-00003147,MINT,f4c10e05-7ac1-448d-9609-8edce0c01827,MIGRATIONSLOG,1.0,2025-11-15,,migriert
VTR-00003148,MINT,aa6b49e7-947b-4545-9944-e4ff09ac20fe,DIREKT,1.0,2025-08-24,,
VTR-00003150,MINT,d2f57e02-30a4-4c2d-92bf-285caf436ece,DIREKT,1.0,2025-11-11,,
VTR-00003151,MINT,de843073-35ce-4423-b806-612d549d2d61,DIREKT,1.0,2025-06-30,,
VTR-00003152,MINT,86a24f82-b58f-40da-b871-e37fe697c686,DIREKT,1.0,2025-07-09,,
VTR-00003153,MINT,7025a1fb-37f5-4aed-b59e-0713b582cce8,MIGRATIONSLOG,1.0,2025-11-15,,migriert
VTR-00003154,MINT,32cf8479-c47d-48db-8463-00365497c516,MIGRATIONSLOG,1.0,2025-11-15,,migriert
VTR-00003155,MINT,57a96f6d-eb87-499b-bcf1-d852e8c11124,MIGRATIONSLOG,1.0,2025-11-15,,migriert
VTR-00003156,MINT,1b1baad0-e9bf-44a5-99b3-ede21971fe55,MIGRATIONSLOG,1.0,2025-11-15,,migriert
VTR-00003157,MINT,cf04ffaf-f1a3-4188-8c0b-f0cf7fbe4ecb,MIGRATIONSLOG,1.0,2025-11-15,,migriert
VTR-00003158,MINT,ed5b8cc7-21d2-4470-82d6-ac87821214ed,MIGRATIONSLOG,1.0,2025-11-15,,migriert
VTR-00003159,MINT,4fa84069-ebb4-44fd-8624-2308a3c3f91b,MIGRATIONSLOG,1.0,2025-11-15,,migriert
VTR-00003160,MINT,df32ecbd-6807-41e3-89b7-0f284f4586ad,DIREKT,1.0,2025-05-26,,
VTR-00003161,MINT,bdab96b2-f911-4541-9b73-bf2da1df030a,MIGRATIONSLOG,1.0,2025-11-15,,migriert
VTR-00003162,MINT,0027f109-cd17-4662-add7-88a8f63d9d9a,MIGRATIONSLOG,1.0,2025-11-15,,migriert
VTR-00003163,MINT,40a99e23-1f96-4f26-b802-1b20bb1671d4,MIGRATIONSLOG,1.0,2025-11-15,,migriert
VTR-00003164,MINT,97f7852b-e402-45d8-a7d0-3e737ccbdc6f,MIGRATIONSLOG,1.0,2025-11-15,,migriert
VTR-00003166,MINT,b3ce79ba-88b7-4435-9736-3e864796fc15,DIREKT,1.0,2025-09-24,,
VTR-00003168,MINT,78f4ebd3-879f-4fdd-a15b-70cef48c29c9,MIGRATIONSLOG,1.0,2025-11-15,,migriert
VTR-00003169,MINT,46350f99-c0c6-4366-bb4e-1ec18a1f5f5e,DIREKT,1.0,2025-11-11,,
VTR-00003170,MINT,1fbb381a-edc3-49ce-87c1-287119e75de5,MIGRATIONSLOG,1.0,2025-11-15,,migriert
VTR-00003171,MINT,bf49523f-0eea-40b4-8f2c-aa3cea356437,MIGRATIONSLOG,1.0,2025-11-15,,migriert
VTR-00003172,MINT,6166bd6d-90d4-48f0-b551-c00ea159e6c1,MIGRATIONSLOG,1.0,2025-11-15,,migriert
VTR-00003173,MINT,ecbc54ac-0782-4ce5-bb94-450d2ae3241f,MIGRATIONSLOG,1.0,2025-11-15,,migriert
VTR-00003174,MINT,d86063c5-bcbc-449d-95f1-44b56bd257b7,MIGRATIONSLOG,1.0,2025-11-15,,migriert
VTR-00003175,MINT,987ea2e3-a417-4359-828d-50d529cf9366,MIGRATIONSLOG,1.0,2025-11-15,,migriert
VTR-00003176,MINT,e3c4f62e-327a-457d-aa10-dd5d713cdecc,MIGRATIONSLOG,1.0,2025-11-15,,migriert
VTR-00003177,MINT,0a667e4b-2d0d-4a52-bc5c-6dd8f4aac2bd,MIGRATIONSLOG,1.0,2025-11-15,,migriert
VTR-00003178,MINT,53fbb8f7-06bc-4cc5-b869-631bb0c2165a,MIGRATIONSLOG,1.0,2025-11-15,,migriert
VTR-00003179,MINT,a658fe47-2f49-4af9-b6e0-bfbefa5e31dd,MIGRATIONSLOG,1.0,2025-11-15,,migriert
VTR-00003180,MINT,30ed54ac-b65e-401e-b32a-955bcf33f192,MIGRATIONSLOG,1.0,2025-11-15,,migriert
VTR-00003181,MINT,8c85212e-452a-4b9a-b00f-c37a31405445,MIGRATIONSLOG,1.0,2025-11-15,,migriert
VTR-00003182,MINT,28c4d8ee-e1a3-4a01-94a7-4b219804300b,MIGRATIONSLOG,1.0,2025-11-15,,migriert
VTR-00003183,MINT,b79bd051-cc8d-4db2-80da-c82c66aaf3a8,MIGRATIONSLOG,1.0,2025-11-15,,migriert
VTR-00003184,MINT,cb57a3ac-88a3-4657-b058-d0f68023e5b8,MIGRATIONSLOG,1.0,2025-11-15,,migriert
VTR-00003185,MINT,fafa9e14-9d59-4bf6-8ba9-3c752ad4d524,MIGRATIONSLOG,1.0,2025-11-15,,migriert
VTR-00003186,MINT,06221f4f-3042-4093-ad6f-462c6b6adfda,MIGRATIONSLOG,1.0,2025-11-15,,migriert
VTR-00003187,MINT,33e0f591-8abc-49ee-882e-75ef61f9003e,MIGRATIONSLOG,1.0,2025-11-15,,migriert
VTR-00003188,MINT,6b066d23-72b8-4218-8bdb-b2d6e4a74240,DIREKT,1.0,2025-10-25,,
VTR-00003189,MINT,e408fede-bb65-45f1-8e5d-e0a1cde916d9,MIGRATIONSLOG,1.0,2025-11-15,,migriert
VTR-00003190,MINT,d721a4f9-7725-463a-8685-8dc52f869682,MIGRATIONSLOG,1.0,2025-11-15,,migriert
VTR-00003191,MINT,133df2fc-143c-4572-87c9-65adf521fd15,DIREKT,1.0,2025-04-13,,
VTR-00003192,MINT,c3d31b48-551e-4572-9f56-0078cc35929f,MIGRATIONSLOG,1.0,2025-11-15,,migriert
VTR-00003193,MINT,11edddf6-e69f-44ae-9335-fb93e17162bd,MIGRATIONSLOG,1.0,2025-11-15,,migriert
VTR-00003194,MINT,56ca2c59-2d55-446f-a480-634fd491dc61,MIGRATIONSLOG,1.0,2025-11-15,,migriert
VTR-00003195,MINT,7b929001-8d24-4702-ac17-1c55fa605fdf,MIGRATIONSLOG,1.0,2025-11-15,,migriert
VTR-00003196,MINT,da9a792c-a44e-4d25-95d9-d09dc94c91e1,MIGRATIONSLOG,1.0,2025-11-15,,migriert
VTR-00003197,MINT,7ac05251-b577-4395-bfe0-6e65b8585b4f,MIGRATIONSLOG,1.0,2025-11-15,,migriert
VTR-00003199,MINT,a132b3b2-501c-42f7-8c2a-aa6ea372e869,MIGRATIONSLOG,1.0,2025-11-15,,migriert
VTR-00003200,MINT,f2c06610-2b1d-4228-8edd-18433bc79158,MIGRATIONSLOG,1.0,2025-11-15,,migriert
VTR-00003201,MINT,458f328a-590d-4c3b-9f08-11abff6c68ab,MIGRATIONSLOG,1.0,2025-11-15,,migriert
VTR-00003202,MINT,4a25b237-6277-4a0a-87f1-862ce11a924d,MIGRATIONSLOG,1.0,2025-11-15,,migriert
VTR-00003204,MINT,ce4604a2-b78c-4083-98c7-b323eff9c58f,MIGRATIONSLOG,1.0,2025-11-15,,migriert
VTR-00003205,MINT,fb2e7c2d-a61c-410c-9224-ff76913baa77,MIGRATIONSLOG,1.0,2025-11-15,,migriert
VTR-00003206,MINT,de0acc2e-1f1a-40d0-b1a6-ea0153e77c4d,MIGRATIONSLOG,1.0,2025-11-15,,migriert
VTR-00003207,MINT,69379aab-7405-43c7-b436-137bb81da5eb,MIGRATIONSLOG,1.0,2025-11-15,,migriert
VTR-00003208,MINT,d37467f5-2992-4195-b6b7-7fb0cb3b65a3,MIGRATIONSLOG,1.0,2025-11-15,,migriert
VTR-00003209,MINT,bba17795-91af-40bf-82f8-5b02d96e8b4b,DIREKT,1.0,2025-10-12,,
VTR-00003210,MINT,f9969220-804c-4072-ae14-9b3c29bafb0b,MIGRATIONSLOG,1.0,2025-11-15,,migriert
VTR-00003211,MINT,45003e8b-b8db-4366-9a23-d2beb4a2b600,MIGRATIONSLOG,1.0,2025-11-15,,migriert
VTR-00003212,MINT,95f3e45f-0f39-4e9b-9d16-bf1374b99137,MIGRATIONSLOG,1.0,2025-11-15,,migriert
VTR-00003213,MINT,6cdadde2-98d1-42c5-a246-4224b8f6de12,DIREKT,1.0,2025-10-29,,
VTR-00003214,MINT,ce8cf15d-4845-4e5c-9a09-baeeda055347,MIGRATIONSLOG,1.0,2025-11-15,,migriert
VTR-00003215,MINT,1a01a864-8bc7-4be2-973d-1a7f42b5398f,DIREKT,1.0,2025-07-31,,
VTR-00003216,MINT,946d2512-929e-479b-bac4-2885cc9ce1e0,MIGRATIONSLOG,1.0,2025-11-15,,migriert
VTR-00003217,MINT,e77f3168-b22b-4eb9-a2f4-6e1a158b23ea,MIGRATIONSLOG,1.0,2025-11-15,,migriert
VTR-00003218,MINT,7a1ef789-8ce9-4200-8f6e-a868fee43780,DIREKT,1.0,2024-12-27,,
VTR-00003219,MINT,f5353245-1a2a-483b-b954-20a2f1666168,MIGRATIONSLOG,1.0,2025-11-15,,migriert
VTR-00003220,MINT,23063412-b530-454f-9496-b8d38915318a,MIGRATIONSLOG,1.0,2025-11-15,,migriert
VTR-00003221,MINT,fd0b62cf-8ae9-4446-9de1-d5474b0c0ea3,MIGRATIONSLOG,1.0,2025-11-15,,migriert
VTR-00003222,MINT,1927035f-8af3-4d4a-ad08-bf18db66a4f0,DIREKT,1.0,2024-11-27,,
VTR-00003223,MINT,394c06ec-a402-4134-86e8-603f79191e03,DIREKT,1.0,2025-06-06,,
VTR-00003224,MINT,cb6b9e03-49c6-4d3a-9eaf-075c8891730e,MIGRATIONSLOG,1.0,2025-11-15,,migriert
VTR-00003225,MINT,83a38037-9f07-4612-be3f-fcf3a149c7b2,DIREKT,1.0,2025-07-26,,
VTR-00003226,MINT,7a1475da-1f07-4c42-9237-0c1b2696b4ba,MIGRATIONSLOG,1.0,2025-11-15,,migriert
VTR-00003227,MINT,2d3e3137-f47f-4a3b-b985-d32f94a8bf4f,MIGRATIONSLOG,1.0,2025-11-15,,migriert
VTR-00003228,MINT,713afcec-5dc7-4295-b951-b9e48414768e,MIGRATIONSLOG,1.0,2025-11-15,,migriert
VTR-00003230,MINT,79dffe2f-3bff-4906-ba41-61a0210f79a8,MIGRATIONSLOG,1.0,2025-11-15,,migriert
VTR-00003231,MINT,fe4959d3-2863-4320-b0c4-114f5303f7f1,MIGRATIONSLOG,1.0,2025-11-15,,migriert
VTR-00003232,MINT,96f9eb25-fcbc-4e81-8dc9-d17c8ae70611,MIGRATIONSLOG,1.0,2025-11-15,,migriert
VTR-00003233,MINT,ee2fc3dd-d9da-4f17-8d0a-21a9006b5a88,DIREKT,1.0,2024-12-01,,
VTR-00003234,MINT,ccb8060d-04d8-4afc-972a-f12497181246,MIGRATIONSLOG,1.0,2025-11-15,,migriert
VTR-00003235,MINT,73b1d68c-6343-4e58-a313-0b39a4846e9e,MIGRATIONSLOG,1.0,2025-11-15,,migriert
VTR-00003236,MINT,7a49aa52-97fd-47c2-92e1-788d94c181e6,MIGRATIONSLOG,1.0,2025-11-15,,migriert
VTR-00003237,MINT,cb84c7ed-1441-4b98-a148-aa9d4559d385,MIGRATIONSLOG,1.0,2025-11-15,,migriert
VTR-00003238,MINT,f1aa7bf6-3107-4b1d-844f-6583cfbaab7f,MIGRATIONSLOG,1.0,2025-11-15,,migriert
VTR-00003239,MINT,1a557116-a9e8-40c9-841e-2487a1876585,DIREKT,1.0,2025-10-31,,
VTR-00003240,MINT,9b892b97-643e-4cca-8fe2-0c41d950fb7d,MIGRATIONSLOG,1.0,2025-11-15,,migriert
VTR-00003241,MINT,b515de5b-b4d2-4bdb-ad22-232b87f05321,MIGRATIONSLOG,1.0,2025-11-15,,migriert
VTR-00003242,MINT,913c9b24-d0bc-41ea-a9c7-fd9f19c4b3b1,MIGRATIONSLOG,1.0,2025-11-15,,migriert
VTR-00003243,MINT,96d7d561-952e-4eee-8f10-f5460f518ea9,DIREKT,1.0,2025-07-01,,
VTR-00003244,MINT,5a1ed02a-057e-4708-a0b6-8ed460d406e2,MIGRATIONSLOG,1.0,2025-11-15,,migriert
VTR-00003245,MINT,65eea42a-1219-415f-9206-3d1230e706e1,MIGRATIONSLOG,1.0,2025-11-15,,migriert
VTR-00003246,MINT,53a45fa3-f4c9-4c51-abb6-0fea51fe92cb,MIGRATIONSLOG,1.0,2025-11-15,,migriert
VTR-00003247,MINT,0abe3470-91a9-4a48-895a-140b48e00db0,MIGRATIONSLOG,1.0,2025-11-15,,migriert
VTR-00003248,MINT,98b8834f-d255-4c34-9fde-a403c8d5d218,MIGRATIONSLOG,1.0,2025-11-15,,migriert
VTR-00003249,MINT,ea5a2ce0-4da7-45ae-8118-a5703663c992,MIGRATIONSLOG,1.0,2025-11-15,,migriert
VTR-00003250,MINT,dd91ffbb-d535-45af-8b27-fcb8dbdcd5af,MIGRATIONSLOG,1.0,2025-11-15,,migriert
VTR-00003251,MINT,575ea9a3-d2ba-403c-8666-92baa6cc3c3d,MIGRATIONSLOG,1.0,2025-11-15,,migriert
VTR-00003252,MINT,10c625e5-0cb1-4d0c-9a95-169611cca9ce,DIREKT,1.0,2025-11-16,,
VTR-00003254,MINT,003f17dc-57a4-4323-872e-988d8dde910b,MIGRATIONSLOG,1.0,2025-11-15,,migriert
VTR-00003255,MINT,ec4276b6-0787-4b19-a0e5-8327e187e120,MIGRATIONSLOG,1.0,2025-11-15,,migriert
VTR-00003256,MINT,a0e2cb56-3572-4d43-86dd-064ed110c210,MIGRATIONSLOG,1.0,2025-11-15,,migriert
VTR-00003257,MINT,a306e371-6fea-4d0f-ae93-6f24a746685a,MIGRATIONSLOG,1.0,2025-11-15,,migriert
VTR-00003258,MINT,5c45f183-72e4-40f3-ae55-0e2f4d490c5f,MIGRATIONSLOG,1.0,2025-11-15,,migriert
VTR-00003259,MINT,dc055f07-f0c7-4438-b570-d8106f42e7e9,MIGRATIONSLOG,1.0,2025-11-15,,migriert
VTR-00003260,MINT,46f12781-95c6-42a7-b064-95134ae0dc94,MIGRATIONSLOG,1.0,2025-11-15,,migriert
VTR-00003261,MINT,5dc3ef35-e54f-455a-a4aa-d00a67c4f99a,MIGRATIONSLOG,1.0,2025-11-15,,migriert
VTR-00003262,MINT,b16962a2-dae0-47e1-9a92-1d9f7e42aa40,MIGRATIONSLOG,1.0,2025-11-15,,migriert
VTR-00003263,MINT,060f5eef-208e-4291-a2a2-e071ec0e635e,MIGRATIONSLOG,1.0,2025-11-15,,migriert
VTR-00003264,MINT,c344408c-2f10-4a54-a9da-45fc65c0ceb8,MIGRATIONSLOG,1.0,2025-11-15,,migriert
VTR-00003265,MINT,4bca259e-98db-40e1-b3b2-73cb214a478b,MIGRATIONSLOG,1.0,2025-11-15,,migriert
VTR-00003266,MINT,9fcb2e63-623f-49f8-80ab-59126f64a439,DIREKT,1.0,2025-05-03,,
VTR-00003269,MINT,469b9b26-8aca-4e1b-aea5-bf51f7abaf4d,MIGRATIONSLOG,1.0,2025-11-15,,migriert
VTR-00003270,MINT,46093930-f68f-4c26-b95e-5e712a2b3e1b,MIGRATIONSLOG,1.0,2025-11-15,,migriert
VTR-00003271,MINT,a49208a2-5f0f-41c2-a5a1-775c9bff422b,MIGRATIONSLOG,1.0,2025-11-15,,migriert
VTR-00003272,MINT,a8b24529-21b2-438c-8878-6ab7a4ca47f7,MIGRATIONSLOG,1.0,2025-11-15,,migriert
VTR-00003273,MINT,2cac3684-9d29-47c9-8f13-8ebfaae424dc,MIGRATIONSLOG,1.0,2025-11-15,,migriert
VTR-00003274,MINT,9d38999b-f706-4fc0-924a-310db1e2cac1,MIGRATIONSLOG,1.0,2025-11-15,,migriert
VTR-00003275,MINT,df6284bc-196f-4620-bd4c-63f0db2c8011,DIREKT,1.0,2025-06-26,,
VTR-00003276,MINT,60c3bf20-e1f8-4932-9589-f11421840617,MIGRATIONSLOG,1.0,2025-11-15,,migriert
VTR-00003277,MINT,d03389fe-249d-47d2-ad60-382d01219690,MIGRATIONSLOG,1.0,2025-11-15,,migriert
VTR-00003278,MINT,0d98f627-81b2-49bc-9a0b-7a422093a256,MIGRATIONSLOG,1.0,2025-11-15,,migriert
VTR-00003279,MINT,2d217115-60af-4138-a03c-ea9268a9b42b,MIGRATIONSLOG,1.0,2025-11-15,,migriert
VTR-00003280,MINT,b869e55f-e56d-4eec-b438-2a77f5868d28,MIGRATIONSLOG,1.0,2025-11-15,,migriert
VTR-00003281,MINT,d19aa0c4-97fd-44e9-8656-558309bbe0e6,MIGRATIONSLOG,1.0,2025-11-15,,migriert
VTR-00003282,MINT,1b2aa080-68db-4632-bf90-313d9471b59c,DIREKT,1.0,2025-07-23,,
VTR-00003284,MINT,8a2b9b2b-2559-4dbd-9607-e7fd6df2858d,MIGRATIONSLOG,1.0,2025-11-15,,migriert
VTR-00003285,MINT,7789b6c9-3425-475f-8b97-b99ca7d2cb2a,DIREKT,1.0,2025-03-30,,
VTR-00003286,MINT,57415c7f-5eab-4549-b8cc-22c9b7e74e93,MIGRATIONSLOG,1.0,2025-11-15,,migriert
VTR-00003287,MINT,c1b5d838-2796-490e-8501-d2e148e22f34,MIGRATIONSLOG,1.0,2025-11-15,,migriert
VTR-00003288,MINT,734ca7be-b467-4675-82f5-c837ddacf201,MIGRATIONSLOG,1.0,2025-11-15,,migriert
VTR-00003289,MINT,9c46ce99-7ae5-48a2-8a23-c7f5afd0e438,MIGRATIONSLOG,1.0,2025-11-15,,migriert
VTR-00003290,MINT,afa6509f-13f9-45b1-a5c2-b116b34c9474,MIGRATIONSLOG,1.0,2025-11-15,,migriert
VTR-00003291,MINT,2e23ab2b-8ade-494b-9807-257bd897e3df,MIGRATIONSLOG,1.0,2025-11-15,,migriert
VTR-00003292,MINT,5cba09ad-8f4e-4999-9e5b-b901bfc52225,MIGRATIONSLOG,1.0,2025-11-15,,migriert
VTR-00003294,MINT,1f4e2316-f661-4a8d-aabe-f07b3469932e,MIGRATIONSLOG,1.0,2025-11-15,,migriert
VTR-00003295,MINT,4130defb-80a9-44c3-b35c-db217f858b83,MIGRATIONSLOG,1.0,2025-11-15,,migriert
VTR-00003296,MINT,243814a1-bab4-45d7-9bcf-9c1b21355ba5,MIGRATIONSLOG,1.0,2025-11-15,,migriert
VTR-00003299,MINT,72390b48-7058-4d28-98fe-ca27e219a126,DIREKT,1.0,2025-06-11,,
VTR-00003300,MINT,af056859-d780-4da0-a1d3-2b1472170164,MIGRATIONSLOG,1.0,2025-11-15,,migriert
VTR-00003301,MINT,1fa3ea84-d426-41ff-98bf-3e614a43dc17,MIGRATIONSLOG,1.0,2025-11-15,,migriert
VTR-00003302,MINT,bf2c4adf-f683-4d3c-95db-aa119baea780,DIREKT,1.0,2025-04-18,,
VTR-00003303,MINT,cd77602d-4619-4158-a6c9-2a199df9f131,MIGRATIONSLOG,1.0,2025-11-15,,migriert
VTR-00003304,MINT,9a114b81-1855-4250-9be2-9f36da831a0e,MIGRATIONSLOG,1.0,2025-11-15,,migriert
VTR-00003305,MINT,9cd8131f-52f4-45ad-b2a4-a29a058ba4ab,MIGRATIONSLOG,1.0,2025-11-15,,migriert
VTR-00003306,MINT,e058c8aa-5183-4e81-8ac4-99340b8f4fec,DIREKT,1.0,2025-04-23,,
VTR-00003307,MINT,42616dbb-795e-4d80-9e3d-d8450bad3743,MIGRATIONSLOG,1.0,2025-11-15,,migriert
VTR-00003308,MINT,e93c1c87-6c84-43a1-baee-9492f81a16e1,MIGRATIONSLOG,1.0,2025-11-15,,migriert
VTR-00003309,MINT,a388ecf8-1622-4e42-867a-cde91c5756e2,MIGRATIONSLOG,1.0,2025-11-15,,migriert
VTR-00003310,MINT,72a72d38-26d8-46b0-a99d-1ede2f967ef3,MIGRATIONSLOG,1.0,2025-11-15,,migriert
VTR-00003311,MINT,88792696-38fe-42f1-9829-1c08a217a928,MIGRATIONSLOG,1.0,2025-11-15,,migriert
VTR-00003312,MINT,8f576399-2028-431c-8eff-88ec63b77d18,MIGRATIONSLOG,1.0,2025-11-15,,migriert
VTR-00003313,MINT,146c226c-20a5-4edc-a555-70ab44e0131f,MIGRATIONSLOG,1.0,2025-11-15,,migriert
VTR-00003314,MINT,d8ab061f-b5a2-4e25-89d1-238c226d8aaf,MIGRATIONSLOG,1.0,2025-11-15,,migriert
VTR-00003316,MINT,59ebfd17-13c3-443f-8ae2-766697495e3b,MIGRATIONSLOG,1.0,2025-11-15,,migriert
VTR-00003317,MINT,7843405c-47f2-4df5-a6fb-46cf3a36ca17,MIGRATIONSLOG,1.0,2025-11-15,,migriert
VTR-00003318,MINT,396fd00f-7903-443b-bcb4-3f22ea9d8406,MIGRATIONSLOG,1.0,2025-11-15,,migriert
VTR-00003319,MINT,eea1e828-9f9e-4b4f-99f3-710c45d8454c,MIGRATIONSLOG,1.0,2025-11-15,,migriert
VTR-00003320,MINT,ba55dbb7-d74e-43c4-b7d2-e8517bea6631,MIGRATIONSLOG,1.0,2025-11-15,,migriert
VTR-00003321,MINT,367c4f67-6f98-4ce2-ab08-d07ab3675e5b,DIREKT,1.0,2025-08-10,,
VTR-00003322,MINT,7ec6ceda-fe01-4619-8ee5-f99d2c89f9a2,MIGRATIONSLOG,1.0,2025-11-15,,migriert
VTR-00003323,MINT,7ee76c76-7a11-4410-95e6-6d661aeaf63c,MIGRATIONSLOG,1.0,2025-11-15,,migriert
VTR-00003324,MINT,05b06d47-87a1-4dd7-bbd1-013621503e2e,DIREKT,1.0,2025-10-02,,
VTR-00003325,MINT,b54c196f-75c7-4471-b523-9d3103bc6730,DIREKT,1.0,2025-09-08,,
VTR-00003326,MINT,0aabb50a-a00f-4e3e-8db2-8b7cc7d331f2,MIGRATIONSLOG,1.0,2025-11-15,,migriert
VTR-00003327,MINT,a1eb44fd-47c2-4ac0-b27c-1339b5b21dcd,MIGRATIONSLOG,1.0,2025-11-15,,migriert
VTR-00003328,MINT,f6ddbe3b-0412-461e-9171-52d2f477a46a,MIGRATIONSLOG,1.0,2025-11-15,,migriert
VTR-00003329,MINT,c846dfda-117e-4fff-a5eb-698e98334b65,MIGRATIONSLOG,1.0,2025-11-15,,migriert
VTR-00003330,MINT,74913d8c-5993-4637-962a-75eb6a3b79c6,MIGRATIONSLOG,1.0,2025-11-15,,migriert
VTR-00003333,MINT,6dfdcf07-dabc-4cb0-8a6c-2458a14b5b54,MIGRATIONSLOG,1.0,2025-11-15,,migriert
VTR-00003334,MINT,316e5df4-de62-49a7-8ac6-03d706394632,DIREKT,1.0,2025-07-14,,
VTR-00003335,MINT,f3899768-6fa5-4d5d-a2f3-bae114e6311b,MIGRATIONSLOG,1.0,2025-11-15,,migriert
VTR-00003336,MINT,97567500-3126-43bb-a02a-cb656703bae4,MIGRATIONSLOG,1.0,2025-11-15,,migriert
VTR-00003337,MINT,8d7b1ee8-855b-4ab4-b42d-7aabf73fc38d,DIREKT,1.0,2025-06-23,,
VTR-00003338,MINT,b7786ce9-3df6-4bd4-b986-204a7205a8ba,DIREKT,1.0,2025-10-18,,
VTR-00003339,MINT,776e4fe7-01ec-4880-a5e9-e7dd06e69f92,DIREKT,1.0,2025-08-16,,
VTR-00003340,MINT,866fd685-bb4c-4fb1-88df-1ee31ac6d096,MIGRATIONSLOG,1.0,2025-11-15,,migriert
VTR-00003341,MINT,74858294-9135-4a38-8b87-487cfa24e265,MIGRATIONSLOG,1.0,2025-11-15,,migriert
VTR-00003342,MINT,28d4d408-c2d2-4e3a-abd1-2970c977db38,MIGRATIONSLOG,1.0,2025-11-15,,migriert
VTR-00003343,MINT,6b26ac1c-87a4-4370-a83b-623a8b27227e,MIGRATIONSLOG,1.0,2025-11-15,,migriert
VTR-00003344,MINT,c6828ede-6d5e-47e1-8f42-3cb3e4236eab,DIREKT,1.0,2025-09-04,,
VTR-00003345,MINT,84f2559e-e2ee-4e7f-b735-6a04f674c14a,MIGRATIONSLOG,1.0,2025-11-15,,migriert
VTR-00003346,MINT,f8306065-283e-41fa-8ac1-821f74b1d012,MIGRATIONSLOG,1.0,2025-11-15,,migriert
VTR-00003347,MINT,8f27fc04-3dce-4f01-92f5-d9e82a9392de,DIREKT,1.0,2025-10-31,,
VTR-00003348,MINT,3ac005a1-2aa6-45ca-b3c1-bef95d3b88f2,DIREKT,1.0,2025-01-21,,
VTR-00003349,MINT,fcac14b9-7c08-4380-b955-9d496a8df2f6,MIGRATIONSLOG,1.0,2025-11-15,,migriert
VTR-00003350,MINT,bb0f9bde-64ff-44e5-97c0-9ae434479571,MIGRATIONSLOG,1.0,2025-11-15,,migriert
VTR-00003351,MINT,184f1d39-bfa9-4198-9d42-203a13decc17,MIGRATIONSLOG,1.0,2025-11-15,,migriert
VTR-00003352,MINT,fdbe3376-9244-4e3f-8c00-72a46a733345,DIREKT,1.0,2025-09-06,,
VTR-00003353,MINT,72c9e35a-1901-47c5-b9d8-584e70d72ec0,DIREKT,1.0,2025-05-20,,
VTR-00003354,MINT,4adec668-3392-4144-b813-3fda6d161997,DIREKT,1.0,2025-04-02,,
VTR-00003355,MINT,c03817f3-d537-4710-b3e0-21e9486cf473,DIREKT,1.0,2025-04-01,,
VTR-00003356,MINT,ddd4a8c1-777d-4c02-ae72-94a69880a43b,DIREKT,1.0,2025-07-30,,
VTR-00003357,MINT,820294e1-f3ad-4b07-b24f-1370cff35d44,MIGRATIONSLOG,1.0,2025-11-15,,migriert
VTR-00003358,MINT,8f294511-d837-4a8d-8b85-9cb8979d3620,MIGRATIONSLOG,1.0,2025-11-15,,migriert
VTR-00003359,MINT,8968edd3-d459-469a-9a6a-b6fb99a9a55d,MIGRATIONSLOG,1.0,2025-11-15,,migriert
VTR-00003360,MINT,d8121204-892f-4983-97db-90adc9a6b311,DIREKT,1.0,2024-12-14,,
VTR-00003361,MINT,bac513b4-f6bd-47dd-b8b3-704219425513,MIGRATIONSLOG,1.0,2025-11-15,,migriert
VTR-00003363,MINT,22fbbec3-848b-4b67-af0f-575bfd22dd51,MIGRATIONSLOG,1.0,2025-11-15,,migriert
VTR-00003364,MINT,c9c1980d-3fc4-4351-a966-d67a8c44e1ba,MIGRATIONSLOG,1.0,2025-11-15,,migriert
VTR-00003366,MINT,b6766349-cc9e-4655-8fcd-977b80b1d52a,DIREKT,1.0,2025-09-04,,
VTR-00003367,MINT,190b0f11-d4db-4184-931b-a4d0436aac8d,MIGRATIONSLOG,1.0,2025-11-15,,migriert
VTR-00003368,MINT,352cc3c2-c0c8-4f79-aa32-6dc787181bd2,MIGRATIONSLOG,1.0,2025-11-15,,migriert
VTR-00003369,MINT,d5f012ee-979f-4ec4-a395-4b0324b90973,MIGRATIONSLOG,1.0,2025-11-15,,migriert
VTR-00003370,MINT,01e84e6c-aab8-44c7-8757-538b7b3b02dc,MIGRATIONSLOG,1.0,2025-11-15,,migriert
VTR-00003371,MINT,a82c010b-4e9f-4ab8-857f-9012f7078a5a,MIGRATIONSLOG,1.0,2025-11-15,,migriert
VTR-00003372,MINT,6d66b9b4-e834-43f5-83d7-6ce3bd5d1054,MIGRATIONSLOG,1.0,2025-11-15,,migriert
VTR-00003373,MINT,4136b8a1-3989-4ab9-9b28-f8e48147ecf7,MIGRATIONSLOG,1.0,2025-11-15,,migriert
VTR-00003374,MINT,961552d9-3ef9-4339-a9f3-d9ab3a975ad7,MIGRATIONSLOG,1.0,2025-11-15,,migriert
VTR-00003375,MINT,b2428968-aa15-483f-9a35-a8298061ae37,MIGRATIONSLOG,1.0,2025-11-15,,migriert
VTR-00003376,MINT,e97945fc-3538-429d-a8fc-d103ccf4bb49,MIGRATIONSLOG,1.0,2025-11-15,,migriert
VTR-00003377,MINT,14e4e32b-d3eb-4aff-9f36-6a0c8ab54f49,DIREKT,1.0,2025-10-18,,
VTR-00003378,MINT,d8a7cee5-9e22-4ac7-bebe-24615ca5c3e4,MIGRATIONSLOG,1.0,2025-11-15,,migriert
VTR-00003379,MINT,d2f45fe0-1403-4697-bc6d-08650cca5f1a,DIREKT,1.0,2025-07-13,,
VTR-00003380,MINT,9608c71e-8dc4-41ca-abd6-fbadd6f5d871,MIGRATIONSLOG,1.0,2025-11-15,,migriert
VTR-00003381,MINT,318d87a9-11c9-41d3-9787-469776d92239,MIGRATIONSLOG,1.0,2025-11-15,,migriert
VTR-00003383,MINT,6e8f4309-a00d-4ea7-9feb-41b8b0323d63,MIGRATIONSLOG,1.0,2025-11-15,,migriert
VTR-00003384,MINT,1d3be2b7-ec64-467a-a794-60710606dce8,MIGRATIONSLOG,1.0,2025-11-15,,migriert
VTR-00003385,MINT,b29aca61-d257-41bf-b44b-577de0747bcb,DIREKT,1.0,2025-09-30,,
VTR-00003386,MINT,bc63e771-4096-4fc4-b50f-13179e00feef,DIREKT,1.0,2025-04-23,,
VTR-00003387,MINT,3f34702a-4dab-4791-980c-b7231cff1fce,MIGRATIONSLOG,1.0,2025-11-15,,migriert
VTR-00003389,MINT,83295e72-0cc1-4d26-a249-7a3c9e3fdbcd,MIGRATIONSLOG,1.0,2025-11-15,,migriert
VTR-00003390,MINT,b72c78a3-021d-4db6-a2ef-e646c9e81eae,MIGRATIONSLOG,1.0,2025-11-15,,migriert
VTR-00003391,MINT,205defff-fae6-4d95-9c72-ceec97c18055,MIGRATIONSLOG,1.0,2025-11-15,,migriert
VTR-00003392,MINT,79c4b01a-7cda-4013-b922-2f2f4eef8946,MIGRATIONSLOG,1.0,2025-11-15,,migriert
VTR-00003393,MINT,b6024f59-1147-4f93-a661-c25bffcdc844,DIREKT,1.0,2025-02-19,,
VTR-00003394,MINT,00cbd790-727e-49ae-ab77-dda594cb4f6a,MIGRATIONSLOG,1.0,2025-11-15,,migriert
VTR-00003395,MINT,c31ac8c1-25da-46fc-8fb2-f37be926b4d1,MIGRATIONSLOG,1.0,2025-11-15,,migriert
VTR-00003396,MINT,5e3a9d04-e2d0-46a7-aeca-d4cf3b0b83b8,MIGRATIONSLOG,1.0,2025-11-15,,migriert
VTR-00003398,MINT,e321e367-d227-4f37-b5cf-f5a7e34d5868,MIGRATIONSLOG,1.0,2025-11-15,,migriert
VTR-00003399,MINT,e9b41970-ce47-4635-80d9-d99e8b4114a9,MIGRATIONSLOG,1.0,2025-11-15,,migriert
VTR-00003400,MINT,8c681717-5f48-4caa-9b43-a4bcea231f1a,MIGRATIONSLOG,1.0,2025-11-15,,migriert
VTR-00003401,MINT,71290ce1-6220-4ef3-8aad-d846b5d7cc32,MIGRATIONSLOG,1.0,2025-11-15,,migriert
VTR-00003402,MINT,09a4d8b5-e8ee-4a3e-9b96-2b49cdef1d0e,MIGRATIONSLOG,1.0,2025-11-15,,migriert
VTR-00003403,MINT,8cbbc171-be33-4ef4-b3f2-42cfa2bc9977,MIGRATIONSLOG,1.0,2025-11-15,,migriert
VTR-00003404,MINT,4c2f9500-fecf-4bfa-9087-85c9cb2a1d97,MIGRATIONSLOG,1.0,2025-11-15,,migriert
VTR-00003405,MINT,3b1f5bb9-996e-49ab-aac8-0d2806bd4920,MIGRATIONSLOG,1.0,2025-11-15,,migriert
VTR-00003406,MINT,66ba9911-8e8b-4af2-ab4b-42017bd82cbf,MIGRATIONSLOG,1.0,2025-11-15,,migriert
VTR-00003407,MINT,50cb07e0-8c18-496d-a50e-3361aa8bda23,MIGRATIONSLOG,1.0,2025-11-15,,migriert
VTR-00003408,MINT,4010a59d-9abf-43f7-9c55-bcbfba2226c7,MIGRATIONSLOG,1.0,2025-11-15,,migriert
VTR-00003409,MINT,ee0d48a8-443a-467e-b02b-f344cb8b2e88,MIGRATIONSLOG,1.0,2025-11-15,,migriert
VTR-00003410,MINT,999ccabd-ae9a-4f69-b369-c2837f79780b,MIGRATIONSLOG,1.0,2025-11-15,,migriert
VTR-00003411,MINT,2f5a8b10-8a69-43e2-a744-7283fa02a3de,MIGRATIONSLOG,1.0,2025-11-15,,migriert
VTR-00003412,MINT,2e7e9e52-618e-469d-abab-56f4194d1964,MIGRATIONSLOG,1.0,2025-11-15,,migriert
VTR-00003413,MINT,35e7bee8-2c87-48df-b698-1f6b777221b5,MIGRATIONSLOG,1.0,2025-11-15,,migriert
VTR-00003414,MINT,763e5a3d-4a2f-4065-a5f5-34c992a106a0,MIGRATIONSLOG,1.0,2025-11-15,,migriert
VTR-00003415,MINT,08f79c0d-0c82-4d5f-a421-59244a9b860a,MIGRATIONSLOG,1.0,2025-11-15,,migriert
VTR-00003416,MINT,79f8cc2c-0ddf-4b62-b261-8174c7e95933,MIGRATIONSLOG,1.0,2025-11-15,,migriert
VTR-00003417,MINT,0bb954f5-b4c5-4987-b051-8b41f3f84a51,DIREKT,1.0,2025-01-04,,
VTR-00003418,MINT,e3ef8d96-61ac-4ad1-8c13-4336e59ec94d,MIGRATIONSLOG,1.0,2025-11-15,,migriert
VTR-00003419,MINT,af7fbad8-b7b9-4c00-9026-f5063b6a0c6c,MIGRATIONSLOG,1.0,2025-11-15,,migriert
VTR-00003420,MINT,17a3fac2-de8f-4537-b36e-1493a9ea1e6b,MIGRATIONSLOG,1.0,2025-11-15,,migriert
VTR-00003421,MINT,61ce99af-6794-40ab-b4d3-dee756a1bbf9,MIGRATIONSLOG,1.0,2025-11-15,,migriert
VTR-00003422,MINT,1e475177-460e-4b2b-b5cc-9615ebf21017,MIGRATIONSLOG,1.0,2025-11-15,,migriert
VTR-00003423,MINT,a1ad02c9-f79d-4b7d-a303-729a0d264e86,MIGRATIONSLOG,1.0,2025-11-15,,migriert
VTR-00003424,MINT,b8c8c8a5-403e-4949-916f-4406d1aa5647,MIGRATIONSLOG,1.0,2025-11-15,,migriert
VTR-00003425,MINT,5fc120df-2e02-4c56-a8dd-1ced358d0c36,MIGRATIONSLOG,1.0,2025-11-15,,migriert
VTR-00003426,MINT,9b83e74e-8c27-4efe-8902-5534ace85fc1,MIGRATIONSLOG,1.0,2025-11-15,,migriert
VTR-00003427,MINT,4b8b96d1-ee4c-4c07-8ad5-b99b4d938e52,DIREKT,1.0,2025-05-26,,
VTR-00003428,MINT,729e23d0-ca47-4a60-b74b-ed7095f9144f,DIREKT,1.0,2025-06-26,,
VTR-00003429,MINT,4d90ae54-28db-48f8-8531-442487768932,MIGRATIONSLOG,1.0,2025-11-15,,migriert
VTR-00003430,MINT,b78f9de2-0bae-49d1-9f22-5df3882be3b7,MIGRATIONSLOG,1.0,2025-11-15,,migriert
VTR-00003431,MINT,59aa0ef7-dfdc-4a98-a9c5-1e5fece66486,MIGRATIONSLOG,1.0,2025-11-15,,migriert
VTR-00003432,MINT,360d4fcd-25fd-48b8-a3e1-461d28bde2b3,MIGRATIONSLOG,1.0,2025-11-15,,migriert
VTR-00003433,MINT,ce8fc256-ca3d-44cb-883c-5a723ec2ea56,MIGRATIONSLOG,1.0,2025-11-15,,migriert
VTR-00003434,MINT,080a8fe6-63a6-4393-803f-06efe1a369da,MIGRATIONSLOG,1.0,2025-11-15,,migriert
VTR-00003437,MINT,c61c25a6-3e42-4840-9d3c-b80b19a82b73,MIGRATIONSLOG,1.0,2025-11-15,,migriert
VTR-00003438,MINT,7763aa3b-cdc7-4894-a890-a92bbc55d1fe,DIREKT,1.0,2025-05-29,,
VTR-00003439,MINT,17711970-c6d9-4fff-8a2e-a9b505fb7708,MIGRATIONSLOG,1.0,2025-11-15,,migriert
VTR-00003440,MINT,25b6fd0a-bf4b-4f26-a831-b163070b4ca3,DIREKT,1.0,2025-08-18,,
VTR-00003441,MINT,80b796a8-59ed-42a2-b64e-3ad464dc4b9e,MIGRATIONSLOG,1.0,2025-11-15,,migriert
VTR-00003442,MINT,3314e86b-bb4a-4dd8-b519-f1aff27f6af0,MIGRATIONSLOG,1.0,2025-11-15,,migriert
VTR-00003443,MINT,9316eb88-40b9-40bb-afa0-cc5f51164253,MIGRATIONSLOG,1.0,2025-11-15,,migriert
VTR-00003444,MINT,73d39de4-823c-4f00-8ba8-ac8dfc72ca96,MIGRATIONSLOG,1.0,2025-11-15,,migriert
VTR-00003445,MINT,59d0fd93-e35d-480c-a057-5b6bca720e8f,MIGRATIONSLOG,1.0,2025-11-15,,migriert
VTR-00003446,MINT,fa692d2d-4973-4718-9fec-2af4a41cab50,MIGRATIONSLOG,1.0,2025-11-15,,migriert
VTR-00003447,MINT,312e2452-e4a6-4ebb-8cb7-d260a4ab82e8,MIGRATIONSLOG,1.0,2025-11-15,,migriert
VTR-00003449,MINT,f0aad7de-643d-4af1-966c-f594334fe5b7,MIGRATIONSLOG,1.0,2025-11-15,,migriert
VTR-00003450,MINT,f4044f0b-3e78-4d49-9c12-813eff351cae,MIGRATIONSLOG,1.0,2025-11-15,,migriert
VTR-00003451,MINT,157f5c8b-8bed-456b-a5aa-e1a674885ef8,MIGRATIONSLOG,1.0,2025-11-15,,migriert
VTR-00003452,MINT,3ee17513-05a0-4d3e-8b3d-13e40bfe7bf4,MIGRATIONSLOG,1.0,2025-11-15,,migriert
VTR-00003453,MINT,b0c56729-a3e7-46cc-b30b-3a309ae26cfb,MIGRATIONSLOG,1.0,2025-11-15,,migriert
VTR-00003454,MINT,5379a101-699e-4326-a792-ee404b8ea158,MIGRATIONSLOG,1.0,2025-11-15,,migriert
VTR-00003455,MINT,6af13f08-bfe7-49d0-a82a-fdc9b13378fd,MIGRATIONSLOG,1.0,2025-11-15,,migriert
VTR-00003456,MINT,001de9fc-f0b9-4054-a527-3f50c30fb522,MIGRATIONSLOG,1.0,2025-11-15,,migriert
VTR-00003457,MINT,9125d93a-3a77-42d6-848e-c9aa963e5bb2,MIGRATIONSLOG,1.0,2025-11-15,,migriert
VTR-00003458,MINT,5fa993ea-ea2a-4152-b68e-f08663db1961,MIGRATIONSLOG,1.0,2025-11-15,,migriert
VTR-00003459,MINT,021a0d57-3b78-4b58-b677-78fac33ed028,MIGRATIONSLOG,1.0,2025-11-15,,migriert
VTR-00003460,MINT,7050dd2f-30a3-4e30-8b51-b5c779fb6af0,MIGRATIONSLOG,1.0,2025-11-15,,migriert
VTR-00003461,MINT,5adb52d6-7f16-49db-9448-15e87be81807,MIGRATIONSLOG,1.0,2025-11-15,,migriert
VTR-00003462,MINT,0cf40050-f3e2-4e57-aa71-f371b75725a6,MIGRATIONSLOG,1.0,2025-11-15,,migriert
VTR-00003463,MINT,d450ed88-eabd-4d92-b787-70fd43fcf687,MIGRATIONSLOG,1.0,2025-11-15,,migriert
VTR-00003464,MINT,b77ae5cd-d5ba-472e-ab0f-ecf2cdd78041,MIGRATIONSLOG,1.0,2025-11-15,,migriert
VTR-00003465,MINT,3f44eb10-dd1f-4b4f-ad1d-368313e4e07c,MIGRATIONSLOG,1.0,2025-11-15,,migriert
VTR-00003466,MINT,e3835b13-fdae-4262-8759-6725cf22e8ca,MIGRATIONSLOG,1.0,2025-11-15,,migriert
VTR-00003467,MINT,66969410-001c-4922-a9c7-0872332f6d9a,MIGRATIONSLOG,1.0,2025-11-15,,migriert
VTR-00003468,MINT,0e74bc13-7843-4069-8726-a86f6c39df44,MIGRATIONSLOG,1.0,2025-11-15,,migriert
VTR-00003469,MINT,27a90d6a-dafb-4fca-969b-43da303045be,MIGRATIONSLOG,1.0,2025-11-15,,migriert
VTR-00003470,MINT,05a84b88-77d2-4bbe-8b4c-1ba5cf360add,DIREKT,1.0,2025-02-23,,
VTR-00003471,MINT,28365774-35cc-41bc-b020-d9ab60537025,MIGRATIONSLOG,1.0,2025-11-15,,migriert
VTR-00003472,MINT,342eb60e-ac6f-4d6e-8917-7144df963b21,MIGRATIONSLOG,1.0,2025-11-15,,migriert
VTR-00003473,MINT,199cc346-8533-4b90-93b3-cce4bce0eee3,DIREKT,1.0,2025-10-03,,
VTR-00003474,MINT,771a4867-4449-402a-b18a-9db066478863,DIREKT,1.0,2025-11-17,,
VTR-00003475,MINT,3be378e3-7895-4e1d-b5ea-029500abfabd,MIGRATIONSLOG,1.0,2025-11-15,,migriert
VTR-00003476,MINT,fe4b1daa-1e01-401b-a730-2611cadf55a1,MIGRATIONSLOG,1.0,2025-11-15,,migriert
VTR-00003477,MINT,9f43c087-f743-42ee-9872-e04ee9ff0268,MIGRATIONSLOG,1.0,2025-11-15,,migriert
VTR-00003478,MINT,d2edba93-82a4-42c4-a24b-20a7427c6663,MIGRATIONSLOG,1.0,2025-11-15,,migriert
VTR-00003479,MINT,5aab9672-f5c5-463c-bfe9-2cc069d4cf2e,MIGRATIONSLOG,1.0,2025-11-15,,migriert
VTR-00003480,MINT,697a67a1-3e76-4b16-8577-97cc2a170093,MIGRATIONSLOG,1.0,2025-11-15,,migriert
VTR-00003481,MINT,3c44825a-cbbd-48a6-9099-880d94cdeca7,MIGRATIONSLOG,1.0,2025-11-15,,migriert
VTR-00003482,MINT,96476f52-af2e-4d29-9578-91528fbcc1d5,MIGRATIONSLOG,1.0,2025-11-15,,migriert
VTR-00003483,MINT,0c1a5905-b7ac-4743-807e-81f3821f104e,MIGRATIONSLOG,1.0,2025-11-15,,migriert
VTR-00003484,MINT,c0f76a02-e1bc-4d94-9929-1524b88a9f3b,MIGRATIONSLOG,1.0,2025-11-15,,migriert
VTR-00003485,MINT,6222b377-57e3-4cd8-9b21-26fbf69c4330,DIREKT,1.0,2025-03-09,,
VTR-00003486,MINT,f545768a-ba9d-4095-84a3-c339237f28ee,MIGRATIONSLOG,1.0,2025-11-15,,migriert
VTR-00003488,MINT,badd1d53-aed6-4ffc-aa99-8ef927b1f4d4,MIGRATIONSLOG,1.0,2025-11-15,,migriert
VTR-00003489,MINT,45f642c5-8f0f-4ef6-a6e7-0dcde23137d8,MIGRATIONSLOG,1.0,2025-11-15,,migriert
VTR-00003490,MINT,b7aa54b1-2f91-4b1c-b4cf-d66c6cf51266,MIGRATIONSLOG,1.0,2025-11-15,,migriert
VTR-00003491,MINT,8f009dc0-e4bb-457f-8186-f37cf707fb5a,MIGRATIONSLOG,1.0,2025-11-15,,migriert
VTR-00003492,MINT,e2427527-9db6-4278-89ad-022158130de3,MIGRATIONSLOG,1.0,2025-11-15,,migriert
VTR-00003493,MINT,a5f3741b-643b-4704-a06b-e49d7aac5bf3,MIGRATIONSLOG,1.0,2025-11-15,,migriert
VTR-00003494,MINT,c874e9f3-51ac-49e5-8897-7c1eb952d74b,MIGRATIONSLOG,1.0,2025-11-15,,migriert
VTR-00003495,MINT,96e449e7-dc0c-41f9-ae41-06e93a64a147,MIGRATIONSLOG,1.0,2025-11-15,,migriert
VTR-00003496,MINT,605444a1-1f8c-4213-9ea9-6b4f7cc1cb4d,MIGRATIONSLOG,1.0,2025-11-15,,migriert
VTR-00003497,MINT,3b284ffc-0f36-4ebb-9838-b00c67a2ff6d,MIGRATIONSLOG,1.0,2025-11-15,,migriert
VTR-00003498,MINT,2f9dd7be-c99a-4544-adae-c41f1b53502c,MIGRATIONSLOG,1.0,2025-11-15,,migriert
VTR-00003499,MINT,f9ee4cfe-f494-4ffb-bb6e-14e32ef201d5,MIGRATIONSLOG,1.0,2025-11-15,,migriert
VTR-00003500,MINT,45c74b88-a64b-4d49-a08d-8ac974a9dbc8,MIGRATIONSLOG,1.0,2025-11-15,,migriert
