deckung_id,vertrag_id,deckungsart,baustein,summe,selbstbehalt,selbstbehalt_typ,gueltig_von,gueltig_bis
DEK-00000101-01,VTR-00000101,HAUPTDECKUNG,,10000000.0,200.0,fix,2016-03-01,
DEK-00000102-01,VTR-00000102,HAUPTDECKUNG,,974000.0,,,2019-05-01,
DEK-00000103-01,VTR-00000103,HAUPTDECKUNG,,132000.0,,,2019-05-01,
DEK-00000104-01,VTR-00000104,HAUPTDECKUNG,,109000.0,,,2020-01-01,
DEK-00000201-01,VTR-00000201,HAUPTDECKUNG,,5000000.0,0.0,fix,2021-09-01,
DEK-00000202-01,VTR-00000202,HAUPTDECKUNG,,139000.0,,,2025-10-01,
DEK-00000203-01,VTR-00000203,HAUPTDECKUNG,,20000000.0,0.0,fix,2021-03-15,2021-03-24
DEK-00000203-02,VTR-00000203,BAUSTEIN,BS-AUSFALL,,,,2021-03-15,2021-03-24
DEK-00000203-03,VTR-00000203,BAUSTEIN,BS-SCHLUESSEL,,,,2021-03-15,2021-03-24
DEK-00000301-01,VTR-00000301,HAUPTDECKUNG,,10000000.0,500.0,fix,2016-01-01,
DEK-00000301-02,VTR-00000301,BAUSTEIN,BS-PRODUKT,,,,2016-01-01,
DEK-00000301-03,VTR-00000301,BAUSTEIN,BS-UMWELT,,,,2016-01-01,
DEK-00000302-01,VTR-00000302,HAUPTDECKUNG,,993000.0,,,2019-07-01,
DEK-00000302-02,VTR-00000302,ZUSATZ,LV-EU,1000.0,,,2019-07-01,
DEK-00000401-01,VTR-00000401,HAUPTDECKUNG,,5000000.0,0.0,prozent_min,2014-01-01,
DEK-00000401-02,VTR-00000401,BAUSTEIN,BS-PRODUKT,,,,2014-01-01,
DEK-00000402-01,VTR-00000402,HAUPTDECKUNG,,93000.0,,,2018-03-01,
DEK-00000501-01,VTR-00000501,HAUPTDECKUNG,,135000.0,,,1995-07-01,2019-06-09
DEK-00000502-01,VTR-00000502,HAUPTDECKUNG,,66000.0,,,2019-09-01,
DEK-00000503-01,VTR-00000503,HAUPTDECKUNG,,5000000.0,200.0,fix,2001-01-01,
DEK-00000503-02,VTR-00000503,BAUSTEIN,BS-TIER-HUND,,,,2001-01-01,
DEK-00000601-01,VTR-00000601,HAUPTDECKUNG,,1000.0,,,2016-04-01,
DEK-00000602-01,VTR-00000602,HAUPTDECKUNG,,314000.0,,,2025-07-01,
DEK-00000701-01,VTR-00000701,HAUPTDECKUNG,,10000000.0,200.0,fix,2024-09-01,2025-12-31
DEK-00000701-02,VTR-00000701,BAUSTEIN,BS-TIER-PFERD,,,,2024-09-01,2025-12-31
DEK-00000702-01,VTR-00000702,HAUPTDECKUNG,,91000.0,,,2025-02-01,
DEK-00000801-01,VTR-00000801,HAUPTDECKUNG,,5000000.0,150.0,fix,2013-01-01,
DEK-00000801-02,VTR-00000801,BAUSTEIN,BS-TIER-HUND,,,,2013-01-01,
DEK-00000801-03,VTR-00000801,BAUSTEIN,BS-GEBAEUDE,,,,2013-01-01,
DEK-00000801-04,VTR-00000801,BAUSTEIN,BS-SCHLUESSEL,,,,2013-01-01,
DEK-00000901-01,VTR-00000901,HAUPTDECKUNG,,5000000.0,500.0,fix,2022-02-01,2025-01-15
DEK-00000901-02,VTR-00000901,BAUSTEIN,BS-PRODUKT,,,,2022-02-01,2025-01-15
DEK-00000902-01,VTR-00000902,HAUPTDECKUNG,,5000000.0,0.0,fix,2023-05-15,2025-01-15
DEK-00001001-01,VTR-00001001,HAUPTDECKUNG,,113000.0,,,2025-07-01,
DEK-00002001-01,VTR-00002001,HAUPTDECKUNG,,5000000.0,200.0,fix,2025-12-01,
DEK-00002002-01,VTR-00002002,HAUPTDECKUNG,,5000000.0,200.0,fix,2025-04-01,
DEK-00002003-01,VTR-00002003,HAUPTDECKUNG,,10000000.0,0.0,fix,2017-11-01,2018-09-01
DEK-00002003-02,VTR-00002003,BAUSTEIN,BS-TIER-HUND,,,,2017-11-01,2018-09-01
DEK-00002004-01,VTR-00002004,HAUPTDECKUNG,,5000000.0,100.0,fix,2015-03-01,2024-08-01
DEK-00002005-01,VTR-00002005,HAUPTDECKUNG,,5000000.0,200.0,fix,2025-07-01,
DEK-00002006-01,VTR-00002006,HAUPTDECKUNG,,10000000.0,0.0,fix,2025-07-01,
DEK-00002007-01,VTR-00002007,HAUPTDECKUNG,,50000000.0,0.0,fix,2023-03-01,
DEK-00002007-02,VTR-00002007,BAUSTEIN,BS-GEBAEUDE,,,,2023-03-01,
DEK-00002007-03,VTR-00002007,BAUSTEIN,BS-AUSFALL,,,,2023-03-01,
DEK-00002007-04,VTR-00002007,BAUSTEIN,BS-DROHNE,,,,2023-03-01,
DEK-00002008-01,VTR-00002008,HAUPTDECKUNG,,5000000.0,200.0,fix,2013-05-01,
DEK-00002009-01,VTR-00002009,HAUPTDECKUNG,,5000000.0,150.0,fix,2015-02-01,2019-11-01
DEK-00002009-02,VTR-00002009,BAUSTEIN,BS-TIER-HUND,,,,2015-02-01,2019-11-01
DEK-00002010-01,VTR-00002010,HAUPTDECKUNG,,10000000.0,0.0,fix,2021-05-01,
DEK-00002010-02,VTR-00002010,BAUSTEIN,BS-OELTANK,,,,2021-05-01,
DEK-00002011-01,VTR-00002011,HAUPTDECKUNG,,5000000.0,0.0,fix,2021-04-01,2024-08-01
DEK-00002011-02,VTR-00002011,BAUSTEIN,BS-AUSFALL,,,,2021-04-01,2024-08-01
DEK-00002012-01,VTR-00002012,HAUPTDECKUNG,,5000000.0,0.0,fix,2017-03-01,
DEK-00002013-01,VTR-00002013,HAUPTDECKUNG,,5000000.0,200.0,fix,2025-02-01,
DEK-00002013-02,VTR-00002013,BAUSTEIN,BS-BAUHERR,,,,2025-02-01,
DEK-00002014-01,VTR-00002014,HAUPTDECKUNG,,10000000.0,500.0,fix,2018-01-01,
DEK-00002015-01,VTR-00002015,HAUPTDECKUNG,,5000000.0,500.0,fix,2025-04-01,
DEK-00002016-01,VTR-00002016,HAUPTDECKUNG,,5000000.0,200.0,fix,2025-04-01,
DEK-00002016-02,VTR-00002016,BAUSTEIN,BS-TIER-HUND,,,,2025-04-01,
DEK-00002017-01,VTR-00002017,HAUPTDECKUNG,,5000000.0,200.0,fix,2016-04-01,
DEK-00002017-02,VTR-00002017,BAUSTEIN,BS-GEBAEUDE,,,,2016-04-01,
DEK-00002018-01,VTR-00002018,HAUPTDECKUNG,,5000000.0,200.0,fix,2018-07-01,
DEK-00002019-01,VTR-00002019,HAUPTDECKUNG,,10000000.0,0.0,fix,2025-02-01,
DEK-00002020-01,VTR-00002020,HAUPTDECKUNG,,5000000.0,200.0,fix,2025-12-01,
DEK-00002021-01,VTR-00002021,HAUPTDECKUNG,,10000000.0,200.0,fix,2019-10-01,
DEK-00002021-02,VTR-00002021,BAUSTEIN,BS-TIER-HUND,,,,2019-10-01,
DEK-00002022-01,VTR-00002022,HAUPTDECKUNG,,10000000.0,0.0,fix,2022-06-01,
DEK-00002022-02,VTR-00002022,BAUSTEIN,BS-AUSFALL,,,,2022-06-01,
DEK-00002023-01,VTR-00002023,HAUPTDECKUNG,,10000000.0,0.0,fix,2013-04-01,
DEK-00002023-02,VTR-00002023,BAUSTEIN,BS-TIER-HUND,,,,2013-04-01,
DEK-00002024-01,VTR-00002024,HAUPTDECKUNG,,20000000.0,0.0,fix,2022-04-01,
DEK-00002024-02,VTR-00002024,BAUSTEIN,BS-AUSFALL,,,,2022-04-01,
DEK-00002025-01,VTR-00002025,HAUPTDECKUNG,,5000000.0,0.0,fix,2017-06-01,
DEK-00002026-01,VTR-00002026,HAUPTDECKUNG,,5000000.0,200.0,fix,2020-10-01,
DEK-00002027-01,VTR-00002027,HAUPTDECKUNG,,10000000.0,250.0,fix,2025-08-01,
DEK-00002028-01,VTR-00002028,HAUPTDECKUNG,,5000000.0,150.0,fix,2017-12-01,
DEK-00002029-01,VTR-00002029,HAUPTDECKUNG,,5000000.0,150.0,fix,2012-03-01,2013-08-01
DEK-00002030-01,VTR-00002030,HAUPTDECKUNG,,10000000.0,200.0,fix,2017-07-01,
DEK-00002030-02,VTR-00002030,BAUSTEIN,BS-TIER-PFERD,,,,2017-07-01,
DEK-00002031-01,VTR-00002031,HAUPTDECKUNG,,10000000.0,200.0,fix,2025-01-01,
DEK-00002032-01,VTR-00002032,HAUPTDECKUNG,,20000000.0,0.0,fix,2024-08-01,
DEK-00002032-02,VTR-00002032,BAUSTEIN,BS-AUSFALL,,,,2024-08-01,
DEK-00002033-01,VTR-00002033,HAUPTDECKUNG,,5000000.0,0.0,fix,2025-05-01,
DEK-00002034-01,VTR-00002034,HAUPTDECKUNG,,5000000.0,0.0,fix,2024-11-01,
DEK-00002034-02,VTR-00002034,BAUSTEIN,BS-AUSFALL,,,,2024-11-01,
DEK-00002035-01,VTR-00002035,HAUPTDECKUNG,,5000000.0,200.0,fix,2025-12-01,
DEK-00002036-01,VTR-00002036,HAUPTDECKUNG,,50000000.0,150.0,fix,2025-05-01,
DEK-00002036-02,VTR-00002036,BAUSTEIN,BS-AUSFALL,,,,2025-05-01,
DEK-00002037-01,VTR-00002037,HAUPTDECKUNG,,5000000.0,0.0,fix,2022-08-01,
DEK-00002037-02,VTR-00002037,BAUSTEIN,BS-DROHNE,,,,2022-08-01,
DEK-00002038-01,VTR-00002038,HAUPTDECKUNG,,5000000.0,200.0,fix,2016-08-01,
DEK-00002039-01,VTR-00002039,HAUPTDECKUNG,,50000000.0,0.0,fix,2025-06-01,
DEK-00002039-02,VTR-00002039,BAUSTEIN,BS-GEBAEUDE,,,,2025-06-01,
DEK-00002040-01,VTR-00002040,HAUPTDECKUNG,,10000000.0,0.0,fix,2022-04-01,
DEK-00002041-01,VTR-00002041,HAUPTDECKUNG,,20000000.0,0.0,fix,2025-04-01,
DEK-00002041-02,VTR-00002041,BAUSTEIN,BS-TIER-HUND,,,,2025-04-01,
DEK-00002041-03,VTR-00002041,BAUSTEIN,BS-GEBAEUDE,,,,2025-04-01,
DEK-00002041-04,VTR-00002041,BAUSTEIN,BS-KINDER,,,,2025-04-01,
DEK-00002042-01,VTR-00002042,HAUPTDECKUNG,,5000000.0,200.0,fix,2016-10-01,2022-09-01
DEK-00002043-01,VTR-00002043,HAUPTDECKUNG,,5000000.0,0.0,fix,2015-11-01,2020-02-01
DEK-00002044-01,VTR-00002044,HAUPTDECKUNG,,5000000.0,0.0,fix,2023-12-01,2024-02-01
DEK-00002044-02,VTR-00002044,BAUSTEIN,BS-GEBAEUDE,,,,2023-12-01,2024-02-01
DEK-00002044-03,VTR-00002044,BAUSTEIN,BS-AUSFALL,,,,2023-12-01,2024-02-01
DEK-00002045-01,VTR-00002045,HAUPTDECKUNG,,10000000.0,200.0,fix,2017-03-01,2019-02-01
DEK-00002045-02,VTR-00002045,BAUSTEIN,BS-TIER-HUND,,,,2017-03-01,2019-02-01
DEK-00002046-01,VTR-00002046,HAUPTDECKUNG,,5000000.0,0.0,fix,2018-03-01,2023-04-01
DEK-00002046-02,VTR-00002046,BAUSTEIN,BS-TIER-HUND,,,,2018-03-01,2023-04-01
DEK-00002046-03,VTR-00002046,BAUSTEIN,BS-KINDER,,,,2018-03-01,2023-04-01
DEK-00002047-01,VTR-00002047,HAUPTDECKUNG,,10000000.0,500.0,fix,2025-07-01,
DEK-00002047-02,VTR-00002047,BAUSTEIN,BS-GEBAEUDE,,,,2025-07-01,
DEK-00002047-03,VTR-00002047,BAUSTEIN,BS-SCHLUESSEL,,,,2025-07-01,
DEK-00002048-01,VTR-00002048,HAUPTDECKUNG,,3000000.0,100.0,fix,2007-08-01,
DEK-00002049-01,VTR-00002049,HAUPTDECKUNG,,20000000.0,0.0,fix,2022-08-01,
DEK-00002049-02,VTR-00002049,BAUSTEIN,BS-DROHNE,,,,2022-08-01,
DEK-00002050-01,VTR-00002050,HAUPTDECKUNG,,5000000.0,200.0,fix,2014-01-01,2019-08-01
DEK-00002051-01,VTR-00002051,HAUPTDECKUNG,,10000000.0,200.0,fix,2016-11-01,
DEK-00002052-01,VTR-00002052,HAUPTDECKUNG,,5000000.0,200.0,fix,2016-01-01,
DEK-00002052-02,VTR-00002052,BAUSTEIN,BS-GEBAEUDE,,,,2016-01-01,
DEK-00002053-01,VTR-00002053,HAUPTDECKUNG,,10000000.0,200.0,fix,2025-03-01,
DEK-00002054-01,VTR-00002054,HAUPTDECKUNG,,20000000.0,0.0,fix,2017-08-01,
DEK-00002054-02,VTR-00002054,BAUSTEIN,BS-GEBAEUDE,,,,2017-08-01,
DEK-00002055-01,VTR-00002055,HAUPTDECKUNG,,5000000.0,500.0,fix,2016-05-01,
DEK-00002056-01,VTR-00002056,HAUPTDECKUNG,,10000000.0,0.0,fix,2024-04-01,
DEK-00002056-02,VTR-00002056,BAUSTEIN,BS-SCHLUESSEL,,,,2024-04-01,
DEK-00002057-01,VTR-00002057,HAUPTDECKUNG,,5000000.0,200.0,fix,2015-08-01,
DEK-00002058-01,VTR-00002058,HAUPTDECKUNG,,10000000.0,0.0,fix,2016-05-01,
DEK-00002058-02,VTR-00002058,BAUSTEIN,BS-TIER-HUND,,,,2016-05-01,
DEK-00002059-01,VTR-00002059,HAUPTDECKUNG,,5000000.0,200.0,fix,2016-05-01,2017-06-01
DEK-00002059-02,VTR-00002059,BAUSTEIN,BS-TIER-HUND,,,,2016-05-01,2017-06-01
DEK-00002060-01,VTR-00002060,HAUPTDECKUNG,,5000000.0,200.0,fix,2025-12-01,
DEK-00002061-01,VTR-00002061,HAUPTDECKUNG,,5000000.0,0.0,fix,2022-10-01,
DEK-00002061-02,VTR-00002061,BAUSTEIN,BS-AUSFALL,,,,2022-10-01,
DEK-00002061-03,VTR-00002061,BAUSTEIN,BS-DROHNE,,,,2022-10-01,
DEK-00002062-01,VTR-00002062,HAUPTDECKUNG,,50000000.0,0.0,fix,2023-04-01,
DEK-00002062-02,VTR-00002062,BAUSTEIN,BS-GEBAEUDE,,,,2023-04-01,
DEK-00002063-01,VTR-00002063,HAUPTDECKUNG,,5000000.0,200.0,fix,2016-05-01,
DEK-00002064-01,VTR-00002064,HAUPTDECKUNG,,20000000.0,0.0,fix,2014-03-01,2017-08-01
DEK-00002064-02,VTR-00002064,BAUSTEIN,BS-AUSFALL,,,,2014-03-01,2017-08-01
DEK-00002065-01,VTR-00002065,HAUPTDECKUNG,,10000000.0,500.0,fix,2019-10-01,
DEK-00002066-01,VTR-00002066,HAUPTDECKUNG,,20000000.0,0.0,fix,2014-09-01,2019-10-01
DEK-00002066-02,VTR-00002066,BAUSTEIN,BS-TIER-HUND,,,,2014-09-01,2019-10-01
DEK-00002066-03,VTR-00002066,BAUSTEIN,BS-OELTANK,,,,2014-09-01,2019-10-01
DEK-00002066-04,VTR-00002066,BAUSTEIN,BS-AUSFALL,,,,2014-09-01,2019-10-01
DEK-00002067-01,VTR-00002067,HAUPTDECKUNG,,5000000.0,200.0,fix,2020-12-01,
DEK-00002068-01,VTR-00002068,HAUPTDECKUNG,,50000000.0,150.0,fix,2025-07-01,
DEK-00002068-02,VTR-00002068,BAUSTEIN,BS-GEBAEUDE,,,,2025-07-01,
DEK-00002068-03,VTR-00002068,BAUSTEIN,BS-AUSFALL,,,,2025-07-01,
DEK-00002069-01,VTR-00002069,HAUPTDECKUNG,,5000000.0,0.0,fix,2018-10-01,2023-10-01
DEK-00002070-01,VTR-00002070,HAUPTDECKUNG,,50000000.0,0.0,fix,2021-02-01,2023-06-01
DEK-00002071-01,VTR-00002071,HAUPTDECKUNG,,5000000.0,200.0,fix,2025-04-01,
DEK-00002072-01,VTR-00002072,HAUPTDECKUNG,,10000000.0,0.0,fix,2024-12-01,
DEK-00002072-02,VTR-00002072,BAUSTEIN,BS-AUSFALL,,,,2024-12-01,
DEK-00002072-03,VTR-00002072,BAUSTEIN,BS-SCHLUESSEL,,,,2024-12-01,
DEK-00002073-01,VTR-00002073,HAUPTDECKUNG,,50000000.0,0.0,fix,2021-05-01,
DEK-00002073-02,VTR-00002073,BAUSTEIN,BS-KINDER,,,,2021-05-01,
DEK-00002074-01,VTR-00002074,HAUPTDECKUNG,,5000000.0,200.0,fix,2017-07-01,
DEK-00002074-02,VTR-00002074,BAUSTEIN,BS-GEBAEUDE,,,,2017-07-01,
DEK-00002075-01,VTR-00002075,HAUPTDECKUNG,,10000000.0,0.0,fix,2022-10-01,2023-02-01
DEK-00002076-01,VTR-00002076,HAUPTDECKUNG,,5000000.0,150.0,fix,2025-02-01,
DEK-00002076-02,VTR-00002076,BAUSTEIN,BS-KINDER,,,,2025-02-01,
DEK-00002077-01,VTR-00002077,HAUPTDECKUNG,,5000000.0,0.0,fix,2021-12-01,2024-08-01
DEK-00002077-02,VTR-00002077,BAUSTEIN,BS-DROHNE,,,,2021-12-01,2024-08-01
DEK-00002078-01,VTR-00002078,HAUPTDECKUNG,,5000000.0,100.0,fix,2012-02-01,
DEK-00002079-01,VTR-00002079,HAUPTDECKUNG,,5000000.0,200.0,fix,2017-06-01,
DEK-00002080-01,VTR-00002080,HAUPTDECKUNG,,10000000.0,0.0,fix,2023-05-01,2024-08-01
DEK-00002080-02,VTR-00002080,BAUSTEIN,BS-AUSFALL,,,,2023-05-01,2024-08-01
DEK-00002081-01,VTR-00002081,HAUPTDECKUNG,,50000000.0,0.0,fix,2024-12-01,
DEK-00002081-02,VTR-00002081,BAUSTEIN,BS-AUSFALL,,,,2024-12-01,
DEK-00002082-01,VTR-00002082,HAUPTDECKUNG,,10000000.0,0.0,fix,2021-03-01,2022-09-01
DEK-00002082-02,VTR-00002082,BAUSTEIN,BS-AUSFALL,,,,2021-03-01,2022-09-01
DEK-00002082-03,VTR-00002082,BAUSTEIN,BS-SCHLUESSEL,,,,2021-03-01,2022-09-01
DEK-00002082-04,VTR-00002082,BAUSTEIN,BS-KINDER,,,,2021-03-01,2022-09-01
DEK-00002083-01,VTR-00002083,HAUPTDECKUNG,,10000000.0,0.0,fix,2021-11-01,2022-09-01
DEK-00002083-02,VTR-00002083,BAUSTEIN,BS-KINDER,,,,2021-11-01,2022-09-01
DEK-00002084-01,VTR-00002084,HAUPTDECKUNG,,10000000.0,0.0,fix,2025-02-01,
DEK-00002085-01,VTR-00002085,HAUPTDECKUNG,,5000000.0,100.0,fix,2013-10-01,2023-11-01
DEK-00002085-02,VTR-00002085,BAUSTEIN,BS-SCHLUESSEL,,,,2013-10-01,2023-11-01
DEK-00002086-01,VTR-00002086,HAUPTDECKUNG,,10000000.0,0.0,fix,2024-11-01,
DEK-00002087-01,VTR-00002087,HAUPTDECKUNG,,5000000.0,0.0,fix,2015-02-01,
DEK-00002088-01,VTR-00002088,HAUPTDECKUNG,,5000000.0,0.0,fix,2024-04-01,
DEK-00002088-02,VTR-00002088,BAUSTEIN,BS-AUSFALL,,,,2024-04-01,
DEK-00002088-03,VTR-00002088,BAUSTEIN,BS-KINDER,,,,2024-04-01,
DEK-00002089-01,VTR-00002089,HAUPTDECKUNG,,5000000.0,200.0,fix,2025-04-01,
DEK-00002090-01,VTR-00002090,HAUPTDECKUNG,,20000000.0,0.0,fix,2024-07-01,
DEK-00002091-01,VTR-00002091,HAUPTDECKUNG,,20000000.0,0.0,fix,2022-08-01,
DEK-00002091-02,VTR-00002091,BAUSTEIN,BS-TIER-HUND,,,,2022-08-01,
DEK-00002091-03,VTR-00002091,BAUSTEIN,BS-AUSFALL,,,,2022-08-01,
DEK-00002092-01,VTR-00002092,HAUPTDECKUNG,,10000000.0,0.0,fix,2023-01-01,
DEK-00002093-01,VTR-00002093,HAUPTDECKUNG,,5000000.0,200.0,fix,2011-02-01,2013-02-01
DEK-00002094-01,VTR-00002094,HAUPTDECKUNG,,5000000.0,0.0,fix,2011-11-01,2018-04-01
DEK-00002095-01,VTR-00002095,HAUPTDECKUNG,,5000000.0,200.0,fix,2025-07-01,
DEK-00002095-02,VTR-00002095,BAUSTEIN,BS-BAUHERR,,,,2025-07-01,
DEK-00002095-03,VTR-00002095,BAUSTEIN,BS-GEBAEUDE,,,,2025-07-01,
DEK-00002096-01,VTR-00002096,HAUPTDECKUNG,,10000000.0,0.0,fix,2024-02-01,
DEK-00002096-02,VTR-00002096,BAUSTEIN,BS-SCHLUESSEL,,,,2024-02-01,
DEK-00002096-03,VTR-00002096,BAUSTEIN,BS-DROHNE,,,,2024-02-01,
DEK-00002097-01,VTR-00002097,HAUPTDECKUNG,,20000000.0,0.0,fix,2023-09-01,
DEK-00002097-02,VTR-00002097,BAUSTEIN,BS-AUSFALL,,,,2023-09-01,
DEK-00002098-01,VTR-00002098,HAUPTDECKUNG,,5000000.0,0.0,fix,2025-12-01,
DEK-00002098-02,VTR-00002098,BAUSTEIN,BS-AUSFALL,,,,2025-12-01,
DEK-00002098-03,VTR-00002098,BAUSTEIN,BS-KINDER,,,,2025-12-01,
DEK-00002099-01,VTR-00002099,HAUPTDECKUNG,,10000000.0,0.0,fix,2023-04-01,
DEK-00002099-02,VTR-00002099,BAUSTEIN,BS-TIER-HUND,,,,2023-04-01,
DEK-00002100-01,VTR-00002100,HAUPTDECKUNG,,5000000.0,200.0,fix,2020-01-01,
DEK-00002100-02,VTR-00002100,BAUSTEIN,BS-GEBAEUDE,,,,2020-01-01,
DEK-00002101-01,VTR-00002101,HAUPTDECKUNG,,5000000.0,200.0,fix,2020-06-01,
DEK-00002102-01,VTR-00002102,HAUPTDECKUNG,,5000000.0,200.0,fix,2025-07-01,
DEK-00002103-01,VTR-00002103,HAUPTDECKUNG,,5000000.0,150.0,fix,2020-10-01,
DEK-00002103-02,VTR-00002103,BAUSTEIN,BS-TIER-HUND,,,,2020-10-01,
DEK-00002103-03,VTR-00002103,BAUSTEIN,BS-KINDER,,,,2020-10-01,
DEK-00002104-01,VTR-00002104,HAUPTDECKUNG,,10000000.0,200.0,fix,2018-05-01,
DEK-00002105-01,VTR-00002105,HAUPTDECKUNG,,5000000.0,200.0,fix,2015-03-01,
DEK-00002105-02,VTR-00002105,BAUSTEIN,BS-GEBAEUDE,,,,2015-03-01,
DEK-00002106-01,VTR-00002106,HAUPTDECKUNG,,50000000.0,0.0,fix,2024-07-01,
DEK-00002107-01,VTR-00002107,HAUPTDECKUNG,,20000000.0,150.0,fix,2017-07-01,2019-08-01
DEK-00002107-02,VTR-00002107,BAUSTEIN,BS-AUSFALL,,,,2017-07-01,2019-08-01
DEK-00002108-01,VTR-00002108,HAUPTDECKUNG,,5000000.0,0.0,fix,2005-03-01,2010-12-01
DEK-00002109-01,VTR-00002109,HAUPTDECKUNG,,20000000.0,0.0,fix,2014-08-01,2024-07-01
DEK-00002109-02,VTR-00002109,BAUSTEIN,BS-AUSFALL,,,,2014-08-01,2024-07-01
DEK-00002109-03,VTR-00002109,BAUSTEIN,BS-KINDER,,,,2014-08-01,2024-07-01
DEK-00002110-01,VTR-00002110,HAUPTDECKUNG,,20000000.0,0.0,fix,2022-01-01,
DEK-00002111-01,VTR-00002111,HAUPTDECKUNG,,5000000.0,200.0,fix,2025-09-01,
DEK-00002112-01,VTR-00002112,HAUPTDECKUNG,,10000000.0,0.0,fix,2021-10-01,
DEK-00002113-01,VTR-00002113,HAUPTDECKUNG,,5000000.0,0.0,fix,2013-10-01,
DEK-00002113-02,VTR-00002113,BAUSTEIN,BS-TIER-HUND,,,,2013-10-01,
DEK-00002113-03,VTR-00002113,BAUSTEIN,BS-SCHLUESSEL,,,,2013-10-01,
DEK-00002113-04,VTR-00002113,BAUSTEIN,BS-KINDER,,,,2013-10-01,
DEK-00002114-01,VTR-00002114,HAUPTDECKUNG,,20000000.0,0.0,fix,2024-04-01,
DEK-00002115-01,VTR-00002115,HAUPTDECKUNG,,20000000.0,0.0,fix,2024-10-01,
DEK-00002115-02,VTR-00002115,BAUSTEIN,BS-AUSFALL,,,,2024-10-01,
DEK-00002115-03,VTR-00002115,BAUSTEIN,BS-SCHLUESSEL,,,,2024-10-01,
DEK-00002116-01,VTR-00002116,HAUPTDECKUNG,,20000000.0,0.0,fix,2024-01-01,
DEK-00002116-02,VTR-00002116,BAUSTEIN,BS-TIER-HUND,,,,2024-01-01,
DEK-00002116-03,VTR-00002116,BAUSTEIN,BS-KINDER,,,,2024-01-01,
DEK-00002117-01,VTR-00002117,HAUPTDECKUNG,,20000000.0,150.0,fix,2015-11-01,2016-11-01
DEK-00002118-01,VTR-00002118,HAUPTDECKUNG,,5000000.0,0.0,fix,2014-04-01,2018-03-01
DEK-00002119-01,VTR-00002119,HAUPTDECKUNG,,5000000.0,200.0,fix,2025-12-01,
DEK-00002120-01,VTR-00002120,HAUPTDECKUNG,,20000000.0,0.0,fix,2025-03-01,
DEK-00002120-02,VTR-00002120,BAUSTEIN,BS-GEBAEUDE,,,,2025-03-01,
DEK-00002120-03,VTR-00002120,BAUSTEIN,BS-AUSFALL,,,,2025-03-01,
DEK-00002121-01,VTR-00002121,HAUPTDECKUNG,,10000000.0,0.0,fix,2019-11-01,
DEK-00002121-02,VTR-00002121,BAUSTEIN,BS-AUSFALL,,,,2019-11-01,
DEK-00002122-01,VTR-00002122,HAUPTDECKUNG,,10000000.0,0.0,fix,2023-09-01,
DEK-00002122-02,VTR-00002122,BAUSTEIN,BS-AUSFALL,,,,2023-09-01,
DEK-00002122-03,VTR-00002122,BAUSTEIN,BS-SCHLUESSEL,,,,2023-09-01,
DEK-00002123-01,VTR-00002123,HAUPTDECKUNG,,10000000.0,0.0,fix,2014-08-01,2019-05-01
DEK-00002123-02,VTR-00002123,BAUSTEIN,BS-AUSFALL,,,,2014-08-01,2019-05-01
DEK-00002124-01,VTR-00002124,HAUPTDECKUNG,,20000000.0,0.0,fix,2021-12-01,2024-06-01
DEK-00002124-02,VTR-00002124,BAUSTEIN,BS-AUSFALL,,,,2021-12-01,2024-06-01
DEK-00002125-01,VTR-00002125,HAUPTDECKUNG,,5000000.0,500.0,fix,2016-11-01,2020-06-01
DEK-00002126-01,VTR-00002126,HAUPTDECKUNG,,5000000.0,200.0,fix,2015-03-01,
DEK-00002126-02,VTR-00002126,BAUSTEIN,BS-GEBAEUDE,,,,2015-03-01,
DEK-00002127-01,VTR-00002127,HAUPTDECKUNG,,10000000.0,150.0,fix,2017-04-01,2020-08-01
DEK-00002127-02,VTR-00002127,BAUSTEIN,BS-KINDER,,,,2017-04-01,2020-08-01
DEK-00002128-01,VTR-00002128,HAUPTDECKUNG,,10000000.0,500.0,fix,2025-05-01,
DEK-00002129-01,VTR-00002129,HAUPTDECKUNG,,5000000.0,200.0,fix,2014-07-01,2019-03-01
DEK-00002130-01,VTR-00002130,HAUPTDECKUNG,,5000000.0,0.0,fix,2021-11-01,
DEK-00002130-02,VTR-00002130,BAUSTEIN,BS-TIER-HUND,,,,2021-11-01,
DEK-00002130-03,VTR-00002130,BAUSTEIN,BS-AUSFALL,,,,2021-11-01,
DEK-00002131-01,VTR-00002131,HAUPTDECKUNG,,10000000.0,0.0,fix,2015-07-01,2019-05-01
DEK-00002131-02,VTR-00002131,BAUSTEIN,BS-GEBAEUDE,,,,2015-07-01,2019-05-01
DEK-00002131-03,VTR-00002131,BAUSTEIN,BS-AUSFALL,,,,2015-07-01,2019-05-01
DEK-00002131-04,VTR-00002131,BAUSTEIN,BS-SCHLUESSEL,,,,2015-07-01,2019-05-01
DEK-00002132-01,VTR-00002132,HAUPTDECKUNG,,10000000.0,0.0,fix,2023-06-01,
DEK-00002132-02,VTR-00002132,BAUSTEIN,BS-TIER-HUND,,,,2023-06-01,
DEK-00002132-03,VTR-00002132,BAUSTEIN,BS-KINDER,,,,2023-06-01,
DEK-00002133-01,VTR-00002133,HAUPTDECKUNG,,5000000.0,200.0,fix,2025-11-01,
DEK-00002133-02,VTR-00002133,BAUSTEIN,BS-GEBAEUDE,,,,2025-11-01,
DEK-00002134-01,VTR-00002134,HAUPTDECKUNG,,10000000.0,0.0,fix,2025-08-01,
DEK-00002134-02,VTR-00002134,BAUSTEIN,BS-TIER-HUND,,,,2025-08-01,
DEK-00002134-03,VTR-00002134,BAUSTEIN,BS-KINDER,,,,2025-08-01,
DEK-00002135-01,VTR-00002135,HAUPTDECKUNG,,5000000.0,0.0,fix,2017-01-01,2024-07-02
DEK-00002136-01,VTR-00002136,HAUPTDECKUNG,,10000000.0,200.0,fix,2025-05-01,
DEK-00002137-01,VTR-00002137,HAUPTDECKUNG,,10000000.0,0.0,fix,2025-12-01,
DEK-00002138-01,VTR-00002138,HAUPTDECKUNG,,10000000.0,200.0,fix,2018-04-01,2019-06-01
DEK-00002139-01,VTR-00002139,HAUPTDECKUNG,,20000000.0,0.0,fix,2025-12-01,
DEK-00002139-02,VTR-00002139,BAUSTEIN,BS-KINDER,,,,2025-12-01,
DEK-00002140-01,VTR-00002140,HAUPTDECKUNG,,50000000.0,0.0,fix,2022-10-01,
DEK-00002140-02,VTR-00002140,BAUSTEIN,BS-OELTANK,,,,2022-10-01,
DEK-00002140-03,VTR-00002140,BAUSTEIN,BS-GEBAEUDE,,,,2022-10-01,
DEK-00002140-04,VTR-00002140,BAUSTEIN,BS-AUSFALL,,,,2022-10-01,
DEK-00002141-01,VTR-00002141,HAUPTDECKUNG,,20000000.0,0.0,fix,2024-11-01,
DEK-00002141-02,VTR-00002141,BAUSTEIN,BS-AUSFALL,,,,2024-11-01,
DEK-00002142-01,VTR-00002142,HAUPTDECKUNG,,5000000.0,150.0,fix,2001-05-01,2004-12-01
DEK-00002143-01,VTR-00002143,HAUPTDECKUNG,,5000000.0,0.0,fix,2025-06-01,
DEK-00002144-01,VTR-00002144,HAUPTDECKUNG,,5000000.0,200.0,fix,2015-06-01,2024-02-01
DEK-00002144-02,VTR-00002144,BAUSTEIN,BS-SCHLUESSEL,,,,2015-06-01,2024-02-01
DEK-00002145-01,VTR-00002145,HAUPTDECKUNG,,5000000.0,200.0,fix,2011-11-01,
DEK-00002146-01,VTR-00002146,HAUPTDECKUNG,,5000000.0,0.0,fix,2023-07-01,
DEK-00002146-02,VTR-00002146,BAUSTEIN,BS-BAUHERR,,,,2023-07-01,
DEK-00002146-03,VTR-00002146,BAUSTEIN,BS-AUSFALL,,,,2023-07-01,
DEK-00002147-01,VTR-00002147,HAUPTDECKUNG,,10000000.0,200.0,fix,2025-03-01,
DEK-00002148-01,VTR-00002148,HAUPTDECKUNG,,10000000.0,0.0,fix,2021-02-01,
DEK-00002149-01,VTR-00002149,HAUPTDECKUNG,,10000000.0,0.0,fix,2024-02-01,
DEK-00002149-02,VTR-00002149,BAUSTEIN,BS-AUSFALL,,,,2024-02-01,
DEK-00002149-03,VTR-00002149,BAUSTEIN,BS-KINDER,,,,2024-02-01,
DEK-00002150-01,VTR-00002150,HAUPTDECKUNG,,5000000.0,200.0,fix,2014-01-01,
DEK-00002151-01,VTR-00002151,HAUPTDECKUNG,,50000000.0,0.0,fix,2024-08-01,
DEK-00002152-01,VTR-00002152,HAUPTDECKUNG,,5000000.0,0.0,fix,2021-03-01,
DEK-00002153-01,VTR-00002153,HAUPTDECKUNG,,5000000.0,200.0,fix,2020-03-01,
DEK-00002153-02,VTR-00002153,BAUSTEIN,BS-TIER-HUND,,,,2020-03-01,
DEK-00002154-01,VTR-00002154,HAUPTDECKUNG,,10000000.0,0.0,fix,2025-03-01,
DEK-00002155-01,VTR-00002155,HAUPTDECKUNG,,5000000.0,0.0,fix,2022-11-01,2024-11-01
DEK-00002155-02,VTR-00002155,BAUSTEIN,BS-AUSFALL,,,,2022-11-01,2024-11-01
DEK-00002156-01,VTR-00002156,HAUPTDECKUNG,,10000000.0,0.0,fix,2025-03-01,
DEK-00002156-02,VTR-00002156,BAUSTEIN,BS-GEBAEUDE,,,,2025-03-01,
DEK-00002156-03,VTR-00002156,BAUSTEIN,BS-AUSFALL,,,,2025-03-01,
DEK-00002156-04,VTR-00002156,BAUSTEIN,BS-SCHLUESSEL,,,,2025-03-01,
DEK-00002157-01,VTR-00002157,HAUPTDECKUNG,,10000000.0,200.0,fix,2020-04-01,
DEK-00002158-01,VTR-00002158,HAUPTDECKUNG,,5000000.0,500.0,fix,2020-09-01,
DEK-00002159-01,VTR-00002159,HAUPTDECKUNG,,5000000.0,0.0,fix,2023-09-01,
DEK-00002160-01,VTR-00002160,HAUPTDECKUNG,,10000000.0,0.0,fix,2022-09-01,
DEK-00002160-02,VTR-00002160,BAUSTEIN,BS-GEBAEUDE,,,,2022-09-01,
DEK-00002161-01,VTR-00002161,HAUPTDECKUNG,,5000000.0,200.0,fix,2025-05-01,
DEK-00002161-02,VTR-00002161,BAUSTEIN,BS-TIER-HUND,,,,2025-05-01,
DEK-00002162-01,VTR-00002162,HAUPTDECKUNG,,50000000.0,0.0,fix,2021-11-01,2022-03-01
DEK-00002162-02,VTR-00002162,BAUSTEIN,BS-TIER-HUND,,,,2021-11-01,2022-03-01
DEK-00002162-03,VTR-00002162,BAUSTEIN,BS-GEBAEUDE,,,,2021-11-01,2022-03-01
DEK-00002162-04,VTR-00002162,BAUSTEIN,BS-KINDER,,,,2021-11-01,2022-03-01
DEK-00002163-01,VTR-00002163,HAUPTDECKUNG,,20000000.0,0.0,fix,2015-07-01,2021-01-01
DEK-00002163-02,VTR-00002163,BAUSTEIN,BS-AUSFALL,,,,2015-07-01,2021-01-01
DEK-00002163-03,VTR-00002163,BAUSTEIN,BS-KINDER,,,,2015-07-01,2021-01-01
DEK-00002164-01,VTR-00002164,HAUPTDECKUNG,,5000000.0,0.0,fix,2024-04-01,
DEK-00002164-02,VTR-00002164,BAUSTEIN,BS-AUSFALL,,,,2024-04-01,
DEK-00002165-01,VTR-00002165,HAUPTDECKUNG,,5000000.0,200.0,fix,2025-08-01,
DEK-00002165-02,VTR-00002165,BAUSTEIN,BS-GEBAEUDE,,,,2025-08-01,
DEK-00002166-01,VTR-00002166,HAUPTDECKUNG,,20000000.0,0.0,fix,2022-09-01,2023-03-01
DEK-00002167-01,VTR-00002167,HAUPTDECKUNG,,10000000.0,0.0,fix,2025-01-01,
DEK-00002167-02,VTR-00002167,BAUSTEIN,BS-AUSFALL,,,,2025-01-01,
DEK-00002168-01,VTR-00002168,HAUPTDECKUNG,,10000000.0,100.0,fix,2014-05-01,
DEK-00002169-01,VTR-00002169,HAUPTDECKUNG,,20000000.0,0.0,fix,2022-01-01,
DEK-00002169-02,VTR-00002169,BAUSTEIN,BS-SCHLUESSEL,,,,2022-01-01,
DEK-00002170-01,VTR-00002170,HAUPTDECKUNG,,5000000.0,0.0,fix,2021-03-01,
DEK-00002170-02,VTR-00002170,BAUSTEIN,BS-TIER-HUND,,,,2021-03-01,
DEK-00002170-03,VTR-00002170,BAUSTEIN,BS-TIER-PFERD,,,,2021-03-01,
DEK-00002171-01,VTR-00002171,HAUPTDECKUNG,,10000000.0,0.0,fix,2023-04-01,
DEK-00002171-02,VTR-00002171,BAUSTEIN,BS-GEBAEUDE,,,,2023-04-01,
DEK-00002171-03,VTR-00002171,BAUSTEIN,BS-AUSFALL,,,,2023-04-01,
DEK-00002172-01,VTR-00002172,HAUPTDECKUNG,,5000000.0,200.0,fix,2014-11-01,
DEK-00002173-01,VTR-00002173,HAUPTDECKUNG,,10000000.0,0.0,fix,2025-04-01,
DEK-00002173-02,VTR-00002173,BAUSTEIN,BS-AUSFALL,,,,2025-04-01,
DEK-00002173-03,VTR-00002173,BAUSTEIN,BS-KINDER,,,,2025-04-01,
DEK-00002174-01,VTR-00002174,HAUPTDECKUNG,,5000000.0,200.0,fix,2025-04-01,
DEK-00002175-01,VTR-00002175,HAUPTDECKUNG,,5000000.0,200.0,fix,2025-10-01,
DEK-00002175-02,VTR-00002175,BAUSTEIN,BS-SCHLUESSEL,,,,2025-10-01,
DEK-00002176-01,VTR-00002176,HAUPTDECKUNG,,10000000.0,150.0,fix,2016-04-01,
DEK-00002177-01,VTR-00002177,HAUPTDECKUNG,,5000000.0,0.0,fix,2021-05-01,
DEK-00002178-01,VTR-00002178,HAUPTDECKUNG,,20000000.0,0.0,fix,2023-09-01,
DEK-00002178-02,VTR-00002178,BAUSTEIN,BS-AUSFALL,,,,2023-09-01,
DEK-00002178-03,VTR-00002178,BAUSTEIN,BS-KINDER,,,,2023-09-01,
DEK-00002179-01,VTR-00002179,HAUPTDECKUNG,,5000000.0,200.0,fix,2025-11-01,
DEK-00002180-01,VTR-00002180,HAUPTDECKUNG,,10000000.0,200.0,fix,2016-05-01,
DEK-00002180-02,VTR-00002180,BAUSTEIN,BS-SCHLUESSEL,,,,2016-05-01,
DEK-00002181-01,VTR-00002181,HAUPTDECKUNG,,10000000.0,0.0,fix,2023-05-01,
DEK-00002181-02,VTR-00002181,BAUSTEIN,BS-TIER-HUND,,,,2023-05-01,
DEK-00002181-03,VTR-00002181,BAUSTEIN,BS-AUSFALL,,,,2023-05-01,
DEK-00002182-01,VTR-00002182,HAUPTDECKUNG,,5000000.0,200.0,fix,2025-02-01,
DEK-00002182-02,VTR-00002182,BAUSTEIN,BS-TIER-PFERD,,,,2025-02-01,
DEK-00002183-01,VTR-00002183,HAUPTDECKUNG,,5000000.0,200.0,fix,2006-03-01,2011-09-01
DEK-00002184-01,VTR-00002184,HAUPTDECKUNG,,5000000.0,0.0,fix,2012-02-01,2014-10-01
DEK-00002185-01,VTR-00002185,HAUPTDECKUNG,,20000000.0,150.0,fix,2019-02-01,
DEK-00002185-02,VTR-00002185,BAUSTEIN,BS-TIER-HUND,,,,2019-02-01,
DEK-00002186-01,VTR-00002186,HAUPTDECKUNG,,5000000.0,0.0,fix,2020-05-01,2022-11-01
DEK-00002186-02,VTR-00002186,BAUSTEIN,BS-GEBAEUDE,,,,2020-05-01,2022-11-01
DEK-00002187-01,VTR-00002187,HAUPTDECKUNG,,5000000.0,0.0,fix,2002-01-01,2005-10-01
DEK-00002188-01,VTR-00002188,HAUPTDECKUNG,,5000000.0,200.0,fix,2017-03-01,2023-07-01
DEK-00002189-01,VTR-00002189,HAUPTDECKUNG,,5000000.0,0.0,fix,2025-08-01,
DEK-00002189-02,VTR-00002189,BAUSTEIN,BS-AUSFALL,,,,2025-08-01,
DEK-00002190-01,VTR-00002190,HAUPTDECKUNG,,5000000.0,200.0,fix,2015-07-01,2024-06-01
DEK-00002190-02,VTR-00002190,BAUSTEIN,BS-BAUHERR,,,,2015-07-01,2024-06-01
DEK-00002191-01,VTR-00002191,HAUPTDECKUNG,,5000000.0,0.0,fix,2009-01-01,2017-02-01
DEK-00002192-01,VTR-00002192,HAUPTDECKUNG,,5000000.0,0.0,fix,2014-02-01,2017-02-01
DEK-00002192-02,VTR-00002192,BAUSTEIN,BS-GEBAEUDE,,,,2014-02-01,2017-02-01
DEK-00002193-01,VTR-00002193,HAUPTDECKUNG,,5000000.0,200.0,fix,2018-06-01,2022-02-01
DEK-00002193-02,VTR-00002193,BAUSTEIN,BS-GEBAEUDE,,,,2018-06-01,2022-02-01
DEK-00002194-01,VTR-00002194,HAUPTDECKUNG,,10000000.0,0.0,fix,2023-09-01,
DEK-00002194-02,VTR-00002194,BAUSTEIN,BS-GEBAEUDE,,,,2023-09-01,
DEK-00002194-03,VTR-00002194,BAUSTEIN,BS-AUSFALL,,,,2023-09-01,
DEK-00002195-01,VTR-00002195,HAUPTDECKUNG,,5000000.0,0.0,fix,2021-12-01,
DEK-00002195-02,VTR-00002195,BAUSTEIN,BS-GEBAEUDE,,,,2021-12-01,
DEK-00002196-01,VTR-00002196,HAUPTDECKUNG,,10000000.0,0.0,fix,2018-04-01,2021-08-01
DEK-00002196-02,VTR-00002196,BAUSTEIN,BS-KINDER,,,,2018-04-01,2021-08-01
DEK-00002197-01,VTR-00002197,HAUPTDECKUNG,,10000000.0,200.0,fix,2025-02-01,
DEK-00002198-01,VTR-00002198,HAUPTDECKUNG,,10000000.0,0.0,fix,2014-03-01,2019-09-01
DEK-00002198-02,VTR-00002198,BAUSTEIN,BS-GEBAEUDE,,,,2014-03-01,2019-09-01
DEK-00002199-01,VTR-00002199,HAUPTDECKUNG,,50000000.0,0.0,fix,2023-07-01,
DEK-00002200-01,VTR-00002200,HAUPTDECKUNG,,5000000.0,200.0,fix,2025-10-01,
DEK-00002200-02,VTR-00002200,BAUSTEIN,BS-BAUHERR,,,,2025-10-01,
DEK-00002201-01,VTR-00002201,HAUPTDECKUNG,,20000000.0,0.0,fix,2020-09-01,
DEK-00002202-01,VTR-00002202,HAUPTDECKUNG,,5000000.0,200.0,fix,2025-01-01,
DEK-00002202-02,VTR-00002202,BAUSTEIN,BS-GEBAEUDE,,,,2025-01-01,
DEK-00002203-01,VTR-00002203,HAUPTDECKUNG,,5000000.0,200.0,fix,2025-08-01,
DEK-00002204-01,VTR-00002204,HAUPTDECKUNG,,50000000.0,0.0,fix,2025-01-01,
DEK-00002204-02,VTR-00002204,BAUSTEIN,BS-TIER-HUND,,,,2025-01-01,
DEK-00002205-01,VTR-00002205,HAUPTDECKUNG,,5000000.0,200.0,fix,2025-09-01,
DEK-00002206-01,VTR-00002206,HAUPTDECKUNG,,20000000.0,150.0,fix,2019-11-01,
DEK-00002206-02,VTR-00002206,BAUSTEIN,BS-AUSFALL,,,,2019-11-01,
DEK-00002206-03,VTR-00002206,BAUSTEIN,BS-DROHNE,,,,2019-11-01,
DEK-00002207-01,VTR-00002207,HAUPTDECKUNG,,10000000.0,0.0,fix,2018-11-01,2020-07-01
DEK-00002207-02,VTR-00002207,BAUSTEIN,BS-BAUHERR,,,,2018-11-01,2020-07-01
DEK-00002208-01,VTR-00002208,HAUPTDECKUNG,,5000000.0,200.0,fix,2009-10-01,2011-04-01
DEK-00002209-01,VTR-00002209,HAUPTDECKUNG,,5000000.0,200.0,fix,2025-03-01,
DEK-00002210-01,VTR-00002210,HAUPTDECKUNG,,5000000.0,0.0,fix,2016-08-01,2017-11-01
DEK-00002211-01,VTR-00002211,HAUPTDECKUNG,,10000000.0,0.0,fix,2025-08-01,
DEK-00002211-02,VTR-00002211,BAUSTEIN,BS-OELTANK,,,,2025-08-01,
DEK-00002212-01,VTR-00002212,HAUPTDECKUNG,,5000000.0,200.0,fix,2025-04-01,
DEK-00002213-01,VTR-00002213,HAUPTDECKUNG,,5000000.0,0.0,fix,2004-11-01,2006-07-01
DEK-00002214-01,VTR-00002214,HAUPTDECKUNG,,5000000.0,0.0,fix,2008-12-01,2013-01-01
DEK-00002215-01,VTR-00002215,HAUPTDECKUNG,,5000000.0,200.0,fix,2025-10-01,
DEK-00002216-01,VTR-00002216,HAUPTDECKUNG,,10000000.0,200.0,fix,2020-08-01,
DEK-00002216-02,VTR-00002216,BAUSTEIN,BS-SCHLUESSEL,,,,2020-08-01,
DEK-00002217-01,VTR-00002217,HAUPTDECKUNG,,50000000.0,0.0,fix,2025-04-01,
DEK-00002217-02,VTR-00002217,BAUSTEIN,BS-GEBAEUDE,,,,2025-04-01,
DEK-00002217-03,VTR-00002217,BAUSTEIN,BS-AUSFALL,,,,2025-04-01,
DEK-00002218-01,VTR-00002218,HAUPTDECKUNG,,5000000.0,0.0,fix,2022-05-01,
DEK-00002218-02,VTR-00002218,BAUSTEIN,BS-OELTANK,,,,2022-05-01,
DEK-00002218-03,VTR-00002218,BAUSTEIN,BS-GEBAEUDE,,,,2022-05-01,
DEK-00002219-01,VTR-00002219,HAUPTDECKUNG,,10000000.0,0.0,fix,2024-08-01,
DEK-00002219-02,VTR-00002219,BAUSTEIN,BS-AUSFALL,,,,2024-08-01,
DEK-00002219-03,VTR-00002219,BAUSTEIN,BS-SCHLUESSEL,,,,2024-08-01,
DEK-00002220-01,VTR-00002220,HAUPTDECKUNG,,5000000.0,200.0,fix,2018-03-01,
DEK-00002221-01,VTR-00002221,HAUPTDECKUNG,,5000000.0,200.0,fix,2016-04-01,
DEK-00002221-02,VTR-00002221,BAUSTEIN,BS-SCHLUESSEL,,,,2016-04-01,
DEK-00002222-01,VTR-00002222,HAUPTDECKUNG,,5000000.0,200.0,fix,2025-05-01,
DEK-00002222-02,VTR-00002222,BAUSTEIN,BS-TIER-HUND,,,,2025-05-01,
DEK-00002223-01,VTR-00002223,HAUPTDECKUNG,,10000000.0,200.0,fix,2025-10-01,
DEK-00002223-02,VTR-00002223,BAUSTEIN,BS-GEBAEUDE,,,,2025-10-01,
DEK-00002224-01,VTR-00002224,HAUPTDECKUNG,,50000000.0,0.0,fix,2025-10-01,
DEK-00002224-02,VTR-00002224,BAUSTEIN,BS-DROHNE,,,,2025-10-01,
DEK-00002225-01,VTR-00002225,HAUPTDECKUNG,,3000000.0,0.0,fix,2009-03-01,2012-07-01
DEK-00002226-01,VTR-00002226,HAUPTDECKUNG,,5000000.0,200.0,fix,2019-11-01,2021-02-01
DEK-00002227-01,VTR-00002227,HAUPTDECKUNG,,5000000.0,200.0,fix,2015-11-01,2017-07-01
DEK-00002228-01,VTR-00002228,HAUPTDECKUNG,,50000000.0,0.0,fix,2024-08-01,
DEK-00002229-01,VTR-00002229,HAUPTDECKUNG,,5000000.0,200.0,fix,2013-10-01,2014-07-01
DEK-00002229-02,VTR-00002229,BAUSTEIN,BS-SCHLUESSEL,,,,2013-10-01,2014-07-01
DEK-00002230-01,VTR-00002230,HAUPTDECKUNG,,5000000.0,200.0,fix,2004-07-01,2020-10-01
DEK-00002231-01,VTR-00002231,HAUPTDECKUNG,,10000000.0,0.0,fix,2018-04-01,2022-12-01
DEK-00002232-01,VTR-00002232,HAUPTDECKUNG,,10000000.0,200.0,fix,2019-07-01,
DEK-00002233-01,VTR-00002233,HAUPTDECKUNG,,5000000.0,200.0,fix,2019-01-01,2023-05-01
DEK-00002234-01,VTR-00002234,HAUPTDECKUNG,,5000000.0,0.0,fix,2025-02-01,
DEK-00002234-02,VTR-00002234,BAUSTEIN,BS-AUSFALL,,,,2025-02-01,
DEK-00002234-03,VTR-00002234,BAUSTEIN,BS-KINDER,,,,2025-02-01,
DEK-00002235-01,VTR-00002235,HAUPTDECKUNG,,20000000.0,150.0,fix,2025-07-01,
DEK-00002236-01,VTR-00002236,HAUPTDECKUNG,,10000000.0,0.0,fix,2014-01-01,2021-05-01
DEK-00002236-02,VTR-00002236,BAUSTEIN,BS-GEBAEUDE,,,,2014-01-01,2021-05-01
DEK-00002237-01,VTR-00002237,HAUPTDECKUNG,,5000000.0,200.0,fix,2017-11-01,
DEK-00002237-02,VTR-00002237,BAUSTEIN,BS-SCHLUESSEL,,,,2017-11-01,
DEK-00002238-01,VTR-00002238,HAUPTDECKUNG,,5000000.0,0.0,fix,2025-04-01,
DEK-00002238-02,VTR-00002238,BAUSTEIN,BS-KINDER,,,,2025-04-01,
DEK-00002239-01,VTR-00002239,HAUPTDECKUNG,,50000000.0,0.0,fix,2024-06-01,
DEK-00002239-02,VTR-00002239,BAUSTEIN,BS-GEBAEUDE,,,,2024-06-01,
DEK-00002239-03,VTR-00002239,BAUSTEIN,BS-AUSFALL,,,,2024-06-01,
DEK-00002239-04,VTR-00002239,BAUSTEIN,BS-KINDER,,,,2024-06-01,
DEK-00002240-01,VTR-00002240,HAUPTDECKUNG,,5000000.0,200.0,fix,2015-05-01,
DEK-00002241-01,VTR-00002241,HAUPTDECKUNG,,5000000.0,200.0,fix,2025-11-01,
DEK-00002241-02,VTR-00002241,BAUSTEIN,BS-TIER-HUND,,,,2025-11-01,
DEK-00002241-03,VTR-00002241,BAUSTEIN,BS-TIER-PFERD,,,,2025-11-01,
DEK-00002242-01,VTR-00002242,HAUPTDECKUNG,,5000000.0,0.0,fix,2021-12-01,
DEK-00002242-02,VTR-00002242,BAUSTEIN,BS-AUSFALL,,,,2021-12-01,
DEK-00002242-03,VTR-00002242,BAUSTEIN,BS-KINDER,,,,2021-12-01,
DEK-00002243-01,VTR-00002243,HAUPTDECKUNG,,20000000.0,150.0,fix,2014-04-01,2017-05-01
DEK-00002243-02,VTR-00002243,BAUSTEIN,BS-TIER-PFERD,,,,2014-04-01,2017-05-01
DEK-00002244-01,VTR-00002244,HAUPTDECKUNG,,10000000.0,100.0,fix,2020-10-01,
DEK-00002245-01,VTR-00002245,HAUPTDECKUNG,,5000000.0,200.0,fix,2016-07-01,
DEK-00002246-01,VTR-00002246,HAUPTDECKUNG,,50000000.0,0.0,fix,2025-08-01,
DEK-00002246-02,VTR-00002246,BAUSTEIN,BS-KINDER,,,,2025-08-01,
DEK-00002247-01,VTR-00002247,HAUPTDECKUNG,,5000000.0,200.0,fix,2025-02-01,
DEK-00002247-02,VTR-00002247,BAUSTEIN,BS-BAUHERR,,,,2025-02-01,
DEK-00002248-01,VTR-00002248,HAUPTDECKUNG,,5000000.0,200.0,fix,2013-01-01,
DEK-00002248-02,VTR-00002248,BAUSTEIN,BS-GEBAEUDE,,,,2013-01-01,
DEK-00002249-01,VTR-00002249,HAUPTDECKUNG,,5000000.0,500.0,fix,2017-04-01,2018-02-01
DEK-00002250-01,VTR-00002250,HAUPTDECKUNG,,5000000.0,0.0,fix,2019-10-01,2022-07-01
DEK-00002251-01,VTR-00002251,HAUPTDECKUNG,,5000000.0,200.0,fix,2020-06-01,
DEK-00002251-02,VTR-00002251,BAUSTEIN,BS-GEBAEUDE,,,,2020-06-01,
DEK-00002252-01,VTR-00002252,HAUPTDECKUNG,,10000000.0,500.0,fix,2015-11-01,2019-08-01
DEK-00002253-01,VTR-00002253,HAUPTDECKUNG,,5000000.0,0.0,fix,2025-09-01,
DEK-00002254-01,VTR-00002254,HAUPTDECKUNG,,5000000.0,200.0,fix,2009-12-01,2016-02-01
DEK-00002255-01,VTR-00002255,HAUPTDECKUNG,,20000000.0,0.0,fix,2020-04-01,2024-06-01
DEK-00002255-02,VTR-00002255,BAUSTEIN,BS-KINDER,,,,2020-04-01,2024-06-01
DEK-00002256-01,VTR-00002256,HAUPTDECKUNG,,5000000.0,0.0,fix,2025-11-01,
DEK-00002256-02,VTR-00002256,BAUSTEIN,BS-KINDER,,,,2025-11-01,
DEK-00002257-01,VTR-00002257,HAUPTDECKUNG,,5000000.0,200.0,fix,2006-10-01,2022-04-01
DEK-00002258-01,VTR-00002258,HAUPTDECKUNG,,5000000.0,0.0,fix,2024-04-01,
DEK-00002259-01,VTR-00002259,HAUPTDECKUNG,,5000000.0,100.0,fix,2015-01-01,
DEK-00002260-01,VTR-00002260,HAUPTDECKUNG,,5000000.0,200.0,fix,2015-03-01,2017-12-01
DEK-00002261-01,VTR-00002261,HAUPTDECKUNG,,10000000.0,200.0,fix,2025-11-01,
DEK-00002262-01,VTR-00002262,HAUPTDECKUNG,,5000000.0,200.0,fix,2015-08-01,2022-02-01
DEK-00002263-01,VTR-00002263,HAUPTDECKUNG,,10000000.0,100.0,fix,2020-08-01,2021-09-01
DEK-00002264-01,VTR-00002264,HAUPTDECKUNG,,20000000.0,0.0,fix,2022-08-01,
DEK-00002264-02,VTR-00002264,BAUSTEIN,BS-AUSFALL,,,,2022-08-01,
DEK-00002264-03,VTR-00002264,BAUSTEIN,BS-DROHNE,,,,2022-08-01,
DEK-00002265-01,VTR-00002265,HAUPTDECKUNG,,5000000.0,200.0,fix,2025-10-01,
DEK-00002266-01,VTR-00002266,HAUPTDECKUNG,,5000000.0,0.0,fix,2025-02-01,
DEK-00002267-01,VTR-00002267,HAUPTDECKUNG,,10000000.0,0.0,fix,2024-09-01,
DEK-00002267-02,VTR-00002267,BAUSTEIN,BS-AUSFALL,,,,2024-09-01,
DEK-00002268-01,VTR-00002268,HAUPTDECKUNG,,20000000.0,0.0,fix,2024-08-01,
DEK-00002268-02,VTR-00002268,BAUSTEIN,BS-GEBAEUDE,,,,2024-08-01,
DEK-00002268-03,VTR-00002268,BAUSTEIN,BS-AUSFALL,,,,2024-08-01,
DEK-00002268-04,VTR-00002268,BAUSTEIN,BS-SCHLUESSEL,,,,2024-08-01,
DEK-00002268-05,VTR-00002268,BAUSTEIN,BS-KINDER,,,,2024-08-01,
DEK-00002268-06,VTR-00002268,BAUSTEIN,BS-DROHNE,,,,2024-08-01,
DEK-00002269-01,VTR-00002269,HAUPTDECKUNG,,5000000.0,0.0,fix,2023-02-01,
DEK-00002269-02,VTR-00002269,BAUSTEIN,BS-GEBAEUDE,,,,2023-02-01,
DEK-00002269-03,VTR-00002269,BAUSTEIN,BS-SCHLUESSEL,,,,2023-02-01,
DEK-00002270-01,VTR-00002270,HAUPTDECKUNG,,10000000.0,200.0,fix,2014-03-01,2019-06-01
DEK-00002271-01,VTR-00002271,HAUPTDECKUNG,,5000000.0,200.0,fix,2025-05-01,
DEK-00002271-02,VTR-00002271,BAUSTEIN,BS-TIER-PFERD,,,,2025-05-01,
DEK-00002272-01,VTR-00002272,HAUPTDECKUNG,,5000000.0,200.0,fix,2015-12-01,2019-02-01
DEK-00002272-02,VTR-00002272,BAUSTEIN,BS-GEBAEUDE,,,,2015-12-01,2019-02-01
DEK-00002273-01,VTR-00002273,HAUPTDECKUNG,,5000000.0,0.0,fix,2016-10-01,2020-03-01
DEK-00002274-01,VTR-00002274,HAUPTDECKUNG,,5000000.0,200.0,fix,2025-12-01,
DEK-00002275-01,VTR-00002275,HAUPTDECKUNG,,5000000.0,0.0,fix,2022-05-01,
DEK-00002276-01,VTR-00002276,HAUPTDECKUNG,,20000000.0,0.0,fix,2025-03-01,
DEK-00002276-02,VTR-00002276,BAUSTEIN,BS-GEBAEUDE,,,,2025-03-01,
DEK-00002276-03,VTR-00002276,BAUSTEIN,BS-KINDER,,,,2025-03-01,
DEK-00002277-01,VTR-00002277,HAUPTDECKUNG,,50000000.0,0.0,fix,2021-09-01,2022-01-01
DEK-00002278-01,VTR-00002278,HAUPTDECKUNG,,5000000.0,0.0,fix,2022-04-01,
DEK-00002278-02,VTR-00002278,BAUSTEIN,BS-AUSFALL,,,,2022-04-01,
DEK-00002279-01,VTR-00002279,HAUPTDECKUNG,,10000000.0,0.0,fix,2016-08-01,2022-11-01
DEK-00002279-02,VTR-00002279,BAUSTEIN,BS-KINDER,,,,2016-08-01,2022-11-01
DEK-00002280-01,VTR-00002280,HAUPTDECKUNG,,5000000.0,200.0,fix,2015-06-01,2021-11-01
DEK-00002280-02,VTR-00002280,BAUSTEIN,BS-TIER-HUND,,,,2015-06-01,2021-11-01
DEK-00002281-01,VTR-00002281,HAUPTDECKUNG,,10000000.0,200.0,fix,2025-10-01,
DEK-00002282-01,VTR-00002282,HAUPTDECKUNG,,10000000.0,0.0,fix,2022-06-01,
DEK-00002282-02,VTR-00002282,BAUSTEIN,BS-AUSFALL,,,,2022-06-01,
DEK-00002282-03,VTR-00002282,BAUSTEIN,BS-DROHNE,,,,2022-06-01,
DEK-00002283-01,VTR-00002283,HAUPTDECKUNG,,5000000.0,200.0,fix,2016-09-01,2021-10-01
DEK-00002284-01,VTR-00002284,HAUPTDECKUNG,,5000000.0,200.0,fix,2025-07-01,
DEK-00002284-02,VTR-00002284,BAUSTEIN,BS-TIER-PFERD,,,,2025-07-01,
DEK-00002285-01,VTR-00002285,HAUPTDECKUNG,,5000000.0,200.0,fix,2025-01-01,
DEK-00002285-02,VTR-00002285,BAUSTEIN,BS-TIER-HUND,,,,2025-01-01,
DEK-00002286-01,VTR-00002286,HAUPTDECKUNG,,5000000.0,200.0,fix,2014-03-01,
DEK-00002287-01,VTR-00002287,HAUPTDECKUNG,,10000000.0,500.0,fix,2025-07-01,
DEK-00002288-01,VTR-00002288,HAUPTDECKUNG,,10000000.0,200.0,fix,2025-12-01,
DEK-00002289-01,VTR-00002289,HAUPTDECKUNG,,5000000.0,200.0,fix,2013-07-01,
DEK-00002289-02,VTR-00002289,BAUSTEIN,BS-GEBAEUDE,,,,2013-07-01,
DEK-00002290-01,VTR-00002290,HAUPTDECKUNG,,20000000.0,0.0,fix,2015-03-01,2017-10-01
DEK-00002291-01,VTR-00002291,HAUPTDECKUNG,,5000000.0,200.0,fix,2016-07-01,2024-11-01
DEK-00002292-01,VTR-00002292,HAUPTDECKUNG,,10000000.0,0.0,fix,2019-11-01,
DEK-00002292-02,VTR-00002292,BAUSTEIN,BS-AUSFALL,,,,2019-11-01,
DEK-00002292-03,VTR-00002292,BAUSTEIN,BS-KINDER,,,,2019-11-01,
DEK-00002293-01,VTR-00002293,HAUPTDECKUNG,,5000000.0,200.0,fix,2025-02-01,
DEK-00002294-01,VTR-00002294,HAUPTDECKUNG,,10000000.0,200.0,fix,2025-09-01,
DEK-00002295-01,VTR-00002295,HAUPTDECKUNG,,5000000.0,200.0,fix,2025-01-01,
DEK-00002296-01,VTR-00002296,HAUPTDECKUNG,,5000000.0,200.0,fix,2008-03-01,2011-02-01
DEK-00002296-02,VTR-00002296,BAUSTEIN,BS-TIER-HUND,,,,2008-03-01,2011-02-01
DEK-00002297-01,VTR-00002297,HAUPTDECKUNG,,5000000.0,200.0,fix,2025-06-01,
DEK-00002298-01,VTR-00002298,HAUPTDECKUNG,,5000000.0,0.0,fix,2021-06-01,
DEK-00002298-02,VTR-00002298,BAUSTEIN,BS-TIER-HUND,,,,2021-06-01,
DEK-00002298-03,VTR-00002298,BAUSTEIN,BS-DROHNE,,,,2021-06-01,
DEK-00002299-01,VTR-00002299,HAUPTDECKUNG,,10000000.0,0.0,fix,2021-04-01,
DEK-00002299-02,VTR-00002299,BAUSTEIN,BS-AUSFALL,,,,2021-04-01,
DEK-00002300-01,VTR-00002300,HAUPTDECKUNG,,5000000.0,150.0,fix,2025-10-01,
DEK-00002300-02,VTR-00002300,BAUSTEIN,BS-OELTANK,,,,2025-10-01,
DEK-00002300-03,VTR-00002300,BAUSTEIN,BS-AUSFALL,,,,2025-10-01,
DEK-00002301-01,VTR-00002301,HAUPTDECKUNG,,10000000.0,0.0,fix,2017-10-01,
DEK-00002302-01,VTR-00002302,HAUPTDECKUNG,,5000000.0,200.0,fix,2014-02-01,
DEK-00002303-01,VTR-00002303,HAUPTDECKUNG,,20000000.0,0.0,fix,2022-11-01,
DEK-00002303-02,VTR-00002303,BAUSTEIN,BS-KINDER,,,,2022-11-01,
DEK-00002304-01,VTR-00002304,HAUPTDECKUNG,,10000000.0,200.0,fix,2014-12-01,2019-01-01
DEK-00002304-02,VTR-00002304,BAUSTEIN,BS-TIER-PFERD,,,,2014-12-01,2019-01-01
DEK-00002305-01,VTR-00002305,HAUPTDECKUNG,,20000000.0,0.0,fix,2022-11-01,
DEK-00002305-02,VTR-00002305,BAUSTEIN,BS-TIER-HUND,,,,2022-11-01,
DEK-00002306-01,VTR-00002306,HAUPTDECKUNG,,5000000.0,200.0,fix,2015-02-01,
DEK-00002306-02,VTR-00002306,BAUSTEIN,BS-GEBAEUDE,,,,2015-02-01,
DEK-00002307-01,VTR-00002307,HAUPTDECKUNG,,20000000.0,0.0,fix,2021-05-01,2022-01-01
DEK-00002308-01,VTR-00002308,HAUPTDECKUNG,,10000000.0,0.0,fix,2014-08-01,2021-02-01
DEK-00002308-02,VTR-00002308,BAUSTEIN,BS-TIER-HUND,,,,2014-08-01,2021-02-01
DEK-00002309-01,VTR-00002309,HAUPTDECKUNG,,20000000.0,150.0,fix,2025-03-01,
DEK-00002310-01,VTR-00002310,HAUPTDECKUNG,,20000000.0,0.0,fix,2022-03-01,2024-07-01
DEK-00002310-02,VTR-00002310,BAUSTEIN,BS-SCHLUESSEL,,,,2022-03-01,2024-07-01
DEK-00002311-01,VTR-00002311,HAUPTDECKUNG,,10000000.0,500.0,fix,2013-09-01,2024-05-01
DEK-00002312-01,VTR-00002312,HAUPTDECKUNG,,10000000.0,0.0,fix,2021-11-01,2024-10-01
DEK-00002312-02,VTR-00002312,BAUSTEIN,BS-AUSFALL,,,,2021-11-01,2024-10-01
DEK-00002313-01,VTR-00002313,HAUPTDECKUNG,,5000000.0,0.0,fix,2025-10-01,
DEK-00002314-01,VTR-00002314,HAUPTDECKUNG,,10000000.0,0.0,fix,2021-01-01,
DEK-00002314-02,VTR-00002314,BAUSTEIN,BS-AUSFALL,,,,2021-01-01,
DEK-00002315-01,VTR-00002315,HAUPTDECKUNG,,5000000.0,100.0,fix,2009-03-01,2010-07-01
DEK-00002316-01,VTR-00002316,HAUPTDECKUNG,,5000000.0,0.0,fix,2021-08-01,
DEK-00002316-02,VTR-00002316,BAUSTEIN,BS-AUSFALL,,,,2021-08-01,
DEK-00002317-01,VTR-00002317,HAUPTDECKUNG,,10000000.0,0.0,fix,2025-10-01,
DEK-00002317-02,VTR-00002317,BAUSTEIN,BS-AUSFALL,,,,2025-10-01,
DEK-00002317-03,VTR-00002317,BAUSTEIN,BS-KINDER,,,,2025-10-01,
DEK-00002318-01,VTR-00002318,HAUPTDECKUNG,,20000000.0,0.0,fix,2025-07-01,
DEK-00002319-01,VTR-00002319,HAUPTDECKUNG,,10000000.0,0.0,fix,2024-03-01,
DEK-00002319-02,VTR-00002319,BAUSTEIN,BS-OELTANK,,,,2024-03-01,
DEK-00002320-01,VTR-00002320,HAUPTDECKUNG,,5000000.0,200.0,fix,2025-03-01,
DEK-00002321-01,VTR-00002321,HAUPTDECKUNG,,5000000.0,150.0,fix,2017-07-01,
DEK-00002321-02,VTR-00002321,BAUSTEIN,BS-BAUHERR,,,,2017-07-01,
DEK-00002321-03,VTR-00002321,BAUSTEIN,BS-SCHLUESSEL,,,,2017-07-01,
DEK-00002322-01,VTR-00002322,HAUPTDECKUNG,,10000000.0,0.0,fix,2021-04-01,2023-09-01
DEK-00002323-01,VTR-00002323,HAUPTDECKUNG,,5000000.0,200.0,fix,2016-06-01,2023-07-01
DEK-00002323-02,VTR-00002323,BAUSTEIN,BS-GEBAEUDE,,,,2016-06-01,2023-07-01
DEK-00002324-01,VTR-00002324,HAUPTDECKUNG,,5000000.0,200.0,fix,2015-06-01,
DEK-00002325-01,VTR-00002325,HAUPTDECKUNG,,5000000.0,0.0,fix,2008-08-01,2020-06-01
DEK-00002326-01,VTR-00002326,HAUPTDECKUNG,,5000000.0,200.0,fix,2013-08-01,2014-03-01
DEK-00002326-02,VTR-00002326,BAUSTEIN,BS-GEBAEUDE,,,,2013-08-01,2014-03-01
DEK-00002327-01,VTR-00002327,HAUPTDECKUNG,,5000000.0,200.0,fix,2025-10-01,
DEK-00002327-02,VTR-00002327,BAUSTEIN,BS-GEBAEUDE,,,,2025-10-01,
DEK-00002328-01,VTR-00002328,HAUPTDECKUNG,,5000000.0,0.0,fix,2017-05-01,2018-08-01
DEK-00002328-02,VTR-00002328,BAUSTEIN,BS-KINDER,,,,2017-05-01,2018-08-01
DEK-00002329-01,VTR-00002329,HAUPTDECKUNG,,5000000.0,200.0,fix,2025-04-01,
DEK-00002330-01,VTR-00002330,HAUPTDECKUNG,,10000000.0,200.0,fix,2015-01-01,
DEK-00002331-01,VTR-00002331,HAUPTDECKUNG,,10000000.0,200.0,fix,2025-10-01,
DEK-00002331-02,VTR-00002331,BAUSTEIN,BS-GEBAEUDE,,,,2025-10-01,
DEK-00002332-01,VTR-00002332,HAUPTDECKUNG,,20000000.0,0.0,fix,2017-06-01,2022-09-01
DEK-00002332-02,VTR-00002332,BAUSTEIN,BS-TIER-HUND,,,,2017-06-01,2022-09-01
DEK-00002332-03,VTR-00002332,BAUSTEIN,BS-AUSFALL,,,,2017-06-01,2022-09-01
DEK-00002333-01,VTR-00002333,HAUPTDECKUNG,,5000000.0,0.0,fix,2015-01-01,
DEK-00002334-01,VTR-00002334,HAUPTDECKUNG,,10000000.0,0.0,fix,2022-12-01,
DEK-00002334-02,VTR-00002334,BAUSTEIN,BS-KINDER,,,,2022-12-01,
DEK-00002335-01,VTR-00002335,HAUPTDECKUNG,,50000000.0,0.0,fix,2025-07-01,
DEK-00002335-02,VTR-00002335,BAUSTEIN,BS-TIER-HUND,,,,2025-07-01,
DEK-00002335-03,VTR-00002335,BAUSTEIN,BS-DROHNE,,,,2025-07-01,
DEK-00002336-01,VTR-00002336,HAUPTDECKUNG,,50000000.0,0.0,fix,2023-08-01,
DEK-00002336-02,VTR-00002336,BAUSTEIN,BS-AUSFALL,,,,2023-08-01,
DEK-00002337-01,VTR-00002337,HAUPTDECKUNG,,5000000.0,200.0,fix,2025-10-01,
DEK-00002337-02,VTR-00002337,BAUSTEIN,BS-GEBAEUDE,,,,2025-10-01,
DEK-00002338-01,VTR-00002338,HAUPTDECKUNG,,10000000.0,0.0,fix,2025-01-01,
DEK-00002338-02,VTR-00002338,BAUSTEIN,BS-KINDER,,,,2025-01-01,
DEK-00002339-01,VTR-00002339,HAUPTDECKUNG,,5000000.0,200.0,fix,2025-07-01,
DEK-00002339-02,VTR-00002339,BAUSTEIN,BS-TIER-HUND,,,,2025-07-01,
DEK-00002340-01,VTR-00002340,HAUPTDECKUNG,,20000000.0,0.0,fix,2020-10-01,2023-04-01
DEK-00002340-02,VTR-00002340,BAUSTEIN,BS-KINDER,,,,2020-10-01,2023-04-01
DEK-00002341-01,VTR-00002341,HAUPTDECKUNG,,5000000.0,200.0,fix,2025-12-01,
DEK-00002341-02,VTR-00002341,BAUSTEIN,BS-BAUHERR,,,,2025-12-01,
DEK-00002341-03,VTR-00002341,BAUSTEIN,BS-GEBAEUDE,,,,2025-12-01,
DEK-00002342-01,VTR-00002342,HAUPTDECKUNG,,20000000.0,0.0,fix,2021-11-01,2022-04-01
DEK-00002342-02,VTR-00002342,BAUSTEIN,BS-BAUHERR,,,,2021-11-01,2022-04-01
DEK-00002342-03,VTR-00002342,BAUSTEIN,BS-AUSFALL,,,,2021-11-01,2022-04-01
DEK-00002343-01,VTR-00002343,HAUPTDECKUNG,,10000000.0,150.0,fix,2020-01-01,
DEK-00002344-01,VTR-00002344,HAUPTDECKUNG,,10000000.0,0.0,fix,2024-12-01,
DEK-00002344-02,VTR-00002344,BAUSTEIN,BS-AUSFALL,,,,2024-12-01,
DEK-00002345-01,VTR-00002345,HAUPTDECKUNG,,20000000.0,0.0,fix,2023-03-01,
DEK-00002346-01,VTR-00002346,HAUPTDECKUNG,,5000000.0,0.0,fix,2025-02-01,
DEK-00002346-02,VTR-00002346,BAUSTEIN,BS-AUSFALL,,,,2025-02-01,
DEK-00002346-03,VTR-00002346,BAUSTEIN,BS-DROHNE,,,,2025-02-01,
DEK-00002347-01,VTR-00002347,HAUPTDECKUNG,,5000000.0,200.0,fix,2025-12-01,
DEK-00002348-01,VTR-00002348,HAUPTDECKUNG,,10000000.0,0.0,fix,2017-03-01,
DEK-00002348-02,VTR-00002348,BAUSTEIN,BS-AUSFALL,,,,2017-03-01,
DEK-00002349-01,VTR-00002349,HAUPTDECKUNG,,5000000.0,0.0,fix,2025-04-01,
DEK-00002350-01,VTR-00002350,HAUPTDECKUNG,,20000000.0,0.0,fix,2017-12-01,2019-12-01
DEK-00002350-02,VTR-00002350,BAUSTEIN,BS-OELTANK,,,,2017-12-01,2019-12-01
DEK-00002350-03,VTR-00002350,BAUSTEIN,BS-KINDER,,,,2017-12-01,2019-12-01
DEK-00002351-01,VTR-00002351,HAUPTDECKUNG,,20000000.0,0.0,fix,2024-02-01,
DEK-00002351-02,VTR-00002351,BAUSTEIN,BS-AUSFALL,,,,2024-02-01,
DEK-00002352-01,VTR-00002352,HAUPTDECKUNG,,5000000.0,200.0,fix,2025-10-01,
DEK-00002353-01,VTR-00002353,HAUPTDECKUNG,,5000000.0,0.0,fix,2002-06-01,2008-11-01
DEK-00002354-01,VTR-00002354,HAUPTDECKUNG,,10000000.0,0.0,fix,2015-04-01,2017-09-01
DEK-00002355-01,VTR-00002355,HAUPTDECKUNG,,20000000.0,0.0,fix,2018-02-01,
DEK-00002355-02,VTR-00002355,BAUSTEIN,BS-GEBAEUDE,,,,2018-02-01,
DEK-00002356-01,VTR-00002356,HAUPTDECKUNG,,5000000.0,0.0,fix,2022-05-01,2023-05-01
DEK-00002356-02,VTR-00002356,BAUSTEIN,BS-OELTANK,,,,2022-05-01,2023-05-01
DEK-00002356-03,VTR-00002356,BAUSTEIN,BS-AUSFALL,,,,2022-05-01,2023-05-01
DEK-00002357-01,VTR-00002357,HAUPTDECKUNG,,5000000.0,0.0,fix,2005-12-01,2010-11-01
DEK-00002358-01,VTR-00002358,HAUPTDECKUNG,,10000000.0,0.0,fix,2019-03-01,2020-11-01
DEK-00002358-02,VTR-00002358,BAUSTEIN,BS-GEBAEUDE,,,,2019-03-01,2020-11-01
DEK-00002359-01,VTR-00002359,HAUPTDECKUNG,,20000000.0,0.0,fix,2023-07-01,
DEK-00002360-01,VTR-00002360,HAUPTDECKUNG,,50000000.0,0.0,fix,2023-12-01,
DEK-00002361-01,VTR-00002361,HAUPTDECKUNG,,20000000.0,0.0,fix,2025-12-01,
DEK-00002361-02,VTR-00002361,BAUSTEIN,BS-BAUHERR,,,,2025-12-01,
DEK-00002361-03,VTR-00002361,BAUSTEIN,BS-KINDER,,,,2025-12-01,
DEK-00002362-01,VTR-00002362,HAUPTDECKUNG,,10000000.0,200.0,fix,2019-10-01,2021-03-01
DEK-00002363-01,VTR-00002363,HAUPTDECKUNG,,20000000.0,0.0,fix,2016-05-01,2021-02-01
DEK-00002363-02,VTR-00002363,BAUSTEIN,BS-TIER-HUND,,,,2016-05-01,2021-02-01
DEK-00002363-03,VTR-00002363,BAUSTEIN,BS-AUSFALL,,,,2016-05-01,2021-02-01
DEK-00002364-01,VTR-00002364,HAUPTDECKUNG,,5000000.0,150.0,fix,2025-12-01,
DEK-00002364-02,VTR-00002364,BAUSTEIN,BS-KINDER,,,,2025-12-01,
DEK-00002365-01,VTR-00002365,HAUPTDECKUNG,,50000000.0,0.0,fix,2021-05-01,
DEK-00002365-02,VTR-00002365,BAUSTEIN,BS-KINDER,,,,2021-05-01,
DEK-00002366-01,VTR-00002366,HAUPTDECKUNG,,10000000.0,0.0,fix,2025-06-01,
DEK-00002366-02,VTR-00002366,BAUSTEIN,BS-AUSFALL,,,,2025-06-01,
DEK-00002367-01,VTR-00002367,HAUPTDECKUNG,,5000000.0,0.0,fix,2021-04-01,
DEK-00002368-01,VTR-00002368,HAUPTDECKUNG,,5000000.0,0.0,fix,2020-09-01,
DEK-00002369-01,VTR-00002369,HAUPTDECKUNG,,5000000.0,0.0,fix,2025-01-01,
DEK-00002369-02,VTR-00002369,BAUSTEIN,BS-TIER-HUND,,,,2025-01-01,
DEK-00002369-03,VTR-00002369,BAUSTEIN,BS-SCHLUESSEL,,,,2025-01-01,
DEK-00002370-01,VTR-00002370,HAUPTDECKUNG,,5000000.0,0.0,fix,2018-12-01,
DEK-00002370-02,VTR-00002370,BAUSTEIN,BS-KINDER,,,,2018-12-01,
DEK-00002371-01,VTR-00002371,HAUPTDECKUNG,,5000000.0,0.0,fix,2024-10-01,
DEK-00002371-02,VTR-00002371,BAUSTEIN,BS-TIER-PFERD,,,,2024-10-01,
DEK-00002372-01,VTR-00002372,HAUPTDECKUNG,,10000000.0,200.0,fix,2025-12-01,
DEK-00002373-01,VTR-00002373,HAUPTDECKUNG,,10000000.0,500.0,fix,2025-01-01,
DEK-00002374-01,VTR-00002374,HAUPTDECKUNG,,5000000.0,500.0,fix,2020-12-01,2021-12-01
DEK-00002375-01,VTR-00002375,HAUPTDECKUNG,,10000000.0,0.0,fix,2016-02-01,
DEK-00002376-01,VTR-00002376,HAUPTDECKUNG,,5000000.0,200.0,fix,2018-04-01,2022-10-01
DEK-00002376-02,VTR-00002376,BAUSTEIN,BS-BAUHERR,,,,2018-04-01,2022-10-01
DEK-00002376-03,VTR-00002376,BAUSTEIN,BS-GEBAEUDE,,,,2018-04-01,2022-10-01
DEK-00002377-01,VTR-00002377,HAUPTDECKUNG,,5000000.0,200.0,fix,2025-09-01,
DEK-00002378-01,VTR-00002378,HAUPTDECKUNG,,5000000.0,200.0,fix,2020-06-01,
DEK-00002379-01,VTR-00002379,HAUPTDECKUNG,,5000000.0,200.0,fix,2019-07-01,2020-08-01
DEK-00002380-01,VTR-00002380,HAUPTDECKUNG,,5000000.0,0.0,fix,2019-01-01,2020-01-01
DEK-00002380-02,VTR-00002380,BAUSTEIN,BS-KINDER,,,,2019-01-01,2020-01-01
DEK-00002381-01,VTR-00002381,HAUPTDECKUNG,,10000000.0,0.0,fix,2020-08-01,2022-02-01
DEK-00002381-02,VTR-00002381,BAUSTEIN,BS-KINDER,,,,2020-08-01,2022-02-01
DEK-00002382-01,VTR-00002382,HAUPTDECKUNG,,10000000.0,0.0,fix,2024-01-01,
DEK-00002382-02,VTR-00002382,BAUSTEIN,BS-TIER-HUND,,,,2024-01-01,
DEK-00002383-01,VTR-00002383,HAUPTDECKUNG,,50000000.0,0.0,fix,2023-10-01,
DEK-00002383-02,VTR-00002383,BAUSTEIN,BS-SCHLUESSEL,,,,2023-10-01,
DEK-00002383-03,VTR-00002383,BAUSTEIN,BS-KINDER,,,,2023-10-01,
DEK-00002384-01,VTR-00002384,HAUPTDECKUNG,,5000000.0,200.0,fix,2015-03-01,
DEK-00002385-01,VTR-00002385,HAUPTDECKUNG,,5000000.0,0.0,fix,2025-01-01,
DEK-00002386-01,VTR-00002386,HAUPTDECKUNG,,20000000.0,150.0,fix,2025-06-01,
DEK-00002387-01,VTR-00002387,HAUPTDECKUNG,,5000000.0,200.0,fix,2025-01-01,
DEK-00002388-01,VTR-00002388,HAUPTDECKUNG,,5000000.0,0.0,fix,2025-12-01,
DEK-00002389-01,VTR-00002389,HAUPTDECKUNG,,10000000.0,0.0,fix,2014-01-01,
DEK-00002389-02,VTR-00002389,BAUSTEIN,BS-BAUHERR,,,,2014-01-01,
DEK-00002390-01,VTR-00002390,HAUPTDECKUNG,,5000000.0,0.0,fix,2007-10-01,2010-08-01
DEK-00002391-01,VTR-00002391,HAUPTDECKUNG,,10000000.0,200.0,fix,2025-04-01,
DEK-00002392-01,VTR-00002392,HAUPTDECKUNG,,5000000.0,0.0,fix,2025-05-01,
DEK-00002392-02,VTR-00002392,BAUSTEIN,BS-TIER-HUND,,,,2025-05-01,
DEK-00002393-01,VTR-00002393,HAUPTDECKUNG,,5000000.0,500.0,fix,2025-10-01,
DEK-00002393-02,VTR-00002393,BAUSTEIN,BS-TIER-HUND,,,,2025-10-01,
DEK-00002394-01,VTR-00002394,HAUPTDECKUNG,,50000000.0,0.0,fix,2021-10-01,
DEK-00002394-02,VTR-00002394,BAUSTEIN,BS-TIER-HUND,,,,2021-10-01,
DEK-00002394-03,VTR-00002394,BAUSTEIN,BS-SCHLUESSEL,,,,2021-10-01,
DEK-00002395-01,VTR-00002395,HAUPTDECKUNG,,5000000.0,200.0,fix,2011-04-01,
DEK-00002396-01,VTR-00002396,HAUPTDECKUNG,,10000000.0,150.0,fix,2015-01-01,2024-09-01
DEK-00002397-01,VTR-00002397,HAUPTDECKUNG,,5000000.0,0.0,fix,2021-02-01,2022-09-01
DEK-00002397-02,VTR-00002397,BAUSTEIN,BS-SCHLUESSEL,,,,2021-02-01,2022-09-01
DEK-00002397-03,VTR-00002397,BAUSTEIN,BS-KINDER,,,,2021-02-01,2022-09-01
DEK-00002398-01,VTR-00002398,HAUPTDECKUNG,,50000000.0,0.0,fix,2023-06-01,
DEK-00002398-02,VTR-00002398,BAUSTEIN,BS-TIER-PFERD,,,,2023-06-01,
DEK-00002399-01,VTR-00002399,HAUPTDECKUNG,,5000000.0,200.0,fix,2025-11-01,
DEK-00002400-01,VTR-00002400,HAUPTDECKUNG,,5000000.0,200.0,fix,2025-10-01,
DEK-00002401-01,VTR-00002401,HAUPTDECKUNG,,5000000.0,100.0,fix,2016-09-01,2022-01-01
DEK-00002402-01,VTR-00002402,HAUPTDECKUNG,,5000000.0,200.0,fix,2015-06-01,
DEK-00002403-01,VTR-00002403,HAUPTDECKUNG,,5000000.0,100.0,fix,2020-05-01,
DEK-00002404-01,VTR-00002404,HAUPTDECKUNG,,20000000.0,0.0,fix,2023-02-01,2024-10-01
DEK-00002404-02,VTR-00002404,BAUSTEIN,BS-AUSFALL,,,,2023-02-01,2024-10-01
DEK-00002405-01,VTR-00002405,HAUPTDECKUNG,,50000000.0,0.0,fix,2022-06-01,
DEK-00002406-01,VTR-00002406,HAUPTDECKUNG,,5000000.0,200.0,fix,2002-10-01,2005-08-01
DEK-00002407-01,VTR-00002407,HAUPTDECKUNG,,5000000.0,150.0,fix,2006-04-01,2012-08-01
DEK-00002408-01,VTR-00002408,HAUPTDECKUNG,,10000000.0,0.0,fix,2022-12-01,
DEK-00002409-01,VTR-00002409,HAUPTDECKUNG,,10000000.0,200.0,fix,2018-12-01,2023-09-01
DEK-00002410-01,VTR-00002410,HAUPTDECKUNG,,5000000.0,0.0,fix,2019-11-01,
DEK-00002411-01,VTR-00002411,HAUPTDECKUNG,,10000000.0,0.0,fix,2025-09-01,
DEK-00002411-02,VTR-00002411,BAUSTEIN,BS-SCHLUESSEL,,,,2025-09-01,
DEK-00002412-01,VTR-00002412,HAUPTDECKUNG,,10000000.0,0.0,fix,2015-02-01,2024-07-01
DEK-00002412-02,VTR-00002412,BAUSTEIN,BS-TIER-PFERD,,,,2015-02-01,2024-07-01
DEK-00002412-03,VTR-00002412,BAUSTEIN,BS-OELTANK,,,,2015-02-01,2024-07-01
DEK-00002413-01,VTR-00002413,HAUPTDECKUNG,,10000000.0,200.0,fix,2016-09-01,
DEK-00002413-02,VTR-00002413,BAUSTEIN,BS-GEBAEUDE,,,,2016-09-01,
DEK-00002414-01,VTR-00002414,HAUPTDECKUNG,,5000000.0,0.0,fix,2023-06-01,
DEK-00002415-01,VTR-00002415,HAUPTDECKUNG,,10000000.0,0.0,fix,2022-05-01,
DEK-00002416-01,VTR-00002416,HAUPTDECKUNG,,50000000.0,0.0,fix,2022-07-01,
DEK-00002416-02,VTR-00002416,BAUSTEIN,BS-AUSFALL,,,,2022-07-01,
DEK-00002416-03,VTR-00002416,BAUSTEIN,BS-KINDER,,,,2022-07-01,
DEK-00002417-01,VTR-00002417,HAUPTDECKUNG,,10000000.0,0.0,fix,2025-02-01,
DEK-00002417-02,VTR-00002417,BAUSTEIN,BS-TIER-HUND,,,,2025-02-01,
DEK-00002418-01,VTR-00002418,HAUPTDECKUNG,,10000000.0,200.0,fix,2016-10-01,2021-10-01
DEK-00002419-01,VTR-00002419,HAUPTDECKUNG,,50000000.0,0.0,fix,2022-01-01,
DEK-00002419-02,VTR-00002419,BAUSTEIN,BS-AUSFALL,,,,2022-01-01,
DEK-00002420-01,VTR-00002420,HAUPTDECKUNG,,10000000.0,0.0,fix,2020-02-01,2023-10-01
DEK-00002421-01,VTR-00002421,HAUPTDECKUNG,,10000000.0,0.0,fix,2014-03-01,2023-08-01
DEK-00002422-01,VTR-00002422,HAUPTDECKUNG,,5000000.0,0.0,fix,2018-02-01,2019-07-01
DEK-00002423-01,VTR-00002423,HAUPTDECKUNG,,10000000.0,150.0,fix,2020-10-01,2021-03-01
DEK-00002423-02,VTR-00002423,BAUSTEIN,BS-GEBAEUDE,,,,2020-10-01,2021-03-01
DEK-00002423-03,VTR-00002423,BAUSTEIN,BS-AUSFALL,,,,2020-10-01,2021-03-01
DEK-00002424-01,VTR-00002424,HAUPTDECKUNG,,20000000.0,0.0,fix,2022-08-01,
DEK-00002424-02,VTR-00002424,BAUSTEIN,BS-GEBAEUDE,,,,2022-08-01,
DEK-00002424-03,VTR-00002424,BAUSTEIN,BS-AUSFALL,,,,2022-08-01,
DEK-00002424-04,VTR-00002424,BAUSTEIN,BS-KINDER,,,,2022-08-01,
DEK-00002425-01,VTR-00002425,HAUPTDECKUNG,,10000000.0,0.0,fix,2021-12-01,
DEK-00002426-01,VTR-00002426,HAUPTDECKUNG,,10000000.0,200.0,fix,2025-01-01,
DEK-00002427-01,VTR-00002427,HAUPTDECKUNG,,10000000.0,200.0,fix,2025-12-01,
DEK-00002428-01,VTR-00002428,HAUPTDECKUNG,,5000000.0,500.0,fix,2025-02-01,
DEK-00002428-02,VTR-00002428,BAUSTEIN,BS-TIER-HUND,,,,2025-02-01,
DEK-00002429-01,VTR-00002429,HAUPTDECKUNG,,10000000.0,200.0,fix,2025-12-01,
DEK-00002430-01,VTR-00002430,HAUPTDECKUNG,,5000000.0,0.0,fix,2011-01-01,2012-01-01
DEK-00002431-01,VTR-00002431,HAUPTDECKUNG,,5000000.0,0.0,fix,2020-12-01,
DEK-00002431-02,VTR-00002431,BAUSTEIN,BS-GEBAEUDE,,,,2020-12-01,
DEK-00002431-03,VTR-00002431,BAUSTEIN,BS-AUSFALL,,,,2020-12-01,
DEK-00002432-01,VTR-00002432,HAUPTDECKUNG,,20000000.0,0.0,fix,2022-01-01,
DEK-00002433-01,VTR-00002433,HAUPTDECKUNG,,5000000.0,0.0,fix,2023-11-01,
DEK-00002434-01,VTR-00002434,HAUPTDECKUNG,,10000000.0,200.0,fix,2019-10-01,
DEK-00002434-02,VTR-00002434,BAUSTEIN,BS-TIER-HUND,,,,2019-10-01,
DEK-00002435-01,VTR-00002435,HAUPTDECKUNG,,5000000.0,200.0,fix,2025-02-01,
DEK-00002436-01,VTR-00002436,HAUPTDECKUNG,,10000000.0,100.0,fix,2013-05-01,2017-03-01
DEK-00002437-01,VTR-00002437,HAUPTDECKUNG,,5000000.0,0.0,fix,2025-10-01,
DEK-00002438-01,VTR-00002438,HAUPTDECKUNG,,50000000.0,0.0,fix,2025-11-01,
DEK-00002439-01,VTR-00002439,HAUPTDECKUNG,,5000000.0,500.0,fix,2025-02-01,
DEK-00002440-01,VTR-00002440,HAUPTDECKUNG,,10000000.0,200.0,fix,2020-06-01,2023-06-01
DEK-00002441-01,VTR-00002441,HAUPTDECKUNG,,5000000.0,0.0,fix,2005-11-01,2012-07-01
DEK-00002442-01,VTR-00002442,HAUPTDECKUNG,,10000000.0,200.0,fix,2025-02-01,
DEK-00002442-02,VTR-00002442,BAUSTEIN,BS-SCHLUESSEL,,,,2025-02-01,
DEK-00002443-01,VTR-00002443,HAUPTDECKUNG,,10000000.0,0.0,fix,2023-03-01,
DEK-00002443-02,VTR-00002443,BAUSTEIN,BS-AUSFALL,,,,2023-03-01,
DEK-00002444-01,VTR-00002444,HAUPTDECKUNG,,50000000.0,0.0,fix,2023-12-01,2024-10-01
DEK-00002444-02,VTR-00002444,BAUSTEIN,BS-AUSFALL,,,,2023-12-01,2024-10-01
DEK-00002444-03,VTR-00002444,BAUSTEIN,BS-SCHLUESSEL,,,,2023-12-01,2024-10-01
DEK-00002444-04,VTR-00002444,BAUSTEIN,BS-KINDER,,,,2023-12-01,2024-10-01
DEK-00002444-05,VTR-00002444,BAUSTEIN,BS-DROHNE,,,,2023-12-01,2024-10-01
DEK-00002445-01,VTR-00002445,HAUPTDECKUNG,,20000000.0,0.0,fix,2019-02-01,
DEK-00002445-02,VTR-00002445,BAUSTEIN,BS-KINDER,,,,2019-02-01,
DEK-00002446-01,VTR-00002446,HAUPTDECKUNG,,50000000.0,0.0,fix,2025-12-01,
DEK-00002446-02,VTR-00002446,BAUSTEIN,BS-SCHLUESSEL,,,,2025-12-01,
DEK-00002447-01,VTR-00002447,HAUPTDECKUNG,,5000000.0,0.0,fix,2021-12-01,
DEK-00002448-01,VTR-00002448,HAUPTDECKUNG,,5000000.0,200.0,fix,2015-07-01,2018-12-01
DEK-00002449-01,VTR-00002449,HAUPTDECKUNG,,10000000.0,0.0,fix,2023-11-01,
DEK-00002450-01,VTR-00002450,HAUPTDECKUNG,,5000000.0,500.0,fix,2025-08-01,
DEK-00002451-01,VTR-00002451,HAUPTDECKUNG,,5000000.0,200.0,fix,2025-06-01,
DEK-00002452-01,VTR-00002452,HAUPTDECKUNG,,5000000.0,150.0,fix,2020-04-01,
DEK-00002452-02,VTR-00002452,BAUSTEIN,BS-AUSFALL,,,,2020-04-01,
DEK-00002453-01,VTR-00002453,HAUPTDECKUNG,,10000000.0,0.0,fix,2022-04-01,
DEK-00002453-02,VTR-00002453,BAUSTEIN,BS-AUSFALL,,,,2022-04-01,
DEK-00002453-03,VTR-00002453,BAUSTEIN,BS-SCHLUESSEL,,,,2022-04-01,
DEK-00002454-01,VTR-00002454,HAUPTDECKUNG,,5000000.0,200.0,fix,2020-08-01,2022-08-01
DEK-00002455-01,VTR-00002455,HAUPTDECKUNG,,10000000.0,200.0,fix,2016-07-01,
DEK-00002455-02,VTR-00002455,BAUSTEIN,BS-GEBAEUDE,,,,2016-07-01,
DEK-00002456-01,VTR-00002456,HAUPTDECKUNG,,5000000.0,200.0,fix,2025-07-01,
DEK-00002456-02,VTR-00002456,BAUSTEIN,BS-SCHLUESSEL,,,,2025-07-01,
DEK-00002457-01,VTR-00002457,HAUPTDECKUNG,,10000000.0,0.0,fix,2025-04-01,
DEK-00002458-01,VTR-00002458,HAUPTDECKUNG,,5000000.0,0.0,fix,2021-07-01,2023-09-01
DEK-00002459-01,VTR-00002459,HAUPTDECKUNG,,5000000.0,0.0,fix,2021-10-01,
DEK-00002459-02,VTR-00002459,BAUSTEIN,BS-KINDER,,,,2021-10-01,
DEK-00002460-01,VTR-00002460,HAUPTDECKUNG,,5000000.0,200.0,fix,2016-01-01,
DEK-00002461-01,VTR-00002461,HAUPTDECKUNG,,10000000.0,100.0,fix,2017-02-01,2023-10-01
DEK-00002462-01,VTR-00002462,HAUPTDECKUNG,,10000000.0,0.0,fix,2025-08-01,
DEK-00002463-01,VTR-00002463,HAUPTDECKUNG,,10000000.0,500.0,fix,2016-07-01,
DEK-00002464-01,VTR-00002464,HAUPTDECKUNG,,20000000.0,0.0,fix,2024-07-01,
DEK-00002465-01,VTR-00002465,HAUPTDECKUNG,,5000000.0,0.0,fix,2021-11-01,2023-12-01
DEK-00002465-02,VTR-00002465,BAUSTEIN,BS-KINDER,,,,2021-11-01,2023-12-01
DEK-00002466-01,VTR-00002466,HAUPTDECKUNG,,5000000.0,200.0,fix,2015-02-01,
DEK-00002467-01,VTR-00002467,HAUPTDECKUNG,,5000000.0,0.0,fix,2018-07-01,
DEK-00002467-02,VTR-00002467,BAUSTEIN,BS-GEBAEUDE,,,,2018-07-01,
DEK-00002467-03,VTR-00002467,BAUSTEIN,BS-AUSFALL,,,,2018-07-01,
DEK-00002468-01,VTR-00002468,HAUPTDECKUNG,,50000000.0,0.0,fix,2021-08-01,
DEK-00002468-02,VTR-00002468,BAUSTEIN,BS-AUSFALL,,,,2021-08-01,
DEK-00002469-01,VTR-00002469,HAUPTDECKUNG,,10000000.0,200.0,fix,2025-05-01,
DEK-00002469-02,VTR-00002469,BAUSTEIN,BS-GEBAEUDE,,,,2025-05-01,
DEK-00002470-01,VTR-00002470,HAUPTDECKUNG,,10000000.0,0.0,fix,2014-12-01,
DEK-00002470-02,VTR-00002470,BAUSTEIN,BS-TIER-HUND,,,,2014-12-01,
DEK-00002471-01,VTR-00002471,HAUPTDECKUNG,,5000000.0,0.0,fix,2019-02-01,2024-10-01
DEK-00002471-02,VTR-00002471,BAUSTEIN,BS-AUSFALL,,,,2019-02-01,2024-10-01
DEK-00002472-01,VTR-00002472,HAUPTDECKUNG,,10000000.0,150.0,fix,2013-02-01,2020-11-01
DEK-00002472-02,VTR-00002472,BAUSTEIN,BS-KINDER,,,,2013-02-01,2020-11-01
DEK-00002473-01,VTR-00002473,HAUPTDECKUNG,,20000000.0,0.0,fix,2015-01-01,2017-06-01
DEK-00002473-02,VTR-00002473,BAUSTEIN,BS-AUSFALL,,,,2015-01-01,2017-06-01
DEK-00002473-03,VTR-00002473,BAUSTEIN,BS-KINDER,,,,2015-01-01,2017-06-01
DEK-00002473-04,VTR-00002473,BAUSTEIN,BS-DROHNE,,,,2015-01-01,2017-06-01
DEK-00002474-01,VTR-00002474,HAUPTDECKUNG,,5000000.0,200.0,fix,2025-11-01,
DEK-00002475-01,VTR-00002475,HAUPTDECKUNG,,5000000.0,500.0,fix,2025-03-01,
DEK-00002476-01,VTR-00002476,HAUPTDECKUNG,,3000000.0,150.0,fix,2010-10-01,
DEK-00002477-01,VTR-00002477,HAUPTDECKUNG,,10000000.0,0.0,fix,2025-08-01,
DEK-00002478-01,VTR-00002478,HAUPTDECKUNG,,5000000.0,200.0,fix,2013-11-01,2018-11-01
DEK-00002478-02,VTR-00002478,BAUSTEIN,BS-TIER-HUND,,,,2013-11-01,2018-11-01
DEK-00002478-03,VTR-00002478,BAUSTEIN,BS-TIER-PFERD,,,,2013-11-01,2018-11-01
DEK-00002478-04,VTR-00002478,BAUSTEIN,BS-GEBAEUDE,,,,2013-11-01,2018-11-01
DEK-00002479-01,VTR-00002479,HAUPTDECKUNG,,10000000.0,150.0,fix,2013-05-01,2016-11-01
DEK-00002480-01,VTR-00002480,HAUPTDECKUNG,,10000000.0,0.0,fix,2020-03-01,2021-04-01
DEK-00002481-01,VTR-00002481,HAUPTDECKUNG,,10000000.0,0.0,fix,2025-08-01,
DEK-00002481-02,VTR-00002481,BAUSTEIN,BS-KINDER,,,,2025-08-01,
DEK-00002482-01,VTR-00002482,HAUPTDECKUNG,,10000000.0,200.0,fix,2017-04-01,2024-03-01
DEK-00002482-02,VTR-00002482,BAUSTEIN,BS-TIER-HUND,,,,2017-04-01,2024-03-01
DEK-00002482-03,VTR-00002482,BAUSTEIN,BS-GEBAEUDE,,,,2017-04-01,2024-03-01
DEK-00002483-01,VTR-00002483,HAUPTDECKUNG,,20000000.0,0.0,fix,2023-03-01,
DEK-00002484-01,VTR-00002484,HAUPTDECKUNG,,10000000.0,0.0,fix,2023-02-01,
DEK-00002484-02,VTR-00002484,BAUSTEIN,BS-AUSFALL,,,,2023-02-01,
DEK-00002485-01,VTR-00002485,HAUPTDECKUNG,,5000000.0,200.0,fix,2025-02-01,
DEK-00002486-01,VTR-00002486,HAUPTDECKUNG,,5000000.0,0.0,fix,2021-08-01,
DEK-00002486-02,VTR-00002486,BAUSTEIN,BS-KINDER,,,,2021-08-01,
DEK-00002487-01,VTR-00002487,HAUPTDECKUNG,,10000000.0,0.0,fix,2017-10-01,
DEK-00002487-02,VTR-00002487,BAUSTEIN,BS-KINDER,,,,2017-10-01,
DEK-00002488-01,VTR-00002488,HAUPTDECKUNG,,10000000.0,0.0,fix,2025-12-01,
DEK-00002488-02,VTR-00002488,BAUSTEIN,BS-AUSFALL,,,,2025-12-01,
DEK-00002488-03,VTR-00002488,BAUSTEIN,BS-KINDER,,,,2025-12-01,
DEK-00002489-01,VTR-00002489,HAUPTDECKUNG,,10000000.0,200.0,fix,2025-09-01,
DEK-00002490-01,VTR-00002490,HAUPTDECKUNG,,5000000.0,200.0,fix,2013-01-01,2021-05-01
DEK-00002491-01,VTR-00002491,HAUPTDECKUNG,,5000000.0,200.0,fix,2017-06-01,2020-02-01
DEK-00002492-01,VTR-00002492,HAUPTDECKUNG,,5000000.0,100.0,fix,2018-06-01,
DEK-00002493-01,VTR-00002493,HAUPTDECKUNG,,5000000.0,200.0,fix,2025-07-01,
DEK-00002493-02,VTR-00002493,BAUSTEIN,BS-SCHLUESSEL,,,,2025-07-01,
DEK-00002494-01,VTR-00002494,HAUPTDECKUNG,,5000000.0,200.0,fix,2025-10-01,
DEK-00002494-02,VTR-00002494,BAUSTEIN,BS-SCHLUESSEL,,,,2025-10-01,
DEK-00002495-01,VTR-00002495,HAUPTDECKUNG,,5000000.0,200.0,fix,2014-07-01,
DEK-00002496-01,VTR-00002496,HAUPTDECKUNG,,5000000.0,0.0,fix,2022-08-01,
DEK-00002496-02,VTR-00002496,BAUSTEIN,BS-KINDER,,,,2022-08-01,
DEK-00002497-01,VTR-00002497,HAUPTDECKUNG,,20000000.0,0.0,fix,2024-09-01,
DEK-00002497-02,VTR-00002497,BAUSTEIN,BS-TIER-HUND,,,,2024-09-01,
DEK-00002497-03,VTR-00002497,BAUSTEIN,BS-GEBAEUDE,,,,2024-09-01,
DEK-00002497-04,VTR-00002497,BAUSTEIN,BS-AUSFALL,,,,2024-09-01,
DEK-00002497-05,VTR-00002497,BAUSTEIN,BS-KINDER,,,,2024-09-01,
DEK-00002498-01,VTR-00002498,HAUPTDECKUNG,,10000000.0,200.0,fix,2020-07-01,2024-10-01
DEK-00002498-02,VTR-00002498,BAUSTEIN,BS-TIER-HUND,,,,2020-07-01,2024-10-01
DEK-00002499-01,VTR-00002499,HAUPTDECKUNG,,5000000.0,0.0,fix,2011-06-01,2018-03-01
DEK-00002500-01,VTR-00002500,HAUPTDECKUNG,,10000000.0,0.0,fix,2025-02-01,
DEK-00002500-02,VTR-00002500,BAUSTEIN,BS-AUSFALL,,,,2025-02-01,
DEK-00002501-01,VTR-00002501,HAUPTDECKUNG,,5000000.0,200.0,fix,2025-08-01,
DEK-00002501-02,VTR-00002501,BAUSTEIN,BS-GEBAEUDE,,,,2025-08-01,
DEK-00002502-01,VTR-00002502,HAUPTDECKUNG,,50000000.0,0.0,fix,2024-05-01,
DEK-00002502-02,VTR-00002502,BAUSTEIN,BS-DROHNE,,,,2024-05-01,
DEK-00002503-01,VTR-00002503,HAUPTDECKUNG,,5000000.0,200.0,fix,2025-11-01,
DEK-00002504-01,VTR-00002504,HAUPTDECKUNG,,20000000.0,0.0,fix,2016-06-01,2024-09-01
DEK-00002504-02,VTR-00002504,BAUSTEIN,BS-TIER-HUND,,,,2016-06-01,2024-09-01
DEK-00002505-01,VTR-00002505,HAUPTDECKUNG,,10000000.0,200.0,fix,2025-05-01,
DEK-00002506-01,VTR-00002506,HAUPTDECKUNG,,10000000.0,0.0,fix,2024-05-01,
DEK-00002506-02,VTR-00002506,BAUSTEIN,BS-KINDER,,,,2024-05-01,
DEK-00002507-01,VTR-00002507,HAUPTDECKUNG,,10000000.0,0.0,fix,2016-05-01,2019-10-01
DEK-00002508-01,VTR-00002508,HAUPTDECKUNG,,5000000.0,0.0,fix,2023-05-01,
DEK-00002509-01,VTR-00002509,HAUPTDECKUNG,,10000000.0,200.0,fix,2025-10-01,
DEK-00002510-01,VTR-00002510,HAUPTDECKUNG,,10000000.0,0.0,fix,2014-09-01,2018-04-01
DEK-00002511-01,VTR-00002511,HAUPTDECKUNG,,20000000.0,0.0,fix,2022-11-01,
DEK-00002511-02,VTR-00002511,BAUSTEIN,BS-KINDER,,,,2022-11-01,
DEK-00002512-01,VTR-00002512,HAUPTDECKUNG,,5000000.0,0.0,fix,2023-05-01,
DEK-00002512-02,VTR-00002512,BAUSTEIN,BS-KINDER,,,,2023-05-01,
DEK-00002513-01,VTR-00002513,HAUPTDECKUNG,,5000000.0,0.0,fix,2014-01-01,2022-11-01
DEK-00002514-01,VTR-00002514,HAUPTDECKUNG,,10000000.0,150.0,fix,2018-10-01,
DEK-00002514-02,VTR-00002514,BAUSTEIN,BS-KINDER,,,,2018-10-01,
DEK-00002515-01,VTR-00002515,HAUPTDECKUNG,,5000000.0,200.0,fix,2025-12-01,
DEK-00002516-01,VTR-00002516,HAUPTDECKUNG,,20000000.0,0.0,fix,2024-07-01,
DEK-00002516-02,VTR-00002516,BAUSTEIN,BS-AUSFALL,,,,2024-07-01,
DEK-00002517-01,VTR-00002517,HAUPTDECKUNG,,5000000.0,200.0,fix,2025-11-01,
DEK-00002518-01,VTR-00002518,HAUPTDECKUNG,,5000000.0,200.0,fix,2019-11-01,2024-10-01
DEK-00002518-02,VTR-00002518,BAUSTEIN,BS-TIER-HUND,,,,2019-11-01,2024-10-01
DEK-00002519-01,VTR-00002519,HAUPTDECKUNG,,10000000.0,0.0,fix,2022-08-01,
DEK-00002519-02,VTR-00002519,BAUSTEIN,BS-SCHLUESSEL,,,,2022-08-01,
DEK-00002519-03,VTR-00002519,BAUSTEIN,BS-KINDER,,,,2022-08-01,
DEK-00002520-01,VTR-00002520,HAUPTDECKUNG,,5000000.0,200.0,fix,2025-05-01,
DEK-00002521-01,VTR-00002521,HAUPTDECKUNG,,10000000.0,0.0,fix,2020-05-01,
DEK-00002521-02,VTR-00002521,BAUSTEIN,BS-OELTANK,,,,2020-05-01,
DEK-00002521-03,VTR-00002521,BAUSTEIN,BS-GEBAEUDE,,,,2020-05-01,
DEK-00002521-04,VTR-00002521,BAUSTEIN,BS-AUSFALL,,,,2020-05-01,
DEK-00002522-01,VTR-00002522,HAUPTDECKUNG,,10000000.0,0.0,fix,2016-04-01,2017-04-01
DEK-00002522-02,VTR-00002522,BAUSTEIN,BS-GEBAEUDE,,,,2016-04-01,2017-04-01
DEK-00002523-01,VTR-00002523,HAUPTDECKUNG,,10000000.0,200.0,fix,2025-07-01,
DEK-00002524-01,VTR-00002524,HAUPTDECKUNG,,10000000.0,200.0,fix,2020-03-01,2023-02-01
DEK-00002525-01,VTR-00002525,HAUPTDECKUNG,,20000000.0,0.0,fix,2025-01-01,
DEK-00002525-02,VTR-00002525,BAUSTEIN,BS-TIER-HUND,,,,2025-01-01,
DEK-00002525-03,VTR-00002525,BAUSTEIN,BS-BAUHERR,,,,2025-01-01,
DEK-00002526-01,VTR-00002526,HAUPTDECKUNG,,5000000.0,0.0,fix,2024-11-01,
DEK-00002527-01,VTR-00002527,HAUPTDECKUNG,,5000000.0,0.0,fix,2021-12-01,2022-08-01
DEK-00002527-02,VTR-00002527,BAUSTEIN,BS-AUSFALL,,,,2021-12-01,2022-08-01
DEK-00002527-03,VTR-00002527,BAUSTEIN,BS-KINDER,,,,2021-12-01,2022-08-01
DEK-00002528-01,VTR-00002528,HAUPTDECKUNG,,10000000.0,0.0,fix,2021-07-01,
DEK-00002528-02,VTR-00002528,BAUSTEIN,BS-AUSFALL,,,,2021-07-01,
DEK-00002529-01,VTR-00002529,HAUPTDECKUNG,,10000000.0,0.0,fix,2014-01-01,2017-08-01
DEK-00002529-02,VTR-00002529,BAUSTEIN,BS-AUSFALL,,,,2014-01-01,2017-08-01
DEK-00002530-01,VTR-00002530,HAUPTDECKUNG,,5000000.0,200.0,fix,2014-06-01,
DEK-00002531-01,VTR-00002531,HAUPTDECKUNG,,5000000.0,200.0,fix,2015-07-01,
DEK-00002531-02,VTR-00002531,BAUSTEIN,BS-TIER-HUND,,,,2015-07-01,
DEK-00002532-01,VTR-00002532,HAUPTDECKUNG,,20000000.0,0.0,fix,2024-10-01,
DEK-00002533-01,VTR-00002533,HAUPTDECKUNG,,10000000.0,0.0,fix,2021-02-01,2023-05-01
DEK-00002534-01,VTR-00002534,HAUPTDECKUNG,,5000000.0,0.0,fix,2014-01-01,2016-02-01
DEK-00002534-02,VTR-00002534,BAUSTEIN,BS-AUSFALL,,,,2014-01-01,2016-02-01
DEK-00002535-01,VTR-00002535,HAUPTDECKUNG,,20000000.0,0.0,fix,2016-01-01,
DEK-00002536-01,VTR-00002536,HAUPTDECKUNG,,5000000.0,200.0,fix,2008-03-01,2018-02-01
DEK-00002537-01,VTR-00002537,HAUPTDECKUNG,,5000000.0,0.0,fix,2024-11-01,
DEK-00002538-01,VTR-00002538,HAUPTDECKUNG,,50000000.0,0.0,fix,2024-02-01,
DEK-00002538-02,VTR-00002538,BAUSTEIN,BS-AUSFALL,,,,2024-02-01,
DEK-00002538-03,VTR-00002538,BAUSTEIN,BS-KINDER,,,,2024-02-01,
DEK-00002539-01,VTR-00002539,HAUPTDECKUNG,,10000000.0,0.0,fix,2023-09-01,
DEK-00002539-02,VTR-00002539,BAUSTEIN,BS-AUSFALL,,,,2023-09-01,
DEK-00002540-01,VTR-00002540,HAUPTDECKUNG,,10000000.0,100.0,fix,2018-05-01,2020-09-01
DEK-00002541-01,VTR-00002541,HAUPTDECKUNG,,5000000.0,0.0,fix,2024-08-01,
DEK-00002541-02,VTR-00002541,BAUSTEIN,BS-AUSFALL,,,,2024-08-01,
DEK-00002542-01,VTR-00002542,HAUPTDECKUNG,,5000000.0,100.0,fix,2016-09-01,
DEK-00002542-02,VTR-00002542,BAUSTEIN,BS-BAUHERR,,,,2016-09-01,
DEK-00002542-03,VTR-00002542,BAUSTEIN,BS-GEBAEUDE,,,,2016-09-01,
DEK-00002543-01,VTR-00002543,HAUPTDECKUNG,,5000000.0,0.0,fix,2020-01-01,
DEK-00002544-01,VTR-00002544,HAUPTDECKUNG,,10000000.0,0.0,fix,2023-10-01,
DEK-00002544-02,VTR-00002544,BAUSTEIN,BS-GEBAEUDE,,,,2023-10-01,
DEK-00002544-03,VTR-00002544,BAUSTEIN,BS-SCHLUESSEL,,,,2023-10-01,
DEK-00002544-04,VTR-00002544,BAUSTEIN,BS-KINDER,,,,2023-10-01,
DEK-00002545-01,VTR-00002545,HAUPTDECKUNG,,5000000.0,100.0,fix,2020-05-01,
DEK-00002545-02,VTR-00002545,BAUSTEIN,BS-GEBAEUDE,,,,2020-05-01,
DEK-00002546-01,VTR-00002546,HAUPTDECKUNG,,5000000.0,200.0,fix,2015-04-01,2020-02-01
DEK-00002547-01,VTR-00002547,HAUPTDECKUNG,,10000000.0,0.0,fix,2021-05-01,2024-04-01
DEK-00002547-02,VTR-00002547,BAUSTEIN,BS-SCHLUESSEL,,,,2021-05-01,2024-04-01
DEK-00002548-01,VTR-00002548,HAUPTDECKUNG,,5000000.0,0.0,fix,2014-06-01,
DEK-00002548-02,VTR-00002548,BAUSTEIN,BS-SCHLUESSEL,,,,2014-06-01,
DEK-00002549-01,VTR-00002549,HAUPTDECKUNG,,10000000.0,150.0,fix,2015-01-01,2016-01-01
DEK-00002549-02,VTR-00002549,BAUSTEIN,BS-TIER-HUND,,,,2015-01-01,2016-01-01
DEK-00002549-03,VTR-00002549,BAUSTEIN,BS-SCHLUESSEL,,,,2015-01-01,2016-01-01
DEK-00002549-04,VTR-00002549,BAUSTEIN,BS-KINDER,,,,2015-01-01,2016-01-01
DEK-00002550-01,VTR-00002550,HAUPTDECKUNG,,5000000.0,0.0,fix,2023-10-01,2024-09-01
DEK-00002551-01,VTR-00002551,HAUPTDECKUNG,,10000000.0,200.0,fix,2018-06-01,2023-07-01
DEK-00002552-01,VTR-00002552,HAUPTDECKUNG,,10000000.0,200.0,fix,2025-04-01,
DEK-00002553-01,VTR-00002553,HAUPTDECKUNG,,20000000.0,0.0,fix,2025-05-01,
DEK-00002554-01,VTR-00002554,HAUPTDECKUNG,,50000000.0,150.0,fix,2025-04-01,
DEK-00002554-02,VTR-00002554,BAUSTEIN,BS-AUSFALL,,,,2025-04-01,
DEK-00002554-03,VTR-00002554,BAUSTEIN,BS-SCHLUESSEL,,,,2025-04-01,
DEK-00002555-01,VTR-00002555,HAUPTDECKUNG,,50000000.0,0.0,fix,2024-09-01,
DEK-00002555-02,VTR-00002555,BAUSTEIN,BS-KINDER,,,,2024-09-01,
DEK-00002556-01,VTR-00002556,HAUPTDECKUNG,,5000000.0,200.0,fix,2010-03-01,
DEK-00002556-02,VTR-00002556,BAUSTEIN,BS-TIER-HUND,,,,2010-03-01,
DEK-00002557-01,VTR-00002557,HAUPTDECKUNG,,5000000.0,200.0,fix,2019-11-01,
DEK-00002558-01,VTR-00002558,HAUPTDECKUNG,,10000000.0,0.0,fix,2022-11-01,2023-11-01
DEK-00002559-01,VTR-00002559,HAUPTDECKUNG,,5000000.0,500.0,fix,2025-07-01,
DEK-00002560-01,VTR-00002560,HAUPTDECKUNG,,5000000.0,200.0,fix,2012-11-01,2015-12-01
DEK-00002561-01,VTR-00002561,HAUPTDECKUNG,,10000000.0,200.0,fix,2014-07-01,
DEK-00002561-02,VTR-00002561,BAUSTEIN,BS-TIER-HUND,,,,2014-07-01,
DEK-00002562-01,VTR-00002562,HAUPTDECKUNG,,10000000.0,200.0,fix,2015-08-01,2020-04-01
DEK-00002562-02,VTR-00002562,BAUSTEIN,BS-TIER-HUND,,,,2015-08-01,2020-04-01
DEK-00002563-01,VTR-00002563,HAUPTDECKUNG,,20000000.0,0.0,fix,2023-06-01,
DEK-00002563-02,VTR-00002563,BAUSTEIN,BS-AUSFALL,,,,2023-06-01,
DEK-00002564-01,VTR-00002564,HAUPTDECKUNG,,5000000.0,0.0,fix,2014-06-01,2015-01-01
DEK-00002565-01,VTR-00002565,HAUPTDECKUNG,,20000000.0,0.0,fix,2025-07-01,
DEK-00002566-01,VTR-00002566,HAUPTDECKUNG,,20000000.0,0.0,fix,2021-03-01,
DEK-00002567-01,VTR-00002567,HAUPTDECKUNG,,10000000.0,200.0,fix,2025-08-01,
DEK-00002568-01,VTR-00002568,HAUPTDECKUNG,,5000000.0,0.0,fix,2020-05-01,
DEK-00002569-01,VTR-00002569,HAUPTDECKUNG,,3000000.0,150.0,fix,2009-05-01,2024-03-01
DEK-00002570-01,VTR-00002570,HAUPTDECKUNG,,5000000.0,0.0,fix,2025-08-01,
DEK-00002570-02,VTR-00002570,BAUSTEIN,BS-KINDER,,,,2025-08-01,
DEK-00002571-01,VTR-00002571,HAUPTDECKUNG,,10000000.0,200.0,fix,2018-01-01,2023-06-01
DEK-00002572-01,VTR-00002572,HAUPTDECKUNG,,5000000.0,500.0,fix,2025-08-01,
DEK-00002573-01,VTR-00002573,HAUPTDECKUNG,,5000000.0,0.0,fix,2025-09-01,
DEK-00002574-01,VTR-00002574,HAUPTDECKUNG,,50000000.0,0.0,fix,2024-09-01,
DEK-00002575-01,VTR-00002575,HAUPTDECKUNG,,5000000.0,500.0,fix,2020-01-01,
DEK-00002575-02,VTR-00002575,BAUSTEIN,BS-TIER-HUND,,,,2020-01-01,
DEK-00002576-01,VTR-00002576,HAUPTDECKUNG,,10000000.0,200.0,fix,2025-08-01,
DEK-00002576-02,VTR-00002576,BAUSTEIN,BS-GEBAEUDE,,,,2025-08-01,
DEK-00002577-01,VTR-00002577,HAUPTDECKUNG,,20000000.0,0.0,fix,2017-08-01,2023-04-01
DEK-00002577-02,VTR-00002577,BAUSTEIN,BS-AUSFALL,,,,2017-08-01,2023-04-01
DEK-00002578-01,VTR-00002578,HAUPTDECKUNG,,10000000.0,0.0,fix,2018-05-01,
DEK-00002579-01,VTR-00002579,HAUPTDECKUNG,,10000000.0,0.0,fix,2025-07-01,
DEK-00002579-02,VTR-00002579,BAUSTEIN,BS-AUSFALL,,,,2025-07-01,
DEK-00002580-01,VTR-00002580,HAUPTDECKUNG,,5000000.0,0.0,fix,2025-08-01,
DEK-00002580-02,VTR-00002580,BAUSTEIN,BS-AUSFALL,,,,2025-08-01,
DEK-00002581-01,VTR-00002581,HAUPTDECKUNG,,50000000.0,0.0,fix,2024-12-01,
DEK-00002581-02,VTR-00002581,BAUSTEIN,BS-GEBAEUDE,,,,2024-12-01,
DEK-00002581-03,VTR-00002581,BAUSTEIN,BS-SCHLUESSEL,,,,2024-12-01,
DEK-00002582-01,VTR-00002582,HAUPTDECKUNG,,5000000.0,0.0,fix,2009-02-01,2012-10-01
DEK-00002583-01,VTR-00002583,HAUPTDECKUNG,,5000000.0,500.0,fix,2025-04-01,
DEK-00002584-01,VTR-00002584,HAUPTDECKUNG,,10000000.0,0.0,fix,2025-04-01,
DEK-00002584-02,VTR-00002584,BAUSTEIN,BS-GEBAEUDE,,,,2025-04-01,
DEK-00002584-03,VTR-00002584,BAUSTEIN,BS-AUSFALL,,,,2025-04-01,
DEK-00002584-04,VTR-00002584,BAUSTEIN,BS-KINDER,,,,2025-04-01,
DEK-00002585-01,VTR-00002585,HAUPTDECKUNG,,10000000.0,200.0,fix,2025-04-01,
DEK-00002586-01,VTR-00002586,HAUPTDECKUNG,,5000000.0,200.0,fix,2014-08-01,2018-09-01
DEK-00002586-02,VTR-00002586,BAUSTEIN,BS-GEBAEUDE,,,,2014-08-01,2018-09-01
DEK-00002587-01,VTR-00002587,HAUPTDECKUNG,,5000000.0,100.0,fix,2007-07-01,
DEK-00002588-01,VTR-00002588,HAUPTDECKUNG,,50000000.0,0.0,fix,2022-10-01,2023-05-01
DEK-00002588-02,VTR-00002588,BAUSTEIN,BS-AUSFALL,,,,2022-10-01,2023-05-01
DEK-00002589-01,VTR-00002589,HAUPTDECKUNG,,5000000.0,200.0,fix,2014-10-01,2015-07-01
DEK-00002590-01,VTR-00002590,HAUPTDECKUNG,,50000000.0,0.0,fix,2024-11-01,
DEK-00002590-02,VTR-00002590,BAUSTEIN,BS-KINDER,,,,2024-11-01,
DEK-00002591-01,VTR-00002591,HAUPTDECKUNG,,10000000.0,0.0,fix,2018-12-01,2024-06-01
DEK-00002592-01,VTR-00002592,HAUPTDECKUNG,,10000000.0,0.0,fix,2025-07-01,
DEK-00002592-02,VTR-00002592,BAUSTEIN,BS-GEBAEUDE,,,,2025-07-01,
DEK-00002593-01,VTR-00002593,HAUPTDECKUNG,,5000000.0,0.0,fix,2012-12-01,
DEK-00002593-02,VTR-00002593,BAUSTEIN,BS-TIER-HUND,,,,2012-12-01,
DEK-00002594-01,VTR-00002594,HAUPTDECKUNG,,5000000.0,200.0,fix,2013-05-01,
DEK-00002595-01,VTR-00002595,HAUPTDECKUNG,,5000000.0,0.0,fix,2022-07-01,
DEK-00002596-01,VTR-00002596,HAUPTDECKUNG,,50000000.0,0.0,fix,2023-09-01,
DEK-00002596-02,VTR-00002596,BAUSTEIN,BS-TIER-HUND,,,,2023-09-01,
DEK-00002596-03,VTR-00002596,BAUSTEIN,BS-KINDER,,,,2023-09-01,
DEK-00002597-01,VTR-00002597,HAUPTDECKUNG,,5000000.0,200.0,fix,2013-12-01,2021-03-01
DEK-00002598-01,VTR-00002598,HAUPTDECKUNG,,5000000.0,500.0,fix,2020-04-01,
DEK-00002599-01,VTR-00002599,HAUPTDECKUNG,,5000000.0,200.0,fix,2012-10-01,2013-05-01
DEK-00002600-01,VTR-00002600,HAUPTDECKUNG,,10000000.0,0.0,fix,2022-07-01,2024-03-01
DEK-00002600-02,VTR-00002600,BAUSTEIN,BS-SCHLUESSEL,,,,2022-07-01,2024-03-01
DEK-00002600-03,VTR-00002600,BAUSTEIN,BS-KINDER,,,,2022-07-01,2024-03-01
DEK-00002601-01,VTR-00002601,HAUPTDECKUNG,,5000000.0,0.0,fix,2015-02-01,
DEK-00002601-02,VTR-00002601,BAUSTEIN,BS-TIER-HUND,,,,2015-02-01,
DEK-00002601-03,VTR-00002601,BAUSTEIN,BS-AUSFALL,,,,2015-02-01,
DEK-00002602-01,VTR-00002602,HAUPTDECKUNG,,20000000.0,0.0,fix,2019-04-01,2020-05-01
DEK-00002602-02,VTR-00002602,BAUSTEIN,BS-AUSFALL,,,,2019-04-01,2020-05-01
DEK-00002603-01,VTR-00002603,HAUPTDECKUNG,,5000000.0,0.0,fix,2019-03-01,2024-10-01
DEK-00002604-01,VTR-00002604,HAUPTDECKUNG,,10000000.0,100.0,fix,2020-03-01,
DEK-00002604-02,VTR-00002604,BAUSTEIN,BS-GEBAEUDE,,,,2020-03-01,
DEK-00002605-01,VTR-00002605,HAUPTDECKUNG,,20000000.0,0.0,fix,2015-01-01,2022-01-01
DEK-00002606-01,VTR-00002606,HAUPTDECKUNG,,5000000.0,150.0,fix,2025-07-01,
DEK-00002607-01,VTR-00002607,HAUPTDECKUNG,,5000000.0,0.0,fix,2014-08-01,2019-03-01
DEK-00002607-02,VTR-00002607,BAUSTEIN,BS-SCHLUESSEL,,,,2014-08-01,2019-03-01
DEK-00002608-01,VTR-00002608,HAUPTDECKUNG,,5000000.0,200.0,fix,2017-03-01,
DEK-00002609-01,VTR-00002609,HAUPTDECKUNG,,10000000.0,0.0,fix,2023-10-01,
DEK-00002610-01,VTR-00002610,HAUPTDECKUNG,,5000000.0,200.0,fix,2025-05-01,
DEK-00002611-01,VTR-00002611,HAUPTDECKUNG,,20000000.0,0.0,fix,2022-12-01,
DEK-00002611-02,VTR-00002611,BAUSTEIN,BS-AUSFALL,,,,2022-12-01,
DEK-00002612-01,VTR-00002612,HAUPTDECKUNG,,10000000.0,150.0,fix,2015-11-01,2023-11-01
DEK-00002613-01,VTR-00002613,HAUPTDECKUNG,,10000000.0,200.0,fix,2025-03-01,
DEK-00002614-01,VTR-00002614,HAUPTDECKUNG,,10000000.0,200.0,fix,2019-11-01,
DEK-00002615-01,VTR-00002615,HAUPTDECKUNG,,10000000.0,0.0,fix,2025-05-01,
DEK-00002616-01,VTR-00002616,HAUPTDECKUNG,,20000000.0,0.0,fix,2025-12-01,
DEK-00002616-02,VTR-00002616,BAUSTEIN,BS-GEBAEUDE,,,,2025-12-01,
DEK-00002617-01,VTR-00002617,HAUPTDECKUNG,,5000000.0,200.0,fix,2013-04-01,2023-05-01
DEK-00002618-01,VTR-00002618,HAUPTDECKUNG,,5000000.0,200.0,fix,2020-09-01,2021-01-01
DEK-00002619-01,VTR-00002619,HAUPTDECKUNG,,10000000.0,100.0,fix,2015-08-01,2019-12-01
DEK-00002620-01,VTR-00002620,HAUPTDECKUNG,,5000000.0,200.0,fix,2009-04-01,
DEK-00002621-01,VTR-00002621,HAUPTDECKUNG,,10000000.0,150.0,fix,2025-01-01,
DEK-00002622-01,VTR-00002622,HAUPTDECKUNG,,5000000.0,200.0,fix,2019-05-01,
DEK-00002623-01,VTR-00002623,HAUPTDECKUNG,,5000000.0,200.0,fix,2019-02-01,2023-01-01
DEK-00002624-01,VTR-00002624,HAUPTDECKUNG,,5000000.0,150.0,fix,2025-09-01,
DEK-00002624-02,VTR-00002624,BAUSTEIN,BS-TIER-HUND,,,,2025-09-01,
DEK-00002625-01,VTR-00002625,HAUPTDECKUNG,,5000000.0,200.0,fix,2017-04-01,2018-04-01
DEK-00002626-01,VTR-00002626,HAUPTDECKUNG,,5000000.0,500.0,fix,2014-06-01,
DEK-00002626-02,VTR-00002626,BAUSTEIN,BS-GEBAEUDE,,,,2014-06-01,
DEK-00002627-01,VTR-00002627,HAUPTDECKUNG,,5000000.0,0.0,fix,2013-02-01,
DEK-00002627-02,VTR-00002627,BAUSTEIN,BS-TIER-HUND,,,,2013-02-01,
DEK-00002627-03,VTR-00002627,BAUSTEIN,BS-AUSFALL,,,,2013-02-01,
DEK-00002627-04,VTR-00002627,BAUSTEIN,BS-KINDER,,,,2013-02-01,
DEK-00002628-01,VTR-00002628,HAUPTDECKUNG,,50000000.0,0.0,fix,2023-04-01,
DEK-00002628-02,VTR-00002628,BAUSTEIN,BS-TIER-HUND,,,,2023-04-01,
DEK-00002629-01,VTR-00002629,HAUPTDECKUNG,,5000000.0,200.0,fix,2025-09-01,
DEK-00002629-02,VTR-00002629,BAUSTEIN,BS-GEBAEUDE,,,,2025-09-01,
DEK-00002630-01,VTR-00002630,HAUPTDECKUNG,,5000000.0,0.0,fix,2019-01-01,
DEK-00002631-01,VTR-00002631,HAUPTDECKUNG,,10000000.0,0.0,fix,2025-08-01,
DEK-00002632-01,VTR-00002632,HAUPTDECKUNG,,5000000.0,200.0,fix,2015-02-01,2022-01-01
DEK-00002633-01,VTR-00002633,HAUPTDECKUNG,,5000000.0,0.0,fix,2022-06-01,
DEK-00002633-02,VTR-00002633,BAUSTEIN,BS-AUSFALL,,,,2022-06-01,
DEK-00002633-03,VTR-00002633,BAUSTEIN,BS-DROHNE,,,,2022-06-01,
DEK-00002634-01,VTR-00002634,HAUPTDECKUNG,,10000000.0,500.0,fix,2019-02-01,
DEK-00002634-02,VTR-00002634,BAUSTEIN,BS-TIER-HUND,,,,2019-02-01,
DEK-00002635-01,VTR-00002635,HAUPTDECKUNG,,10000000.0,0.0,fix,2022-02-01,
DEK-00002636-01,VTR-00002636,HAUPTDECKUNG,,10000000.0,0.0,fix,2023-06-01,
DEK-00002637-01,VTR-00002637,HAUPTDECKUNG,,5000000.0,200.0,fix,2017-03-01,2020-10-01
DEK-00002638-01,VTR-00002638,HAUPTDECKUNG,,5000000.0,100.0,fix,2013-07-01,2014-12-01
DEK-00002638-02,VTR-00002638,BAUSTEIN,BS-GEBAEUDE,,,,2013-07-01,2014-12-01
DEK-00002639-01,VTR-00002639,HAUPTDECKUNG,,5000000.0,0.0,fix,2022-02-01,
DEK-00002640-01,VTR-00002640,HAUPTDECKUNG,,5000000.0,200.0,fix,2025-12-01,
DEK-00002640-02,VTR-00002640,BAUSTEIN,BS-GEBAEUDE,,,,2025-12-01,
DEK-00002641-01,VTR-00002641,HAUPTDECKUNG,,20000000.0,0.0,fix,2021-06-01,2024-12-01
DEK-00002641-02,VTR-00002641,BAUSTEIN,BS-KINDER,,,,2021-06-01,2024-12-01
DEK-00002642-01,VTR-00002642,HAUPTDECKUNG,,10000000.0,500.0,fix,2015-10-01,2021-04-01
DEK-00002642-02,VTR-00002642,BAUSTEIN,BS-GEBAEUDE,,,,2015-10-01,2021-04-01
DEK-00002643-01,VTR-00002643,HAUPTDECKUNG,,10000000.0,0.0,fix,2024-06-01,
DEK-00002643-02,VTR-00002643,BAUSTEIN,BS-AUSFALL,,,,2024-06-01,
DEK-00002644-01,VTR-00002644,HAUPTDECKUNG,,5000000.0,150.0,fix,2016-05-01,2018-04-01
DEK-00002644-02,VTR-00002644,BAUSTEIN,BS-TIER-HUND,,,,2016-05-01,2018-04-01
DEK-00002645-01,VTR-00002645,HAUPTDECKUNG,,20000000.0,150.0,fix,2016-11-01,
DEK-00002646-01,VTR-00002646,HAUPTDECKUNG,,5000000.0,0.0,fix,2021-11-01,
DEK-00002646-02,VTR-00002646,BAUSTEIN,BS-AUSFALL,,,,2021-11-01,
DEK-00002647-01,VTR-00002647,HAUPTDECKUNG,,10000000.0,0.0,fix,2022-06-01,
DEK-00002647-02,VTR-00002647,BAUSTEIN,BS-GEBAEUDE,,,,2022-06-01,
DEK-00002648-01,VTR-00002648,HAUPTDECKUNG,,50000000.0,0.0,fix,2025-11-01,
DEK-00002649-01,VTR-00002649,HAUPTDECKUNG,,5000000.0,0.0,fix,2018-06-01,
DEK-00002650-01,VTR-00002650,HAUPTDECKUNG,,5000000.0,0.0,fix,2025-06-01,
DEK-00002651-01,VTR-00002651,HAUPTDECKUNG,,10000000.0,0.0,fix,2025-09-01,
DEK-00002652-01,VTR-00002652,HAUPTDECKUNG,,5000000.0,0.0,fix,2018-03-01,
DEK-00002652-02,VTR-00002652,BAUSTEIN,BS-AUSFALL,,,,2018-03-01,
DEK-00002653-01,VTR-00002653,HAUPTDECKUNG,,10000000.0,0.0,fix,2019-12-01,
DEK-00002653-02,VTR-00002653,BAUSTEIN,BS-GEBAEUDE,,,,2019-12-01,
DEK-00002653-03,VTR-00002653,BAUSTEIN,BS-AUSFALL,,,,2019-12-01,
DEK-00002654-01,VTR-00002654,HAUPTDECKUNG,,5000000.0,200.0,fix,2025-12-01,
DEK-00002655-01,VTR-00002655,HAUPTDECKUNG,,5000000.0,0.0,fix,2022-11-01,
DEK-00002656-01,VTR-00002656,HAUPTDECKUNG,,5000000.0,0.0,fix,2022-05-01,
DEK-00002657-01,VTR-00002657,HAUPTDECKUNG,,10000000.0,200.0,fix,2016-12-01,
DEK-00002657-02,VTR-00002657,BAUSTEIN,BS-TIER-HUND,,,,2016-12-01,
DEK-00002657-03,VTR-00002657,BAUSTEIN,BS-SCHLUESSEL,,,,2016-12-01,
DEK-00002658-01,VTR-00002658,HAUPTDECKUNG,,10000000.0,0.0,fix,2022-05-01,
DEK-00002658-02,VTR-00002658,BAUSTEIN,BS-SCHLUESSEL,,,,2022-05-01,
DEK-00002659-01,VTR-00002659,HAUPTDECKUNG,,20000000.0,0.0,fix,2021-05-01,2023-11-01
DEK-00002659-02,VTR-00002659,BAUSTEIN,BS-SCHLUESSEL,,,,2021-05-01,2023-11-01
DEK-00002660-01,VTR-00002660,HAUPTDECKUNG,,10000000.0,0.0,fix,2025-01-01,
DEK-00002661-01,VTR-00002661,HAUPTDECKUNG,,5000000.0,150.0,fix,2025-01-01,
DEK-00002661-02,VTR-00002661,BAUSTEIN,BS-AUSFALL,,,,2025-01-01,
DEK-00002661-03,VTR-00002661,BAUSTEIN,BS-KINDER,,,,2025-01-01,
DEK-00002661-04,VTR-00002661,BAUSTEIN,BS-DROHNE,,,,2025-01-01,
DEK-00002662-01,VTR-00002662,HAUPTDECKUNG,,5000000.0,200.0,fix,2017-11-01,
DEK-00002662-02,VTR-00002662,BAUSTEIN,BS-TIER-HUND,,,,2017-11-01,
DEK-00002663-01,VTR-00002663,HAUPTDECKUNG,,5000000.0,0.0,fix,2010-11-01,
DEK-00002664-01,VTR-00002664,HAUPTDECKUNG,,5000000.0,200.0,fix,2012-06-01,
DEK-00002665-01,VTR-00002665,HAUPTDECKUNG,,5000000.0,0.0,fix,2011-08-01,2013-11-01
DEK-00002666-01,VTR-00002666,HAUPTDECKUNG,,10000000.0,150.0,fix,2017-03-01,2020-02-01
DEK-00002666-02,VTR-00002666,BAUSTEIN,BS-AUSFALL,,,,2017-03-01,2020-02-01
DEK-00002666-03,VTR-00002666,BAUSTEIN,BS-KINDER,,,,2017-03-01,2020-02-01
DEK-00002667-01,VTR-00002667,HAUPTDECKUNG,,5000000.0,200.0,fix,2010-04-01,2013-03-01
DEK-00002668-01,VTR-00002668,HAUPTDECKUNG,,5000000.0,0.0,fix,2023-10-01,
DEK-00002668-02,VTR-00002668,BAUSTEIN,BS-BAUHERR,,,,2023-10-01,
DEK-00002668-03,VTR-00002668,BAUSTEIN,BS-AUSFALL,,,,2023-10-01,
DEK-00002669-01,VTR-00002669,HAUPTDECKUNG,,10000000.0,200.0,fix,2013-05-01,
DEK-00002669-02,VTR-00002669,BAUSTEIN,BS-SCHLUESSEL,,,,2013-05-01,
DEK-00002670-01,VTR-00002670,HAUPTDECKUNG,,5000000.0,0.0,fix,2015-10-01,
DEK-00002670-02,VTR-00002670,BAUSTEIN,BS-TIER-HUND,,,,2015-10-01,
DEK-00002671-01,VTR-00002671,HAUPTDECKUNG,,10000000.0,200.0,fix,2025-03-01,
DEK-00002671-02,VTR-00002671,BAUSTEIN,BS-TIER-HUND,,,,2025-03-01,
DEK-00002672-01,VTR-00002672,HAUPTDECKUNG,,20000000.0,0.0,fix,2021-06-01,2022-05-01
DEK-00002672-02,VTR-00002672,BAUSTEIN,BS-TIER-HUND,,,,2021-06-01,2022-05-01
DEK-00002673-01,VTR-00002673,HAUPTDECKUNG,,5000000.0,200.0,fix,2018-06-01,
DEK-00002673-02,VTR-00002673,BAUSTEIN,BS-GEBAEUDE,,,,2018-06-01,
DEK-00002674-01,VTR-00002674,HAUPTDECKUNG,,20000000.0,0.0,fix,2025-03-01,
DEK-00002674-02,VTR-00002674,BAUSTEIN,BS-KINDER,,,,2025-03-01,
DEK-00002675-01,VTR-00002675,HAUPTDECKUNG,,5000000.0,200.0,fix,2025-12-01,
DEK-00002676-01,VTR-00002676,HAUPTDECKUNG,,10000000.0,0.0,fix,2025-03-01,
DEK-00002676-02,VTR-00002676,BAUSTEIN,BS-AUSFALL,,,,2025-03-01,
DEK-00002676-03,VTR-00002676,BAUSTEIN,BS-SCHLUESSEL,,,,2025-03-01,
DEK-00002677-01,VTR-00002677,HAUPTDECKUNG,,5000000.0,200.0,fix,2025-03-01,
DEK-00002678-01,VTR-00002678,HAUPTDECKUNG,,20000000.0,0.0,fix,2017-06-01,2021-02-01
DEK-00002678-02,VTR-00002678,BAUSTEIN,BS-GEBAEUDE,,,,2017-06-01,2021-02-01
DEK-00002678-03,VTR-00002678,BAUSTEIN,BS-AUSFALL,,,,2017-06-01,2021-02-01
DEK-00002679-01,VTR-00002679,HAUPTDECKUNG,,5000000.0,200.0,fix,2015-12-01,
DEK-00002680-01,VTR-00002680,HAUPTDECKUNG,,5000000.0,200.0,fix,2016-02-01,
DEK-00002680-02,VTR-00002680,BAUSTEIN,BS-SCHLUESSEL,,,,2016-02-01,
DEK-00002681-01,VTR-00002681,HAUPTDECKUNG,,5000000.0,200.0,fix,2025-04-01,
DEK-00002682-01,VTR-00002682,HAUPTDECKUNG,,5000000.0,200.0,fix,2018-08-01,
DEK-00002683-01,VTR-00002683,HAUPTDECKUNG,,5000000.0,200.0,fix,2015-04-01,2017-03-01
DEK-00002684-01,VTR-00002684,HAUPTDECKUNG,,10000000.0,200.0,fix,2025-10-01,
DEK-00002685-01,VTR-00002685,HAUPTDECKUNG,,5000000.0,200.0,fix,2017-11-01,
DEK-00002686-01,VTR-00002686,HAUPTDECKUNG,,5000000.0,500.0,fix,2016-03-01,2024-01-01
DEK-00002686-02,VTR-00002686,BAUSTEIN,BS-SCHLUESSEL,,,,2016-03-01,2024-01-01
DEK-00002687-01,VTR-00002687,HAUPTDECKUNG,,10000000.0,200.0,fix,2016-12-01,
DEK-00002687-02,VTR-00002687,BAUSTEIN,BS-BAUHERR,,,,2016-12-01,
DEK-00002688-01,VTR-00002688,HAUPTDECKUNG,,10000000.0,0.0,fix,2022-06-01,
DEK-00002688-02,VTR-00002688,BAUSTEIN,BS-KINDER,,,,2022-06-01,
DEK-00002689-01,VTR-00002689,HAUPTDECKUNG,,5000000.0,0.0,fix,2021-04-01,
DEK-00002689-02,VTR-00002689,BAUSTEIN,BS-TIER-HUND,,,,2021-04-01,
DEK-00002689-03,VTR-00002689,BAUSTEIN,BS-AUSFALL,,,,2021-04-01,
DEK-00002690-01,VTR-00002690,HAUPTDECKUNG,,5000000.0,200.0,fix,2025-10-01,
DEK-00002691-01,VTR-00002691,HAUPTDECKUNG,,10000000.0,0.0,fix,2016-08-01,
DEK-00002692-01,VTR-00002692,HAUPTDECKUNG,,20000000.0,0.0,fix,2021-08-01,
DEK-00002693-01,VTR-00002693,HAUPTDECKUNG,,5000000.0,0.0,fix,2025-01-01,
DEK-00002694-01,VTR-00002694,HAUPTDECKUNG,,10000000.0,100.0,fix,2020-12-01,
DEK-00002695-01,VTR-00002695,HAUPTDECKUNG,,5000000.0,100.0,fix,2017-10-01,
DEK-00002696-01,VTR-00002696,HAUPTDECKUNG,,5000000.0,200.0,fix,2020-10-01,2022-03-01
DEK-00002697-01,VTR-00002697,HAUPTDECKUNG,,5000000.0,0.0,fix,2021-05-01,
DEK-00002697-02,VTR-00002697,BAUSTEIN,BS-AUSFALL,,,,2021-05-01,
DEK-00002698-01,VTR-00002698,HAUPTDECKUNG,,5000000.0,200.0,fix,2025-06-01,
DEK-00002699-01,VTR-00002699,HAUPTDECKUNG,,10000000.0,0.0,fix,2024-11-01,
DEK-00002700-01,VTR-00002700,HAUPTDECKUNG,,10000000.0,0.0,fix,2013-08-01,2015-08-01
DEK-00002700-02,VTR-00002700,BAUSTEIN,BS-TIER-HUND,,,,2013-08-01,2015-08-01
DEK-00002701-01,VTR-00002701,HAUPTDECKUNG,,10000000.0,0.0,fix,2023-03-01,
DEK-00002701-02,VTR-00002701,BAUSTEIN,BS-OELTANK,,,,2023-03-01,
DEK-00002702-01,VTR-00002702,HAUPTDECKUNG,,10000000.0,0.0,fix,2015-11-01,2024-02-01
DEK-00002702-02,VTR-00002702,BAUSTEIN,BS-SCHLUESSEL,,,,2015-11-01,2024-02-01
DEK-00002703-01,VTR-00002703,HAUPTDECKUNG,,5000000.0,200.0,fix,2018-06-01,
DEK-00002703-02,VTR-00002703,BAUSTEIN,BS-TIER-HUND,,,,2018-06-01,
DEK-00002704-01,VTR-00002704,HAUPTDECKUNG,,5000000.0,200.0,fix,2025-02-01,
DEK-00002705-01,VTR-00002705,HAUPTDECKUNG,,5000000.0,200.0,fix,2025-12-01,
DEK-00002706-01,VTR-00002706,HAUPTDECKUNG,,10000000.0,0.0,fix,2023-01-01,
DEK-00002707-01,VTR-00002707,HAUPTDECKUNG,,10000000.0,0.0,fix,2018-08-01,2022-10-01
DEK-00002707-02,VTR-00002707,BAUSTEIN,BS-KINDER,,,,2018-08-01,2022-10-01
DEK-00002708-01,VTR-00002708,HAUPTDECKUNG,,5000000.0,0.0,fix,2023-05-01,
DEK-00002709-01,VTR-00002709,HAUPTDECKUNG,,10000000.0,200.0,fix,2025-05-01,
DEK-00002709-02,VTR-00002709,BAUSTEIN,BS-BAUHERR,,,,2025-05-01,
DEK-00002710-01,VTR-00002710,HAUPTDECKUNG,,20000000.0,0.0,fix,2015-12-01,2018-10-01
DEK-00002711-01,VTR-00002711,HAUPTDECKUNG,,5000000.0,0.0,fix,2019-12-01,
DEK-00002712-01,VTR-00002712,HAUPTDECKUNG,,5000000.0,150.0,fix,2017-06-01,2019-01-01
DEK-00002712-02,VTR-00002712,BAUSTEIN,BS-DROHNE,,,,2017-06-01,2019-01-01
DEK-00002713-01,VTR-00002713,HAUPTDECKUNG,,5000000.0,0.0,fix,2025-12-01,
DEK-00002714-01,VTR-00002714,HAUPTDECKUNG,,5000000.0,200.0,fix,2025-09-01,
DEK-00002715-01,VTR-00002715,HAUPTDECKUNG,,5000000.0,200.0,fix,2018-12-01,
DEK-00002716-01,VTR-00002716,HAUPTDECKUNG,,5000000.0,0.0,fix,2024-09-01,
DEK-00002717-01,VTR-00002717,HAUPTDECKUNG,,5000000.0,0.0,fix,2022-12-01,
DEK-00002717-02,VTR-00002717,BAUSTEIN,BS-AUSFALL,,,,2022-12-01,
DEK-00002718-01,VTR-00002718,HAUPTDECKUNG,,10000000.0,200.0,fix,2025-05-01,
DEK-00002719-01,VTR-00002719,HAUPTDECKUNG,,5000000.0,0.0,fix,2017-09-01,2023-07-01
DEK-00002720-01,VTR-00002720,HAUPTDECKUNG,,10000000.0,200.0,fix,2020-12-01,
DEK-00002720-02,VTR-00002720,BAUSTEIN,BS-TIER-HUND,,,,2020-12-01,
DEK-00002721-01,VTR-00002721,HAUPTDECKUNG,,5000000.0,200.0,fix,2025-02-01,
DEK-00002722-01,VTR-00002722,HAUPTDECKUNG,,5000000.0,200.0,fix,2025-04-01,
DEK-00002722-02,VTR-00002722,BAUSTEIN,BS-BAUHERR,,,,2025-04-01,
DEK-00002723-01,VTR-00002723,HAUPTDECKUNG,,5000000.0,200.0,fix,2020-08-01,
DEK-00002724-01,VTR-00002724,HAUPTDECKUNG,,5000000.0,200.0,fix,2025-12-01,
DEK-00002725-01,VTR-00002725,HAUPTDECKUNG,,10000000.0,200.0,fix,2025-02-01,
DEK-00002726-01,VTR-00002726,HAUPTDECKUNG,,20000000.0,0.0,fix,2025-03-01,
DEK-00002726-02,VTR-00002726,BAUSTEIN,BS-TIER-HUND,,,,2025-03-01,
DEK-00002726-03,VTR-00002726,BAUSTEIN,BS-OELTANK,,,,2025-03-01,
DEK-00002727-01,VTR-00002727,HAUPTDECKUNG,,5000000.0,200.0,fix,2014-04-01,2019-06-01
DEK-00002727-02,VTR-00002727,BAUSTEIN,BS-BAUHERR,,,,2014-04-01,2019-06-01
DEK-00002728-01,VTR-00002728,HAUPTDECKUNG,,10000000.0,0.0,fix,2021-04-01,2022-04-01
DEK-00002729-01,VTR-00002729,HAUPTDECKUNG,,10000000.0,0.0,fix,2022-11-01,
DEK-00002729-02,VTR-00002729,BAUSTEIN,BS-GEBAEUDE,,,,2022-11-01,
DEK-00002729-03,VTR-00002729,BAUSTEIN,BS-AUSFALL,,,,2022-11-01,
DEK-00002729-04,VTR-00002729,BAUSTEIN,BS-KINDER,,,,2022-11-01,
DEK-00002730-01,VTR-00002730,HAUPTDECKUNG,,5000000.0,100.0,fix,2015-12-01,2021-02-01
DEK-00002731-01,VTR-00002731,HAUPTDECKUNG,,5000000.0,200.0,fix,2025-08-01,
DEK-00002732-01,VTR-00002732,HAUPTDECKUNG,,20000000.0,0.0,fix,2024-08-01,
DEK-00002732-02,VTR-00002732,BAUSTEIN,BS-AUSFALL,,,,2024-08-01,
DEK-00002733-01,VTR-00002733,HAUPTDECKUNG,,10000000.0,0.0,fix,2023-09-01,
DEK-00002734-01,VTR-00002734,HAUPTDECKUNG,,5000000.0,0.0,fix,2020-12-01,
DEK-00002734-02,VTR-00002734,BAUSTEIN,BS-TIER-HUND,,,,2020-12-01,
DEK-00002734-03,VTR-00002734,BAUSTEIN,BS-OELTANK,,,,2020-12-01,
DEK-00002735-01,VTR-00002735,HAUPTDECKUNG,,5000000.0,0.0,fix,2025-10-01,
DEK-00002736-01,VTR-00002736,HAUPTDECKUNG,,10000000.0,0.0,fix,2025-08-01,
DEK-00002737-01,VTR-00002737,HAUPTDECKUNG,,5000000.0,200.0,fix,2020-03-01,2023-11-01
DEK-00002738-01,VTR-00002738,HAUPTDECKUNG,,5000000.0,100.0,fix,2019-10-01,
DEK-00002739-01,VTR-00002739,HAUPTDECKUNG,,20000000.0,0.0,fix,2023-11-01,
DEK-00002739-02,VTR-00002739,BAUSTEIN,BS-SCHLUESSEL,,,,2023-11-01,
DEK-00002740-01,VTR-00002740,HAUPTDECKUNG,,20000000.0,150.0,fix,2014-03-01,2022-12-01
DEK-00002740-02,VTR-00002740,BAUSTEIN,BS-KINDER,,,,2014-03-01,2022-12-01
DEK-00002741-01,VTR-00002741,HAUPTDECKUNG,,5000000.0,0.0,fix,2024-10-01,
DEK-00002742-01,VTR-00002742,HAUPTDECKUNG,,5000000.0,200.0,fix,2025-09-01,
DEK-00002743-01,VTR-00002743,HAUPTDECKUNG,,20000000.0,0.0,fix,2024-04-01,
DEK-00002744-01,VTR-00002744,HAUPTDECKUNG,,5000000.0,200.0,fix,2017-10-01,
DEK-00002744-02,VTR-00002744,BAUSTEIN,BS-BAUHERR,,,,2017-10-01,
DEK-00002745-01,VTR-00002745,HAUPTDECKUNG,,10000000.0,150.0,fix,2025-05-01,
DEK-00002746-01,VTR-00002746,HAUPTDECKUNG,,10000000.0,0.0,fix,2025-10-01,
DEK-00002746-02,VTR-00002746,BAUSTEIN,BS-TIER-HUND,,,,2025-10-01,
DEK-00002747-01,VTR-00002747,HAUPTDECKUNG,,10000000.0,200.0,fix,2025-09-01,
DEK-00002747-02,VTR-00002747,BAUSTEIN,BS-TIER-HUND,,,,2025-09-01,
DEK-00002748-01,VTR-00002748,HAUPTDECKUNG,,5000000.0,0.0,fix,2024-10-01,
DEK-00002749-01,VTR-00002749,HAUPTDECKUNG,,5000000.0,0.0,fix,2019-09-01,
DEK-00002749-02,VTR-00002749,BAUSTEIN,BS-KINDER,,,,2019-09-01,
DEK-00002750-01,VTR-00002750,HAUPTDECKUNG,,10000000.0,0.0,fix,2023-11-01,
DEK-00002750-02,VTR-00002750,BAUSTEIN,BS-AUSFALL,,,,2023-11-01,
DEK-00002750-03,VTR-00002750,BAUSTEIN,BS-SCHLUESSEL,,,,2023-11-01,
DEK-00002751-01,VTR-00002751,HAUPTDECKUNG,,5000000.0,0.0,fix,2025-10-01,
DEK-00002752-01,VTR-00002752,HAUPTDECKUNG,,5000000.0,200.0,fix,2020-08-01,
DEK-00002752-02,VTR-00002752,BAUSTEIN,BS-TIER-HUND,,,,2020-08-01,
DEK-00002753-01,VTR-00002753,HAUPTDECKUNG,,5000000.0,0.0,fix,2025-12-01,
DEK-00002753-02,VTR-00002753,BAUSTEIN,BS-SCHLUESSEL,,,,2025-12-01,
DEK-00002754-01,VTR-00002754,HAUPTDECKUNG,,5000000.0,200.0,fix,2025-10-01,
DEK-00002755-01,VTR-00002755,HAUPTDECKUNG,,5000000.0,0.0,fix,2023-10-01,2024-01-01
DEK-00002755-02,VTR-00002755,BAUSTEIN,BS-KINDER,,,,2023-10-01,2024-01-01
DEK-00002756-01,VTR-00002756,HAUPTDECKUNG,,5000000.0,200.0,fix,2018-09-01,
DEK-00002757-01,VTR-00002757,HAUPTDECKUNG,,5000000.0,200.0,fix,2025-12-01,
DEK-00002758-01,VTR-00002758,HAUPTDECKUNG,,10000000.0,0.0,fix,2016-10-01,
DEK-00002758-02,VTR-00002758,BAUSTEIN,BS-KINDER,,,,2016-10-01,
DEK-00002759-01,VTR-00002759,HAUPTDECKUNG,,20000000.0,0.0,fix,2023-03-01,
DEK-00002760-01,VTR-00002760,HAUPTDECKUNG,,5000000.0,0.0,fix,2023-01-01,
DEK-00002760-02,VTR-00002760,BAUSTEIN,BS-SCHLUESSEL,,,,2023-01-01,
DEK-00002760-03,VTR-00002760,BAUSTEIN,BS-KINDER,,,,2023-01-01,
DEK-00002761-01,VTR-00002761,HAUPTDECKUNG,,5000000.0,250.0,fix,2006-11-01,2018-02-01
DEK-00002762-01,VTR-00002762,HAUPTDECKUNG,,3000000.0,0.0,prozent_min,2025-08-01,
DEK-00002762-02,VTR-00002762,BAUSTEIN,BS-PRODUKT,,,,2025-08-01,
DEK-00002763-01,VTR-00002763,HAUPTDECKUNG,,5000000.0,0.0,prozent_min,2025-09-01,
DEK-00002764-01,VTR-00002764,HAUPTDECKUNG,,5000000.0,1000.0,fix,2025-06-01,
DEK-00002765-01,VTR-00002765,HAUPTDECKUNG,,5000000.0,1000.0,fix,2019-04-01,
DEK-00002765-02,VTR-00002765,BAUSTEIN,BS-PRODUKT,,,,2019-04-01,
DEK-00002765-03,VTR-00002765,BAUSTEIN,BS-IT-DATEN,,,,2019-04-01,
DEK-00002766-01,VTR-00002766,HAUPTDECKUNG,,5000000.0,0.0,prozent_min,2025-02-01,
DEK-00002767-01,VTR-00002767,HAUPTDECKUNG,,5000000.0,500.0,fix,2025-11-01,
DEK-00002767-02,VTR-00002767,BAUSTEIN,BS-PRODUKT,,,,2025-11-01,
DEK-00002767-03,VTR-00002767,BAUSTEIN,BS-UMWELT,,,,2025-11-01,
DEK-00002768-01,VTR-00002768,HAUPTDECKUNG,,5000000.0,1000.0,fix,2025-08-01,
DEK-00002768-02,VTR-00002768,BAUSTEIN,BS-BAUHERR,,,,2025-08-01,
DEK-00002769-01,VTR-00002769,HAUPTDECKUNG,,5000000.0,1000.0,fix,2025-05-01,
DEK-00002769-02,VTR-00002769,BAUSTEIN,BS-PRODUKT,,,,2025-05-01,
DEK-00002770-01,VTR-00002770,HAUPTDECKUNG,,5000000.0,0.0,prozent_min,2025-06-01,
DEK-00002771-01,VTR-00002771,HAUPTDECKUNG,,5000000.0,500.0,fix,2013-05-01,
DEK-00002771-02,VTR-00002771,BAUSTEIN,BS-PRODUKT,,,,2013-05-01,
DEK-00002772-01,VTR-00002772,HAUPTDECKUNG,,10000000.0,1000.0,fix,2016-04-01,2019-02-01
DEK-00002772-02,VTR-00002772,BAUSTEIN,BS-PRODUKT,,,,2016-04-01,2019-02-01
DEK-00002772-03,VTR-00002772,BAUSTEIN,BS-UMWELT,,,,2016-04-01,2019-02-01
DEK-00002773-01,VTR-00002773,HAUPTDECKUNG,,3000000.0,1000.0,fix,2025-09-01,
DEK-00002774-01,VTR-00002774,HAUPTDECKUNG,,10000000.0,500.0,fix,2016-11-01,2017-06-01
DEK-00002775-01,VTR-00002775,HAUPTDECKUNG,,3000000.0,0.0,prozent_min,2019-04-01,
DEK-00002775-02,VTR-00002775,BAUSTEIN,BS-RUECKRUF,,,,2019-04-01,
DEK-00002776-01,VTR-00002776,HAUPTDECKUNG,,3000000.0,1000.0,fix,2025-01-01,
DEK-00002776-02,VTR-00002776,BAUSTEIN,BS-UMWELT,,,,2025-01-01,
DEK-00002777-01,VTR-00002777,HAUPTDECKUNG,,5000000.0,500.0,fix,2015-02-01,2024-08-01
DEK-00002777-02,VTR-00002777,BAUSTEIN,BS-PRODUKT,,,,2015-02-01,2024-08-01
DEK-00002777-03,VTR-00002777,BAUSTEIN,BS-UMWELT,,,,2015-02-01,2024-08-01
DEK-00002778-01,VTR-00002778,HAUPTDECKUNG,,5000000.0,500.0,fix,2025-10-01,
DEK-00002779-01,VTR-00002779,HAUPTDECKUNG,,5000000.0,1000.0,fix,2025-08-01,
DEK-00002779-02,VTR-00002779,BAUSTEIN,BS-PRODUKT,,,,2025-08-01,
DEK-00002780-01,VTR-00002780,HAUPTDECKUNG,,5000000.0,0.0,prozent_min,2025-10-01,
DEK-00002781-01,VTR-00002781,HAUPTDECKUNG,,10000000.0,500.0,fix,2019-11-01,2020-08-01
DEK-00002782-01,VTR-00002782,HAUPTDECKUNG,,5000000.0,0.0,prozent_min,2017-03-01,2020-11-01
DEK-00002782-02,VTR-00002782,BAUSTEIN,BS-PRODUKT,,,,2017-03-01,2020-11-01
DEK-00002782-03,VTR-00002782,BAUSTEIN,BS-UMWELT,,,,2017-03-01,2020-11-01
DEK-00002783-01,VTR-00002783,HAUPTDECKUNG,,3000000.0,0.0,prozent_min,2025-10-01,
DEK-00002783-02,VTR-00002783,BAUSTEIN,BS-PRODUKT,,,,2025-10-01,
DEK-00002783-03,VTR-00002783,BAUSTEIN,BS-RUECKRUF,,,,2025-10-01,
DEK-00002784-01,VTR-00002784,HAUPTDECKUNG,,3000000.0,500.0,fix,2012-12-01,2023-10-01
DEK-00002785-01,VTR-00002785,HAUPTDECKUNG,,5000000.0,0.0,prozent_min,2025-04-01,
DEK-00002786-01,VTR-00002786,HAUPTDECKUNG,,5000000.0,250.0,fix,2025-04-01,
DEK-00002786-02,VTR-00002786,BAUSTEIN,BS-PRODUKT,,,,2025-04-01,
DEK-00002787-01,VTR-00002787,HAUPTDECKUNG,,5000000.0,0.0,prozent_min,2019-05-01,
DEK-00002787-02,VTR-00002787,BAUSTEIN,BS-PRODUKT,,,,2019-05-01,
DEK-00002788-01,VTR-00002788,HAUPTDECKUNG,,5000000.0,0.0,prozent_min,2025-12-01,
DEK-00002789-01,VTR-00002789,HAUPTDECKUNG,,5000000.0,0.0,prozent_min,2025-01-01,
DEK-00002790-01,VTR-00002790,HAUPTDECKUNG,,5000000.0,1000.0,fix,2009-02-01,2013-08-01
DEK-00002791-01,VTR-00002791,HAUPTDECKUNG,,3000000.0,500.0,fix,2025-03-01,
DEK-00002791-02,VTR-00002791,BAUSTEIN,BS-UMWELT,,,,2025-03-01,
DEK-00002792-01,VTR-00002792,HAUPTDECKUNG,,3000000.0,0.0,prozent_min,2025-10-01,
DEK-00002793-01,VTR-00002793,HAUPTDECKUNG,,5000000.0,0.0,prozent_min,2013-09-01,
DEK-00002793-02,VTR-00002793,BAUSTEIN,BS-RUECKRUF,,,,2013-09-01,
DEK-00002794-01,VTR-00002794,HAUPTDECKUNG,,10000000.0,0.0,prozent_min,2025-05-01,
DEK-00002795-01,VTR-00002795,HAUPTDECKUNG,,5000000.0,0.0,prozent_min,2017-09-01,2020-05-01
DEK-00002795-02,VTR-00002795,BAUSTEIN,BS-UMWELT,,,,2017-09-01,2020-05-01
DEK-00002796-01,VTR-00002796,HAUPTDECKUNG,,5000000.0,500.0,fix,2025-08-01,
DEK-00002796-02,VTR-00002796,BAUSTEIN,BS-PRODUKT,,,,2025-08-01,
DEK-00002796-03,VTR-00002796,BAUSTEIN,BS-IT-DATEN,,,,2025-08-01,
DEK-00002797-01,VTR-00002797,HAUPTDECKUNG,,5000000.0,0.0,prozent_min,2025-09-01,
DEK-00002797-02,VTR-00002797,BAUSTEIN,BS-UMWELT,,,,2025-09-01,
DEK-00002798-01,VTR-00002798,HAUPTDECKUNG,,10000000.0,500.0,fix,2014-02-01,2017-08-01
DEK-00002798-02,VTR-00002798,BAUSTEIN,BS-PRODUKT,,,,2014-02-01,2017-08-01
DEK-00002799-01,VTR-00002799,HAUPTDECKUNG,,10000000.0,2000.0,fix,2017-10-01,
DEK-00002799-02,VTR-00002799,BAUSTEIN,BS-UMWELT,,,,2017-10-01,
DEK-00002800-01,VTR-00002800,HAUPTDECKUNG,,5000000.0,1000.0,fix,2014-03-01,2019-09-01
DEK-00002800-02,VTR-00002800,BAUSTEIN,BS-PRODUKT,,,,2014-03-01,2019-09-01
DEK-00002801-01,VTR-00002801,HAUPTDECKUNG,,5000000.0,0.0,prozent_min,2020-09-01,
DEK-00002802-01,VTR-00002802,HAUPTDECKUNG,,5000000.0,0.0,prozent_min,2025-02-01,
DEK-00002802-02,VTR-00002802,BAUSTEIN,BS-UMWELT,,,,2025-02-01,
DEK-00002803-01,VTR-00002803,HAUPTDECKUNG,,3000000.0,0.0,prozent_min,2025-04-01,
DEK-00002803-02,VTR-00002803,BAUSTEIN,BS-PRODUKT,,,,2025-04-01,
DEK-00002804-01,VTR-00002804,HAUPTDECKUNG,,3000000.0,1000.0,fix,2025-05-01,
DEK-00002804-02,VTR-00002804,BAUSTEIN,BS-PRODUKT,,,,2025-05-01,
DEK-00002805-01,VTR-00002805,HAUPTDECKUNG,,5000000.0,500.0,fix,2013-10-01,2018-03-01
DEK-00002806-01,VTR-00002806,HAUPTDECKUNG,,10000000.0,500.0,fix,2018-05-01,
DEK-00002807-01,VTR-00002807,HAUPTDECKUNG,,5000000.0,500.0,fix,2013-06-01,2019-02-01
DEK-00002807-02,VTR-00002807,BAUSTEIN,BS-PRODUKT,,,,2013-06-01,2019-02-01
DEK-00002808-01,VTR-00002808,HAUPTDECKUNG,,10000000.0,500.0,fix,2025-03-01,
DEK-00002808-02,VTR-00002808,BAUSTEIN,BS-PRODUKT,,,,2025-03-01,
DEK-00002809-01,VTR-00002809,HAUPTDECKUNG,,5000000.0,250.0,fix,2025-01-01,
DEK-00002810-01,VTR-00002810,HAUPTDECKUNG,,10000000.0,0.0,prozent_min,2017-10-01,2020-07-01
DEK-00002810-02,VTR-00002810,BAUSTEIN,BS-PRODUKT,,,,2017-10-01,2020-07-01
DEK-00002811-01,VTR-00002811,HAUPTDECKUNG,,10000000.0,250.0,fix,2019-09-01,
DEK-00002811-02,VTR-00002811,BAUSTEIN,BS-UMWELT,,,,2019-09-01,
DEK-00002812-01,VTR-00002812,HAUPTDECKUNG,,5000000.0,1000.0,fix,2013-09-01,
DEK-00002813-01,VTR-00002813,HAUPTDECKUNG,,5000000.0,1000.0,fix,2013-10-01,2021-08-01
DEK-00002813-02,VTR-00002813,BAUSTEIN,BS-PRODUKT,,,,2013-10-01,2021-08-01
DEK-00002813-03,VTR-00002813,BAUSTEIN,BS-RUECKRUF,,,,2013-10-01,2021-08-01
DEK-00002814-01,VTR-00002814,HAUPTDECKUNG,,5000000.0,500.0,fix,2003-04-01,2013-10-01
DEK-00002815-01,VTR-00002815,HAUPTDECKUNG,,5000000.0,1000.0,fix,2025-01-01,
DEK-00002815-02,VTR-00002815,BAUSTEIN,BS-UMWELT,,,,2025-01-01,
DEK-00002815-03,VTR-00002815,BAUSTEIN,BS-IT-DATEN,,,,2025-01-01,
DEK-00002816-01,VTR-00002816,HAUPTDECKUNG,,3000000.0,500.0,fix,2025-11-01,
DEK-00002817-01,VTR-00002817,HAUPTDECKUNG,,10000000.0,0.0,prozent_min,2016-02-01,2024-08-01
DEK-00002817-02,VTR-00002817,BAUSTEIN,BS-BAUHERR,,,,2016-02-01,2024-08-01
DEK-00002817-03,VTR-00002817,BAUSTEIN,BS-PRODUKT,,,,2016-02-01,2024-08-01
DEK-00002818-01,VTR-00002818,HAUPTDECKUNG,,5000000.0,0.0,prozent_min,2025-10-01,
DEK-00002818-02,VTR-00002818,BAUSTEIN,BS-PRODUKT,,,,2025-10-01,
DEK-00002819-01,VTR-00002819,HAUPTDECKUNG,,5000000.0,250.0,fix,2002-03-01,2011-05-01
DEK-00002820-01,VTR-00002820,HAUPTDECKUNG,,10000000.0,500.0,fix,2025-07-01,
DEK-00002820-02,VTR-00002820,BAUSTEIN,BS-PRODUKT,,,,2025-07-01,
DEK-00002821-01,VTR-00002821,HAUPTDECKUNG,,5000000.0,500.0,fix,2004-01-01,
DEK-00002822-01,VTR-00002822,HAUPTDECKUNG,,5000000.0,500.0,fix,2025-10-01,
DEK-00002822-02,VTR-00002822,BAUSTEIN,BS-UMWELT,,,,2025-10-01,
DEK-00002823-01,VTR-00002823,HAUPTDECKUNG,,10000000.0,0.0,prozent_min,2025-04-01,
DEK-00002823-02,VTR-00002823,BAUSTEIN,BS-UMWELT,,,,2025-04-01,
DEK-00002823-03,VTR-00002823,BAUSTEIN,BS-IT-DATEN,,,,2025-04-01,
DEK-00002824-01,VTR-00002824,HAUPTDECKUNG,,3000000.0,0.0,prozent_min,2014-01-01,2016-02-01
DEK-00002825-01,VTR-00002825,HAUPTDECKUNG,,5000000.0,500.0,fix,2025-12-01,
DEK-00002826-01,VTR-00002826,HAUPTDECKUNG,,3000000.0,500.0,fix,2019-03-01,
DEK-00002826-02,VTR-00002826,BAUSTEIN,BS-UMWELT,,,,2019-03-01,
DEK-00002826-03,VTR-00002826,BAUSTEIN,BS-RUECKRUF,,,,2019-03-01,
DEK-00002827-01,VTR-00002827,HAUPTDECKUNG,,3000000.0,250.0,fix,2025-08-01,
DEK-00002827-02,VTR-00002827,BAUSTEIN,BS-RUECKRUF,,,,2025-08-01,
DEK-00002828-01,VTR-00002828,HAUPTDECKUNG,,5000000.0,0.0,prozent_min,2025-06-01,
DEK-00002829-01,VTR-00002829,HAUPTDECKUNG,,5000000.0,0.0,prozent_min,2013-05-01,
DEK-00002829-02,VTR-00002829,BAUSTEIN,BS-PRODUKT,,,,2013-05-01,
DEK-00002830-01,VTR-00002830,HAUPTDECKUNG,,10000000.0,1000.0,fix,2015-04-01,2019-10-01
DEK-00002831-01,VTR-00002831,HAUPTDECKUNG,,5000000.0,500.0,fix,2025-07-01,
DEK-00002831-02,VTR-00002831,BAUSTEIN,BS-IT-DATEN,,,,2025-07-01,
DEK-00002832-01,VTR-00002832,HAUPTDECKUNG,,5000000.0,500.0,fix,2025-04-01,
DEK-00002832-02,VTR-00002832,BAUSTEIN,BS-PRODUKT,,,,2025-04-01,
DEK-00002832-03,VTR-00002832,BAUSTEIN,BS-UMWELT,,,,2025-04-01,
DEK-00002833-01,VTR-00002833,HAUPTDECKUNG,,3000000.0,500.0,fix,2025-06-01,
DEK-00002833-02,VTR-00002833,BAUSTEIN,BS-RUECKRUF,,,,2025-06-01,
DEK-00002834-01,VTR-00002834,HAUPTDECKUNG,,10000000.0,250.0,fix,2025-09-01,
DEK-00002834-02,VTR-00002834,BAUSTEIN,BS-IT-DATEN,,,,2025-09-01,
DEK-00002835-01,VTR-00002835,HAUPTDECKUNG,,3000000.0,250.0,fix,2025-09-01,
DEK-00002836-01,VTR-00002836,HAUPTDECKUNG,,5000000.0,0.0,prozent_min,2025-02-01,
DEK-00002836-02,VTR-00002836,BAUSTEIN,BS-PRODUKT,,,,2025-02-01,
DEK-00002837-01,VTR-00002837,HAUPTDECKUNG,,5000000.0,500.0,fix,2010-12-01,2016-03-01
DEK-00002838-01,VTR-00002838,HAUPTDECKUNG,,5000000.0,0.0,prozent_min,2019-08-01,
DEK-00002838-02,VTR-00002838,BAUSTEIN,BS-RUECKRUF,,,,2019-08-01,
DEK-00002839-01,VTR-00002839,HAUPTDECKUNG,,5000000.0,500.0,fix,2025-01-01,
DEK-00002839-02,VTR-00002839,BAUSTEIN,BS-PRODUKT,,,,2025-01-01,
DEK-00002839-03,VTR-00002839,BAUSTEIN,BS-UMWELT,,,,2025-01-01,
DEK-00002840-01,VTR-00002840,HAUPTDECKUNG,,5000000.0,500.0,fix,2015-01-01,
DEK-00002841-01,VTR-00002841,HAUPTDECKUNG,,5000000.0,0.0,prozent_min,2017-08-01,2024-04-01
DEK-00002842-01,VTR-00002842,HAUPTDECKUNG,,5000000.0,0.0,prozent_min,2019-10-01,
DEK-00002842-02,VTR-00002842,BAUSTEIN,BS-PRODUKT,,,,2019-10-01,
DEK-00002843-01,VTR-00002843,HAUPTDECKUNG,,3000000.0,500.0,fix,2017-04-01,2020-09-01
DEK-00002844-01,VTR-00002844,HAUPTDECKUNG,,10000000.0,0.0,prozent_min,2025-02-01,
DEK-00002844-02,VTR-00002844,BAUSTEIN,BS-PRODUKT,,,,2025-02-01,
DEK-00002844-03,VTR-00002844,BAUSTEIN,BS-UMWELT,,,,2025-02-01,
DEK-00002845-01,VTR-00002845,HAUPTDECKUNG,,10000000.0,0.0,prozent_min,2025-05-01,
DEK-00002845-02,VTR-00002845,BAUSTEIN,BS-PRODUKT,,,,2025-05-01,
DEK-00002845-03,VTR-00002845,BAUSTEIN,BS-IT-DATEN,,,,2025-05-01,
DEK-00002846-01,VTR-00002846,HAUPTDECKUNG,,5000000.0,1000.0,fix,2001-01-01,2009-06-01
DEK-00002847-01,VTR-00002847,HAUPTDECKUNG,,5000000.0,0.0,prozent_min,2025-03-01,
DEK-00002847-02,VTR-00002847,BAUSTEIN,BS-PRODUKT,,,,2025-03-01,
DEK-00002848-01,VTR-00002848,HAUPTDECKUNG,,5000000.0,0.0,prozent_min,2020-01-01,2022-01-01
DEK-00002849-01,VTR-00002849,HAUPTDECKUNG,,10000000.0,0.0,prozent_min,2025-02-01,
DEK-00002849-02,VTR-00002849,BAUSTEIN,BS-BAUHERR,,,,2025-02-01,
DEK-00002850-01,VTR-00002850,HAUPTDECKUNG,,5000000.0,1000.0,fix,2008-04-01,2015-12-01
DEK-00002851-01,VTR-00002851,HAUPTDECKUNG,,5000000.0,0.0,prozent_min,2019-07-01,
DEK-00002851-02,VTR-00002851,BAUSTEIN,BS-IT-DATEN,,,,2019-07-01,
DEK-00002852-01,VTR-00002852,HAUPTDECKUNG,,5000000.0,500.0,fix,2008-12-01,2016-03-01
DEK-00002853-01,VTR-00002853,HAUPTDECKUNG,,10000000.0,0.0,prozent_min,2019-10-01,
DEK-00002853-02,VTR-00002853,BAUSTEIN,BS-UMWELT,,,,2019-10-01,
DEK-00002854-01,VTR-00002854,HAUPTDECKUNG,,3000000.0,0.0,prozent_min,2025-11-01,
DEK-00002855-01,VTR-00002855,HAUPTDECKUNG,,5000000.0,500.0,fix,2018-05-01,
DEK-00002855-02,VTR-00002855,BAUSTEIN,BS-IT-DATEN,,,,2018-05-01,
DEK-00002856-01,VTR-00002856,HAUPTDECKUNG,,3000000.0,0.0,prozent_min,2025-06-01,
DEK-00002857-01,VTR-00002857,HAUPTDECKUNG,,5000000.0,500.0,fix,2013-09-01,2019-11-01
DEK-00002857-02,VTR-00002857,BAUSTEIN,BS-PRODUKT,,,,2013-09-01,2019-11-01
DEK-00002858-01,VTR-00002858,HAUPTDECKUNG,,3000000.0,500.0,fix,2025-11-01,
DEK-00002859-01,VTR-00002859,HAUPTDECKUNG,,3000000.0,500.0,fix,2005-07-01,2008-12-01
DEK-00002860-01,VTR-00002860,HAUPTDECKUNG,,3000000.0,500.0,fix,2017-06-01,2021-05-01
DEK-00002861-01,VTR-00002861,HAUPTDECKUNG,,5000000.0,0.0,prozent_min,2025-10-01,
DEK-00002861-02,VTR-00002861,BAUSTEIN,BS-PRODUKT,,,,2025-10-01,
DEK-00002861-03,VTR-00002861,BAUSTEIN,BS-UMWELT,,,,2025-10-01,
DEK-00002861-04,VTR-00002861,BAUSTEIN,BS-RUECKRUF,,,,2025-10-01,
DEK-00002862-01,VTR-00002862,HAUPTDECKUNG,,5000000.0,500.0,fix,2017-01-01,
DEK-00002863-01,VTR-00002863,HAUPTDECKUNG,,5000000.0,0.0,prozent_min,2025-11-01,
DEK-00002863-02,VTR-00002863,BAUSTEIN,BS-PRODUKT,,,,2025-11-01,
DEK-00002864-01,VTR-00002864,HAUPTDECKUNG,,5000000.0,0.0,prozent_min,2013-03-01,2015-04-01
DEK-00002865-01,VTR-00002865,HAUPTDECKUNG,,5000000.0,1000.0,fix,2008-03-01,2010-01-01
DEK-00002866-01,VTR-00002866,HAUPTDECKUNG,,5000000.0,0.0,prozent_min,2025-06-01,
DEK-00002867-01,VTR-00002867,HAUPTDECKUNG,,5000000.0,0.0,prozent_min,2025-11-01,
DEK-00002867-02,VTR-00002867,BAUSTEIN,BS-PRODUKT,,,,2025-11-01,
DEK-00002867-03,VTR-00002867,BAUSTEIN,BS-UMWELT,,,,2025-11-01,
DEK-00002868-01,VTR-00002868,HAUPTDECKUNG,,5000000.0,250.0,fix,2025-04-01,
DEK-00002869-01,VTR-00002869,HAUPTDECKUNG,,5000000.0,0.0,prozent_min,2018-06-01,2021-05-01
DEK-00002870-01,VTR-00002870,HAUPTDECKUNG,,10000000.0,500.0,fix,2025-03-01,
DEK-00002870-02,VTR-00002870,BAUSTEIN,BS-IT-DATEN,,,,2025-03-01,
DEK-00002871-01,VTR-00002871,HAUPTDECKUNG,,5000000.0,1000.0,fix,2013-05-01,2024-07-01
DEK-00002872-01,VTR-00002872,HAUPTDECKUNG,,3000000.0,250.0,fix,2025-02-01,
DEK-00002872-02,VTR-00002872,BAUSTEIN,BS-PRODUKT,,,,2025-02-01,
DEK-00002873-01,VTR-00002873,HAUPTDECKUNG,,3000000.0,0.0,prozent_min,2025-01-01,
DEK-00002873-02,VTR-00002873,BAUSTEIN,BS-PRODUKT,,,,2025-01-01,
DEK-00002874-01,VTR-00002874,HAUPTDECKUNG,,10000000.0,500.0,fix,2025-07-01,
DEK-00002874-02,VTR-00002874,BAUSTEIN,BS-PRODUKT,,,,2025-07-01,
DEK-00002874-03,VTR-00002874,BAUSTEIN,BS-UMWELT,,,,2025-07-01,
DEK-00002875-01,VTR-00002875,HAUPTDECKUNG,,5000000.0,0.0,prozent_min,2020-11-01,
DEK-00002875-02,VTR-00002875,BAUSTEIN,BS-PRODUKT,,,,2020-11-01,
DEK-00002876-01,VTR-00002876,HAUPTDECKUNG,,10000000.0,1000.0,fix,2015-06-01,
DEK-00002877-01,VTR-00002877,HAUPTDECKUNG,,5000000.0,500.0,fix,2017-07-01,2021-04-01
DEK-00002878-01,VTR-00002878,HAUPTDECKUNG,,5000000.0,1000.0,fix,2010-09-01,2024-01-01
DEK-00002879-01,VTR-00002879,HAUPTDECKUNG,,5000000.0,500.0,fix,2025-04-01,
DEK-00002879-02,VTR-00002879,BAUSTEIN,BS-IT-DATEN,,,,2025-04-01,
DEK-00002880-01,VTR-00002880,HAUPTDECKUNG,,3000000.0,500.0,fix,2025-01-01,
DEK-00002880-02,VTR-00002880,BAUSTEIN,BS-PRODUKT,,,,2025-01-01,
DEK-00002881-01,VTR-00002881,HAUPTDECKUNG,,5000000.0,0.0,prozent_min,2025-03-01,
DEK-00002881-02,VTR-00002881,BAUSTEIN,BS-UMWELT,,,,2025-03-01,
DEK-00002881-03,VTR-00002881,BAUSTEIN,BS-IT-DATEN,,,,2025-03-01,
DEK-00002882-01,VTR-00002882,HAUPTDECKUNG,,5000000.0,500.0,fix,2018-07-01,2024-08-01
DEK-00002882-02,VTR-00002882,BAUSTEIN,BS-RUECKRUF,,,,2018-07-01,2024-08-01
DEK-00002883-01,VTR-00002883,HAUPTDECKUNG,,5000000.0,500.0,fix,2025-01-01,
DEK-00002883-02,VTR-00002883,BAUSTEIN,BS-PRODUKT,,,,2025-01-01,
DEK-00002884-01,VTR-00002884,HAUPTDECKUNG,,2000000.0,5000.0,fix,2025-09-01,
DEK-00002885-01,VTR-00002885,HAUPTDECKUNG,,500000.0,2500.0,fix,2001-09-01,2019-11-01
DEK-00002886-01,VTR-00002886,HAUPTDECKUNG,,2000000.0,1000.0,fix,2011-04-01,2014-04-01
DEK-00002887-01,VTR-00002887,HAUPTDECKUNG,,1000000.0,0.0,prozent_min,2015-11-01,
DEK-00002888-01,VTR-00002888,HAUPTDECKUNG,,500000.0,1000.0,fix,2020-09-01,
DEK-00002889-01,VTR-00002889,HAUPTDECKUNG,,500000.0,1000.0,fix,2025-02-01,
DEK-00002890-01,VTR-00002890,HAUPTDECKUNG,,1000000.0,2500.0,fix,2025-03-01,
DEK-00002891-01,VTR-00002891,HAUPTDECKUNG,,1000000.0,0.0,prozent_min,2017-07-01,
DEK-00002891-02,VTR-00002891,BAUSTEIN,BS-OBJEKT,,,,2017-07-01,
DEK-00002892-01,VTR-00002892,HAUPTDECKUNG,,500000.0,2500.0,fix,2003-08-01,2015-05-01
DEK-00002893-01,VTR-00002893,HAUPTDECKUNG,,2000000.0,2000.0,fix,2014-10-01,2017-02-01
DEK-00002894-01,VTR-00002894,HAUPTDECKUNG,,2000000.0,1000.0,fix,2025-05-01,
DEK-00002895-01,VTR-00002895,HAUPTDECKUNG,,250000.0,1000.0,fix,2025-05-01,
DEK-00002896-01,VTR-00002896,HAUPTDECKUNG,,500000.0,1000.0,fix,2025-11-01,
DEK-00002897-01,VTR-00002897,HAUPTDECKUNG,,5000000.0,1000.0,fix,2025-09-01,
DEK-00002898-01,VTR-00002898,HAUPTDECKUNG,,2000000.0,0.0,prozent_min,2015-02-01,2019-09-01
DEK-00002899-01,VTR-00002899,HAUPTDECKUNG,,1000000.0,0.0,prozent_min,2014-12-01,
DEK-00002900-01,VTR-00002900,HAUPTDECKUNG,,2000000.0,2500.0,fix,2017-12-01,
DEK-00002901-01,VTR-00002901,HAUPTDECKUNG,,118000.0,,,2022-02-01,
DEK-00002902-01,VTR-00002902,HAUPTDECKUNG,,636000.0,,,2015-12-01,
DEK-00002904-01,VTR-00002904,HAUPTDECKUNG,,292000.0,,,1995-11-01,2009-11-01
DEK-00002906-01,VTR-00002906,HAUPTDECKUNG,,313000.0,,,2011-12-01,2015-02-21
DEK-00002907-01,VTR-00002907,HAUPTDECKUNG,,844000.0,,,2025-07-01,
DEK-00002908-01,VTR-00002908,HAUPTDECKUNG,,137000.0,,,2017-12-01,
DEK-00002908-02,VTR-00002908,ZUSATZ,LV-EU,1000.0,,,2017-12-01,
DEK-00002909-01,VTR-00002909,HAUPTDECKUNG,,90000.0,,,2020-11-01,
DEK-00002910-01,VTR-00002910,HAUPTDECKUNG,,102000.0,,,2022-10-01,
DEK-00002911-01,VTR-00002911,HAUPTDECKUNG,,180000.0,,,2020-03-01,2023-07-06
DEK-00002913-01,VTR-00002913,HAUPTDECKUNG,,164000.0,,,2018-04-01,
DEK-00002913-02,VTR-00002913,ZUSATZ,LV-EU,1000.0,,,2018-04-01,
DEK-00002914-01,VTR-00002914,HAUPTDECKUNG,,741000.0,,,2006-09-01,2015-09-03
DEK-00002915-01,VTR-00002915,HAUPTDECKUNG,,82000.0,,,2020-06-01,
DEK-00002916-01,VTR-00002916,HAUPTDECKUNG,,368000.0,,,2025-08-01,
DEK-00002917-01,VTR-00002917,HAUPTDECKUNG,,290000.0,,,2013-08-01,
DEK-00002918-01,VTR-00002918,HAUPTDECKUNG,,309000.0,,,2017-11-01,2024-11-01
DEK-00002918-02,VTR-00002918,ZUSATZ,LV-EU,1000.0,,,2017-11-01,2024-11-01
DEK-00002919-01,VTR-00002919,HAUPTDECKUNG,,28000.0,,,2025-12-01,
DEK-00002920-01,VTR-00002920,HAUPTDECKUNG,,167000.0,,,2021-05-01,
DEK-00002920-02,VTR-00002920,ZUSATZ,LV-EU,1500.0,,,2021-05-01,
DEK-00002921-01,VTR-00002921,HAUPTDECKUNG,,387000.0,,,2024-11-01,
DEK-00002921-02,VTR-00002921,ZUSATZ,LV-EU,1500.0,,,2024-11-01,
DEK-00002922-01,VTR-00002922,HAUPTDECKUNG,,495000.0,,,2011-01-01,2018-08-18
DEK-00002923-01,VTR-00002923,HAUPTDECKUNG,,242000.0,,,2003-12-01,2023-12-01
DEK-00002924-01,VTR-00002924,HAUPTDECKUNG,,187000.0,,,2025-10-01,
DEK-00002925-01,VTR-00002925,HAUPTDECKUNG,,295000.0,,,1997-03-01,1999-02-06
DEK-00002926-01,VTR-00002926,HAUPTDECKUNG,,117000.0,,,2016-08-01,2018-03-08
DEK-00002927-01,VTR-00002927,HAUPTDECKUNG,,1299000.0,,,2023-01-01,
DEK-00002928-01,VTR-00002928,HAUPTDECKUNG,,219000.0,,,2021-07-01,
DEK-00002929-01,VTR-00002929,HAUPTDECKUNG,,324000.0,,,2021-01-01,
DEK-00002929-02,VTR-00002929,ZUSATZ,LV-EU,1000.0,,,2021-01-01,
DEK-00002930-01,VTR-00002930,HAUPTDECKUNG,,200000.0,,,2023-06-01,
DEK-00002931-01,VTR-00002931,HAUPTDECKUNG,,369000.0,,,2006-11-01,2023-11-01
DEK-00002931-02,VTR-00002931,ZUSATZ,LV-EU,1000.0,,,2006-11-01,2023-11-01
DEK-00002932-01,VTR-00002932,HAUPTDECKUNG,,193000.0,,,2010-11-01,2013-06-16
DEK-00002933-01,VTR-00002933,HAUPTDECKUNG,,103000.0,,,2021-07-01,2023-03-24
DEK-00002934-01,VTR-00002934,HAUPTDECKUNG,,138000.0,,,2023-04-01,
DEK-00002935-01,VTR-00002935,HAUPTDECKUNG,,781000.0,,,2020-10-01,
DEK-00002936-01,VTR-00002936,HAUPTDECKUNG,,246000.0,,,2012-09-01,2024-01-08
DEK-00002936-02,VTR-00002936,ZUSATZ,LV-EU,2500.0,,,2012-09-01,2024-01-08
DEK-00002937-01,VTR-00002937,HAUPTDECKUNG,,156000.0,,,2025-01-01,
DEK-00002937-02,VTR-00002937,ZUSATZ,LV-EU,1500.0,,,2025-01-01,
DEK-00002938-01,VTR-00002938,HAUPTDECKUNG,,409000.0,,,2023-05-01,
DEK-00002939-01,VTR-00002939,HAUPTDECKUNG,,179000.0,,,2004-09-01,2005-06-06
DEK-00002940-01,VTR-00002940,HAUPTDECKUNG,,338000.0,,,2020-08-01,
DEK-00002940-02,VTR-00002940,ZUSATZ,LV-EU,2000.0,,,2020-08-01,
DEK-00002941-01,VTR-00002941,HAUPTDECKUNG,,292000.0,,,2007-09-01,2019-11-15
DEK-00002941-02,VTR-00002941,ZUSATZ,LV-EU,2000.0,,,2007-09-01,2019-11-15
DEK-00002942-01,VTR-00002942,HAUPTDECKUNG,,400000.0,,,2006-10-01,2007-02-25
DEK-00002942-02,VTR-00002942,ZUSATZ,LV-EU,1000.0,,,2006-10-01,2007-02-25
DEK-00002943-01,VTR-00002943,HAUPTDECKUNG,,128000.0,,,2009-07-01,2024-06-10
DEK-00002944-01,VTR-00002944,HAUPTDECKUNG,,1979000.0,,,2019-11-01,
DEK-00002944-02,VTR-00002944,ZUSATZ,LV-EU,3000.0,,,2019-11-01,
DEK-00002945-01,VTR-00002945,HAUPTDECKUNG,,812000.0,,,2001-02-01,2005-06-03
DEK-00002945-02,VTR-00002945,ZUSATZ,LV-EU,1500.0,,,2001-02-01,2005-06-03
DEK-00002946-01,VTR-00002946,HAUPTDECKUNG,,461000.0,,,2002-11-01,
DEK-00002946-02,VTR-00002946,ZUSATZ,LV-EU,1000.0,,,2002-11-01,
DEK-00002947-01,VTR-00002947,HAUPTDECKUNG,,263000.0,,,2014-11-01,
DEK-00002947-02,VTR-00002947,ZUSATZ,LV-EU,1000.0,,,2014-11-01,
DEK-00002948-01,VTR-00002948,HAUPTDECKUNG,,594000.0,,,2019-05-01,
DEK-00002949-01,VTR-00002949,HAUPTDECKUNG,,282000.0,,,2025-07-01,
DEK-00002950-01,VTR-00002950,HAUPTDECKUNG,,461000.0,,,2016-12-01,
DEK-00002951-01,VTR-00002951,HAUPTDECKUNG,,304000.0,,,1995-09-01,2003-09-01
DEK-00002952-01,VTR-00002952,HAUPTDECKUNG,,489000.0,,,2019-12-01,
DEK-00002952-02,VTR-00002952,ZUSATZ,LV-EU,1000.0,,,2019-12-01,
DEK-00002953-01,VTR-00002953,HAUPTDECKUNG,,83000.0,,,2025-08-01,
DEK-00002953-02,VTR-00002953,ZUSATZ,LV-EU,1500.0,,,2025-08-01,
DEK-00002954-01,VTR-00002954,HAUPTDECKUNG,,64000.0,,,2022-03-01,
DEK-00002955-01,VTR-00002955,HAUPTDECKUNG,,289000.0,,,2021-06-01,
DEK-00002956-01,VTR-00002956,HAUPTDECKUNG,,106000.0,,,2025-10-01,
DEK-00002956-02,VTR-00002956,ZUSATZ,LV-EU,2500.0,,,2025-10-01,
DEK-00002957-01,VTR-00002957,HAUPTDECKUNG,,491000.0,,,2008-06-01,
DEK-00002958-01,VTR-00002958,HAUPTDECKUNG,,33000.0,,,2022-06-01,
DEK-00002959-01,VTR-00002959,HAUPTDECKUNG,,258000.0,,,2003-04-01,2016-12-15
DEK-00002960-01,VTR-00002960,HAUPTDECKUNG,,880000.0,,,2025-05-01,
DEK-00002961-01,VTR-00002961,HAUPTDECKUNG,,139000.0,,,2022-03-01,
DEK-00002962-01,VTR-00002962,HAUPTDECKUNG,,69000.0,,,2018-06-01,
DEK-00002962-02,VTR-00002962,ZUSATZ,LV-EU,1500.0,,,2018-06-01,
DEK-00002963-01,VTR-00002963,HAUPTDECKUNG,,334000.0,,,2013-10-01,2017-12-06
DEK-00002964-01,VTR-00002964,HAUPTDECKUNG,,112000.0,,,2024-10-01,
DEK-00002965-01,VTR-00002965,HAUPTDECKUNG,,378000.0,,,2024-03-01,
DEK-00002967-01,VTR-00002967,HAUPTDECKUNG,,102000.0,,,2022-07-01,
DEK-00002968-01,VTR-00002968,HAUPTDECKUNG,,237000.0,,,2021-01-01,2024-10-10
DEK-00002968-02,VTR-00002968,ZUSATZ,LV-EU,3000.0,,,2021-01-01,2024-10-10
DEK-00002969-01,VTR-00002969,HAUPTDECKUNG,,204000.0,,,2025-11-01,
DEK-00002970-01,VTR-00002970,HAUPTDECKUNG,,140000.0,,,2014-11-01,
DEK-00002970-02,VTR-00002970,ZUSATZ,LV-EU,1500.0,,,2014-11-01,
DEK-00002971-01,VTR-00002971,HAUPTDECKUNG,,657000.0,,,2014-01-01,
DEK-00002972-01,VTR-00002972,HAUPTDECKUNG,,942000.0,,,2019-12-01,
DEK-00002973-01,VTR-00002973,HAUPTDECKUNG,,146000.0,,,2023-03-01,
DEK-00002974-01,VTR-00002974,HAUPTDECKUNG,,191000.0,,,2024-06-01,
DEK-00002975-01,VTR-00002975,HAUPTDECKUNG,,414000.0,,,2025-03-01,
DEK-00002976-01,VTR-00002976,HAUPTDECKUNG,,514000.0,,,2004-12-01,2015-12-01
DEK-00002976-02,VTR-00002976,ZUSATZ,LV-EU,2000.0,,,2004-12-01,2015-12-01
DEK-00002977-01,VTR-00002977,HAUPTDECKUNG,,229000.0,,,2022-07-01,
DEK-00002977-02,VTR-00002977,ZUSATZ,LV-EU,3000.0,,,2022-07-01,
DEK-00002978-01,VTR-00002978,HAUPTDECKUNG,,604000.0,,,2023-04-01,
DEK-00002979-01,VTR-00002979,HAUPTDECKUNG,,143000.0,,,2020-08-01,
DEK-00002979-02,VTR-00002979,ZUSATZ,LV-EU,1000.0,,,2020-08-01,
DEK-00002980-01,VTR-00002980,HAUPTDECKUNG,,377000.0,,,2024-10-01,
DEK-00002981-01,VTR-00002981,HAUPTDECKUNG,,585000.0,,,2015-04-01,2020-12-04
DEK-00002981-02,VTR-00002981,ZUSATZ,LV-EU,1000.0,,,2015-04-01,2020-12-04
DEK-00002982-01,VTR-00002982,HAUPTDECKUNG,,169000.0,,,2025-10-01,
DEK-00002983-01,VTR-00002983,HAUPTDECKUNG,,214000.0,,,2020-10-01,
DEK-00002983-02,VTR-00002983,ZUSATZ,LV-EU,3000.0,,,2020-10-01,
DEK-00002984-01,VTR-00002984,HAUPTDECKUNG,,706000.0,,,1997-09-01,2006-04-16
DEK-00002984-02,VTR-00002984,ZUSATZ,LV-EU,3000.0,,,1997-09-01,2006-04-16
DEK-00002985-01,VTR-00002985,HAUPTDECKUNG,,264000.0,,,2025-12-01,
DEK-00002986-01,VTR-00002986,HAUPTDECKUNG,,407000.0,,,2023-03-01,
DEK-00002987-01,VTR-00002987,HAUPTDECKUNG,,185000.0,,,2023-05-01,
DEK-00002987-02,VTR-00002987,ZUSATZ,LV-EU,1500.0,,,2023-05-01,
DEK-00002988-01,VTR-00002988,HAUPTDECKUNG,,154000.0,,,1997-02-01,2009-10-04
DEK-00002989-01,VTR-00002989,HAUPTDECKUNG,,260000.0,,,2024-05-01,
DEK-00002990-01,VTR-00002990,HAUPTDECKUNG,,150000.0,,,2024-09-01,
DEK-00002991-01,VTR-00002991,HAUPTDECKUNG,,150000.0,,,2025-11-01,
DEK-00002992-01,VTR-00002992,HAUPTDECKUNG,,146000.0,,,2006-11-01,2008-12-19
DEK-00002993-01,VTR-00002993,HAUPTDECKUNG,,101000.0,,,2025-12-01,
DEK-00002994-01,VTR-00002994,HAUPTDECKUNG,,235000.0,,,2006-09-01,2012-12-25
DEK-00002995-01,VTR-00002995,HAUPTDECKUNG,,70000.0,,,2013-08-01,
DEK-00002996-01,VTR-00002996,HAUPTDECKUNG,,146000.0,,,2022-05-01,2024-04-27
DEK-00002997-01,VTR-00002997,HAUPTDECKUNG,,137000.0,,,2022-01-01,
DEK-00002997-02,VTR-00002997,ZUSATZ,LV-EU,2500.0,,,2022-01-01,
DEK-00002998-01,VTR-00002998,HAUPTDECKUNG,,280000.0,,,2002-04-01,2013-12-08
DEK-00002999-01,VTR-00002999,HAUPTDECKUNG,,49000.0,,,2021-12-01,
DEK-00003000-01,VTR-00003000,HAUPTDECKUNG,,289000.0,,,2022-10-01,
DEK-00003001-01,VTR-00003001,HAUPTDECKUNG,,362000.0,,,2016-02-01,
DEK-00003002-01,VTR-00003002,HAUPTDECKUNG,,98000.0,,,2018-08-01,2023-08-01
DEK-00003002-02,VTR-00003002,ZUSATZ,LV-EU,2500.0,,,2018-08-01,2023-08-01
DEK-00003003-01,VTR-00003003,HAUPTDECKUNG,,140000.0,,,2015-12-01,
DEK-00003004-01,VTR-00003004,HAUPTDECKUNG,,142000.0,,,2021-03-01,
DEK-00003004-02,VTR-00003004,ZUSATZ,LV-EU,2000.0,,,2021-03-01,
DEK-00003005-01,VTR-00003005,HAUPTDECKUNG,,335000.0,,,2011-06-01,
DEK-00003005-02,VTR-00003005,ZUSATZ,LV-EU,3000.0,,,2011-06-01,
DEK-00003006-01,VTR-00003006,HAUPTDECKUNG,,154000.0,,,2025-10-01,
DEK-00003007-01,VTR-00003007,HAUPTDECKUNG,,400000.0,,,2022-04-01,2023-09-24
DEK-00003008-01,VTR-00003008,HAUPTDECKUNG,,367000.0,,,2010-11-01,
DEK-00003009-01,VTR-00003009,HAUPTDECKUNG,,71000.0,,,2020-08-01,
DEK-00003010-01,VTR-00003010,HAUPTDECKUNG,,75000.0,,,2015-01-01,
DEK-00003013-01,VTR-00003013,HAUPTDECKUNG,,476000.0,,,2011-07-01,
DEK-00003014-01,VTR-00003014,HAUPTDECKUNG,,273000.0,,,2022-08-01,
DEK-00003014-02,VTR-00003014,ZUSATZ,LV-EU,2500.0,,,2022-08-01,
DEK-00003015-01,VTR-00003015,HAUPTDECKUNG,,266000.0,,,2021-09-01,
DEK-00003015-02,VTR-00003015,ZUSATZ,LV-EU,1000.0,,,2021-09-01,
DEK-00003017-01,VTR-00003017,HAUPTDECKUNG,,50000.0,,,2020-07-01,
DEK-00003018-01,VTR-00003018,HAUPTDECKUNG,,1112000.0,,,2025-12-01,
DEK-00003019-01,VTR-00003019,HAUPTDECKUNG,,404000.0,,,2010-03-01,2024-10-23
DEK-00003019-02,VTR-00003019,ZUSATZ,LV-EU,3000.0,,,2010-03-01,2024-10-23
DEK-00003020-01,VTR-00003020,HAUPTDECKUNG,,822000.0,,,2023-08-01,
DEK-00003022-01,VTR-00003022,HAUPTDECKUNG,,818000.0,,,2021-04-01,2022-10-22
DEK-00003022-02,VTR-00003022,ZUSATZ,LV-EU,3000.0,,,2021-04-01,2022-10-22
DEK-00003023-01,VTR-00003023,HAUPTDECKUNG,,258000.0,,,2009-01-01,2019-01-01
DEK-00003023-02,VTR-00003023,ZUSATZ,LV-EU,3000.0,,,2009-01-01,2019-01-01
DEK-00003024-01,VTR-00003024,HAUPTDECKUNG,,467000.0,,,2005-05-01,2007-11-13
DEK-00003025-01,VTR-00003025,HAUPTDECKUNG,,117000.0,,,2021-04-01,
DEK-00003025-02,VTR-00003025,ZUSATZ,LV-EU,3000.0,,,2021-04-01,
DEK-00003026-01,VTR-00003026,HAUPTDECKUNG,,222000.0,,,2000-09-01,2019-09-01
DEK-00003027-01,VTR-00003027,HAUPTDECKUNG,,498000.0,,,2022-12-01,
DEK-00003029-01,VTR-00003029,HAUPTDECKUNG,,170000.0,,,2023-10-01,
DEK-00003031-01,VTR-00003031,HAUPTDECKUNG,,395000.0,,,2020-10-01,2024-03-05
DEK-00003032-01,VTR-00003032,HAUPTDECKUNG,,58000.0,,,2024-09-01,
DEK-00003033-01,VTR-00003033,HAUPTDECKUNG,,896000.0,,,2015-05-01,
DEK-00003033-02,VTR-00003033,ZUSATZ,LV-EU,2000.0,,,2015-05-01,
DEK-00003034-01,VTR-00003034,HAUPTDECKUNG,,67000.0,,,2020-12-01,2024-10-09
DEK-00003035-01,VTR-00003035,HAUPTDECKUNG,,393000.0,,,2024-06-01,
DEK-00003038-01,VTR-00003038,HAUPTDECKUNG,,476000.0,,,2006-02-01,2008-04-08
DEK-00003039-01,VTR-00003039,HAUPTDECKUNG,,262000.0,,,2021-07-01,2022-04-21
DEK-00003039-02,VTR-00003039,ZUSATZ,LV-EU,3000.0,,,2021-07-01,2022-04-21
DEK-00003040-01,VTR-00003040,HAUPTDECKUNG,,261000.0,,,2020-02-01,
DEK-00003041-01,VTR-00003041,HAUPTDECKUNG,,77000.0,,,2025-11-01,
DEK-00003042-01,VTR-00003042,HAUPTDECKUNG,,651000.0,,,2006-12-01,2008-04-20
DEK-00003042-02,VTR-00003042,ZUSATZ,LV-EU,1500.0,,,2006-12-01,2008-04-20
DEK-00003043-01,VTR-00003043,HAUPTDECKUNG,,776000.0,,,2002-10-01,2017-10-01
DEK-00003044-01,VTR-00003044,HAUPTDECKUNG,,485000.0,,,2025-08-01,
DEK-00003045-01,VTR-00003045,HAUPTDECKUNG,,624000.0,,,2001-08-01,2003-05-21
DEK-00003046-01,VTR-00003046,HAUPTDECKUNG,,288000.0,,,2021-08-01,
DEK-00003047-01,VTR-00003047,HAUPTDECKUNG,,697000.0,,,2023-12-01,
DEK-00003048-01,VTR-00003048,HAUPTDECKUNG,,293000.0,,,2025-12-01,
DEK-00003049-01,VTR-00003049,HAUPTDECKUNG,,186000.0,,,2023-03-01,
DEK-00003050-01,VTR-00003050,HAUPTDECKUNG,,231000.0,,,2024-01-01,
DEK-00003051-01,VTR-00003051,HAUPTDECKUNG,,151000.0,,,2025-12-01,
DEK-00003053-01,VTR-00003053,HAUPTDECKUNG,,60000.0,,,2018-07-01,2020-11-18
DEK-00003054-01,VTR-00003054,HAUPTDECKUNG,,353000.0,,,2020-08-01,
DEK-00003054-02,VTR-00003054,ZUSATZ,LV-EU,1500.0,,,2020-08-01,
DEK-00003055-01,VTR-00003055,HAUPTDECKUNG,,1332000.0,,,2021-11-01,2024-04-22
DEK-00003055-02,VTR-00003055,ZUSATZ,LV-EU,1000.0,,,2021-11-01,2024-04-22
DEK-00003056-01,VTR-00003056,HAUPTDECKUNG,,460000.0,,,2021-10-01,
DEK-00003057-01,VTR-00003057,HAUPTDECKUNG,,359000.0,,,2014-12-01,
DEK-00003058-01,VTR-00003058,HAUPTDECKUNG,,659000.0,,,2020-12-01,
DEK-00003059-01,VTR-00003059,HAUPTDECKUNG,,280000.0,,,2023-11-01,
DEK-00003059-02,VTR-00003059,ZUSATZ,LV-EU,2000.0,,,2023-11-01,
DEK-00003060-01,VTR-00003060,HAUPTDECKUNG,,108000.0,,,2024-03-01,
DEK-00003061-01,VTR-00003061,HAUPTDECKUNG,,84000.0,,,2023-11-01,
DEK-00003061-02,VTR-00003061,ZUSATZ,LV-EU,1500.0,,,2023-11-01,
DEK-00003062-01,VTR-00003062,HAUPTDECKUNG,,265000.0,,,2024-04-01,
DEK-00003063-01,VTR-00003063,HAUPTDECKUNG,,612000.0,,,2023-10-01,
DEK-00003064-01,VTR-00003064,HAUPTDECKUNG,,50000.0,,,2021-07-01,
DEK-00003065-01,VTR-00003065,HAUPTDECKUNG,,459000.0,,,2022-05-01,
DEK-00003066-01,VTR-00003066,HAUPTDECKUNG,,270000.0,,,2024-08-01,
DEK-00003067-01,VTR-00003067,HAUPTDECKUNG,,760000.0,,,2022-01-01,
DEK-00003067-02,VTR-00003067,ZUSATZ,LV-EU,2000.0,,,2022-01-01,
DEK-00003068-01,VTR-00003068,HAUPTDECKUNG,,173000.0,,,2025-12-01,
DEK-00003069-01,VTR-00003069,HAUPTDECKUNG,,523000.0,,,2025-11-01,
DEK-00003070-01,VTR-00003070,HAUPTDECKUNG,,334000.0,,,2009-11-01,2012-10-26
DEK-00003071-01,VTR-00003071,HAUPTDECKUNG,,323000.0,,,2013-04-01,2025-04-01
DEK-00003072-01,VTR-00003072,HAUPTDECKUNG,,213000.0,,,2018-08-01,
DEK-00003073-01,VTR-00003073,HAUPTDECKUNG,,127000.0,,,2013-09-01,
DEK-00003073-02,VTR-00003073,ZUSATZ,LV-EU,1000.0,,,2013-09-01,
DEK-00003074-01,VTR-00003074,HAUPTDECKUNG,,532000.0,,,2021-02-01,
DEK-00003075-01,VTR-00003075,HAUPTDECKUNG,,32000.0,,,2024-09-01,
DEK-00003076-01,VTR-00003076,HAUPTDECKUNG,,93000.0,,,2021-10-01,
DEK-00003076-02,VTR-00003076,ZUSATZ,LV-EU,1500.0,,,2021-10-01,
DEK-00003077-01,VTR-00003077,HAUPTDECKUNG,,424000.0,,,2013-04-01,2020-01-01
DEK-00003078-01,VTR-00003078,HAUPTDECKUNG,,909000.0,,,2020-09-01,
DEK-00003079-01,VTR-00003079,HAUPTDECKUNG,,179000.0,,,2024-05-01,
DEK-00003080-01,VTR-00003080,HAUPTDECKUNG,,95000.0,,,2025-07-01,
DEK-00003081-01,VTR-00003081,HAUPTDECKUNG,,123000.0,,,2025-03-01,
DEK-00003082-01,VTR-00003082,HAUPTDECKUNG,,176000.0,,,2003-07-01,2009-08-06
DEK-00003083-01,VTR-00003083,HAUPTDECKUNG,,365000.0,,,2025-10-01,
DEK-00003084-01,VTR-00003084,HAUPTDECKUNG,,227000.0,,,2025-11-01,
DEK-00003085-01,VTR-00003085,HAUPTDECKUNG,,620000.0,,,1997-09-01,2013-10-14
DEK-00003085-02,VTR-00003085,ZUSATZ,LV-EU,3000.0,,,1997-09-01,2013-10-14
DEK-00003086-01,VTR-00003086,HAUPTDECKUNG,,852000.0,,,2017-08-01,2019-03-01
DEK-00003086-02,VTR-00003086,ZUSATZ,LV-EU,2500.0,,,2017-08-01,2019-03-01
DEK-00003087-01,VTR-00003087,HAUPTDECKUNG,,291000.0,,,2021-09-01,
DEK-00003088-01,VTR-00003088,HAUPTDECKUNG,,194000.0,,,2025-05-01,
DEK-00003089-01,VTR-00003089,HAUPTDECKUNG,,496000.0,,,2024-08-01,
DEK-00003090-01,VTR-00003090,HAUPTDECKUNG,,533000.0,,,2009-12-01,2011-04-11
DEK-00003090-02,VTR-00003090,ZUSATZ,LV-EU,2000.0,,,2009-12-01,2011-04-11
DEK-00003091-01,VTR-00003091,HAUPTDECKUNG,,151000.0,,,2025-07-01,
DEK-00003092-01,VTR-00003092,HAUPTDECKUNG,,234000.0,,,2022-10-01,
DEK-00003092-02,VTR-00003092,ZUSATZ,LV-EU,1500.0,,,2022-10-01,
DEK-00003093-01,VTR-00003093,HAUPTDECKUNG,,411000.0,,,2024-07-01,
DEK-00003093-02,VTR-00003093,ZUSATZ,LV-EU,1500.0,,,2024-07-01,
DEK-00003094-01,VTR-00003094,HAUPTDECKUNG,,193000.0,,,2011-08-01,
DEK-00003095-01,VTR-00003095,HAUPTDECKUNG,,240000.0,,,2023-11-01,
DEK-00003096-01,VTR-00003096,HAUPTDECKUNG,,117000.0,,,2007-05-01,
DEK-00003098-01,VTR-00003098,HAUPTDECKUNG,,47000.0,,,2020-09-01,
DEK-00003099-01,VTR-00003099,HAUPTDECKUNG,,306000.0,,,2022-05-01,
DEK-00003100-01,VTR-00003100,HAUPTDECKUNG,,177000.0,,,2022-07-01,
DEK-00003100-02,VTR-00003100,ZUSATZ,LV-EU,3000.0,,,2022-07-01,
DEK-00003101-01,VTR-00003101,HAUPTDECKUNG,,462000.0,,,2017-03-01,2024-04-27
DEK-00003102-01,VTR-00003102,HAUPTDECKUNG,,762000.0,,,2012-02-01,
DEK-00003103-01,VTR-00003103,HAUPTDECKUNG,,401000.0,,,2022-03-01,
DEK-00003104-01,VTR-00003104,HAUPTDECKUNG,,386000.0,,,2020-09-01,
DEK-00003104-02,VTR-00003104,ZUSATZ,LV-EU,2500.0,,,2020-09-01,
DEK-00003105-01,VTR-00003105,HAUPTDECKUNG,,177000.0,,,2009-01-01,
DEK-00003106-01,VTR-00003106,HAUPTDECKUNG,,968000.0,,,2023-08-01,
DEK-00003106-02,VTR-00003106,ZUSATZ,LV-EU,1500.0,,,2023-08-01,
DEK-00003107-01,VTR-00003107,HAUPTDECKUNG,,617000.0,,,2004-12-01,2012-10-17
DEK-00003108-01,VTR-00003108,HAUPTDECKUNG,,642000.0,,,1994-10-01,1999-05-27
DEK-00003109-01,VTR-00003109,HAUPTDECKUNG,,628000.0,,,2019-02-01,2024-05-10
DEK-00003110-01,VTR-00003110,HAUPTDECKUNG,,99000.0,,,2012-04-01,
DEK-00003110-02,VTR-00003110,ZUSATZ,LV-EU,2500.0,,,2012-04-01,
DEK-00003111-01,VTR-00003111,HAUPTDECKUNG,,298000.0,,,2001-03-01,2002-02-04
DEK-00003112-01,VTR-00003112,HAUPTDECKUNG,,53000.0,,,2018-03-01,
DEK-00003113-01,VTR-00003113,HAUPTDECKUNG,,143000.0,,,2020-10-01,
DEK-00003113-02,VTR-00003113,ZUSATZ,LV-EU,2000.0,,,2020-10-01,
DEK-00003114-01,VTR-00003114,HAUPTDECKUNG,,390000.0,,,2025-12-01,
DEK-00003115-01,VTR-00003115,HAUPTDECKUNG,,60000.0,,,2022-08-01,
DEK-00003116-01,VTR-00003116,HAUPTDECKUNG,,109000.0,,,2025-08-01,
DEK-00003116-02,VTR-00003116,ZUSATZ,LV-EU,2000.0,,,2025-08-01,
DEK-00003117-01,VTR-00003117,HAUPTDECKUNG,,361000.0,,,2023-03-01,
DEK-00003119-01,VTR-00003119,HAUPTDECKUNG,,367000.0,,,2013-03-01,2021-03-01
DEK-00003120-01,VTR-00003120,HAUPTDECKUNG,,214000.0,,,2013-06-01,2018-04-19
DEK-00003120-02,VTR-00003120,ZUSATZ,LV-EU,2500.0,,,2013-06-01,2018-04-19
DEK-00003121-01,VTR-00003121,HAUPTDECKUNG,,117000.0,,,2003-02-01,2009-08-05
DEK-00003121-02,VTR-00003121,ZUSATZ,LV-EU,2500.0,,,2003-02-01,2009-08-05
DEK-00003122-01,VTR-00003122,HAUPTDECKUNG,,79000.0,,,2025-06-01,
DEK-00003123-01,VTR-00003123,HAUPTDECKUNG,,308000.0,,,2025-11-01,
DEK-00003124-01,VTR-00003124,HAUPTDECKUNG,,36000.0,,,2004-04-01,2005-06-13
DEK-00003125-01,VTR-00003125,HAUPTDECKUNG,,15000.0,,,1999-07-01,2011-07-01
DEK-00003126-01,VTR-00003126,HAUPTDECKUNG,,18000.0,,,2013-05-01,
DEK-00003127-01,VTR-00003127,HAUPTDECKUNG,,170000.0,,,2007-01-01,
DEK-00003128-01,VTR-00003128,HAUPTDECKUNG,,218000.0,,,2025-07-01,
DEK-00003129-01,VTR-00003129,HAUPTDECKUNG,,187000.0,,,2025-12-01,
DEK-00003130-01,VTR-00003130,HAUPTDECKUNG,,39000.0,,,2025-06-01,
DEK-00003131-01,VTR-00003131,HAUPTDECKUNG,,81000.0,,,2014-11-01,
DEK-00003132-01,VTR-00003132,HAUPTDECKUNG,,171000.0,,,2003-05-01,2019-01-18
DEK-00003133-01,VTR-00003133,HAUPTDECKUNG,,99000.0,,,2015-10-01,
DEK-00003134-01,VTR-00003134,HAUPTDECKUNG,,86000.0,,,2025-12-01,
DEK-00003134-02,VTR-00003134,ZUSATZ,LV-EU,1500.0,,,2025-12-01,
DEK-00003135-01,VTR-00003135,HAUPTDECKUNG,,36000.0,,,2015-05-01,
DEK-00003135-02,VTR-00003135,ZUSATZ,LV-EU,3000.0,,,2015-05-01,
DEK-00003136-01,VTR-00003136,HAUPTDECKUNG,,97000.0,,,2025-05-01,
DEK-00003136-02,VTR-00003136,ZUSATZ,LV-EU,1000.0,,,2025-05-01,
DEK-00003137-01,VTR-00003137,HAUPTDECKUNG,,471000.0,,,2024-04-01,
DEK-00003138-01,VTR-00003138,HAUPTDECKUNG,,115000.0,,,2025-08-01,
DEK-00003139-01,VTR-00003139,HAUPTDECKUNG,,40000.0,,,2024-08-01,
DEK-00003140-01,VTR-00003140,HAUPTDECKUNG,,54000.0,,,2019-03-01,
DEK-00003142-01,VTR-00003142,HAUPTDECKUNG,,124000.0,,,2016-04-01,
DEK-00003143-01,VTR-00003143,HAUPTDECKUNG,,34000.0,,,2015-07-01,
DEK-00003144-01,VTR-00003144,HAUPTDECKUNG,,139000.0,,,2025-11-01,
DEK-00003144-02,VTR-00003144,ZUSATZ,LV-EU,2000.0,,,2025-11-01,
DEK-00003145-01,VTR-00003145,HAUPTDECKUNG,,46000.0,,,2017-04-01,
DEK-00003146-01,VTR-00003146,HAUPTDECKUNG,,48000.0,,,2025-06-01,
DEK-00003147-01,VTR-00003147,HAUPTDECKUNG,,88000.0,,,1999-01-01,
DEK-00003148-01,VTR-00003148,HAUPTDECKUNG,,48000.0,,,2025-09-01,
DEK-00003148-02,VTR-00003148,ZUSATZ,LV-EU,1000.0,,,2025-09-01,
DEK-00003150-01,VTR-00003150,HAUPTDECKUNG,,37000.0,,,2025-12-01,
DEK-00003151-01,VTR-00003151,HAUPTDECKUNG,,86000.0,,,2025-08-01,
DEK-00003151-02,VTR-00003151,ZUSATZ,LV-EU,1500.0,,,2025-08-01,
DEK-00003152-01,VTR-00003152,HAUPTDECKUNG,,298000.0,,,2025-08-01,
DEK-00003153-01,VTR-00003153,HAUPTDECKUNG,,30000.0,,,1999-08-01,2013-08-14
DEK-00003154-01,VTR-00003154,HAUPTDECKUNG,,177000.0,,,2018-02-01,
DEK-00003154-02,VTR-00003154,ZUSATZ,LV-EU,1500.0,,,2018-02-01,
DEK-00003155-01,VTR-00003155,HAUPTDECKUNG,,27000.0,,,1999-10-01,2016-10-01
DEK-00003156-01,VTR-00003156,HAUPTDECKUNG,,125000.0,,,2011-11-01,2024-12-23
DEK-00003157-01,VTR-00003157,HAUPTDECKUNG,,196000.0,,,2013-05-01,
DEK-00003158-01,VTR-00003158,HAUPTDECKUNG,,63000.0,,,2017-05-01,
DEK-00003159-01,VTR-00003159,HAUPTDECKUNG,,38000.0,,,2016-03-01,2023-03-20
DEK-00003160-01,VTR-00003160,HAUPTDECKUNG,,66000.0,,,2025-06-01,
DEK-00003161-01,VTR-00003161,HAUPTDECKUNG,,57000.0,,,2011-06-01,
DEK-00003162-01,VTR-00003162,HAUPTDECKUNG,,32000.0,,,1996-04-01,2006-04-16
DEK-00003163-01,VTR-00003163,HAUPTDECKUNG,,100000.0,,,2017-03-01,
DEK-00003164-01,VTR-00003164,HAUPTDECKUNG,,147000.0,,,2022-05-01,
DEK-00003166-01,VTR-00003166,HAUPTDECKUNG,,89000.0,,,2025-11-01,
DEK-00003168-01,VTR-00003168,HAUPTDECKUNG,,80000.0,,,2023-12-01,
DEK-00003168-02,VTR-00003168,ZUSATZ,LV-EU,3000.0,,,2023-12-01,
DEK-00003169-01,VTR-00003169,HAUPTDECKUNG,,35000.0,,,2025-12-01,
DEK-00003169-02,VTR-00003169,ZUSATZ,LV-EU,2000.0,,,2025-12-01,
DEK-00003170-01,VTR-00003170,HAUPTDECKUNG,,151000.0,,,2017-04-01,
DEK-00003170-02,VTR-00003170,ZUSATZ,LV-EU,2500.0,,,2017-04-01,
DEK-00003171-01,VTR-00003171,HAUPTDECKUNG,,68000.0,,,1999-07-01,2004-08-03
DEK-00003171-02,VTR-00003171,ZUSATZ,LV-EU,2500.0,,,1999-07-01,2004-08-03
DEK-00003172-01,VTR-00003172,HAUPTDECKUNG,,162000.0,,,2016-12-01,2019-04-03
DEK-00003172-02,VTR-00003172,ZUSATZ,LV-EU,3000.0,,,2016-12-01,2019-04-03
DEK-00003173-01,VTR-00003173,HAUPTDECKUNG,,142000.0,,,2024-12-01,
DEK-00003174-01,VTR-00003174,HAUPTDECKUNG,,83000.0,,,2009-12-01,
DEK-00003174-02,VTR-00003174,ZUSATZ,LV-EU,2000.0,,,2009-12-01,
DEK-00003175-01,VTR-00003175,HAUPTDECKUNG,,98000.0,,,2013-09-01,2021-08-12
DEK-00003176-01,VTR-00003176,HAUPTDECKUNG,,34000.0,,,2006-08-01,
DEK-00003176-02,VTR-00003176,ZUSATZ,LV-EU,1500.0,,,2006-08-01,
DEK-00003177-01,VTR-00003177,HAUPTDECKUNG,,73000.0,,,2010-11-01,2015-11-01
DEK-00003178-01,VTR-00003178,HAUPTDECKUNG,,401000.0,,,2015-05-01,
DEK-00003179-01,VTR-00003179,HAUPTDECKUNG,,94000.0,,,2006-12-01,2018-12-01
DEK-00003180-01,VTR-00003180,HAUPTDECKUNG,,56000.0,,,2016-08-01,
DEK-00003180-02,VTR-00003180,ZUSATZ,LV-EU,2000.0,,,2016-08-01,
DEK-00003181-01,VTR-00003181,HAUPTDECKUNG,,53000.0,,,1999-05-01,2014-08-12
DEK-00003182-01,VTR-00003182,HAUPTDECKUNG,,20000.0,,,2005-07-01,
DEK-00003183-01,VTR-00003183,HAUPTDECKUNG,,97000.0,,,2016-10-01,2021-10-01
DEK-00003184-01,VTR-00003184,HAUPTDECKUNG,,186000.0,,,2024-07-01,
DEK-00003184-02,VTR-00003184,ZUSATZ,LV-EU,2500.0,,,2024-07-01,
DEK-00003185-01,VTR-00003185,HAUPTDECKUNG,,39000.0,,,2005-06-01,2014-06-01
DEK-00003186-01,VTR-00003186,HAUPTDECKUNG,,136000.0,,,2013-10-01,
DEK-00003187-01,VTR-00003187,HAUPTDECKUNG,,121000.0,,,2020-12-01,
DEK-00003188-01,VTR-00003188,HAUPTDECKUNG,,126000.0,,,2025-11-01,
DEK-00003189-01,VTR-00003189,HAUPTDECKUNG,,50000.0,,,2018-05-01,
DEK-00003189-02,VTR-00003189,ZUSATZ,LV-EU,1500.0,,,2018-05-01,
DEK-00003190-01,VTR-00003190,HAUPTDECKUNG,,91000.0,,,2006-07-01,
DEK-00003191-01,VTR-00003191,HAUPTDECKUNG,,125000.0,,,2025-05-01,
DEK-00003192-01,VTR-00003192,HAUPTDECKUNG,,151000.0,,,2018-11-01,
DEK-00003193-01,VTR-00003193,HAUPTDECKUNG,,121000.0,,,2024-05-01,
DEK-00003194-01,VTR-00003194,HAUPTDECKUNG,,103000.0,,,2024-04-01,
DEK-00003195-01,VTR-00003195,HAUPTDECKUNG,,335000.0,,,2002-02-01,
DEK-00003196-01,VTR-00003196,HAUPTDECKUNG,,290000.0,,,2009-10-01,
DEK-00003197-01,VTR-00003197,HAUPTDECKUNG,,166000.0,,,2010-10-01,
DEK-00003199-01,VTR-00003199,HAUPTDECKUNG,,78000.0,,,2011-12-01,2025-12-01
DEK-00003199-02,VTR-00003199,ZUSATZ,LV-EU,1500.0,,,2011-12-01,2025-12-01
DEK-00003200-01,VTR-00003200,HAUPTDECKUNG,,19000.0,,,2016-04-01,2023-04-01
DEK-00003201-01,VTR-00003201,HAUPTDECKUNG,,111000.0,,,2016-07-01,2025-07-01
DEK-00003202-01,VTR-00003202,HAUPTDECKUNG,,142000.0,,,2011-07-01,
DEK-00003202-02,VTR-00003202,ZUSATZ,LV-EU,1500.0,,,2011-07-01,
DEK-00003204-01,VTR-00003204,HAUPTDECKUNG,,145000.0,,,2008-12-01,2023-07-22
DEK-00003205-01,VTR-00003205,HAUPTDECKUNG,,57000.0,,,2017-04-01,
DEK-00003206-01,VTR-00003206,HAUPTDECKUNG,,91000.0,,,2018-09-01,
DEK-00003207-01,VTR-00003207,HAUPTDECKUNG,,389000.0,,,2013-09-01,2022-09-01
DEK-00003208-01,VTR-00003208,HAUPTDECKUNG,,65000.0,,,2010-11-01,2021-11-01
DEK-00003209-01,VTR-00003209,HAUPTDECKUNG,,110000.0,,,2025-11-01,
DEK-00003209-02,VTR-00003209,ZUSATZ,LV-EU,1000.0,,,2025-11-01,
DEK-00003210-01,VTR-00003210,HAUPTDECKUNG,,121000.0,,,2016-05-01,
DEK-00003211-01,VTR-00003211,HAUPTDECKUNG,,85000.0,,,2014-06-01,
DEK-00003212-01,VTR-00003212,HAUPTDECKUNG,,284000.0,,,2015-03-01,
DEK-00003213-01,VTR-00003213,HAUPTDECKUNG,,45000.0,,,2025-11-01,
DEK-00003214-01,VTR-00003214,HAUPTDECKUNG,,135000.0,,,1996-02-01,1999-07-01
DEK-00003215-01,VTR-00003215,HAUPTDECKUNG,,43000.0,,,2025-08-01,
DEK-00003216-01,VTR-00003216,HAUPTDECKUNG,,72000.0,,,2023-04-01,
DEK-00003216-02,VTR-00003216,ZUSATZ,LV-EU,2500.0,,,2023-04-01,
DEK-00003217-01,VTR-00003217,HAUPTDECKUNG,,52000.0,,,2022-11-01,2024-03-08
DEK-00003218-01,VTR-00003218,HAUPTDECKUNG,,58000.0,,,2025-02-01,
DEK-00003219-01,VTR-00003219,HAUPTDECKUNG,,83000.0,,,2005-10-01,2006-04-01
DEK-00003220-01,VTR-00003220,HAUPTDECKUNG,,201000.0,,,2001-11-01,2017-11-01
DEK-00003220-02,VTR-00003220,ZUSATZ,LV-EU,3000.0,,,2001-11-01,2017-11-01
DEK-00003221-01,VTR-00003221,HAUPTDECKUNG,,25000.0,,,2000-12-01,2012-12-01
DEK-00003222-01,VTR-00003222,HAUPTDECKUNG,,250000.0,,,2025-01-01,
DEK-00003223-01,VTR-00003223,HAUPTDECKUNG,,278000.0,,,2025-07-01,
DEK-00003224-01,VTR-00003224,HAUPTDECKUNG,,144000.0,,,2003-09-01,2014-12-26
DEK-00003225-01,VTR-00003225,HAUPTDECKUNG,,35000.0,,,2025-09-01,
DEK-00003226-01,VTR-00003226,HAUPTDECKUNG,,136000.0,,,1988-11-01,1999-03-24
DEK-00003227-01,VTR-00003227,HAUPTDECKUNG,,166000.0,,,2005-10-01,2014-10-01
DEK-00003228-01,VTR-00003228,HAUPTDECKUNG,,164000.0,,,2010-10-01,2021-04-14
DEK-00003230-01,VTR-00003230,HAUPTDECKUNG,,252000.0,,,1992-10-01,2010-02-07
DEK-00003230-02,VTR-00003230,ZUSATZ,LV-EU,2000.0,,,1992-10-01,2010-02-07
DEK-00003231-01,VTR-00003231,HAUPTDECKUNG,,66000.0,,,2017-03-01,
DEK-00003231-02,VTR-00003231,ZUSATZ,LV-EU,1000.0,,,2017-03-01,
DEK-00003232-01,VTR-00003232,HAUPTDECKUNG,,166000.0,,,2013-10-01,2025-10-01
DEK-00003233-01,VTR-00003233,HAUPTDECKUNG,,29000.0,,,2025-01-01,
DEK-00003234-01,VTR-00003234,HAUPTDECKUNG,,302000.0,,,2017-07-01,
DEK-00003235-01,VTR-00003235,HAUPTDECKUNG,,64000.0,,,2011-08-01,
DEK-00003236-01,VTR-00003236,HAUPTDECKUNG,,64000.0,,,2009-06-01,
DEK-00003237-01,VTR-00003237,HAUPTDECKUNG,,154000.0,,,2016-03-01,
DEK-00003238-01,VTR-00003238,HAUPTDECKUNG,,52000.0,,,2023-12-01,
DEK-00003239-01,VTR-00003239,HAUPTDECKUNG,,76000.0,,,2025-12-01,
DEK-00003240-01,VTR-00003240,HAUPTDECKUNG,,123000.0,,,2013-11-01,2018-10-26
DEK-00003240-02,VTR-00003240,ZUSATZ,LV-EU,2000.0,,,2013-11-01,2018-10-26
DEK-00003241-01,VTR-00003241,HAUPTDECKUNG,,152000.0,,,2008-02-01,2012-12-01
DEK-00003241-02,VTR-00003241,ZUSATZ,LV-EU,2500.0,,,2008-02-01,2012-12-01
DEK-00003242-01,VTR-00003242,HAUPTDECKUNG,,466000.0,,,2012-09-01,
DEK-00003242-02,VTR-00003242,ZUSATZ,LV-EU,2500.0,,,2012-09-01,
DEK-00003243-01,VTR-00003243,HAUPTDECKUNG,,231000.0,,,2025-08-01,
DEK-00003244-01,VTR-00003244,HAUPTDECKUNG,,49000.0,,,2018-02-01,2022-07-07
DEK-00003245-01,VTR-00003245,HAUPTDECKUNG,,115000.0,,,2001-06-01,2021-11-14
DEK-00003246-01,VTR-00003246,HAUPTDECKUNG,,92000.0,,,2011-05-01,2021-07-18
DEK-00003247-01,VTR-00003247,HAUPTDECKUNG,,95000.0,,,2022-08-01,
DEK-00003248-01,VTR-00003248,HAUPTDECKUNG,,66000.0,,,2006-05-01,2018-05-01
DEK-00003249-01,VTR-00003249,HAUPTDECKUNG,,202000.0,,,2011-06-01,
DEK-00003249-02,VTR-00003249,ZUSATZ,LV-EU,2000.0,,,2011-06-01,
DEK-00003250-01,VTR-00003250,HAUPTDECKUNG,,108000.0,,,2010-04-01,2011-03-21
DEK-00003251-01,VTR-00003251,HAUPTDECKUNG,,27000.0,,,2006-10-01,
DEK-00003252-01,VTR-00003252,HAUPTDECKUNG,,149000.0,,,2025-12-01,
DEK-00003254-01,VTR-00003254,HAUPTDECKUNG,,115000.0,,,2020-01-01,
DEK-00003254-02,VTR-00003254,ZUSATZ,LV-EU,1500.0,,,2020-01-01,
DEK-00003255-01,VTR-00003255,HAUPTDECKUNG,,282000.0,,,2023-08-01,
DEK-00003255-02,VTR-00003255,ZUSATZ,LV-EU,1000.0,,,2023-08-01,
DEK-00003256-01,VTR-00003256,HAUPTDECKUNG,,17000.0,,,2006-06-01,2010-07-16
DEK-00003256-02,VTR-00003256,ZUSATZ,LV-EU,1500.0,,,2006-06-01,2010-07-16
DEK-00003257-01,VTR-00003257,HAUPTDECKUNG,,169000.0,,,2001-01-01,
DEK-00003258-01,VTR-00003258,HAUPTDECKUNG,,146000.0,,,2022-02-01,
DEK-00003258-02,VTR-00003258,ZUSATZ,LV-EU,3000.0,,,2022-02-01,
DEK-00003259-01,VTR-00003259,HAUPTDECKUNG,,242000.0,,,2020-02-01,
DEK-00003260-01,VTR-00003260,HAUPTDECKUNG,,38000.0,,,1996-04-01,2005-03-09
DEK-00003261-01,VTR-00003261,HAUPTDECKUNG,,185000.0,,,2023-11-01,
DEK-00003262-01,VTR-00003262,HAUPTDECKUNG,,16000.0,,,2022-06-01,
DEK-00003262-02,VTR-00003262,ZUSATZ,LV-EU,3000.0,,,2022-06-01,
DEK-00003263-01,VTR-00003263,HAUPTDECKUNG,,492000.0,,,2011-12-01,
DEK-00003264-01,VTR-00003264,HAUPTDECKUNG,,70000.0,,,2007-06-01,2021-04-21
DEK-00003265-01,VTR-00003265,HAUPTDECKUNG,,77000.0,,,2012-02-01,
DEK-00003266-01,VTR-00003266,HAUPTDECKUNG,,73000.0,,,2025-06-01,
DEK-00003266-02,VTR-00003266,ZUSATZ,LV-EU,3000.0,,,2025-06-01,
DEK-00003269-01,VTR-00003269,HAUPTDECKUNG,,38000.0,,,2012-11-01,
DEK-00003270-01,VTR-00003270,HAUPTDECKUNG,,144000.0,,,2023-06-01,2024-11-22
DEK-00003271-01,VTR-00003271,HAUPTDECKUNG,,110000.0,,,2015-04-01,
DEK-00003272-01,VTR-00003272,HAUPTDECKUNG,,57000.0,,,1999-05-01,
DEK-00003272-02,VTR-00003272,ZUSATZ,LV-EU,2000.0,,,1999-05-01,
DEK-00003273-01,VTR-00003273,HAUPTDECKUNG,,194000.0,,,2013-06-01,
DEK-00003273-02,VTR-00003273,ZUSATZ,LV-EU,3000.0,,,2013-06-01,
DEK-00003274-01,VTR-00003274,HAUPTDECKUNG,,236000.0,,,1995-02-01,2025-02-01
DEK-00003275-01,VTR-00003275,HAUPTDECKUNG,,73000.0,,,2025-07-01,
DEK-00003276-01,VTR-00003276,HAUPTDECKUNG,,60000.0,,,2013-03-01,
DEK-00003277-01,VTR-00003277,HAUPTDECKUNG,,74000.0,,,2012-10-01,2025-10-01
DEK-00003278-01,VTR-00003278,HAUPTDECKUNG,,230000.0,,,2017-02-01,2023-02-01
DEK-00003279-01,VTR-00003279,HAUPTDECKUNG,,11000.0,,,2024-06-01,
DEK-00003280-01,VTR-00003280,HAUPTDECKUNG,,97000.0,,,2012-10-01,2023-12-02
DEK-00003281-01,VTR-00003281,HAUPTDECKUNG,,42000.0,,,2005-06-01,2024-07-27
DEK-00003281-02,VTR-00003281,ZUSATZ,LV-EU,2500.0,,,2005-06-01,2024-07-27
DEK-00003282-01,VTR-00003282,HAUPTDECKUNG,,57000.0,,,2025-08-01,
DEK-00003284-01,VTR-00003284,HAUPTDECKUNG,,43000.0,,,2023-05-01,
DEK-00003284-02,VTR-00003284,ZUSATZ,LV-EU,2500.0,,,2023-05-01,
DEK-00003285-01,VTR-00003285,HAUPTDECKUNG,,12000.0,,,2025-05-01,
DEK-00003286-01,VTR-00003286,HAUPTDECKUNG,,31000.0,,,2005-09-01,2019-09-01
DEK-00003287-01,VTR-00003287,HAUPTDECKUNG,,61000.0,,,2010-01-01,2021-01-01
DEK-00003288-01,VTR-00003288,HAUPTDECKUNG,,155000.0,,,2016-01-01,
DEK-00003289-01,VTR-00003289,HAUPTDECKUNG,,39000.0,,,2016-09-01,
DEK-00003290-01,VTR-00003290,HAUPTDECKUNG,,35000.0,,,2022-08-01,
DEK-00003291-01,VTR-00003291,HAUPTDECKUNG,,174000.0,,,2007-10-01,2013-10-01
DEK-00003292-01,VTR-00003292,HAUPTDECKUNG,,33000.0,,,2008-10-01,2014-05-02
DEK-00003292-02,VTR-00003292,ZUSATZ,LV-EU,1500.0,,,2008-10-01,2014-05-02
DEK-00003294-01,VTR-00003294,HAUPTDECKUNG,,52000.0,,,2015-03-01,
DEK-00003295-01,VTR-00003295,HAUPTDECKUNG,,171000.0,,,2006-06-01,2016-04-23
DEK-00003295-02,VTR-00003295,ZUSATZ,LV-EU,1500.0,,,2006-06-01,2016-04-23
DEK-00003296-01,VTR-00003296,HAUPTDECKUNG,,34000.0,,,2016-08-01,
DEK-00003296-02,VTR-00003296,ZUSATZ,LV-EU,2500.0,,,2016-08-01,
DEK-00003299-01,VTR-00003299,HAUPTDECKUNG,,65000.0,,,2025-07-01,
DEK-00003300-01,VTR-00003300,HAUPTDECKUNG,,38000.0,,,2016-06-01,
DEK-00003301-01,VTR-00003301,HAUPTDECKUNG,,140000.0,,,2008-03-01,
DEK-00003301-02,VTR-00003301,ZUSATZ,LV-EU,3000.0,,,2008-03-01,
DEK-00003302-01,VTR-00003302,HAUPTDECKUNG,,107000.0,,,2025-05-01,
DEK-00003303-01,VTR-00003303,HAUPTDECKUNG,,67000.0,,,2001-12-01,
DEK-00003304-01,VTR-00003304,HAUPTDECKUNG,,66000.0,,,2019-07-01,
DEK-00003305-01,VTR-00003305,HAUPTDECKUNG,,111000.0,,,2019-07-01,
DEK-00003306-01,VTR-00003306,HAUPTDECKUNG,,445000.0,,,2025-06-01,
DEK-00003306-02,VTR-00003306,ZUSATZ,LV-EU,3000.0,,,2025-06-01,
DEK-00003307-01,VTR-00003307,HAUPTDECKUNG,,161000.0,,,1996-01-01,2014-01-01
DEK-00003308-01,VTR-00003308,HAUPTDECKUNG,,260000.0,,,2010-11-01,
DEK-00003309-01,VTR-00003309,HAUPTDECKUNG,,489000.0,,,2015-01-01,
DEK-00003310-01,VTR-00003310,HAUPTDECKUNG,,63000.0,,,2012-03-01,
DEK-00003311-01,VTR-00003311,HAUPTDECKUNG,,115000.0,,,2024-08-01,
DEK-00003311-02,VTR-00003311,ZUSATZ,LV-EU,1000.0,,,2024-08-01,
DEK-00003312-01,VTR-00003312,HAUPTDECKUNG,,113000.0,,,2013-12-01,2021-12-01
DEK-00003313-01,VTR-00003313,HAUPTDECKUNG,,205000.0,,,2007-09-01,2012-10-15
DEK-00003314-01,VTR-00003314,HAUPTDECKUNG,,389000.0,,,2004-03-01,
DEK-00003316-01,VTR-00003316,HAUPTDECKUNG,,159000.0,,,1988-11-01,1997-01-18
DEK-00003317-01,VTR-00003317,HAUPTDECKUNG,,34000.0,,,2013-10-01,2023-10-01
DEK-00003318-01,VTR-00003318,HAUPTDECKUNG,,189000.0,,,2022-02-01,
DEK-00003318-02,VTR-00003318,ZUSATZ,LV-EU,2000.0,,,2022-02-01,
DEK-00003319-01,VTR-00003319,HAUPTDECKUNG,,42000.0,,,2010-12-01,
DEK-00003320-01,VTR-00003320,HAUPTDECKUNG,,18000.0,,,2005-10-01,2022-10-01
DEK-00003321-01,VTR-00003321,HAUPTDECKUNG,,136000.0,,,2025-09-01,
DEK-00003321-02,VTR-00003321,ZUSATZ,LV-EU,2500.0,,,2025-09-01,
DEK-00003322-01,VTR-00003322,HAUPTDECKUNG,,121000.0,,,1996-01-01,2009-08-09
DEK-00003323-01,VTR-00003323,HAUPTDECKUNG,,28000.0,,,2008-08-01,2009-02-15
DEK-00003324-01,VTR-00003324,HAUPTDECKUNG,,48000.0,,,2025-11-01,
DEK-00003325-01,VTR-00003325,HAUPTDECKUNG,,58000.0,,,2025-10-01,
DEK-00003325-02,VTR-00003325,ZUSATZ,LV-EU,3000.0,,,2025-10-01,
DEK-00003326-01,VTR-00003326,HAUPTDECKUNG,,349000.0,,,2021-07-01,
DEK-00003326-02,VTR-00003326,ZUSATZ,LV-EU,1500.0,,,2021-07-01,
DEK-00003327-01,VTR-00003327,HAUPTDECKUNG,,148000.0,,,2020-05-01,
DEK-00003327-02,VTR-00003327,ZUSATZ,LV-EU,2500.0,,,2020-05-01,
DEK-00003328-01,VTR-00003328,HAUPTDECKUNG,,318000.0,,,2018-10-01,
DEK-00003329-01,VTR-00003329,HAUPTDECKUNG,,38000.0,,,2005-11-01,2020-11-01
DEK-00003330-01,VTR-00003330,HAUPTDECKUNG,,63000.0,,,2006-06-01,2016-06-01
DEK-00003330-02,VTR-00003330,ZUSATZ,LV-EU,2500.0,,,2006-06-01,2016-06-01
DEK-00003333-01,VTR-00003333,HAUPTDECKUNG,,23000.0,,,2002-02-01,2006-04-03
DEK-00003334-01,VTR-00003334,HAUPTDECKUNG,,129000.0,,,2025-08-01,
DEK-00003335-01,VTR-00003335,HAUPTDECKUNG,,13000.0,,,2006-10-01,2019-10-10
DEK-00003335-02,VTR-00003335,ZUSATZ,LV-EU,3000.0,,,2006-10-01,2019-10-10
DEK-00003336-01,VTR-00003336,HAUPTDECKUNG,,54000.0,,,2019-12-01,
DEK-00003336-02,VTR-00003336,ZUSATZ,LV-EU,1500.0,,,2019-12-01,
DEK-00003337-01,VTR-00003337,HAUPTDECKUNG,,47000.0,,,2025-08-01,
DEK-00003338-01,VTR-00003338,HAUPTDECKUNG,,72000.0,,,2025-11-01,
DEK-00003339-01,VTR-00003339,HAUPTDECKUNG,,119000.0,,,2025-09-01,
DEK-00003340-01,VTR-00003340,HAUPTDECKUNG,,20000.0,,,2023-07-01,
DEK-00003341-01,VTR-00003341,HAUPTDECKUNG,,138000.0,,,2005-01-01,2019-01-01
DEK-00003342-01,VTR-00003342,HAUPTDECKUNG,,144000.0,,,2002-04-01,2013-04-01
DEK-00003343-01,VTR-00003343,HAUPTDECKUNG,,253000.0,,,2016-04-01,2021-11-09
DEK-00003344-01,VTR-00003344,HAUPTDECKUNG,,61000.0,,,2025-10-01,
DEK-00003345-01,VTR-00003345,HAUPTDECKUNG,,45000.0,,,2011-07-01,2014-11-14
DEK-00003345-02,VTR-00003345,ZUSATZ,LV-EU,1500.0,,,2011-07-01,2014-11-14
DEK-00003346-01,VTR-00003346,HAUPTDECKUNG,,130000.0,,,2013-09-01,2017-01-01
DEK-00003347-01,VTR-00003347,HAUPTDECKUNG,,13000.0,,,2025-11-01,
DEK-00003348-01,VTR-00003348,HAUPTDECKUNG,,61000.0,,,2025-03-01,
DEK-00003349-01,VTR-00003349,HAUPTDECKUNG,,183000.0,,,2014-10-01,2022-10-01
DEK-00003350-01,VTR-00003350,HAUPTDECKUNG,,55000.0,,,2001-08-01,
DEK-00003351-01,VTR-00003351,HAUPTDECKUNG,,31000.0,,,2006-03-01,
DEK-00003352-01,VTR-00003352,HAUPTDECKUNG,,89000.0,,,2025-10-01,
DEK-00003353-01,VTR-00003353,HAUPTDECKUNG,,401000.0,,,2025-06-01,
DEK-00003354-01,VTR-00003354,HAUPTDECKUNG,,140000.0,,,2025-05-01,
DEK-00003355-01,VTR-00003355,HAUPTDECKUNG,,33000.0,,,2025-05-01,
DEK-00003356-01,VTR-00003356,HAUPTDECKUNG,,22000.0,,,2025-08-01,
DEK-00003357-01,VTR-00003357,HAUPTDECKUNG,,34000.0,,,2005-05-01,2007-05-13
DEK-00003358-01,VTR-00003358,HAUPTDECKUNG,,17000.0,,,2021-01-01,
DEK-00003359-01,VTR-00003359,HAUPTDECKUNG,,60000.0,,,2023-10-01,
DEK-00003360-01,VTR-00003360,HAUPTDECKUNG,,36000.0,,,2025-01-01,
DEK-00003361-01,VTR-00003361,HAUPTDECKUNG,,0.0,,,2024-02-01,
DEK-00003363-01,VTR-00003363,HAUPTDECKUNG,,87000.0,,,2013-07-01,
DEK-00003364-01,VTR-00003364,HAUPTDECKUNG,,324000.0,,,2013-09-01,2018-09-01
DEK-00003366-01,VTR-00003366,HAUPTDECKUNG,,215000.0,,,2025-10-01,
DEK-00003367-01,VTR-00003367,HAUPTDECKUNG,,194000.0,,,2017-03-01,2022-03-01
DEK-00003368-01,VTR-00003368,HAUPTDECKUNG,,85000.0,,,2006-04-01,2011-04-01
DEK-00003369-01,VTR-00003369,HAUPTDECKUNG,,0.0,,,2002-12-01,2006-02-12
DEK-00003370-01,VTR-00003370,HAUPTDECKUNG,,30000.0,,,2007-04-01,2021-11-09
DEK-00003371-01,VTR-00003371,HAUPTDECKUNG,,0.0,,,2021-12-01,
DEK-00003372-01,VTR-00003372,HAUPTDECKUNG,,664000.0,,,2012-11-01,2017-11-01
DEK-00003373-01,VTR-00003373,HAUPTDECKUNG,,328000.0,,,2009-12-01,2014-12-01
DEK-00003374-01,VTR-00003374,HAUPTDECKUNG,,200000.0,,,2011-02-01,2016-02-01
DEK-00003375-01,VTR-00003375,HAUPTDECKUNG,,4000.0,,,2019-12-01,
DEK-00003376-01,VTR-00003376,HAUPTDECKUNG,,417000.0,,,2002-06-01,2007-06-01
DEK-00003377-01,VTR-00003377,HAUPTDECKUNG,,21000.0,,,2025-11-01,
DEK-00003378-01,VTR-00003378,HAUPTDECKUNG,,57000.0,,,2006-06-01,2021-06-01
DEK-00003379-01,VTR-00003379,HAUPTDECKUNG,,364000.0,,,2025-08-01,
DEK-00003380-01,VTR-00003380,HAUPTDECKUNG,,39000.0,,,2009-11-01,2017-11-01
DEK-00003381-01,VTR-00003381,HAUPTDECKUNG,,11000.0,,,2009-04-01,
DEK-00003383-01,VTR-00003383,HAUPTDECKUNG,,174000.0,,,2006-08-01,2011-08-01
DEK-00003384-01,VTR-00003384,HAUPTDECKUNG,,174000.0,,,2014-07-01,2017-05-23
DEK-00003385-01,VTR-00003385,HAUPTDECKUNG,,116000.0,,,2025-10-01,
DEK-00003386-01,VTR-00003386,HAUPTDECKUNG,,100000.0,,,2025-05-01,
DEK-00003387-01,VTR-00003387,HAUPTDECKUNG,,141000.0,,,2017-03-01,2022-03-01
DEK-00003389-01,VTR-00003389,HAUPTDECKUNG,,0.0,,,2016-06-01,2020-11-24
DEK-00003390-01,VTR-00003390,HAUPTDECKUNG,,17000.0,,,2015-08-01,2020-08-01
DEK-00003391-01,VTR-00003391,HAUPTDECKUNG,,0.0,,,2014-09-01,
DEK-00003392-01,VTR-00003392,HAUPTDECKUNG,,0.0,,,2004-04-01,
DEK-00003393-01,VTR-00003393,HAUPTDECKUNG,,0.0,,,2025-03-01,
DEK-00003394-01,VTR-00003394,HAUPTDECKUNG,,56000.0,,,2018-10-01,2023-10-01
DEK-00003395-01,VTR-00003395,HAUPTDECKUNG,,493000.0,,,2022-05-01,
DEK-00003396-01,VTR-00003396,HAUPTDECKUNG,,192000.0,,,2024-05-01,
DEK-00003398-01,VTR-00003398,HAUPTDECKUNG,,446000.0,,,2008-09-01,2013-09-01
DEK-00003399-01,VTR-00003399,HAUPTDECKUNG,,65000.0,,,2017-12-01,
DEK-00003400-01,VTR-00003400,HAUPTDECKUNG,,0.0,,,2016-03-01,2021-07-19
DEK-00003401-01,VTR-00003401,HAUPTDECKUNG,,0.0,,,2005-05-01,2015-05-01
DEK-00003402-01,VTR-00003402,HAUPTDECKUNG,,42000.0,,,2013-02-01,2023-02-01
DEK-00003403-01,VTR-00003403,HAUPTDECKUNG,,64000.0,,,2023-06-01,
DEK-00003404-01,VTR-00003404,HAUPTDECKUNG,,43000.0,,,2014-06-01,2021-07-05
DEK-00003405-01,VTR-00003405,HAUPTDECKUNG,,367000.0,,,2005-06-01,2010-06-01
DEK-00003406-01,VTR-00003406,HAUPTDECKUNG,,0.0,,,2012-09-01,2019-07-12
DEK-00003407-01,VTR-00003407,HAUPTDECKUNG,,60000.0,,,2016-12-01,2021-12-01
DEK-00003408-01,VTR-00003408,HAUPTDECKUNG,,147000.0,,,2016-03-01,2021-03-01
DEK-00003409-01,VTR-00003409,HAUPTDECKUNG,,0.0,,,2018-07-01,
DEK-00003410-01,VTR-00003410,HAUPTDECKUNG,,208000.0,,,2024-08-01,
DEK-00003411-01,VTR-00003411,HAUPTDECKUNG,,86000.0,,,2005-02-01,2010-02-01
DEK-00003412-01,VTR-00003412,HAUPTDECKUNG,,411000.0,,,2003-02-01,2008-02-01
DEK-00003413-01,VTR-00003413,HAUPTDECKUNG,,500000.0,,,2010-11-01,2015-11-01
DEK-00003414-01,VTR-00003414,HAUPTDECKUNG,,74000.0,,,2006-05-01,2011-05-01
DEK-00003415-01,VTR-00003415,HAUPTDECKUNG,,130000.0,,,2020-10-01,
DEK-00003416-01,VTR-00003416,HAUPTDECKUNG,,93000.0,,,2019-10-01,
DEK-00003417-01,VTR-00003417,HAUPTDECKUNG,,0.0,,,2025-02-01,
DEK-00003418-01,VTR-00003418,HAUPTDECKUNG,,0.0,,,2006-07-01,2019-07-01
DEK-00003419-01,VTR-00003419,HAUPTDECKUNG,,281000.0,,,2023-01-01,2024-04-18
DEK-00003420-01,VTR-00003420,HAUPTDECKUNG,,763000.0,,,2014-01-01,2019-01-01
DEK-00003421-01,VTR-00003421,HAUPTDECKUNG,,54000.0,,,2018-01-01,2023-01-01
DEK-00003422-01,VTR-00003422,HAUPTDECKUNG,,27000.0,,,2017-07-01,
DEK-00003423-01,VTR-00003423,HAUPTDECKUNG,,13000.0,,,2007-11-01,2017-06-10
DEK-00003424-01,VTR-00003424,HAUPTDECKUNG,,238000.0,,,2024-04-01,
DEK-00003425-01,VTR-00003425,HAUPTDECKUNG,,332000.0,,,2004-05-01,2009-05-01
DEK-00003426-01,VTR-00003426,HAUPTDECKUNG,,34000.0,,,2007-06-01,
DEK-00003427-01,VTR-00003427,HAUPTDECKUNG,,77000.0,,,2025-06-01,
DEK-00003428-01,VTR-00003428,HAUPTDECKUNG,,119000.0,,,2025-07-01,
DEK-00003429-01,VTR-00003429,HAUPTDECKUNG,,231000.0,,,2022-07-01,
DEK-00003430-01,VTR-00003430,HAUPTDECKUNG,,75000.0,,,2014-08-01,2019-08-01
DEK-00003431-01,VTR-00003431,HAUPTDECKUNG,,0.0,,,2011-12-01,
DEK-00003432-01,VTR-00003432,HAUPTDECKUNG,,13000.0,,,2014-02-01,2022-02-03
DEK-00003433-01,VTR-00003433,HAUPTDECKUNG,,94000.0,,,2015-05-01,
DEK-00003434-01,VTR-00003434,HAUPTDECKUNG,,0.0,,,2017-12-01,
DEK-00003437-01,VTR-00003437,HAUPTDECKUNG,,35000.0,,,2020-07-01,
DEK-00003438-01,VTR-00003438,HAUPTDECKUNG,,90000.0,,,2025-07-01,
DEK-00003439-01,VTR-00003439,HAUPTDECKUNG,,80000.0,,,2012-08-01,
DEK-00003440-01,VTR-00003440,HAUPTDECKUNG,,54000.0,,,2025-09-01,
DEK-00003441-01,VTR-00003441,HAUPTDECKUNG,,76000.0,,,2005-07-01,2010-07-01
DEK-00003442-01,VTR-00003442,HAUPTDECKUNG,,498000.0,,,2021-05-01,
DEK-00003443-01,VTR-00003443,HAUPTDECKUNG,,332000.0,,,2004-05-01,2009-05-01
DEK-00003444-01,VTR-00003444,HAUPTDECKUNG,,1000.0,,,2003-12-01,2014-12-01
DEK-00003445-01,VTR-00003445,HAUPTDECKUNG,,112000.0,,,2012-02-01,2017-02-01
DEK-00003446-01,VTR-00003446,HAUPTDECKUNG,,131000.0,,,2013-12-01,2018-12-01
DEK-00003447-01,VTR-00003447,HAUPTDECKUNG,,123000.0,,,2022-11-01,
DEK-00003449-01,VTR-00003449,HAUPTDECKUNG,,111000.0,,,2014-04-01,2019-04-01
DEK-00003450-01,VTR-00003450,HAUPTDECKUNG,,94000.0,,,2005-02-01,2010-02-01
DEK-00003451-01,VTR-00003451,HAUPTDECKUNG,,71000.0,,,2020-07-01,2025-07-01
DEK-00003452-01,VTR-00003452,HAUPTDECKUNG,,282000.0,,,2014-05-01,2019-05-01
DEK-00003453-01,VTR-00003453,HAUPTDECKUNG,,89000.0,,,2014-04-01,2019-04-01
DEK-00003454-01,VTR-00003454,HAUPTDECKUNG,,0.0,,,2008-03-01,
DEK-00003455-01,VTR-00003455,HAUPTDECKUNG,,0.0,,,2007-10-01,
DEK-00003456-01,VTR-00003456,HAUPTDECKUNG,,127000.0,,,2004-03-01,2009-10-10
DEK-00003457-01,VTR-00003457,HAUPTDECKUNG,,23000.0,,,2011-08-01,2013-05-16
DEK-00003458-01,VTR-00003458,HAUPTDECKUNG,,52000.0,,,2018-09-01,2023-09-01
DEK-00003459-01,VTR-00003459,HAUPTDECKUNG,,95000.0,,,2019-01-01,2024-01-01
DEK-00003460-01,VTR-00003460,HAUPTDECKUNG,,228000.0,,,2019-09-01,2024-09-01
DEK-00003461-01,VTR-00003461,HAUPTDECKUNG,,54000.0,,,2013-11-01,
DEK-00003462-01,VTR-00003462,HAUPTDECKUNG,,17000.0,,,2022-02-01,
DEK-00003463-01,VTR-00003463,HAUPTDECKUNG,,101000.0,,,2007-12-01,2012-12-01
DEK-00003464-01,VTR-00003464,HAUPTDECKUNG,,57000.0,,,2020-02-01,
DEK-00003465-01,VTR-00003465,HAUPTDECKUNG,,0.0,,,2015-01-01,2020-01-01
DEK-00003466-01,VTR-00003466,HAUPTDECKUNG,,0.0,,,2018-06-01,
DEK-00003467-01,VTR-00003467,HAUPTDECKUNG,,266000.0,,,2002-10-01,2007-10-01
DEK-00003468-01,VTR-00003468,HAUPTDECKUNG,,17000.0,,,2024-07-01,
DEK-00003469-01,VTR-00003469,HAUPTDECKUNG,,360000.0,,,2010-06-01,2015-06-01
DEK-00003470-01,VTR-00003470,HAUPTDECKUNG,,101000.0,,,2025-03-01,
DEK-00003471-01,VTR-00003471,HAUPTDECKUNG,,137000.0,,,2004-01-01,2009-01-01
DEK-00003472-01,VTR-00003472,HAUPTDECKUNG,,271000.0,,,2022-09-01,
DEK-00003473-01,VTR-00003473,HAUPTDECKUNG,,133000.0,,,2025-11-01,
DEK-00003474-01,VTR-00003474,HAUPTDECKUNG,,307000.0,,,2025-12-01,
DEK-00003475-01,VTR-00003475,HAUPTDECKUNG,,122000.0,,,2004-04-01,2009-04-01
DEK-00003476-01,VTR-00003476,HAUPTDECKUNG,,497000.0,,,2013-09-01,2018-09-01
DEK-00003477-01,VTR-00003477,HAUPTDECKUNG,,78000.0,,,2011-07-01,2016-07-01
DEK-00003478-01,VTR-00003478,HAUPTDECKUNG,,79000.0,,,2011-02-01,2016-02-01
DEK-00003479-01,VTR-00003479,HAUPTDECKUNG,,14000.0,,,2011-09-01,
DEK-00003480-01,VTR-00003480,HAUPTDECKUNG,,1000.0,,,2017-01-01,
DEK-00003481-01,VTR-00003481,HAUPTDECKUNG,,417000.0,,,2019-07-01,2022-01-06
DEK-00003482-01,VTR-00003482,HAUPTDECKUNG,,16000.0,,,2004-03-01,
DEK-00003483-01,VTR-00003483,HAUPTDECKUNG,,210000.0,,,2004-04-01,2019-09-24
DEK-00003484-01,VTR-00003484,HAUPTDECKUNG,,34000.0,,,2005-05-01,
DEK-00003485-01,VTR-00003485,HAUPTDECKUNG,,40000.0,,,2025-04-01,
DEK-00003486-01,VTR-00003486,HAUPTDECKUNG,,13000.0,,,2005-01-01,
DEK-00003488-01,VTR-00003488,HAUPTDECKUNG,,143000.0,,,2014-11-01,2019-11-01
DEK-00003489-01,VTR-00003489,HAUPTDECKUNG,,0.0,,,2007-03-01,
DEK-00003490-01,VTR-00003490,HAUPTDECKUNG,,437000.0,,,2015-07-01,2020-07-01
DEK-00003491-01,VTR-00003491,HAUPTDECKUNG,,159000.0,,,2017-01-01,2018-03-11
DEK-00003492-01,VTR-00003492,HAUPTDECKUNG,,0.0,,,2016-12-01,
DEK-00003493-01,VTR-00003493,HAUPTDECKUNG,,47000.0,,,2011-11-01,
DEK-00003494-01,VTR-00003494,HAUPTDECKUNG,,480000.0,,,2024-08-01,
DEK-00003495-01,VTR-00003495,HAUPTDECKUNG,,78000.0,,,2015-11-01,
DEK-00003496-01,VTR-00003496,HAUPTDECKUNG,,49000.0,,,2004-06-01,2023-10-12
DEK-00003497-01,VTR-00003497,HAUPTDECKUNG,,19000.0,,,2014-06-01,
DEK-00003498-01,VTR-00003498,HAUPTDECKUNG,,44000.0,,,2004-05-01,2022-06-15
DEK-00003499-01,VTR-00003499,HAUPTDECKUNG,,72000.0,,,2012-12-01,2017-12-01
DEK-00003500-01,VTR-00003500,HAUPTDECKUNG,,172000.0,,,2016-01-01,2021-01-01
