partner_id,partner_typ,anrede,titel,vorname,nachname,firmenname,rechtsform,uid_hrb_nummer,geburtsdatum,geschlecht,nationalitaet,zivilstand,beruf_code,beruf_text,beruf_selbstaendig,sprache,land_wohnsitz,kundensegment,kunde_seit,status,todesdatum,datenschutz_werbung_ok,datenschutz_ki_ok,herkunft,quellsystem_primaer,haushalt_id,ist_persona,erstellt_am,geaendert_am
PTR-00000001,NATUERLICH,Frau,,Simone,Niederberger,,,,1984-03-14,W,CH,VERHEIRATET,B18,Physiotherapeutin,False,de,CH,PRIVAT,2016-03-01,AKTIV,,true,true,pfefferminz,HAPO,HH-000001,true,2016-03-01T09:00:00Z,2016-03-01T09:00:00Z
PTR-00000002,NATUERLICH,Frau,,Jana,Ortlepp,,,,1996-08-22,W,DE,LEDIG,B27,UX-Designerin,False,de,DE,PRIVAT,2021-03-15,AKTIV,,true,true,minzia,MINT,HH-000002,true,2021-03-15T09:00:00Z,2021-03-15T09:00:00Z
PTR-00000003,JURISTISCH,Firma,,,,Schreinerei Kaufmann + Söhne GmbH,GmbH,CHE-499.480.349,1987-04-01,UNBEKANNT,CH,UNBEKANNT,,,,de,CH,KMU,2016-01-01,AKTIV,,true,true,pfefferminz,HAPO,HH-000003,true,2016-01-01T09:00:00Z,2016-01-01T09:00:00Z
PTR-00000004,JURISTISCH,Firma,,,,Bergmann Gebäudetechnik GmbH & Co. KG,KG,HRB 35436,1992-05-12,UNBEKANNT,DE,UNBEKANNT,,,,de,DE,KMU,2014-01-01,AKTIV,,true,true,pfefferminz,HAPO,HH-000004,true,2014-01-01T09:00:00Z,2014-01-01T09:00:00Z
PTR-00000005,NATUERLICH,Frau,,Elisabeth,Vogt-Schnyder,,,,1954-06-09,W,CH,VERWITWET,B23,pensionierte Primarlehrerin,False,de,CH,PRIVAT,1995-07-01,AKTIV,,false,false,pfefferminz,VERA,HH-000005,true,1995-07-01T09:00:00Z,1995-07-01T09:00:00Z
PTR-00000006,NATUERLICH,Herr,Dr. med.,Farid,Nazari,,,,1973-11-30,M,DE,VERHEIRATET,B11,Facharzt Orthopädie (selbständig),True,de,DE,PREMIUM,2016-04-01,AKTIV,,true,false,pfefferminz,VERA,HH-000006,true,2016-04-01T09:00:00Z,2016-04-01T09:00:00Z
PTR-00000007,NATUERLICH,Herr,,Leon,Waibel,,,,2001-04-17,M,CH,LEDIG,B22,Student Wirtschaftsinformatik,False,de,CH,PRIVAT,2024-09-01,AKTIV,,true,true,minzia,MINT,HH-000007,true,2024-09-01T09:00:00Z,2024-09-01T09:00:00Z
PTR-00000008,NATUERLICH,Herr,,Hans-Georg,Pieper,,,,1962-09-02,M,DE,GESCHIEDEN,B23,Frühpensionär (ehem. Betriebsschlosser),False,de,DE,PRIVAT,2013-01-01,AKTIV,,false,false,pfefferminz,HAPO,HH-000008,true,2013-01-01T09:00:00Z,2013-01-01T09:00:00Z
PTR-00000009,JURISTISCH,Firma,,,,Transportlogistik Grimm e.K.,e.K.,HRB 41497,2022-01-03,UNBEKANNT,DE,UNBEKANNT,,,,de,DE,KMU,2022-02-01,INAKTIV,,true,false,minzia,MINT,HH-000009,true,2022-02-01T09:00:00Z,2022-02-01T09:00:00Z
PTR-00000010,NATUERLICH,Frau,,Nadia,Ferreira-Bucher,,,,1979-01-25,W,PT,VERHEIRATET,B21,Beraterin Pharma-Zulassungen (selbständig),True,de,CH,PREMIUM,2025-07-01,AKTIV,,true,false,minzia,MINT,HH-000010,true,2025-07-01T09:00:00Z,2025-07-01T09:00:00Z
PTR-00000011,NATUERLICH,Herr,,Reto,Niederberger,,,,1982-07-21,M,CH,VERHEIRATET,B01,Kaufmännische Angestellte / Kaufmännischer Angestellter,False,de,CH,PRIVAT,2019-05-01,AKTIV,,false,false,pfefferminz,VERA,HH-000001,true,2019-05-01T09:00:00Z,2019-05-01T09:00:00Z
PTR-00000012,NATUERLICH,Herr,,Bruno,Kaufmann,,,,1968-10-05,M,CH,LEDIG,B01,Kaufmännische Angestellte / Kaufmännischer Angestellter,True,de,CH,PRIVAT,,AKTIV,,false,false,pfefferminz,HAPO,HH-000003,true,2025-12-31T09:00:00Z,2025-12-31T09:00:00Z
PTR-00000013,NATUERLICH,Herr,,Marc,Kaufmann,,,,1994-03-18,M,CH,LEDIG,B01,Kaufmännische Angestellte / Kaufmännischer Angestellter,False,de,CH,PRIVAT,,AKTIV,,false,false,pfefferminz,HAPO,HH-000003,true,2025-12-31T09:00:00Z,2025-12-31T09:00:00Z
PTR-00000014,NATUERLICH,Frau,,Kerstin,Bergmann,,,,1977-02-03,W,DE,LEDIG,B01,Kaufmännische Angestellte / Kaufmännischer Angestellter,False,de,DE,PRIVAT,2018-03-01,AKTIV,,false,false,pfefferminz,VERA,HH-000004,true,2018-03-01T09:00:00Z,2018-03-01T09:00:00Z
PTR-00000015,NATUERLICH,Herr,,Walter,Vogt,,,,1951-08-30,M,CH,VERHEIRATET,B23,Rentnerin / Rentner,False,de,CH,PRIVAT,,VERSTORBEN,2019-02-14,false,false,pfefferminz,HAPO,HH-000005,true,2025-12-31T09:00:00Z,2025-12-31T09:00:00Z
PTR-00000016,NATUERLICH,Frau,,Sabine,Nazari,,,,1976-05-12,W,DE,VERHEIRATET,B01,Kaufmännische Angestellte / Kaufmännischer Angestellter,False,de,DE,PRIVAT,,AKTIV,,false,false,pfefferminz,HAPO,HH-000006,true,2025-12-31T09:00:00Z,2025-12-31T09:00:00Z
PTR-00000017,NATUERLICH,Herr,,Marcel,Grimm,,,,1986-07-11,M,DE,LEDIG,B01,Kaufmännische Angestellte / Kaufmännischer Angestellter,True,de,DE,PRIVAT,2023-05-15,INAKTIV,,false,false,pfefferminz,HAPO,HH-000009,true,2023-05-15T09:00:00Z,2023-05-15T09:00:00Z
PTR-00000018,NATUERLICH,Herr,,Rui,Ferreira,,,,1977-09-02,M,PT,VERHEIRATET,B01,Kaufmännische Angestellte / Kaufmännischer Angestellter,False,de,CH,PRIVAT,,AKTIV,,false,false,pfefferminz,HAPO,HH-000010,true,2025-12-31T09:00:00Z,2025-12-31T09:00:00Z
PTR-00000019,NATUERLICH,Frau,,Lina,Niederberger,,,,2014-04-09,W,CH,LEDIG,B22,Studentin / Student,False,de,CH,PRIVAT,,AKTIV,,false,false,pfefferminz,HAPO,HH-000001,true,2025-12-31T09:00:00Z,2025-12-31T09:00:00Z
PTR-00000020,NATUERLICH,Herr,,Noah,Niederberger,,,,2017-11-23,M,CH,LEDIG,B22,Studentin / Student,False,de,CH,PRIVAT,,AKTIV,,false,false,pfefferminz,HAPO,HH-000001,true,2025-12-31T09:00:00Z,2025-12-31T09:00:00Z
PTR-00000021,NATUERLICH,Herr,,Carlos,Jovanović,,,,1972-04-01,M,DE,VERHEIRATET,B40,Selbständige Unternehmerin / Selbständiger Unternehmer,True,de,DE,PRIVAT,2022-05-01,AKTIV,,false,true,minzia,MINT,HH-000021,false,2022-05-01T09:00:00Z,2022-05-01T09:00:00Z
PTR-00000022,NATUERLICH,Frau,,Birgit,Jovanović,,,,1969-11-19,W,DE,VERHEIRATET,B14,Architektin / Architekt,False,de,DE,PRIVAT,,AKTIV,,true,false,minzia,MINT,HH-000021,false,2025-12-31T09:00:00Z,2025-12-31T09:00:00Z
PTR-00000023,NATUERLICH,Frau,,Alice,Pellegrini,,,,1994-05-06,W,CH,VERHEIRATET,B40,Selbständige Unternehmerin / Selbständiger Unternehmer,True,it,CH,PRIVAT,2020-06-01,AKTIV,,true,false,pfefferminz,HAPO,HH-000022,false,2020-06-01T09:00:00Z,2020-06-01T09:00:00Z
PTR-00000024,NATUERLICH,Herr,,Matthias,Köhler,,,,1978-09-16,M,DE,VERHEIRATET,B23,Rentnerin / Rentner,False,de,DE,PRIVAT,2023-11-01,AKTIV,,false,true,minzia,MINT,HH-000023,false,2023-11-01T09:00:00Z,2023-11-01T09:00:00Z
PTR-00000025,NATUERLICH,Frau,,Silke,Schmidt,,,,1983-05-02,W,DE,VERHEIRATET,B24,Hausfrau / Hausmann,False,de,DE,PRIVAT,2021-01-01,AKTIV,,true,false,minzia,MINT,HH-000023,false,2021-01-01T09:00:00Z,2021-01-01T09:00:00Z
PTR-00000026,NATUERLICH,Frau,,Priska,Wyss,,,,1978-11-03,W,CH,VERHEIRATET,B24,Hausfrau / Hausmann,False,de,CH,PRIVAT,2016-07-01,AKTIV,,true,true,pfefferminz,HAPO,HH-000024,false,2016-07-01T09:00:00Z,2016-07-01T09:00:00Z
PTR-00000027,NATUERLICH,Herr,,Leon,Flückiger,,,,1983-06-02,M,RS,VERHEIRATET,B13,Treuhänderin / Treuhänder,False,de,CH,PRIVAT,2025-01-01,AKTIV,,false,true,pfefferminz,MINT,HH-000024,false,2025-01-01T09:00:00Z,2025-01-01T09:00:00Z
PTR-00000028,NATUERLICH,Herr,,Maximilian,Schubert,,,,1984-01-03,M,DE,VERHEIRATET,B06,Elektroinstallateurin / Elektroinstallateur,False,de,DE,PRIVAT,2020-07-01,AKTIV,,false,true,minzia,MINT,HH-000025,false,2020-07-01T09:00:00Z,2020-07-01T09:00:00Z
PTR-00000029,NATUERLICH,Frau,,Annika,Arnold,,,,1994-09-09,W,DE,PARTNERSCHAFT,B33,Apothekerin / Apotheker,False,de,DE,PRIVAT,2015-02-01,INAKTIV,,true,false,pfefferminz,HAPO,HH-000026,false,2015-02-01T09:00:00Z,2015-02-01T09:00:00Z
PTR-00000030,NATUERLICH,Herr,,Henry,Beck,,,,1976-11-22,M,DE,LEDIG,B35,Verwaltungsangestellte / Verwaltungsangestellter,False,de,DE,PRIVAT,2007-04-01,INAKTIV,,true,false,pfefferminz,VERA,HH-000027,false,2007-04-01T09:00:00Z,2007-04-01T09:00:00Z
PTR-00000031,NATUERLICH,Frau,,Carla,Patel,,,,1988-08-22,W,CH,LEDIG,B25,Mechanikerin / Mechaniker,False,de,CH,PRIVAT,2025-02-01,AKTIV,,true,false,minzia,MINT,HH-000028,false,2025-02-01T09:00:00Z,2025-02-01T09:00:00Z
PTR-00000032,NATUERLICH,Frau,,Lucie,Rouiller,,,,1992-10-16,W,CH,VERHEIRATET,B01,Kaufmännische Angestellte / Kaufmännischer Angestellter,False,fr,CH,PRIVAT,2018-06-01,AKTIV,,true,false,pfefferminz,HAPO,HH-000029,false,2018-06-01T09:00:00Z,2018-06-01T09:00:00Z
PTR-00000033,NATUERLICH,Herr,,Pascal,Rouiller,,,,1988-11-08,M,CH,VERHEIRATET,B13,Treuhänderin / Treuhänder,False,fr,CH,PRIVAT,2022-09-01,AKTIV,,false,true,pfefferminz,VERA,HH-000029,false,2022-09-01T09:00:00Z,2022-09-01T09:00:00Z
PTR-00000034,NATUERLICH,Frau,,Stefanie,Graf,,,,1971-01-08,W,DE,LEDIG,B32,Malerin / Maler,False,de,DE,PRIVAT,2015-01-01,AKTIV,,true,false,pfefferminz,HAPO,HH-000030,false,2015-01-01T09:00:00Z,2015-01-01T09:00:00Z
PTR-00000035,NATUERLICH,Frau,,Milica,Oliveira,,,,1983-03-20,W,CH,VERHEIRATET,B13,Treuhänderin / Treuhänder,False,de,CH,PRIVAT,2011-04-01,AKTIV,,true,false,pfefferminz,HAPO,HH-000031,false,2011-04-01T09:00:00Z,2011-04-01T09:00:00Z
PTR-00000036,NATUERLICH,Frau,,Sandra,Oliveira,,,,1978-04-17,W,CH,VERHEIRATET,B01,Kaufmännische Angestellte / Kaufmännischer Angestellter,False,de,CH,PREMIUM,2002-02-01,AKTIV,,true,false,pfefferminz,VERA,HH-000031,false,2002-02-01T09:00:00Z,2002-02-01T09:00:00Z
PTR-00000037,NATUERLICH,Herr,,Reto,Oliveira,,,,2007-06-03,M,TR,LEDIG,B23,Rentnerin / Rentner,False,de,CH,PRIVAT,2025-07-01,AKTIV,,true,true,pfefferminz,MINT,HH-000031,false,2025-07-01T09:00:00Z,2025-07-01T09:00:00Z
PTR-00000038,NATUERLICH,Herr,,Torsten,Klein,,,,1996-12-20,M,DE,PARTNERSCHAFT,B26,Logistikerin / Logistiker,False,de,DE,PRIVAT,2024-08-01,AKTIV,,true,true,minzia,MINT,HH-000032,false,2024-08-01T09:00:00Z,2024-08-01T09:00:00Z
PTR-00000039,NATUERLICH,Frau,,Johanna,Becker,,,,1997-01-14,W,DE,PARTNERSCHAFT,B21,Beraterin / Berater,True,de,DE,PRIVAT,2020-08-01,AKTIV,,false,true,minzia,MINT,HH-000032,false,2020-08-01T09:00:00Z,2020-08-01T09:00:00Z
PTR-00000040,NATUERLICH,Herr,,Hanspeter,Hunziker,,,,1967-05-21,M,CH,VERWITWET,B06,Elektroinstallateurin / Elektroinstallateur,False,de,CH,PRIVAT,2018-06-01,AKTIV,,false,false,pfefferminz,HAPO,HH-000033,false,2018-06-01T09:00:00Z,2018-06-01T09:00:00Z
PTR-00000041,NATUERLICH,Herr,Dr.,Yann,Voisard,,,,1969-08-14,M,CH,VERHEIRATET,B11,Ärztin / Arzt,False,fr,CH,PRIVAT,2011-07-01,INAKTIV,,true,true,pfefferminz,VERA,HH-000034,false,2011-07-01T09:00:00Z,2011-07-01T09:00:00Z
PTR-00000042,NATUERLICH,Frau,,Émilie,Voisard,,,,1970-03-17,W,DE,VERHEIRATET,B05,Verkäuferin / Verkäufer,False,fr,CH,PRIVAT,,AKTIV,,true,true,pfefferminz,HAPO,HH-000034,false,2025-12-31T09:00:00Z,2025-12-31T09:00:00Z
PTR-00000043,NATUERLICH,Herr,,Jan,Bächtold,,,,1991-03-18,M,DE,PARTNERSCHAFT,B23,Rentnerin / Rentner,False,de,CH,PRIVAT,2017-07-01,AKTIV,,true,true,pfefferminz,HAPO,HH-000035,false,2017-07-01T09:00:00Z,2017-07-01T09:00:00Z
PTR-00000044,NATUERLICH,Frau,,Jasmin,Bächtold,,,,1994-05-03,W,CH,PARTNERSCHAFT,B02,Informatikerin / Informatiker,False,de,CH,PRIVAT,,AKTIV,,false,false,pfefferminz,HAPO,HH-000035,false,2025-12-31T09:00:00Z,2025-12-31T09:00:00Z
PTR-00000045,NATUERLICH,Frau,,Lena,Bächtold,,,,2007-06-11,W,CH,LEDIG,B22,Studentin / Student,False,de,CH,PRIVAT,,AKTIV,,false,true,pfefferminz,HAPO,HH-000035,false,2025-12-31T09:00:00Z,2025-12-31T09:00:00Z
PTR-00000046,NATUERLICH,Frau,,Livia,Bächtold,,,,2007-07-16,W,CH,LEDIG,B22,Studentin / Student,False,de,CH,PRIVAT,2025-12-01,AKTIV,,true,false,pfefferminz,MINT,HH-000035,false,2025-12-01T09:00:00Z,2025-12-01T09:00:00Z
PTR-00000047,NATUERLICH,Herr,,Jan,Ernst,,,,1982-01-09,M,DE,PARTNERSCHAFT,B02,Informatikerin / Informatiker,False,de,DE,PRIVAT,2021-06-01,AKTIV,,true,true,minzia,MINT,HH-000036,false,2021-06-01T09:00:00Z,2021-06-01T09:00:00Z
PTR-00000048,NATUERLICH,Frau,,Ivana,Ernst,,,,1987-01-12,W,DE,PARTNERSCHAFT,B26,Logistikerin / Logistiker,False,de,DE,PRIVAT,,AKTIV,,true,false,minzia,MINT,HH-000036,false,2025-12-31T09:00:00Z,2025-12-31T09:00:00Z
PTR-00000049,NATUERLICH,Herr,,Leon,Schmidt,,,,2000-01-21,M,DE,GESCHIEDEN,B03,Lehrerin / Lehrer,False,de,DE,PRIVAT,2022-09-01,AKTIV,,false,true,minzia,MINT,HH-000037,false,2022-09-01T09:00:00Z,2022-09-01T09:00:00Z
PTR-00000050,NATUERLICH,Frau,,Lina,Schneider,,,,1995-12-04,W,DE,VERHEIRATET,B25,Mechanikerin / Mechaniker,False,de,DE,PRIVAT,2016-02-01,AKTIV,,true,false,pfefferminz,HAPO,HH-000038,false,2016-02-01T09:00:00Z,2016-02-01T09:00:00Z
PTR-00000051,NATUERLICH,Herr,,Henry,Vollmer,,,,1999-09-25,M,RO,VERHEIRATET,B05,Verkäuferin / Verkäufer,False,de,DE,PRIVAT,2025-12-01,AKTIV,,true,false,pfefferminz,MINT,HH-000038,false,2025-12-01T09:00:00Z,2025-12-01T09:00:00Z
PTR-00000052,NATUERLICH,Herr,,Luis,Keller,,,,1995-07-08,M,DE,VERHEIRATET,B02,Informatikerin / Informatiker,False,de,DE,PRIVAT,2021-02-01,INAKTIV,,true,false,minzia,MINT,HH-000039,false,2021-02-01T09:00:00Z,2021-02-01T09:00:00Z
PTR-00000053,JURISTISCH,Firma,,,,Werra Dachdeckerei KG,KG,HRB 71745,1989-05-01,UNBEKANNT,DE,UNBEKANNT,,,,de,DE,KMU,2025-01-01,AKTIV,,true,false,minzia,MINT,,false,2025-01-01T09:00:00Z,2025-01-01T09:00:00Z
PTR-00000054,NATUERLICH,Herr,,Arthur,Bugnon,,,,1995-04-04,M,DE,VERHEIRATET,B35,Verwaltungsangestellte / Verwaltungsangestellter,False,fr,CH,PREMIUM,2013-05-01,AKTIV,,true,false,pfefferminz,VERA,HH-000041,false,2013-05-01T09:00:00Z,2013-05-01T09:00:00Z
PTR-00000055,NATUERLICH,Frau,,Inès,Bugnon,,,,1991-12-02,W,CH,VERHEIRATET,B01,Kaufmännische Angestellte / Kaufmännischer Angestellter,False,fr,CH,PRIVAT,2016-12-01,INAKTIV,,true,false,pfefferminz,VERA,HH-000041,false,2016-12-01T09:00:00Z,2016-12-01T09:00:00Z
PTR-00000056,NATUERLICH,Frau,,Alice,Bugnon,,,,2007-06-26,W,PT,LEDIG,B04,Pflegefachfrau / Pflegefachmann,False,fr,CH,PRIVAT,,AKTIV,,true,true,pfefferminz,HAPO,HH-000041,false,2025-12-31T09:00:00Z,2025-12-31T09:00:00Z
PTR-00000057,NATUERLICH,Frau,,Jade,Bugnon,,,,2007-02-12,W,CH,LEDIG,B22,Studentin / Student,False,fr,CH,PRIVAT,,AKTIV,,false,true,pfefferminz,HAPO,HH-000041,false,2025-12-31T09:00:00Z,2025-12-31T09:00:00Z
PTR-00000058,NATUERLICH,Herr,,Matthias,Lorenz,,,,1976-03-06,M,DE,VERHEIRATET,B02,Informatikerin / Informatiker,True,de,DE,PRIVAT,2007-10-01,INAKTIV,,false,false,pfefferminz,HAPO,HH-000042,false,2007-10-01T09:00:00Z,2007-10-01T09:00:00Z
PTR-00000059,NATUERLICH,Frau,,Ute,Lorenz,,,,1973-04-19,W,DE,VERHEIRATET,B23,Rentnerin / Rentner,False,de,DE,PRIVAT,,AKTIV,,false,false,pfefferminz,HAPO,HH-000042,false,2025-12-31T09:00:00Z,2025-12-31T09:00:00Z
PTR-00000060,NATUERLICH,Frau,,Petra,Hartmann,,,,1959-03-01,W,TR,VERHEIRATET,B23,Rentnerin / Rentner,False,de,DE,PRIVAT,1996-02-01,INAKTIV,,true,false,pfefferminz,VERA,HH-000043,false,1996-02-01T09:00:00Z,1996-02-01T09:00:00Z
PTR-00000061,NATUERLICH,Herr,,Oliver,Hoffmann,,,,1984-08-16,M,DE,VERHEIRATET,B21,Beraterin / Berater,False,de,DE,PRIVAT,2014-03-01,INAKTIV,,true,false,pfefferminz,HAPO,HH-000044,false,2014-03-01T09:00:00Z,2014-03-01T09:00:00Z
PTR-00000062,NATUERLICH,Frau,,Charlotte,Hoffmann,,,,1984-04-12,W,IT,VERHEIRATET,B04,Pflegefachfrau / Pflegefachmann,False,de,DE,PRIVAT,,AKTIV,,true,false,pfefferminz,HAPO,HH-000044,false,2025-12-31T09:00:00Z,2025-12-31T09:00:00Z
PTR-00000063,NATUERLICH,Frau,,Hanna,Hoffmann,,,,2007-04-22,W,DE,LEDIG,B11,Ärztin / Arzt,True,de,DE,PRIVAT,,AKTIV,,true,false,pfefferminz,HAPO,HH-000044,false,2025-12-31T09:00:00Z,2025-12-31T09:00:00Z
PTR-00000064,NATUERLICH,Herr,,Leon,Hofmann,,,,2007-09-15,M,DE,LEDIG,B05,Verkäuferin / Verkäufer,False,de,DE,PRIVAT,,AKTIV,,false,false,pfefferminz,HAPO,HH-000044,false,2025-12-31T09:00:00Z,2025-12-31T09:00:00Z
PTR-00000065,NATUERLICH,Herr,,Jan,Graf,,,,2004-02-09,M,CH,LEDIG,B26,Logistikerin / Logistiker,False,de,CH,PRIVAT,2023-03-01,AKTIV,,true,false,minzia,MINT,HH-000045,false,2023-03-01T09:00:00Z,2023-03-01T09:00:00Z
PTR-00000066,NATUERLICH,Herr,,Thomas,Friedrich,,,,1967-02-25,M,DE,VERHEIRATET,B23,Rentnerin / Rentner,False,de,DE,PRIVAT,2023-03-01,AKTIV,,false,true,minzia,MINT,HH-000046,false,2023-03-01T09:00:00Z,2023-03-01T09:00:00Z
PTR-00000067,NATUERLICH,Frau,,Svetlana,Friedrich,,,,1966-02-06,W,DE,VERHEIRATET,B32,Malerin / Maler,False,de,DE,PRIVAT,,AKTIV,,false,true,minzia,MINT,HH-000046,false,2025-12-31T09:00:00Z,2025-12-31T09:00:00Z
PTR-00000068,NATUERLICH,Herr,,Dirk,Kolbe,,,,1996-11-06,M,IT,VERHEIRATET,B08,Schreinerin / Schreiner,False,de,DE,PRIVAT,2018-12-01,AKTIV,,true,false,pfefferminz,HAPO,HH-000047,false,2018-12-01T09:00:00Z,2018-12-01T09:00:00Z
PTR-00000069,NATUERLICH,Herr,,Luis,Berger,,,,1991-07-28,M,DE,VERHEIRATET,B03,Lehrerin / Lehrer,False,de,DE,PRIVAT,2013-08-01,AKTIV,,true,true,pfefferminz,VERA,HH-000047,false,2013-08-01T09:00:00Z,2013-08-01T09:00:00Z
PTR-00000070,NATUERLICH,Frau,,Stéphanie,Gilliéron,,,,1970-08-05,W,FR,VERHEIRATET,B27,Grafikerin / Grafiker,True,fr,CH,PRIVAT,2025-01-01,AKTIV,,false,false,pfefferminz,MINT,HH-000048,false,2025-01-01T09:00:00Z,2025-01-01T09:00:00Z
PTR-00000071,NATUERLICH,Herr,,Patrick,Chappuis,,,,1969-12-19,M,DE,VERHEIRATET,B23,Rentnerin / Rentner,False,fr,CH,PREMIUM,2007-01-01,AKTIV,,false,false,pfefferminz,VERA,HH-000048,false,2007-01-01T09:00:00Z,2007-01-01T09:00:00Z
PTR-00000072,NATUERLICH,Herr,,Antoine,Gilliéron,,,,2007-04-01,M,CH,LEDIG,B35,Verwaltungsangestellte / Verwaltungsangestellter,False,fr,CH,PRIVAT,,AKTIV,,true,true,pfefferminz,HAPO,HH-000048,false,2025-12-31T09:00:00Z,2025-12-31T09:00:00Z
PTR-00000073,NATUERLICH,Frau,,Emma,Rey,,,,2005-06-15,W,CH,LEDIG,B23,Rentnerin / Rentner,False,fr,CH,PRIVAT,2024-11-01,AKTIV,,false,false,pfefferminz,VERA,HH-000048,false,2024-11-01T09:00:00Z,2024-11-01T09:00:00Z
PTR-00000074,NATUERLICH,Frau,,Lina,Schneider,,,,2001-08-11,W,RO,VERHEIRATET,B22,Studentin / Student,False,de,DE,PRIVAT,2020-04-01,AKTIV,,true,false,pfefferminz,HAPO,HH-000049,false,2020-04-01T09:00:00Z,2020-04-01T09:00:00Z
PTR-00000075,NATUERLICH,Herr,,Finn,Schneider,,,,2001-10-18,M,DE,VERHEIRATET,B22,Studentin / Student,False,de,DE,PREMIUM,2019-11-01,AKTIV,,true,false,pfefferminz,VERA,HH-000049,false,2019-11-01T09:00:00Z,2019-11-01T09:00:00Z
PTR-00000076,NATUERLICH,Frau,,Hanna,Schneider,,,,2007-04-11,W,DE,LEDIG,B30,Forstwartin / Forstwart,False,de,DE,PRIVAT,2025-07-01,AKTIV,,true,false,pfefferminz,MINT,HH-000049,false,2025-07-01T09:00:00Z,2025-07-01T09:00:00Z
PTR-00000077,NATUERLICH,Frau,,Charlotte,Schneider,,,,2007-08-13,W,DE,LEDIG,B22,Studentin / Student,False,de,DE,PRIVAT,2025-10-01,AKTIV,,true,true,pfefferminz,MINT,HH-000049,false,2025-10-01T09:00:00Z,2025-10-01T09:00:00Z
PTR-00000078,NATUERLICH,Frau,,Stefanie,Horn,,,,1978-11-17,W,IT,VERHEIRATET,B20,Polizistin / Polizist,False,de,DE,PRIVAT,2024-07-01,AKTIV,,true,true,minzia,MINT,HH-000050,false,2024-07-01T09:00:00Z,2024-07-01T09:00:00Z
PTR-00000079,NATUERLICH,Frau,,Sarah,Schäfer,,,,1985-06-12,W,DE,PARTNERSCHAFT,B05,Verkäuferin / Verkäufer,False,de,DE,PRIVAT,2013-09-01,AKTIV,,true,false,pfefferminz,VERA,HH-000051,false,2013-09-01T09:00:00Z,2013-09-01T09:00:00Z
PTR-00000080,NATUERLICH,Herr,,Jonas,Schäfer,,,,1990-06-25,M,DE,PARTNERSCHAFT,B25,Mechanikerin / Mechaniker,False,de,DE,PRIVAT,,AKTIV,,true,true,pfefferminz,HAPO,HH-000051,false,2025-12-31T09:00:00Z,2025-12-31T09:00:00Z
PTR-00000081,NATUERLICH,Herr,,Emil,Schäfer,,,,2007-04-06,M,GR,LEDIG,B22,Studentin / Student,False,de,DE,PRIVAT,2025-08-01,AKTIV,,true,false,pfefferminz,MINT,HH-000051,false,2025-08-01T09:00:00Z,2025-08-01T09:00:00Z
PTR-00000082,NATUERLICH,Herr,,Paul,Schneider,,,,2007-03-06,M,DE,LEDIG,B22,Studentin / Student,False,de,DE,PRIVAT,2025-06-01,AKTIV,,false,false,pfefferminz,MINT,HH-000052,false,2025-06-01T09:00:00Z,2025-06-01T09:00:00Z
PTR-00000083,NATUERLICH,Frau,,Irene,Meier,,,,1962-05-21,W,CH,VERHEIRATET,B10,Ingenieurin / Ingenieur,False,de,CH,PRIVAT,2001-06-01,AKTIV,,true,false,pfefferminz,VERA,HH-000053,false,2001-06-01T09:00:00Z,2001-06-01T09:00:00Z
PTR-00000084,NATUERLICH,Herr,,Cédric,Crettaz,,,,1983-09-17,M,CH,GESCHIEDEN,B10,Ingenieurin / Ingenieur,False,fr,CH,PRIVAT,2020-09-01,AKTIV,,true,false,pfefferminz,HAPO,HH-000054,false,2020-09-01T09:00:00Z,2020-09-01T09:00:00Z
PTR-00000085,NATUERLICH,Herr,,Cyrill,Meyer,,,,1994-02-18,M,CH,GESCHIEDEN,B04,Pflegefachfrau / Pflegefachmann,False,de,CH,PRIVAT,2015-06-01,AKTIV,,true,true,pfefferminz,HAPO,HH-000055,false,2015-06-01T09:00:00Z,2015-06-01T09:00:00Z
PTR-00000086,NATUERLICH,Herr,,Florian,Ernst,,,,1984-08-26,M,DE,VERHEIRATET,B18,Physiotherapeutin / Physiotherapeut,False,de,DE,PRIVAT,2007-05-01,AKTIV,,false,true,pfefferminz,VERA,HH-000056,false,2007-05-01T09:00:00Z,2007-05-01T09:00:00Z
PTR-00000087,NATUERLICH,Frau,,Jessica,Ernst,,,,1983-12-02,W,DE,VERHEIRATET,B02,Informatikerin / Informatiker,False,de,DE,PRIVAT,,AKTIV,,true,true,pfefferminz,HAPO,HH-000056,false,2025-12-31T09:00:00Z,2025-12-31T09:00:00Z
PTR-00000088,NATUERLICH,Herr,,José,García,,,,1971-05-28,M,DE,VERHEIRATET,B01,Kaufmännische Angestellte / Kaufmännischer Angestellter,False,de,DE,PREMIUM,1999-10-01,AKTIV,,true,false,pfefferminz,VERA,HH-000057,false,1999-10-01T09:00:00Z,1999-10-01T09:00:00Z
PTR-00000089,NATUERLICH,Frau,,Tanja,García,,,,1975-02-05,W,DE,VERHEIRATET,B08,Schreinerin / Schreiner,False,de,DE,PRIVAT,2013-07-01,AKTIV,,false,false,pfefferminz,VERA,HH-000057,false,2013-07-01T09:00:00Z,2013-07-01T09:00:00Z
PTR-00000090,NATUERLICH,Herr,,Leon,García,,,,2003-07-08,M,DE,LEDIG,B22,Studentin / Student,False,de,DE,PRIVAT,2022-07-01,AKTIV,,true,true,pfefferminz,VERA,HH-000057,false,2022-07-01T09:00:00Z,2022-07-01T09:00:00Z
PTR-00000091,NATUERLICH,Frau,,Lina,Kessler,,,,2004-06-14,W,DE,LEDIG,B24,Hausfrau / Hausmann,False,de,DE,PRIVAT,2023-12-01,INAKTIV,,true,true,minzia,MINT,HH-000058,false,2023-12-01T09:00:00Z,2023-12-01T09:00:00Z
PTR-00000092,NATUERLICH,Frau,,Elena,Weber,,,,2006-12-21,W,CH,LEDIG,B22,Studentin / Student,False,de,CH,PREMIUM,2025-01-01,AKTIV,,false,false,pfefferminz,MINT,HH-000059,false,2025-01-01T09:00:00Z,2025-01-01T09:00:00Z
PTR-00000093,NATUERLICH,Herr,,Stefan,Beck,,,,1981-06-08,M,DE,VERHEIRATET,B15,Köchin / Koch,False,de,DE,PRIVAT,2009-03-01,INAKTIV,,false,false,pfefferminz,HAPO,HH-000060,false,2009-03-01T09:00:00Z,2009-03-01T09:00:00Z
PTR-00000094,NATUERLICH,Frau,,Cornelia,Schreiber,,,,1975-12-23,W,TR,VERHEIRATET,B08,Schreinerin / Schreiner,False,de,DE,PRIVAT,2004-05-01,INAKTIV,,false,true,pfefferminz,VERA,HH-000060,false,2004-05-01T09:00:00Z,2004-05-01T09:00:00Z
PTR-00000095,NATUERLICH,Herr,,Noah,Otto,,,,2007-12-02,M,DE,LEDIG,B22,Studentin / Student,False,de,DE,PRIVAT,,AKTIV,,true,true,pfefferminz,HAPO,HH-000060,false,2025-12-31T09:00:00Z,2025-12-31T09:00:00Z
PTR-00000096,NATUERLICH,Frau,,Elke,Albrecht,,,,1987-07-14,W,DE,LEDIG,B13,Treuhänderin / Treuhänder,False,de,DE,PRIVAT,2022-04-01,AKTIV,,true,true,minzia,MINT,HH-000061,false,2022-04-01T09:00:00Z,2022-04-01T09:00:00Z
PTR-00000097,NATUERLICH,Frau,,Anne,Vallotton,,,,1989-09-21,W,PT,PARTNERSCHAFT,B05,Verkäuferin / Verkäufer,False,fr,CH,PRIVAT,2015-08-01,AKTIV,,true,false,pfefferminz,HAPO,HH-000062,false,2015-08-01T09:00:00Z,2015-08-01T09:00:00Z
PTR-00000098,NATUERLICH,Herr,,Mathieu,Vallotton,,,,1995-10-21,M,CH,PARTNERSCHAFT,B20,Polizistin / Polizist,False,fr,CH,PRIVAT,,AKTIV,,false,true,pfefferminz,HAPO,HH-000062,false,2025-12-31T09:00:00Z,2025-12-31T09:00:00Z
PTR-00000099,NATUERLICH,Herr,,Arthur,Cornu,,,,2001-02-21,M,RS,PARTNERSCHAFT,B01,Kaufmännische Angestellte / Kaufmännischer Angestellter,False,fr,CH,PRIVAT,2025-04-01,AKTIV,,true,false,minzia,MINT,HH-000063,false,2025-04-01T09:00:00Z,2025-04-01T09:00:00Z
PTR-00000100,NATUERLICH,Frau,,Aurélie,Cornu,,,,1999-11-04,W,CH,PARTNERSCHAFT,B21,Beraterin / Berater,True,fr,CH,PRIVAT,2022-01-01,AKTIV,,false,true,minzia,MINT,HH-000063,false,2022-01-01T09:00:00Z,2022-01-01T09:00:00Z
PTR-00000101,NATUERLICH,Herr,,Thomas,Comte,,,,2007-09-17,M,CH,LEDIG,B22,Studentin / Student,False,fr,CH,PRIVAT,2025-12-01,AKTIV,,false,true,minzia,MINT,HH-000063,false,2025-12-01T09:00:00Z,2025-12-01T09:00:00Z
PTR-00000102,NATUERLICH,Herr,,Matthias,Schulte,,,,1977-03-01,M,DE,LEDIG,B01,Kaufmännische Angestellte / Kaufmännischer Angestellter,False,de,DE,PRIVAT,2023-11-01,AKTIV,,false,true,minzia,MINT,HH-000064,false,2023-11-01T09:00:00Z,2023-11-01T09:00:00Z
PTR-00000103,NATUERLICH,Herr,,Bruno,Meyer,,,,1965-02-22,M,CH,VERWITWET,B05,Verkäuferin / Verkäufer,False,de,CH,PRIVAT,2021-10-01,AKTIV,,true,false,minzia,MINT,HH-000065,false,2021-10-01T09:00:00Z,2021-10-01T09:00:00Z
PTR-00000104,NATUERLICH,Frau,,Manon,Monnier,,,,2000-10-17,W,CH,VERHEIRATET,B36,Gastwirtin / Gastwirt,True,fr,CH,PRIVAT,2020-10-01,AKTIV,,true,true,pfefferminz,HAPO,HH-000066,false,2020-10-01T09:00:00Z,2020-10-01T09:00:00Z
PTR-00000105,NATUERLICH,Herr,,Nicolas,Blanc,,,,1994-05-17,M,CH,VERHEIRATET,B04,Pflegefachfrau / Pflegefachmann,False,fr,CH,PREMIUM,2014-12-01,AKTIV,,true,true,pfefferminz,VERA,HH-000066,false,2014-12-01T09:00:00Z,2014-12-01T09:00:00Z
PTR-00000106,NATUERLICH,Herr,,Jürgen,Baumann,,,,1989-02-28,M,DE,VERHEIRATET,B21,Beraterin / Berater,False,de,DE,PRIVAT,2018-02-01,AKTIV,,false,false,pfefferminz,VERA,HH-000067,false,2018-02-01T09:00:00Z,2018-02-01T09:00:00Z
PTR-00000107,NATUERLICH,Frau,,Laura,Wieczorek,,,,1984-03-04,W,PL,VERHEIRATET,B03,Lehrerin / Lehrer,False,de,DE,PRIVAT,,AKTIV,,true,true,pfefferminz,HAPO,HH-000067,false,2025-12-31T09:00:00Z,2025-12-31T09:00:00Z
PTR-00000108,NATUERLICH,Herr,,Tobias,Wolff,,,,2007-06-17,M,DE,LEDIG,B06,Elektroinstallateurin / Elektroinstallateur,False,de,DE,PRIVAT,,AKTIV,,true,false,pfefferminz,HAPO,HH-000067,false,2025-12-31T09:00:00Z,2025-12-31T09:00:00Z
PTR-00000109,NATUERLICH,Herr,,Andreas,Voigt,,,,1968-07-03,M,DE,VERHEIRATET,B35,Verwaltungsangestellte / Verwaltungsangestellter,False,de,DE,PRIVAT,2022-01-01,AKTIV,,false,true,minzia,MINT,HH-000068,false,2022-01-01T09:00:00Z,2022-01-01T09:00:00Z
PTR-00000110,NATUERLICH,Frau,,Andrea,Köhler,,,,1972-09-12,W,DE,VERHEIRATET,B01,Kaufmännische Angestellte / Kaufmännischer Angestellter,False,de,DE,PRIVAT,2021-07-01,AKTIV,,false,true,minzia,MINT,HH-000069,false,2021-07-01T09:00:00Z,2021-07-01T09:00:00Z
PTR-00000111,NATUERLICH,Herr,,Maximilian,Köhler,,,,1976-11-09,M,DE,VERHEIRATET,B01,Kaufmännische Angestellte / Kaufmännischer Angestellter,False,de,DE,PRIVAT,,AKTIV,,true,true,minzia,MINT,HH-000069,false,2025-12-31T09:00:00Z,2025-12-31T09:00:00Z
PTR-00000112,NATUERLICH,Frau,,Maren,Gruber,,,,1997-11-18,W,DE,PARTNERSCHAFT,B24,Hausfrau / Hausmann,False,de,DE,PRIVAT,2023-09-01,AKTIV,,true,true,minzia,MINT,HH-000070,false,2023-09-01T09:00:00Z,2023-09-01T09:00:00Z
PTR-00000113,NATUERLICH,Herr,,Ralf,Böhm,,,,2002-03-24,M,DE,PARTNERSCHAFT,B22,Studentin / Student,False,de,DE,PRIVAT,,AKTIV,,false,true,minzia,MINT,HH-000070,false,2025-12-31T09:00:00Z,2025-12-31T09:00:00Z
PTR-00000114,NATUERLICH,Frau,,Jennifer,Schulze,,,,1986-01-25,W,DE,VERHEIRATET,B34,Sozialarbeiterin / Sozialarbeiter,False,de,DE,PRIVAT,2021-11-01,INAKTIV,,true,true,minzia,MINT,HH-000071,false,2021-11-01T09:00:00Z,2021-11-01T09:00:00Z
PTR-00000115,NATUERLICH,Herr,,Holger,Braun,,,,1989-08-25,M,TR,VERHEIRATET,B04,Pflegefachfrau / Pflegefachmann,False,de,DE,PRIVAT,2023-04-01,AKTIV,,true,true,minzia,MINT,HH-000071,false,2023-04-01T09:00:00Z,2023-04-01T09:00:00Z
PTR-00000116,NATUERLICH,Herr,,Dirk,Frank,,,,1976-10-18,M,DE,GESCHIEDEN,B08,Schreinerin / Schreiner,False,de,DE,PRIVAT,2001-05-01,AKTIV,,false,true,pfefferminz,HAPO,HH-000072,false,2001-05-01T09:00:00Z,2001-05-01T09:00:00Z
PTR-00000117,NATUERLICH,Frau,,Laura,Reber,,,,1987-03-24,W,CH,VERHEIRATET,B12,Juristin / Jurist,False,de,CH,PRIVAT,2005-05-01,AKTIV,,true,false,pfefferminz,VERA,HH-000073,false,2005-05-01T09:00:00Z,2005-05-01T09:00:00Z
PTR-00000118,NATUERLICH,Herr,,Felix,Reber,,,,1992-02-14,M,CH,VERHEIRATET,B32,Malerin / Maler,False,de,CH,PRIVAT,2010-11-01,AKTIV,,true,false,pfefferminz,VERA,HH-000073,false,2010-11-01T09:00:00Z,2010-11-01T09:00:00Z
PTR-00000119,NATUERLICH,Herr,,Milan,Fischer,,,,1986-04-18,M,DE,VERHEIRATET,B25,Mechanikerin / Mechaniker,False,de,DE,PRIVAT,2023-07-01,AKTIV,,true,true,minzia,MINT,HH-000074,false,2023-07-01T09:00:00Z,2023-07-01T09:00:00Z
PTR-00000120,NATUERLICH,Frau,,Franziska,Fischer,,,,1989-12-23,W,GR,VERHEIRATET,B06,Elektroinstallateurin / Elektroinstallateur,False,de,DE,PRIVAT,,AKTIV,,false,false,minzia,MINT,HH-000074,false,2025-12-31T09:00:00Z,2025-12-31T09:00:00Z
PTR-00000121,NATUERLICH,Herr,,David,Zimmermann,,,,1990-03-06,M,CH,VERHEIRATET,B24,Hausfrau / Hausmann,False,de,CH,PRIVAT,2013-07-01,AKTIV,,true,true,pfefferminz,HAPO,HH-000075,false,2013-07-01T09:00:00Z,2013-07-01T09:00:00Z
PTR-00000122,NATUERLICH,Frau,,Birgit,Schmidt,,,,1988-04-18,W,DE,LEDIG,B13,Treuhänderin / Treuhänder,True,de,DE,PRIVAT,2022-06-01,AKTIV,,true,true,minzia,MINT,HH-000076,false,2022-06-01T09:00:00Z,2022-06-01T09:00:00Z
PTR-00000123,NATUERLICH,Frau,,Elena,Hess,,,,2001-04-02,W,CH,VERHEIRATET,B22,Studentin / Student,False,de,CH,PRIVAT,2020-08-01,AKTIV,,true,true,pfefferminz,HAPO,HH-000077,false,2020-08-01T09:00:00Z,2020-08-01T09:00:00Z
PTR-00000124,NATUERLICH,Herr,,Patrick,Hess,,,,1995-06-03,M,AT,VERHEIRATET,B16,Chauffeuse / Chauffeur,False,de,CH,PRIVAT,,AKTIV,,false,false,pfefferminz,HAPO,HH-000077,false,2025-12-31T09:00:00Z,2025-12-31T09:00:00Z
PTR-00000125,NATUERLICH,Frau,,Sophia,Sauer,,,,1992-12-19,W,DE,PARTNERSCHAFT,B05,Verkäuferin / Verkäufer,False,de,DE,PRIVAT,2014-01-01,AKTIV,,true,false,pfefferminz,HAPO,HH-000078,false,2014-01-01T09:00:00Z,2014-01-01T09:00:00Z
PTR-00000126,NATUERLICH,Herr,,Jonas,Sauer,,,,1990-03-10,M,RO,PARTNERSCHAFT,B23,Rentnerin / Rentner,False,de,DE,PRIVAT,2012-09-01,AKTIV,,true,false,pfefferminz,VERA,HH-000078,false,2012-09-01T09:00:00Z,2012-09-01T09:00:00Z
PTR-00000127,NATUERLICH,Herr,,Matthias,Meier,,,,1969-05-23,M,CH,VERHEIRATET,B24,Hausfrau / Hausmann,False,de,CH,PREMIUM,1988-11-01,AKTIV,,true,false,pfefferminz,VERA,HH-000079,false,1988-11-01T09:00:00Z,1988-11-01T09:00:00Z
PTR-00000128,NATUERLICH,Frau,,Sara,Müller,,,,1990-06-17,W,CH,VERHEIRATET,B03,Lehrerin / Lehrer,False,de,CH,PRIVAT,2011-12-01,AKTIV,,true,false,pfefferminz,VERA,HH-000080,false,2011-12-01T09:00:00Z,2011-12-01T09:00:00Z
PTR-00000129,NATUERLICH,Herr,,Cyrill,Portmann,,,,1986-04-19,M,CH,VERHEIRATET,B23,Rentnerin / Rentner,False,de,CH,PRIVAT,,AKTIV,,false,false,pfefferminz,HAPO,HH-000080,false,2025-12-31T09:00:00Z,2025-12-31T09:00:00Z
PTR-00000130,NATUERLICH,Frau,,Leila,Doğan,,,,1997-02-16,W,DE,VERHEIRATET,B26,Logistikerin / Logistiker,False,de,DE,PRIVAT,2020-08-01,INAKTIV,,true,false,pfefferminz,HAPO,HH-000081,false,2020-08-01T09:00:00Z,2020-08-01T09:00:00Z
PTR-00000131,NATUERLICH,Herr,,Jan,Graf,,,,1995-03-04,M,DE,VERHEIRATET,B05,Verkäuferin / Verkäufer,False,de,DE,PRIVAT,2025-06-01,AKTIV,,true,false,pfefferminz,MINT,HH-000081,false,2025-06-01T09:00:00Z,2025-06-01T09:00:00Z
PTR-00000132,NATUERLICH,Herr,,Luka,Demir,,,,2007-01-05,M,IT,LEDIG,B22,Studentin / Student,False,de,DE,PRIVAT,2025-05-01,AKTIV,,true,false,pfefferminz,MINT,HH-000081,false,2025-05-01T09:00:00Z,2025-05-01T09:00:00Z
PTR-00000133,NATUERLICH,Herr,,Dirk,Doğan,,,,2007-10-16,M,IT,LEDIG,B08,Schreinerin / Schreiner,False,de,DE,PRIVAT,2025-12-01,AKTIV,,false,false,pfefferminz,MINT,HH-000081,false,2025-12-01T09:00:00Z,2025-12-01T09:00:00Z
PTR-00000134,NATUERLICH,Herr,,Werner,Suter,,,,1959-05-04,M,IT,VERHEIRATET,B23,Rentnerin / Rentner,False,de,CH,PREMIUM,2006-12-01,AKTIV,,false,true,pfefferminz,VERA,HH-000082,false,2006-12-01T09:00:00Z,2006-12-01T09:00:00Z
PTR-00000135,NATUERLICH,Herr,,Carsten,Brandt,,,,1963-09-18,M,DE,VERHEIRATET,B05,Verkäuferin / Verkäufer,False,de,DE,PRIVAT,2022-07-01,AKTIV,,false,true,minzia,MINT,HH-000083,false,2022-07-01T09:00:00Z,2022-07-01T09:00:00Z
PTR-00000136,NATUERLICH,Frau,Dr.,Anke,Möller,,,,1983-11-15,W,DE,GESCHIEDEN,B40,Selbständige Unternehmerin / Selbständiger Unternehmer,True,de,DE,PRIVAT,2022-03-01,AKTIV,,true,true,minzia,MINT,HH-000084,false,2022-03-01T09:00:00Z,2022-03-01T09:00:00Z
PTR-00000137,JURISTISCH,Firma,,,,Taunus Zimmerei e.K.,e.K.,HRB 68841,1992-07-01,UNBEKANNT,DE,UNBEKANNT,,,,de,DE,KMU,2025-02-01,AKTIV,,false,true,minzia,MINT,,false,2025-02-01T09:00:00Z,2025-02-01T09:00:00Z
PTR-00000138,NATUERLICH,Frau,,Katharina,Rauch,,,,1982-01-15,W,DE,VERHEIRATET,B01,Kaufmännische Angestellte / Kaufmännischer Angestellter,False,de,DE,PRIVAT,2007-06-01,AKTIV,,true,false,pfefferminz,VERA,HH-000085,false,2007-06-01T09:00:00Z,2007-06-01T09:00:00Z
PTR-00000139,NATUERLICH,Herr,,Miguel,Rauch,,,,1981-01-15,M,DE,VERHEIRATET,B23,Rentnerin / Rentner,False,de,DE,PRIVAT,2006-03-01,AKTIV,,false,true,pfefferminz,VERA,HH-000085,false,2006-03-01T09:00:00Z,2006-03-01T09:00:00Z
PTR-00000140,NATUERLICH,Herr,,Sebastian,Schneider,,,,1973-03-28,M,DE,VERHEIRATET,B02,Informatikerin / Informatiker,False,de,DE,PRIVAT,2013-09-01,AKTIV,,true,false,pfefferminz,VERA,HH-000086,false,2013-09-01T09:00:00Z,2013-09-01T09:00:00Z
PTR-00000141,NATUERLICH,Frau,,Martina,Krause,,,,1970-12-18,W,DE,VERHEIRATET,B32,Malerin / Maler,False,de,DE,PRIVAT,2005-10-01,INAKTIV,,true,false,pfefferminz,VERA,HH-000086,false,2005-10-01T09:00:00Z,2005-10-01T09:00:00Z
PTR-00000142,NATUERLICH,Herr,,Moritz,Schneider,,,,2007-01-25,M,DE,LEDIG,B04,Pflegefachfrau / Pflegefachmann,False,de,DE,PRIVAT,,AKTIV,,true,false,pfefferminz,HAPO,HH-000086,false,2025-12-31T09:00:00Z,2025-12-31T09:00:00Z
PTR-00000143,NATUERLICH,Herr,,Torsten,Schneider,,,,1997-12-09,M,DE,LEDIG,B35,Verwaltungsangestellte / Verwaltungsangestellter,False,de,DE,PRIVAT,,AKTIV,,true,false,pfefferminz,HAPO,HH-000086,false,2025-12-31T09:00:00Z,2025-12-31T09:00:00Z
PTR-00000144,NATUERLICH,Herr,,Miguel,Nguyen,,,,1966-12-21,M,CH,VERHEIRATET,B22,Studentin / Student,False,de,CH,PRIVAT,2020-05-01,AKTIV,,false,false,pfefferminz,HAPO,HH-000087,false,2020-05-01T09:00:00Z,2020-05-01T09:00:00Z
PTR-00000145,NATUERLICH,Frau,,Karin,Lehmann,,,,1963-09-12,W,CH,VERHEIRATET,B21,Beraterin / Berater,True,de,CH,PRIVAT,1999-01-01,AKTIV,,false,true,pfefferminz,VERA,HH-000087,false,1999-01-01T09:00:00Z,1999-01-01T09:00:00Z
PTR-00000146,NATUERLICH,Frau,,Dagmar,Lange,,,,1977-05-12,W,DE,VERHEIRATET,B20,Polizistin / Polizist,False,de,DE,PRIVAT,2023-06-01,AKTIV,,false,true,minzia,MINT,HH-000088,false,2023-06-01T09:00:00Z,2023-06-01T09:00:00Z
PTR-00000147,NATUERLICH,Herr,,Moritz,Pohl,,,,1980-03-02,M,DE,VERHEIRATET,B22,Studentin / Student,False,de,DE,PRIVAT,,AKTIV,,true,false,minzia,MINT,HH-000088,false,2025-12-31T09:00:00Z,2025-12-31T09:00:00Z
PTR-00000148,NATUERLICH,Herr,,Ali,Mensah,,,,1970-11-13,M,IT,VERHEIRATET,B26,Logistikerin / Logistiker,False,de,CH,PREMIUM,2011-06-01,AKTIV,,true,false,pfefferminz,VERA,HH-000089,false,2011-06-01T09:00:00Z,2011-06-01T09:00:00Z
PTR-00000149,NATUERLICH,Frau,,Irene,Eggenberger,,,,1976-12-14,W,ES,VERHEIRATET,B23,Rentnerin / Rentner,False,de,CH,PRIVAT,,AKTIV,,false,false,pfefferminz,HAPO,HH-000089,false,2025-12-31T09:00:00Z,2025-12-31T09:00:00Z
PTR-00000150,NATUERLICH,Frau,,Melanie,Jäger,,,,1981-12-04,W,IT,VERHEIRATET,B23,Rentnerin / Rentner,False,de,DE,PRIVAT,2024-02-01,AKTIV,,false,true,minzia,MINT,HH-000090,false,2024-02-01T09:00:00Z,2024-02-01T09:00:00Z
PTR-00000151,NATUERLICH,Herr,,Michael,Jäger,,,,1979-02-17,M,DE,VERHEIRATET,B23,Rentnerin / Rentner,False,de,DE,PRIVAT,2024-09-01,AKTIV,,true,true,minzia,MINT,HH-000090,false,2024-09-01T09:00:00Z,2024-09-01T09:00:00Z
PTR-00000152,NATUERLICH,Frau,,Maren,Werner,,,,1984-06-07,W,DE,VERHEIRATET,B20,Polizistin / Polizist,False,de,DE,PRIVAT,2021-08-01,AKTIV,,true,false,minzia,MINT,HH-000091,false,2021-08-01T09:00:00Z,2021-08-01T09:00:00Z
PTR-00000153,NATUERLICH,Herr,,Daniel,Robert,,,,1960-08-21,M,CH,PARTNERSCHAFT,B23,Rentnerin / Rentner,False,fr,CH,PRIVAT,2025-04-01,AKTIV,,true,false,minzia,MINT,HH-000092,false,2025-04-01T09:00:00Z,2025-04-01T09:00:00Z
PTR-00000154,NATUERLICH,Frau,,Valérie,Robert,,,,1962-08-01,W,CH,PARTNERSCHAFT,B13,Treuhänderin / Treuhänder,True,fr,CH,PRIVAT,,AKTIV,,false,true,minzia,MINT,HH-000092,false,2025-12-31T09:00:00Z,2025-12-31T09:00:00Z
PTR-00000155,NATUERLICH,Frau,,Jelena,Arslan,,,,1987-06-18,W,DE,GESCHIEDEN,B01,Kaufmännische Angestellte / Kaufmännischer Angestellter,False,de,DE,PRIVAT,2023-10-01,AKTIV,,true,true,minzia,MINT,HH-000093,false,2023-10-01T09:00:00Z,2023-10-01T09:00:00Z
PTR-00000156,NATUERLICH,Herr,,Volker,Schreiber,,,,1968-08-15,M,DE,VERHEIRATET,B40,Selbständige Unternehmerin / Selbständiger Unternehmer,True,de,DE,PRIVAT,,AKTIV,,true,false,pfefferminz,HAPO,HH-000094,false,2025-12-31T09:00:00Z,2025-12-31T09:00:00Z
PTR-00000157,JURISTISCH,Firma,,,,Spree Planung GmbH,GmbH,HRB 41958,1991-02-01,UNBEKANNT,DE,UNBEKANNT,,,,de,DE,KMU,2005-07-01,AKTIV,,true,false,pfefferminz,HAPO,,false,2005-07-01T09:00:00Z,2005-07-01T09:00:00Z
PTR-00000158,NATUERLICH,Herr,,Dennis,Lang,,,,1980-04-28,M,DE,VERHEIRATET,B24,Hausfrau / Hausmann,False,de,DE,PRIVAT,2005-12-01,AKTIV,,true,false,pfefferminz,HAPO,HH-000095,false,2005-12-01T09:00:00Z,2005-12-01T09:00:00Z
PTR-00000159,NATUERLICH,Frau,,Mia,Lang,,,,1983-04-02,W,DE,VERHEIRATET,B27,Grafikerin / Grafiker,True,de,DE,PRIVAT,2011-08-01,INAKTIV,,false,false,pfefferminz,VERA,HH-000095,false,2011-08-01T09:00:00Z,2011-08-01T09:00:00Z
PTR-00000160,NATUERLICH,Frau,,Julia,Lang,,,,2004-03-16,W,DE,LEDIG,B10,Ingenieurin / Ingenieur,True,de,DE,PRIVAT,2023-05-01,AKTIV,,true,false,pfefferminz,VERA,HH-000095,false,2023-05-01T09:00:00Z,2023-05-01T09:00:00Z
PTR-00000161,NATUERLICH,Frau,,Emilia,Klein,,,,2007-01-10,W,DE,LEDIG,B07,Sanitärinstallateurin / Sanitärinstallateur,False,de,DE,PRIVAT,,AKTIV,,true,true,pfefferminz,HAPO,HH-000095,false,2025-12-31T09:00:00Z,2025-12-31T09:00:00Z
PTR-00000162,NATUERLICH,Frau,,Charlotte,Lang,,,,2004-11-14,W,DE,LEDIG,B15,Köchin / Koch,False,de,DE,PRIVAT,2025-01-01,AKTIV,,false,true,pfefferminz,MINT,HH-000095,false,2025-01-01T09:00:00Z,2025-01-01T09:00:00Z
PTR-00000163,NATUERLICH,Herr,,Tim,Weber,,,,1991-01-03,M,DE,PARTNERSCHAFT,B23,Rentnerin / Rentner,False,de,DE,PRIVAT,2022-01-01,AKTIV,,false,false,minzia,MINT,HH-000096,false,2022-01-01T09:00:00Z,2022-01-01T09:00:00Z
PTR-00000164,NATUERLICH,Herr,,Markus,Weber,,,,1993-12-15,M,DE,PARTNERSCHAFT,B15,Köchin / Koch,False,de,DE,PRIVAT,,AKTIV,,true,true,minzia,MINT,HH-000096,false,2025-12-31T09:00:00Z,2025-12-31T09:00:00Z
PTR-00000165,NATUERLICH,Herr,,Samuel,Kohler,,,,1980-04-19,M,CH,VERHEIRATET,B08,Schreinerin / Schreiner,False,de,CH,PRIVAT,2025-01-01,AKTIV,,false,false,pfefferminz,MINT,HH-000097,false,2025-01-01T09:00:00Z,2025-01-01T09:00:00Z
PTR-00000166,NATUERLICH,Herr,,Marcel,Moser,,,,1998-02-23,M,CH,VERHEIRATET,B04,Pflegefachfrau / Pflegefachmann,True,de,CH,PRIVAT,2021-09-01,AKTIV,,false,false,minzia,MINT,HH-000098,false,2021-09-01T09:00:00Z,2021-09-01T09:00:00Z
PTR-00000167,NATUERLICH,Frau,,Franziska,Becker,,,,1981-10-19,W,DE,VERHEIRATET,B28,Bankangestellte / Bankangestellter,False,de,DE,PRIVAT,2021-11-01,AKTIV,,true,true,minzia,MINT,HH-000099,false,2021-11-01T09:00:00Z,2021-11-01T09:00:00Z
PTR-00000168,NATUERLICH,Herr,,Markus,Klein,,,,1987-12-11,M,DE,VERHEIRATET,B02,Informatikerin / Informatiker,False,de,DE,PRIVAT,2016-11-01,AKTIV,,true,true,pfefferminz,HAPO,HH-000100,false,2016-11-01T09:00:00Z,2016-11-01T09:00:00Z
PTR-00000169,NATUERLICH,Frau,,Lisa,Klein,,,,1988-07-23,W,DE,VERHEIRATET,B16,Chauffeuse / Chauffeur,False,de,DE,PRIVAT,,AKTIV,,true,false,pfefferminz,HAPO,HH-000100,false,2025-12-31T09:00:00Z,2025-12-31T09:00:00Z
PTR-00000170,NATUERLICH,Frau,,Fabienne,Schmid,,,,1983-07-06,W,CH,VERHEIRATET,B23,Rentnerin / Rentner,False,de,CH,PRIVAT,2016-07-01,AKTIV,,false,false,pfefferminz,HAPO,HH-000101,false,2016-07-01T09:00:00Z,2016-07-01T09:00:00Z
PTR-00000171,NATUERLICH,Frau,,Maria José,Diallo,,,,1979-03-21,W,PT,VERHEIRATET,B11,Ärztin / Arzt,False,fr,CH,PREMIUM,2009-12-01,AKTIV,,false,false,pfefferminz,VERA,HH-000102,false,2009-12-01T09:00:00Z,2009-12-01T09:00:00Z
PTR-00000172,NATUERLICH,Herr,,Philipp,Lehmann,,,,1981-04-24,M,DE,VERHEIRATET,B08,Schreinerin / Schreiner,True,de,DE,PRIVAT,2024-08-01,AKTIV,,true,false,minzia,MINT,HH-000103,false,2024-08-01T09:00:00Z,2024-08-01T09:00:00Z
PTR-00000173,NATUERLICH,Herr,,Kurt,Niederberger,,,,1954-08-27,M,CH,PARTNERSCHAFT,B23,Rentnerin / Rentner,False,de,CH,PRIVAT,2013-04-01,AKTIV,,false,false,pfefferminz,VERA,HH-000104,false,2013-04-01T09:00:00Z,2013-04-01T09:00:00Z
PTR-00000174,NATUERLICH,Frau,,Fatma,Georgiou,,,,1957-04-07,W,CH,PARTNERSCHAFT,B23,Rentnerin / Rentner,False,de,CH,PREMIUM,2007-10-01,AKTIV,,true,true,pfefferminz,VERA,HH-000104,false,2007-10-01T09:00:00Z,2007-10-01T09:00:00Z
PTR-00000175,NATUERLICH,Frau,,Claudia,Zbinden,,,,1988-01-16,W,CH,LEDIG,B05,Verkäuferin / Verkäufer,False,de,CH,PREMIUM,2018-09-01,AKTIV,,false,false,pfefferminz,VERA,HH-000104,false,2018-09-01T09:00:00Z,2018-09-01T09:00:00Z
PTR-00000176,NATUERLICH,Herr,,Marcel,Weber,,,,1981-12-27,M,CH,LEDIG,B04,Pflegefachfrau / Pflegefachmann,False,de,CH,PRIVAT,,AKTIV,,true,false,pfefferminz,HAPO,HH-000104,false,2025-12-31T09:00:00Z,2025-12-31T09:00:00Z
PTR-00000177,NATUERLICH,Herr,,Oliver,Lehmann,,,,1977-10-16,M,DE,VERHEIRATET,B15,Köchin / Koch,True,de,DE,PRIVAT,2025-10-01,AKTIV,,true,false,pfefferminz,MINT,HH-000105,false,2025-10-01T09:00:00Z,2025-10-01T09:00:00Z
PTR-00000178,NATUERLICH,Herr,,Christoph,Arnold,,,,1973-12-21,M,CH,LEDIG,B04,Pflegefachfrau / Pflegefachmann,False,de,CH,PRIVAT,2014-07-01,AKTIV,,true,false,pfefferminz,HAPO,HH-000106,false,2014-07-01T09:00:00Z,2014-07-01T09:00:00Z
PTR-00000179,NATUERLICH,Herr,,Hans-Jürgen,Schmitt,,,,1980-08-27,M,IT,PARTNERSCHAFT,B15,Köchin / Koch,False,de,DE,PRIVAT,2021-02-01,AKTIV,,true,true,minzia,MINT,HH-000107,false,2021-02-01T09:00:00Z,2021-02-01T09:00:00Z
PTR-00000180,NATUERLICH,Frau,,Anke,Schmitt,,,,1978-04-08,W,DE,PARTNERSCHAFT,B07,Sanitärinstallateurin / Sanitärinstallateur,False,de,DE,PRIVAT,,AKTIV,,false,true,minzia,MINT,HH-000107,false,2025-12-31T09:00:00Z,2025-12-31T09:00:00Z
PTR-00000181,NATUERLICH,Herr,,Klaus,Müller,,,,1969-10-02,M,DE,VERHEIRATET,B35,Verwaltungsangestellte / Verwaltungsangestellter,False,de,DE,PRIVAT,2014-03-01,INAKTIV,,false,true,pfefferminz,HAPO,HH-000108,false,2014-03-01T09:00:00Z,2014-03-01T09:00:00Z
PTR-00000182,NATUERLICH,Frau,,Melanie,Müller,,,,1964-08-13,W,DE,VERHEIRATET,B24,Hausfrau / Hausmann,False,de,DE,PREMIUM,2015-01-01,AKTIV,,true,true,pfefferminz,VERA,HH-000108,false,2015-01-01T09:00:00Z,2015-01-01T09:00:00Z
PTR-00000183,NATUERLICH,Herr,,Amir,Müller,,,,2007-11-01,M,DE,LEDIG,B22,Studentin / Student,False,de,DE,PRIVAT,,AKTIV,,true,false,pfefferminz,HAPO,HH-000108,false,2025-12-31T09:00:00Z,2025-12-31T09:00:00Z
PTR-00000184,NATUERLICH,Herr,,Tobias,Schneider,,,,1971-07-25,M,RO,GESCHIEDEN,B37,Kunstschaffende / Kunstschaffender,True,de,DE,PRIVAT,2005-09-01,AKTIV,,true,true,pfefferminz,VERA,HH-000109,false,2005-09-01T09:00:00Z,2005-09-01T09:00:00Z
PTR-00000185,NATUERLICH,Herr,,Ben,Baumann,,,,1991-09-16,M,DE,VERHEIRATET,B05,Verkäuferin / Verkäufer,False,de,DE,PRIVAT,2021-12-01,AKTIV,,true,true,pfefferminz,VERA,HH-000110,false,2021-12-01T09:00:00Z,2021-12-01T09:00:00Z
PTR-00000186,NATUERLICH,Frau,,Eleni,Berisha,,,,1988-06-24,W,DE,VERHEIRATET,B01,Kaufmännische Angestellte / Kaufmännischer Angestellter,False,de,DE,PRIVAT,,AKTIV,,true,false,pfefferminz,HAPO,HH-000110,false,2025-12-31T09:00:00Z,2025-12-31T09:00:00Z
PTR-00000187,NATUERLICH,Herr,,Björn,Lindner,,,,1972-04-17,M,DE,VERHEIRATET,B22,Studentin / Student,False,de,DE,PRIVAT,2021-12-01,INAKTIV,,false,false,minzia,MINT,HH-000111,false,2021-12-01T09:00:00Z,2021-12-01T09:00:00Z
PTR-00000188,NATUERLICH,Frau,,Elke,Lindner,,,,1978-06-14,W,DE,VERHEIRATET,B01,Kaufmännische Angestellte / Kaufmännischer Angestellter,False,de,DE,PRIVAT,,AKTIV,,false,true,minzia,MINT,HH-000111,false,2025-12-31T09:00:00Z,2025-12-31T09:00:00Z
PTR-00000189,NATUERLICH,Frau,,Jennifer,Becker,,,,1996-08-13,W,DE,VERHEIRATET,B31,Dachdeckerin / Dachdecker,False,de,DE,PRIVAT,2016-08-01,AKTIV,,true,false,pfefferminz,HAPO,HH-000112,false,2016-08-01T09:00:00Z,2016-08-01T09:00:00Z
PTR-00000190,NATUERLICH,Herr,,Kevin,Becker,,,,1992-04-09,M,DE,VERHEIRATET,B03,Lehrerin / Lehrer,False,de,DE,PRIVAT,,AKTIV,,false,true,pfefferminz,HAPO,HH-000112,false,2025-12-31T09:00:00Z,2025-12-31T09:00:00Z
PTR-00000191,NATUERLICH,Frau,,Lisa,Becker,,,,2007-09-11,W,PL,LEDIG,B22,Studentin / Student,False,de,DE,PRIVAT,,AKTIV,,false,false,pfefferminz,HAPO,HH-000112,false,2025-12-31T09:00:00Z,2025-12-31T09:00:00Z
PTR-00000192,NATUERLICH,Herr,,Urs,Odermatt,,,,1970-05-23,M,CH,VERHEIRATET,B32,Malerin / Maler,False,de,CH,PRIVAT,2019-02-01,AKTIV,,true,false,pfefferminz,HAPO,HH-000113,false,2019-02-01T09:00:00Z,2019-02-01T09:00:00Z
PTR-00000193,NATUERLICH,Frau,,Verena,Odermatt,,,,1976-11-19,W,PT,VERHEIRATET,B22,Studentin / Student,False,de,CH,PRIVAT,,AKTIV,,true,false,pfefferminz,HAPO,HH-000113,false,2025-12-31T09:00:00Z,2025-12-31T09:00:00Z
PTR-00000194,NATUERLICH,Herr,,Samuel,Rohrer,,,,2005-09-07,M,CH,LEDIG,B22,Studentin / Student,False,de,CH,PREMIUM,2024-04-01,AKTIV,,true,false,pfefferminz,VERA,HH-000113,false,2024-04-01T09:00:00Z,2024-04-01T09:00:00Z
PTR-00000195,NATUERLICH,Herr,,Roger,Graf,,,,1993-07-18,M,ES,PARTNERSCHAFT,B32,Malerin / Maler,False,de,CH,PRIVAT,2025-05-01,AKTIV,,true,true,minzia,MINT,HH-000114,false,2025-05-01T09:00:00Z,2025-05-01T09:00:00Z
PTR-00000196,NATUERLICH,Frau,,Franziska,Graf,,,,1993-03-25,W,PT,PARTNERSCHAFT,B23,Rentnerin / Rentner,False,de,CH,PRIVAT,2022-07-01,AKTIV,,false,true,minzia,MINT,HH-000114,false,2022-07-01T09:00:00Z,2022-07-01T09:00:00Z
PTR-00000197,NATUERLICH,Frau,,Lisa,Pohl,,,,1990-08-12,W,DE,VERHEIRATET,B15,Köchin / Koch,True,de,DE,PRIVAT,2013-05-01,AKTIV,,false,false,pfefferminz,VERA,HH-000115,false,2013-05-01T09:00:00Z,2013-05-01T09:00:00Z
PTR-00000198,NATUERLICH,Herr,,Marco,Pohl,,,,1991-12-21,M,DE,VERHEIRATET,B05,Verkäuferin / Verkäufer,False,de,DE,PRIVAT,,AKTIV,,true,true,pfefferminz,HAPO,HH-000115,false,2025-12-31T09:00:00Z,2025-12-31T09:00:00Z
PTR-00000199,NATUERLICH,Herr,,Henry,Pohl,,,,2007-12-15,M,DE,LEDIG,B22,Studentin / Student,False,de,DE,PRIVAT,,AKTIV,,false,true,pfefferminz,HAPO,HH-000115,false,2025-12-31T09:00:00Z,2025-12-31T09:00:00Z
PTR-00000200,NATUERLICH,Frau,,Tanja,Baumann,,,,1980-10-11,W,DE,LEDIG,B09,Maurerin / Maurer,True,de,DE,PRIVAT,2022-05-01,AKTIV,,false,true,minzia,MINT,HH-000116,false,2022-05-01T09:00:00Z,2022-05-01T09:00:00Z
PTR-00000201,NATUERLICH,Frau,,Corinne,Hofer,,,,1980-12-12,W,CH,VERHEIRATET,B01,Kaufmännische Angestellte / Kaufmännischer Angestellter,False,de,CH,PRIVAT,1999-05-01,AKTIV,,false,false,pfefferminz,VERA,HH-000117,false,1999-05-01T09:00:00Z,1999-05-01T09:00:00Z
PTR-00000202,NATUERLICH,Herr,,Felix,Meier,,,,1977-10-16,M,CH,VERHEIRATET,B04,Pflegefachfrau / Pflegefachmann,False,de,CH,PRIVAT,,AKTIV,,false,true,pfefferminz,HAPO,HH-000117,false,2025-12-31T09:00:00Z,2025-12-31T09:00:00Z
PTR-00000203,NATUERLICH,Herr,,Daniel,Hofer,,,,2007-01-11,M,CH,LEDIG,B22,Studentin / Student,False,de,CH,PRIVAT,,AKTIV,,true,true,pfefferminz,HAPO,HH-000117,false,2025-12-31T09:00:00Z,2025-12-31T09:00:00Z
PTR-00000204,NATUERLICH,Herr,,Jonas,Heinrich,,,,1986-12-15,M,IT,LEDIG,B10,Ingenieurin / Ingenieur,False,de,DE,PRIVAT,2023-03-01,AKTIV,,false,true,minzia,MINT,HH-000118,false,2023-03-01T09:00:00Z,2023-03-01T09:00:00Z
PTR-00000205,NATUERLICH,Herr,,Murat,Da Silva,,,,1978-01-26,M,DE,VERHEIRATET,B03,Lehrerin / Lehrer,False,de,DE,PRIVAT,2021-03-01,AKTIV,,true,false,minzia,MINT,HH-000119,false,2021-03-01T09:00:00Z,2021-03-01T09:00:00Z
PTR-00000206,NATUERLICH,Frau,,Andrea,Da Silva,,,,1975-03-17,W,DE,VERHEIRATET,B01,Kaufmännische Angestellte / Kaufmännischer Angestellter,False,de,DE,PRIVAT,,AKTIV,,true,false,minzia,MINT,HH-000119,false,2025-12-31T09:00:00Z,2025-12-31T09:00:00Z
PTR-00000207,NATUERLICH,Herr,,Paul,Seidel,,,,2002-07-11,M,DE,LEDIG,B36,Gastwirtin / Gastwirt,True,de,DE,PRIVAT,,AKTIV,,true,true,minzia,MINT,HH-000119,false,2025-12-31T09:00:00Z,2025-12-31T09:00:00Z
PTR-00000208,NATUERLICH,Frau,,Greta,Weber,,,,1980-03-27,W,TR,GESCHIEDEN,B04,Pflegefachfrau / Pflegefachmann,False,de,DE,PRIVAT,2023-04-01,AKTIV,,true,true,minzia,MINT,HH-000120,false,2023-04-01T09:00:00Z,2023-04-01T09:00:00Z
PTR-00000209,NATUERLICH,Herr,,Ueli,Meier,,,,1959-05-12,M,PT,VERHEIRATET,B23,Rentnerin / Rentner,False,de,CH,PRIVAT,1995-02-01,AKTIV,,false,false,pfefferminz,VERA,HH-000121,false,1995-02-01T09:00:00Z,1995-02-01T09:00:00Z
PTR-00000210,NATUERLICH,Frau,,Lena,Wenger,,,,2001-12-21,W,IT,VERHEIRATET,B22,Studentin / Student,False,de,CH,PRIVAT,2020-10-01,AKTIV,,false,true,pfefferminz,HAPO,HH-000122,false,2020-10-01T09:00:00Z,2020-10-01T09:00:00Z
PTR-00000211,NATUERLICH,Herr,,Gian,Berger,,,,2000-04-28,M,DE,VERHEIRATET,B01,Kaufmännische Angestellte / Kaufmännischer Angestellter,False,de,CH,PREMIUM,2025-08-01,AKTIV,,true,true,pfefferminz,MINT,HH-000122,false,2025-08-01T09:00:00Z,2025-08-01T09:00:00Z
PTR-00000212,NATUERLICH,Herr,,Roger,Roth,,,,1960-08-22,M,CH,VERHEIRATET,B23,Rentnerin / Rentner,False,de,CH,PREMIUM,2014-01-01,AKTIV,,true,true,pfefferminz,VERA,HH-000123,false,2014-01-01T09:00:00Z,2014-01-01T09:00:00Z
PTR-00000213,NATUERLICH,Frau,,Nadine,Roth,,,,1960-10-20,W,CH,VERHEIRATET,B23,Rentnerin / Rentner,False,de,CH,PRIVAT,,AKTIV,,true,false,pfefferminz,HAPO,HH-000123,false,2025-12-31T09:00:00Z,2025-12-31T09:00:00Z
PTR-00000214,NATUERLICH,Frau,,Ladina,Roth,,,,1986-03-14,W,CH,LEDIG,B01,Kaufmännische Angestellte / Kaufmännischer Angestellter,False,de,CH,PREMIUM,2011-07-01,AKTIV,,false,true,pfefferminz,VERA,HH-000123,false,2011-07-01T09:00:00Z,2011-07-01T09:00:00Z
PTR-00000215,NATUERLICH,Frau,,Lena,Roth,,,,1999-02-22,W,CH,LEDIG,B14,Architektin / Architekt,True,de,CH,PREMIUM,2025-05-01,AKTIV,,true,false,pfefferminz,MINT,HH-000123,false,2025-05-01T09:00:00Z,2025-05-01T09:00:00Z
PTR-00000216,NATUERLICH,Herr,,Dragan,Roth,,,,1984-08-04,M,CH,LEDIG,B23,Rentnerin / Rentner,False,de,CH,PRIVAT,,AKTIV,,false,false,pfefferminz,HAPO,HH-000123,false,2025-12-31T09:00:00Z,2025-12-31T09:00:00Z
PTR-00000217,NATUERLICH,Herr,,Sven,Lorenz,,,,1983-12-20,M,DE,VERHEIRATET,B08,Schreinerin / Schreiner,True,de,DE,PRIVAT,2016-08-01,AKTIV,,false,false,pfefferminz,VERA,HH-000124,false,2016-08-01T09:00:00Z,2016-08-01T09:00:00Z
PTR-00000218,NATUERLICH,Frau,,Ute,Lorenz,,,,1981-03-05,W,DE,VERHEIRATET,B35,Verwaltungsangestellte / Verwaltungsangestellter,False,de,DE,PRIVAT,2025-02-01,AKTIV,,true,true,pfefferminz,MINT,HH-000124,false,2025-02-01T09:00:00Z,2025-02-01T09:00:00Z
PTR-00000219,NATUERLICH,Herr,,Elias,Lorenz,,,,2007-12-05,M,DE,LEDIG,B22,Studentin / Student,False,de,DE,PRIVAT,,AKTIV,,false,true,pfefferminz,HAPO,HH-000124,false,2025-12-31T09:00:00Z,2025-12-31T09:00:00Z
PTR-00000220,NATUERLICH,Herr,Dr.,Hans-Jürgen,Wagner,,,,1979-03-22,M,DE,VERHEIRATET,B11,Ärztin / Arzt,False,de,DE,PRIVAT,2014-08-01,INAKTIV,,true,true,pfefferminz,HAPO,HH-000125,false,2014-08-01T09:00:00Z,2014-08-01T09:00:00Z
PTR-00000221,NATUERLICH,Frau,,Regula,Brunner,,,,1977-04-10,W,CH,VERHEIRATET,B26,Logistikerin / Logistiker,False,de,CH,PRIVAT,2025-02-01,AKTIV,,true,false,pfefferminz,MINT,HH-000126,false,2025-02-01T09:00:00Z,2025-02-01T09:00:00Z
PTR-00000222,NATUERLICH,Herr,,Rolf,Brunner,,,,1977-04-16,M,CH,VERHEIRATET,B15,Köchin / Koch,False,de,CH,PRIVAT,,AKTIV,,false,true,pfefferminz,HAPO,HH-000126,false,2025-12-31T09:00:00Z,2025-12-31T09:00:00Z
PTR-00000223,NATUERLICH,Herr,,Flurin,Brunner,,,,2007-09-22,M,CH,LEDIG,B01,Kaufmännische Angestellte / Kaufmännischer Angestellter,False,de,CH,PRIVAT,,AKTIV,,false,true,pfefferminz,HAPO,HH-000126,false,2025-12-31T09:00:00Z,2025-12-31T09:00:00Z
PTR-00000224,NATUERLICH,,,Luis,Schmidt,,,,2003-01-26,D,DE,VERHEIRATET,B27,Grafikerin / Grafiker,False,de,DE,PREMIUM,2024-04-01,AKTIV,,false,false,pfefferminz,VERA,HH-000127,false,2024-04-01T09:00:00Z,2024-04-01T09:00:00Z
PTR-00000225,NATUERLICH,Herr,,Nikola,Schmidt,,,,2004-09-03,M,DE,VERHEIRATET,B26,Logistikerin / Logistiker,False,de,DE,PRIVAT,,AKTIV,,false,true,pfefferminz,HAPO,HH-000127,false,2025-12-31T09:00:00Z,2025-12-31T09:00:00Z
PTR-00000226,NATUERLICH,Frau,,Dagmar,Wagner,,,,1976-02-10,W,DE,PARTNERSCHAFT,B22,Studentin / Student,False,de,DE,PREMIUM,2015-04-01,AKTIV,,false,true,pfefferminz,VERA,HH-000128,false,2015-04-01T09:00:00Z,2015-04-01T09:00:00Z
PTR-00000227,NATUERLICH,Frau,,Verena,Bühler,,,,1950-06-09,W,CH,VERHEIRATET,B23,Rentnerin / Rentner,False,de,CH,PRIVAT,2025-04-01,AKTIV,,true,true,minzia,MINT,HH-000129,false,2025-04-01T09:00:00Z,2025-04-01T09:00:00Z
PTR-00000228,NATUERLICH,Herr,,Urs,Bühler,,,,1953-07-06,M,CH,VERHEIRATET,B23,Rentnerin / Rentner,False,de,CH,PRIVAT,,AKTIV,,true,false,minzia,MINT,HH-000129,false,2025-12-31T09:00:00Z,2025-12-31T09:00:00Z
PTR-00000229,NATUERLICH,Frau,,Johanna,Schulze,,,,2002-05-01,W,DE,LEDIG,B10,Ingenieurin / Ingenieur,False,de,DE,PRIVAT,2021-01-01,AKTIV,,true,false,minzia,MINT,HH-000130,false,2021-01-01T09:00:00Z,2021-01-01T09:00:00Z
PTR-00000230,NATUERLICH,Herr,,Björn,Winter,,,,1967-09-07,M,DE,LEDIG,B15,Köchin / Koch,False,de,DE,PRIVAT,2021-06-01,AKTIV,,true,false,minzia,MINT,HH-000131,false,2021-06-01T09:00:00Z,2021-06-01T09:00:00Z
PTR-00000231,NATUERLICH,Frau,,Julia,Hahn,,,,1981-09-14,W,DE,VERHEIRATET,B21,Beraterin / Berater,False,de,DE,PRIVAT,2021-02-01,AKTIV,,false,false,minzia,MINT,HH-000132,false,2021-02-01T09:00:00Z,2021-02-01T09:00:00Z
PTR-00000232,NATUERLICH,Herr,,Tim,Stein,,,,2007-12-07,M,IT,LEDIG,B22,Studentin / Student,False,de,DE,PRIVAT,,AKTIV,,true,true,minzia,MINT,HH-000133,false,2025-12-31T09:00:00Z,2025-12-31T09:00:00Z
PTR-00000233,NATUERLICH,Herr,,Dimitrios,Martínez,,,,1958-07-26,M,CH,GESCHIEDEN,B40,Selbständige Unternehmerin / Selbständiger Unternehmer,True,de,CH,PRIVAT,,AKTIV,,false,true,pfefferminz,HAPO,HH-000134,false,2025-12-31T09:00:00Z,2025-12-31T09:00:00Z
PTR-00000234,JURISTISCH,Firma,,,,Wigger Gipserei,Einzelfirma,CHE-499.053.065,1990-06-01,UNBEKANNT,CH,UNBEKANNT,,,,de,CH,KMU,2013-09-01,AKTIV,,true,false,pfefferminz,HAPO,,false,2013-09-01T09:00:00Z,2013-09-01T09:00:00Z
PTR-00000235,NATUERLICH,Frau,,Amira,Fernandes,,,,1977-10-10,W,DE,VERHEIRATET,B40,Selbständige Unternehmerin / Selbständiger Unternehmer,True,de,DE,PRIVAT,2024-10-01,AKTIV,,false,true,minzia,MINT,HH-000135,false,2024-10-01T09:00:00Z,2024-10-01T09:00:00Z
PTR-00000236,JURISTISCH,Firma,,,,Allgäu Digital GmbH & Co. KG,KG,HRB 34426,2006-03-01,UNBEKANNT,DE,UNBEKANNT,,,,de,DE,KMU,2025-06-01,AKTIV,,true,false,minzia,MINT,,false,2025-06-01T09:00:00Z,2025-06-01T09:00:00Z
PTR-00000237,NATUERLICH,Herr,,Jonas,Hoffmann,,,,1985-10-08,M,DE,VERHEIRATET,B04,Pflegefachfrau / Pflegefachmann,False,de,DE,PRIVAT,2022-07-01,AKTIV,,true,true,minzia,MINT,HH-000136,false,2022-07-01T09:00:00Z,2022-07-01T09:00:00Z
PTR-00000238,NATUERLICH,Herr,,Dragan,Doğan,,,,1977-12-11,M,DE,VERHEIRATET,B16,Chauffeuse / Chauffeur,False,de,DE,PRIVAT,1996-01-01,AKTIV,,true,false,pfefferminz,VERA,HH-000137,false,1996-01-01T09:00:00Z,1996-01-01T09:00:00Z
PTR-00000239,NATUERLICH,Frau,,Lina,Schmidt,,,,1975-01-23,W,DE,VERHEIRATET,B01,Kaufmännische Angestellte / Kaufmännischer Angestellter,False,de,DE,PRIVAT,,AKTIV,,false,true,pfefferminz,HAPO,HH-000137,false,2025-12-31T09:00:00Z,2025-12-31T09:00:00Z
PTR-00000240,NATUERLICH,Frau,,Franziska,Weiß,,,,2007-01-23,W,DE,LEDIG,B22,Studentin / Student,False,de,DE,PRIVAT,2025-11-01,AKTIV,,true,false,pfefferminz,MINT,HH-000137,false,2025-11-01T09:00:00Z,2025-11-01T09:00:00Z
PTR-00000241,NATUERLICH,Herr,,Kurt,Bättig,,,,1968-10-28,M,CH,VERHEIRATET,B35,Verwaltungsangestellte / Verwaltungsangestellter,False,de,CH,PRIVAT,2018-05-01,AKTIV,,true,false,pfefferminz,HAPO,HH-000138,false,2018-05-01T09:00:00Z,2018-05-01T09:00:00Z
PTR-00000242,NATUERLICH,Herr,,Daniel,Bättig,,,,1973-12-27,M,CH,VERHEIRATET,B35,Verwaltungsangestellte / Verwaltungsangestellter,False,de,CH,PRIVAT,,AKTIV,,true,false,pfefferminz,HAPO,HH-000138,false,2025-12-31T09:00:00Z,2025-12-31T09:00:00Z
PTR-00000243,JURISTISCH,Firma,,,,Harz Druck GmbH & Co. KG,KG,HRB 38450,1978-06-01,UNBEKANNT,DE,UNBEKANNT,,,,de,DE,KMU,2019-03-01,AKTIV,,false,true,pfefferminz,HAPO,,false,2019-03-01T09:00:00Z,2019-03-01T09:00:00Z
PTR-00000244,NATUERLICH,Frau,,Martina,Berger,,,,1957-06-18,W,DE,VERHEIRATET,B23,Rentnerin / Rentner,False,de,DE,PRIVAT,2023-07-01,AKTIV,,true,false,minzia,MINT,HH-000140,false,2023-07-01T09:00:00Z,2023-07-01T09:00:00Z
PTR-00000245,NATUERLICH,Frau,,Susanne,Friedrich,,,,1999-06-20,W,DE,PARTNERSCHAFT,B03,Lehrerin / Lehrer,False,de,DE,PRIVAT,2021-04-01,AKTIV,,true,true,minzia,MINT,HH-000141,false,2021-04-01T09:00:00Z,2021-04-01T09:00:00Z
PTR-00000246,NATUERLICH,Herr,,Luis,Friedrich,,,,2003-10-14,M,DE,PARTNERSCHAFT,B04,Pflegefachfrau / Pflegefachmann,False,de,DE,PRIVAT,,AKTIV,,false,true,minzia,MINT,HH-000141,false,2025-12-31T09:00:00Z,2025-12-31T09:00:00Z
PTR-00000247,NATUERLICH,Herr,,Patrick,Gaillard,,,,1971-11-12,M,CH,VERHEIRATET,B03,Lehrerin / Lehrer,False,fr,CH,PRIVAT,2009-04-01,AKTIV,,false,true,pfefferminz,HAPO,HH-000142,false,2009-04-01T09:00:00Z,2009-04-01T09:00:00Z
PTR-00000248,NATUERLICH,Herr,,Lars,Klein,,,,1981-03-03,M,DE,VERHEIRATET,B05,Verkäuferin / Verkäufer,False,de,DE,PRIVAT,2017-08-01,AKTIV,,false,false,pfefferminz,HAPO,HH-000143,false,2017-08-01T09:00:00Z,2017-08-01T09:00:00Z
PTR-00000249,NATUERLICH,Frau,,Margrit,Schneider,,,,1969-05-09,W,RS,VERHEIRATET,B23,Rentnerin / Rentner,False,de,CH,PRIVAT,2020-12-01,AKTIV,,false,false,pfefferminz,HAPO,HH-000144,false,2020-12-01T09:00:00Z,2020-12-01T09:00:00Z
PTR-00000250,NATUERLICH,Herr,,Silvan,Bachmann,,,,1974-05-08,M,CH,VERHEIRATET,B04,Pflegefachfrau / Pflegefachmann,False,de,CH,PRIVAT,,AKTIV,,true,true,pfefferminz,HAPO,HH-000144,false,2025-12-31T09:00:00Z,2025-12-31T09:00:00Z
PTR-00000251,NATUERLICH,Herr,,Markus,Böhm,,,,1956-01-18,M,DE,VERHEIRATET,B23,Rentnerin / Rentner,False,de,DE,PRIVAT,2019-12-01,AKTIV,,false,false,pfefferminz,HAPO,HH-000145,false,2019-12-01T09:00:00Z,2019-12-01T09:00:00Z
PTR-00000252,NATUERLICH,Herr,,Rolf,Scherrer,,,,1962-08-17,M,CH,PARTNERSCHAFT,B23,Rentnerin / Rentner,False,de,CH,PRIVAT,2013-05-01,AKTIV,,true,false,pfefferminz,HAPO,HH-000146,false,2013-05-01T09:00:00Z,2013-05-01T09:00:00Z
PTR-00000253,NATUERLICH,Frau,,Carmen,Scherrer,,,,1965-11-09,W,CH,PARTNERSCHAFT,B01,Kaufmännische Angestellte / Kaufmännischer Angestellter,False,de,CH,PRIVAT,,AKTIV,,true,false,pfefferminz,HAPO,HH-000146,false,2025-12-31T09:00:00Z,2025-12-31T09:00:00Z
PTR-00000254,NATUERLICH,Frau,,Rosmarie,Meier,,,,1976-07-08,W,CH,PARTNERSCHAFT,B15,Köchin / Koch,False,de,CH,PRIVAT,2025-03-01,AKTIV,,false,false,minzia,MINT,HH-000147,false,2025-03-01T09:00:00Z,2025-03-01T09:00:00Z
PTR-00000255,NATUERLICH,Herr,,Silvan,Meier,,,,1974-10-20,M,CH,PARTNERSCHAFT,B23,Rentnerin / Rentner,False,de,CH,PRIVAT,,AKTIV,,true,true,minzia,MINT,HH-000147,false,2025-12-31T09:00:00Z,2025-12-31T09:00:00Z
PTR-00000256,NATUERLICH,Herr,,Rajesh,Meier,,,,2001-06-17,M,XK,LEDIG,B35,Verwaltungsangestellte / Verwaltungsangestellter,False,de,CH,PRIVAT,,AKTIV,,true,true,minzia,MINT,HH-000147,false,2025-12-31T09:00:00Z,2025-12-31T09:00:00Z
PTR-00000257,NATUERLICH,Herr,,Sven,Thomas,,,,1968-08-21,M,DE,VERHEIRATET,B21,Beraterin / Berater,False,de,DE,PRIVAT,2004-03-01,AKTIV,,true,true,pfefferminz,VERA,HH-000148,false,2004-03-01T09:00:00Z,2004-03-01T09:00:00Z
PTR-00000258,NATUERLICH,Herr,,Daniel,Vetterli,,,,1974-07-23,M,CH,LEDIG,B05,Verkäuferin / Verkäufer,False,de,CH,PRIVAT,2016-11-01,AKTIV,,false,false,pfefferminz,HAPO,HH-000149,false,2016-11-01T09:00:00Z,2016-11-01T09:00:00Z
PTR-00000259,JURISTISCH,Firma,,,,Sihl Gipserei Sagl,Sagl,CHE-499.459.473,1988-02-01,UNBEKANNT,CH,UNBEKANNT,,,,de,CH,KMU,2025-07-01,AKTIV,,false,false,pfefferminz,MINT,,false,2025-07-01T09:00:00Z,2025-07-01T09:00:00Z
PTR-00000260,NATUERLICH,Frau,,Birgit,Müller,,,,1980-12-13,W,DE,VERHEIRATET,B15,Köchin / Koch,False,de,DE,PRIVAT,2022-11-01,AKTIV,,true,false,minzia,MINT,HH-000151,false,2022-11-01T09:00:00Z,2022-11-01T09:00:00Z
PTR-00000261,NATUERLICH,Herr,,Dennis,Müller,,,,1983-01-23,M,DE,VERHEIRATET,B07,Sanitärinstallateurin / Sanitärinstallateur,False,de,DE,PRIVAT,,AKTIV,,true,false,minzia,MINT,HH-000151,false,2025-12-31T09:00:00Z,2025-12-31T09:00:00Z
PTR-00000262,NATUERLICH,Frau,,Heidi,Zumstein,,,,1956-01-06,W,CH,PARTNERSCHAFT,B23,Rentnerin / Rentner,False,de,CH,PRIVAT,2004-05-01,INAKTIV,,true,true,pfefferminz,VERA,HH-000152,false,2004-05-01T09:00:00Z,2004-05-01T09:00:00Z
PTR-00000263,NATUERLICH,Herr,,Ruedi,Zumstein,,,,1952-01-19,M,CH,PARTNERSCHAFT,B23,Rentnerin / Rentner,False,de,CH,PRIVAT,,AKTIV,,true,true,pfefferminz,HAPO,HH-000152,false,2025-12-31T09:00:00Z,2025-12-31T09:00:00Z
PTR-00000264,NATUERLICH,Herr,,Simon,Zumstein,,,,1993-03-02,M,CH,LEDIG,B08,Schreinerin / Schreiner,False,de,CH,PRIVAT,2019-02-01,INAKTIV,,true,false,pfefferminz,VERA,HH-000152,false,2019-02-01T09:00:00Z,2019-02-01T09:00:00Z
PTR-00000265,NATUERLICH,Frau,,Céline,Bovet,,,,1969-12-20,W,CH,VERHEIRATET,B03,Lehrerin / Lehrer,False,fr,CH,PRIVAT,2002-06-01,AKTIV,,false,false,pfefferminz,VERA,HH-000153,false,2002-06-01T09:00:00Z,2002-06-01T09:00:00Z
PTR-00000266,NATUERLICH,Herr,,Thomas,Bovet,,,,1973-10-21,M,CH,VERHEIRATET,B31,Dachdeckerin / Dachdecker,False,fr,CH,PREMIUM,1999-05-01,AKTIV,,true,false,pfefferminz,VERA,HH-000153,false,1999-05-01T09:00:00Z,1999-05-01T09:00:00Z
PTR-00000267,NATUERLICH,Frau,,Anke,Schröder,,,,2007-06-08,W,DE,LEDIG,B22,Studentin / Student,False,de,DE,PRIVAT,2025-07-01,AKTIV,,false,true,minzia,MINT,HH-000154,false,2025-07-01T09:00:00Z,2025-07-01T09:00:00Z
PTR-00000268,NATUERLICH,Frau,,Brigitte,Krüger,,,,1971-03-23,W,DE,LEDIG,B40,Selbständige Unternehmerin / Selbständiger Unternehmer,True,de,DE,PRIVAT,2022-08-01,AKTIV,,true,false,minzia,MINT,HH-000155,false,2022-08-01T09:00:00Z,2022-08-01T09:00:00Z
PTR-00000269,JURISTISCH,Firma,,,,Hunsrück Zimmerei KG,KG,HRB 54794,1986-11-01,UNBEKANNT,DE,UNBEKANNT,,,,de,DE,KMU,2025-01-01,AKTIV,,false,true,minzia,MINT,,false,2025-01-01T09:00:00Z,2025-01-01T09:00:00Z
PTR-00000270,NATUERLICH,Frau,,Tanja,Kühn,,,,1985-07-22,W,DE,VERHEIRATET,B01,Kaufmännische Angestellte / Kaufmännischer Angestellter,False,de,DE,PRIVAT,2023-01-01,AKTIV,,true,true,minzia,MINT,HH-000156,false,2023-01-01T09:00:00Z,2023-01-01T09:00:00Z
PTR-00000271,NATUERLICH,Herr,Dr.,Sebastian,Wessel,,,,1982-04-20,M,DE,PARTNERSCHAFT,B12,Juristin / Jurist,False,de,DE,PRIVAT,2023-05-01,AKTIV,,false,true,minzia,MINT,HH-000157,false,2023-05-01T09:00:00Z,2023-05-01T09:00:00Z
PTR-00000272,NATUERLICH,Frau,,Andrea,Wessel,,,,1986-04-24,W,RO,PARTNERSCHAFT,B24,Hausfrau / Hausmann,False,de,DE,PRIVAT,,AKTIV,,true,true,minzia,MINT,HH-000157,false,2025-12-31T09:00:00Z,2025-12-31T09:00:00Z
PTR-00000273,NATUERLICH,Frau,,Maren,Lehmann,,,,1978-01-09,W,IT,VERHEIRATET,B32,Malerin / Maler,False,de,DE,PRIVAT,2022-10-01,AKTIV,,true,true,minzia,MINT,HH-000158,false,2022-10-01T09:00:00Z,2022-10-01T09:00:00Z
PTR-00000274,NATUERLICH,Frau,,Katarzyna,Patel,,,,1988-11-04,W,DE,VERHEIRATET,B21,Beraterin / Berater,True,de,DE,PRIVAT,2006-12-01,AKTIV,,true,false,pfefferminz,VERA,HH-000159,false,2006-12-01T09:00:00Z,2006-12-01T09:00:00Z
PTR-00000275,NATUERLICH,Herr,Dr.,Sebastian,Patel,,,,1987-02-25,M,DE,VERHEIRATET,B12,Juristin / Jurist,False,de,DE,PRIVAT,,AKTIV,,true,false,pfefferminz,HAPO,HH-000159,false,2025-12-31T09:00:00Z,2025-12-31T09:00:00Z
PTR-00000276,NATUERLICH,Herr,,Simon,Hänni,,,,1996-05-12,M,CH,LEDIG,B40,Selbständige Unternehmerin / Selbständiger Unternehmer,True,de,CH,PRIVAT,2017-01-01,VERSTORBEN,2024-04-27,true,true,pfefferminz,HAPO,HH-000160,false,2017-01-01T09:00:00Z,2017-01-01T09:00:00Z
PTR-00000277,NATUERLICH,Frau,,Aurélie,Sandoz,,,,1974-11-21,W,CH,VERHEIRATET,B24,Hausfrau / Hausmann,False,fr,CH,PRIVAT,2025-05-01,AKTIV,,true,true,minzia,MINT,HH-000161,false,2025-05-01T09:00:00Z,2025-05-01T09:00:00Z
PTR-00000278,NATUERLICH,Herr,,Mathieu,Sandoz,,,,1974-11-13,M,ES,VERHEIRATET,B01,Kaufmännische Angestellte / Kaufmännischer Angestellter,False,fr,CH,PRIVAT,,AKTIV,,false,true,minzia,MINT,HH-000161,false,2025-12-31T09:00:00Z,2025-12-31T09:00:00Z
PTR-00000279,NATUERLICH,Herr,,Raphael,Iten,,,,1974-01-12,M,CH,VERHEIRATET,B19,Landwirtin / Landwirt,True,de,CH,PRIVAT,2025-02-01,AKTIV,,true,false,pfefferminz,MINT,HH-000162,false,2025-02-01T09:00:00Z,2025-02-01T09:00:00Z
PTR-00000280,NATUERLICH,Frau,,Silvia,Iten,,,,1972-04-01,W,CH,VERHEIRATET,B23,Rentnerin / Rentner,False,de,CH,PREMIUM,2015-05-01,AKTIV,,true,true,pfefferminz,VERA,HH-000162,false,2015-05-01T09:00:00Z,2015-05-01T09:00:00Z
PTR-00000281,NATUERLICH,Frau,,Seraina,Hess,,,,1999-08-21,W,CH,LEDIG,B40,Selbständige Unternehmerin / Selbständiger Unternehmer,True,de,CH,PRIVAT,2019-03-01,AKTIV,,false,false,pfefferminz,VERA,HH-000162,false,2019-03-01T09:00:00Z,2019-03-01T09:00:00Z
PTR-00000282,NATUERLICH,Frau,,Livia,Müller,,,,2007-02-07,W,ES,LEDIG,B03,Lehrerin / Lehrer,False,de,CH,PRIVAT,,AKTIV,,false,false,pfefferminz,HAPO,HH-000162,false,2025-12-31T09:00:00Z,2025-12-31T09:00:00Z
PTR-00000283,NATUERLICH,Frau,,Lara,Nussbaumer,,,,1983-12-19,W,CH,VERHEIRATET,B27,Grafikerin / Grafiker,True,de,CH,PRIVAT,2013-09-01,AKTIV,,true,true,pfefferminz,VERA,HH-000163,false,2013-09-01T09:00:00Z,2013-09-01T09:00:00Z
PTR-00000284,JURISTISCH,Firma,,,,Weissenstein Gartenbau SA,SA,CHE-499.034.547,1997-01-01,UNBEKANNT,CH,UNBEKANNT,,,,fr,CH,KMU,2017-01-01,AKTIV,,false,true,pfefferminz,HAPO,,false,2017-01-01T09:00:00Z,2017-01-01T09:00:00Z
PTR-00000285,JURISTISCH,Firma,,,,Wasserfallen Optik SA,SA,CHE-499.992.804,1994-10-01,UNBEKANNT,CH,UNBEKANNT,,,,fr,CH,KMU,2013-03-01,AKTIV,,false,true,pfefferminz,HAPO,,false,2013-03-01T09:00:00Z,2013-03-01T09:00:00Z
PTR-00000286,NATUERLICH,Frau,,Sandra,Fischer,,,,1985-03-08,W,CH,GESCHIEDEN,B23,Rentnerin / Rentner,False,de,CH,PRIVAT,2006-10-01,AKTIV,,false,false,pfefferminz,HAPO,HH-000166,false,2006-10-01T09:00:00Z,2006-10-01T09:00:00Z
PTR-00000287,NATUERLICH,Frau,,Camille,Jungo,,,,1961-10-14,W,CH,VERHEIRATET,B35,Verwaltungsangestellte / Verwaltungsangestellter,False,fr,CH,PRIVAT,2014-03-01,INAKTIV,,false,true,pfefferminz,HAPO,HH-000167,false,2014-03-01T09:00:00Z,2014-03-01T09:00:00Z
PTR-00000288,NATUERLICH,Herr,,Mustafa,Jungo,,,,1961-02-08,M,CH,VERHEIRATET,B01,Kaufmännische Angestellte / Kaufmännischer Angestellter,False,fr,CH,PRIVAT,,AKTIV,,false,false,pfefferminz,HAPO,HH-000167,false,2025-12-31T09:00:00Z,2025-12-31T09:00:00Z
PTR-00000289,NATUERLICH,Herr,,Oliver,Meier,,,,2005-04-27,M,DE,LEDIG,B22,Studentin / Student,False,de,DE,PRIVAT,2024-09-01,AKTIV,,true,true,minzia,MINT,HH-000168,false,2024-09-01T09:00:00Z,2024-09-01T09:00:00Z
PTR-00000290,NATUERLICH,Herr,,Heinz,Gasser,,,,1952-04-26,M,CH,VERHEIRATET,B23,Rentnerin / Rentner,False,de,CH,PRIVAT,2019-10-01,AKTIV,,true,true,pfefferminz,HAPO,HH-000169,false,2019-10-01T09:00:00Z,2019-10-01T09:00:00Z
PTR-00000291,NATUERLICH,Frau,,Annemarie,Gasser,,,,1953-08-05,W,CH,VERHEIRATET,B23,Rentnerin / Rentner,False,de,CH,PRIVAT,2016-10-01,INAKTIV,,true,false,pfefferminz,VERA,HH-000169,false,2016-10-01T09:00:00Z,2016-10-01T09:00:00Z
PTR-00000292,NATUERLICH,Herr,,Raphael,Gasser,,,,1988-08-08,M,CH,LEDIG,B02,Informatikerin / Informatiker,False,de,CH,PRIVAT,,AKTIV,,true,false,pfefferminz,HAPO,HH-000169,false,2025-12-31T09:00:00Z,2025-12-31T09:00:00Z
PTR-00000293,NATUERLICH,Frau,,Melanie,Gasser,,,,1987-11-16,W,PT,LEDIG,B23,Rentnerin / Rentner,False,de,CH,PRIVAT,2006-06-01,AKTIV,,true,false,pfefferminz,VERA,HH-000169,false,2006-06-01T09:00:00Z,2006-06-01T09:00:00Z
PTR-00000294,NATUERLICH,Herr,,David,Schmid,,,,1982-04-08,M,DE,LEDIG,B09,Maurerin / Maurer,False,de,CH,PRIVAT,,AKTIV,,false,false,pfefferminz,HAPO,HH-000169,false,2025-12-31T09:00:00Z,2025-12-31T09:00:00Z
PTR-00000295,NATUERLICH,Herr,,Martin,Odermatt,,,,1962-08-21,M,CH,PARTNERSCHAFT,B17,Coiffeuse / Coiffeur,False,de,CH,PRIVAT,2025-10-01,AKTIV,,false,false,minzia,MINT,HH-000170,false,2025-10-01T09:00:00Z,2025-10-01T09:00:00Z
PTR-00000296,NATUERLICH,Frau,,Fatma,Jovanović,,,,1958-05-09,W,CH,PARTNERSCHAFT,B23,Rentnerin / Rentner,False,de,CH,PRIVAT,,AKTIV,,false,true,minzia,MINT,HH-000170,false,2025-12-31T09:00:00Z,2025-12-31T09:00:00Z
PTR-00000297,NATUERLICH,Frau,,Meryem,Şahin,,,,1998-11-27,W,CH,VERHEIRATET,B08,Schreinerin / Schreiner,False,de,CH,PRIVAT,2025-11-01,AKTIV,,true,false,minzia,MINT,HH-000171,false,2025-11-01T09:00:00Z,2025-11-01T09:00:00Z
PTR-00000298,NATUERLICH,Herr,,Samuel,Şahin,,,,1993-04-26,M,CH,VERHEIRATET,B01,Kaufmännische Angestellte / Kaufmännischer Angestellter,False,de,CH,PRIVAT,,AKTIV,,true,true,minzia,MINT,HH-000171,false,2025-12-31T09:00:00Z,2025-12-31T09:00:00Z
PTR-00000299,NATUERLICH,Herr,,Levin,Jenni,,,,1975-12-02,M,CH,VERHEIRATET,B29,Gerüstbauerin / Gerüstbauer,False,de,CH,PRIVAT,2010-01-01,AKTIV,,false,true,pfefferminz,VERA,HH-000172,false,2010-01-01T09:00:00Z,2010-01-01T09:00:00Z
PTR-00000300,NATUERLICH,Frau,,Leila,Nikolić,,,,1978-12-05,W,CH,VERHEIRATET,B08,Schreinerin / Schreiner,False,de,CH,PRIVAT,2008-09-01,AKTIV,,false,false,pfefferminz,VERA,HH-000172,false,2008-09-01T09:00:00Z,2008-09-01T09:00:00Z
PTR-00000301,NATUERLICH,Frau,,Melanie,Frei,,,,1986-03-21,W,CH,PARTNERSCHAFT,B17,Coiffeuse / Coiffeur,False,de,CH,PREMIUM,2009-11-01,AKTIV,,true,false,pfefferminz,VERA,HH-000173,false,2009-11-01T09:00:00Z,2009-11-01T09:00:00Z
PTR-00000302,NATUERLICH,Herr,,Stefan,Frei,,,,1980-01-17,M,CH,PARTNERSCHAFT,B01,Kaufmännische Angestellte / Kaufmännischer Angestellter,False,de,CH,PREMIUM,2008-03-01,AKTIV,,false,false,pfefferminz,VERA,HH-000173,false,2008-03-01T09:00:00Z,2008-03-01T09:00:00Z
PTR-00000303,NATUERLICH,Herr,,Francesco,Bianchi,,,,1990-10-20,M,CH,PARTNERSCHAFT,B35,Verwaltungsangestellte / Verwaltungsangestellter,False,it,CH,PRIVAT,2011-07-01,AKTIV,,false,false,pfefferminz,VERA,HH-000174,false,2011-07-01T09:00:00Z,2011-07-01T09:00:00Z
PTR-00000304,NATUERLICH,Frau,,Aurora,Bianchi,,,,1991-03-10,W,IT,PARTNERSCHAFT,B15,Köchin / Koch,False,it,CH,PRIVAT,2024-04-01,AKTIV,,true,true,pfefferminz,VERA,HH-000174,false,2024-04-01T09:00:00Z,2024-04-01T09:00:00Z
PTR-00000305,NATUERLICH,Frau,,Aylin,Oliveira,,,,1978-11-16,W,IT,VERHEIRATET,B02,Informatikerin / Informatiker,False,de,DE,PRIVAT,2015-11-01,AKTIV,,true,false,pfefferminz,HAPO,HH-000175,false,2015-11-01T09:00:00Z,2015-11-01T09:00:00Z
PTR-00000306,NATUERLICH,Herr,,Matthias,Bertschi,,,,1981-08-19,M,CH,VERHEIRATET,B28,Bankangestellte / Bankangestellter,False,de,CH,PRIVAT,2011-02-01,INAKTIV,,true,false,pfefferminz,HAPO,HH-000176,false,2011-02-01T09:00:00Z,2011-02-01T09:00:00Z
PTR-00000307,NATUERLICH,Frau,,Sara,Bertschi,,,,1984-12-19,W,CH,VERHEIRATET,B25,Mechanikerin / Mechaniker,False,de,CH,PRIVAT,2005-11-01,INAKTIV,,true,true,pfefferminz,VERA,HH-000176,false,2005-11-01T09:00:00Z,2005-11-01T09:00:00Z
PTR-00000308,NATUERLICH,Frau,,Simona,Ghiringhelli,,,,1976-05-16,W,TR,LEDIG,B06,Elektroinstallateurin / Elektroinstallateur,False,it,CH,PRIVAT,2018-01-01,AKTIV,,false,true,pfefferminz,HAPO,HH-000177,false,2018-01-01T09:00:00Z,2018-01-01T09:00:00Z
PTR-00000309,NATUERLICH,Herr,,Miguel,Demir,,,,1993-01-22,M,IT,LEDIG,B40,Selbständige Unternehmerin / Selbständiger Unternehmer,True,de,CH,PRIVAT,2016-12-01,AKTIV,,true,false,pfefferminz,VERA,HH-000178,false,2016-12-01T09:00:00Z,2016-12-01T09:00:00Z
PTR-00000310,JURISTISCH,Firma,,,,Léman Logistik Sagl,Sagl,CHE-499.684.426,2003-04-01,UNBEKANNT,CH,UNBEKANNT,,,,de,CH,KMU,2008-12-01,INAKTIV,,true,true,pfefferminz,HAPO,,false,2008-12-01T09:00:00Z,2008-12-01T09:00:00Z
PTR-00000311,NATUERLICH,Herr,,Tomasz,Kowalczyk,,,,1981-03-19,M,DE,VERHEIRATET,B16,Chauffeuse / Chauffeur,False,de,DE,PRIVAT,2022-07-01,AKTIV,,true,false,minzia,MINT,HH-000179,false,2022-07-01T09:00:00Z,2022-07-01T09:00:00Z
PTR-00000312,NATUERLICH,Frau,,Renate,Kowalczyk,,,,1975-08-11,W,DE,VERHEIRATET,B10,Ingenieurin / Ingenieur,False,de,DE,PRIVAT,2020-08-01,AKTIV,,true,true,minzia,MINT,HH-000179,false,2020-08-01T09:00:00Z,2020-08-01T09:00:00Z
PTR-00000313,NATUERLICH,Frau,,Anke,Wolf,,,,1973-08-09,W,DE,VERHEIRATET,B40,Selbständige Unternehmerin / Selbständiger Unternehmer,True,de,DE,PRIVAT,,AKTIV,,false,true,pfefferminz,HAPO,HH-000180,false,2025-12-31T09:00:00Z,2025-12-31T09:00:00Z
PTR-00000314,JURISTISCH,Firma,,,,Ostsee Consulting,Einzelfirma,HRB 12441,1987-03-01,UNBEKANNT,DE,UNBEKANNT,,,,de,DE,KMU,2013-05-01,AKTIV,,true,false,pfefferminz,HAPO,,false,2013-05-01T09:00:00Z,2013-05-01T09:00:00Z
PTR-00000315,NATUERLICH,Frau,,Melanie,Janssen,,,,1976-08-26,W,DE,PARTNERSCHAFT,B06,Elektroinstallateurin / Elektroinstallateur,False,de,DE,PRIVAT,2005-03-01,AKTIV,,true,true,pfefferminz,HAPO,HH-000181,false,2005-03-01T09:00:00Z,2005-03-01T09:00:00Z
PTR-00000316,NATUERLICH,Herr,,Tobias,Janssen,,,,1982-02-18,M,DE,PARTNERSCHAFT,B23,Rentnerin / Rentner,False,de,DE,PRIVAT,2012-09-01,INAKTIV,,true,false,pfefferminz,VERA,HH-000181,false,2012-09-01T09:00:00Z,2012-09-01T09:00:00Z
PTR-00000317,NATUERLICH,Herr,,Tobias,Jung,,,,1994-10-06,M,DE,VERHEIRATET,B02,Informatikerin / Informatiker,False,de,DE,PRIVAT,2021-05-01,AKTIV,,false,true,minzia,MINT,HH-000182,false,2021-05-01T09:00:00Z,2021-05-01T09:00:00Z
PTR-00000318,NATUERLICH,Herr,,Mathieu,Martin,,,,2001-07-18,M,CH,VERHEIRATET,B22,Studentin / Student,False,fr,CH,PRIVAT,2025-05-01,AKTIV,,true,false,pfefferminz,MINT,HH-000183,false,2025-05-01T09:00:00Z,2025-05-01T09:00:00Z
PTR-00000319,NATUERLICH,Herr,,Louis,Martin,,,,2002-05-05,M,IT,VERHEIRATET,B10,Ingenieurin / Ingenieur,False,fr,CH,PRIVAT,,AKTIV,,true,false,pfefferminz,HAPO,HH-000183,false,2025-12-31T09:00:00Z,2025-12-31T09:00:00Z
PTR-00000320,NATUERLICH,Herr,,Lars,Sommer,,,,1967-03-12,M,DE,GESCHIEDEN,B01,Kaufmännische Angestellte / Kaufmännischer Angestellter,False,de,DE,PRIVAT,2023-05-01,AKTIV,,true,true,minzia,MINT,HH-000184,false,2023-05-01T09:00:00Z,2023-05-01T09:00:00Z
PTR-00000321,NATUERLICH,Herr,,Philipp,Becker,,,,1986-03-22,M,DE,VERHEIRATET,B21,Beraterin / Berater,True,de,DE,PRIVAT,2024-06-01,AKTIV,,true,false,pfefferminz,VERA,HH-000185,false,2024-06-01T09:00:00Z,2024-06-01T09:00:00Z
PTR-00000322,NATUERLICH,Frau,,Ayşe,Nowak,,,,1989-06-26,W,DE,VERHEIRATET,B23,Rentnerin / Rentner,False,de,DE,PRIVAT,,AKTIV,,false,true,pfefferminz,HAPO,HH-000185,false,2025-12-31T09:00:00Z,2025-12-31T09:00:00Z
PTR-00000323,NATUERLICH,Frau,,Anke,Weiß,,,,2007-11-14,W,DE,LEDIG,B06,Elektroinstallateurin / Elektroinstallateur,False,de,DE,PRIVAT,2025-12-01,AKTIV,,true,true,minzia,MINT,HH-000186,false,2025-12-01T09:00:00Z,2025-12-01T09:00:00Z
PTR-00000324,NATUERLICH,Herr,,Philipp,Ortlepp,,,,1980-12-07,M,DE,VERHEIRATET,B02,Informatikerin / Informatiker,False,de,DE,PRIVAT,2015-07-01,AKTIV,,false,false,pfefferminz,HAPO,HH-000187,false,2015-07-01T09:00:00Z,2015-07-01T09:00:00Z
PTR-00000325,NATUERLICH,Herr,,Daniel,Schäfer,,,,1966-08-03,M,DE,VERHEIRATET,B13,Treuhänderin / Treuhänder,False,de,DE,PRIVAT,2022-02-01,AKTIV,,false,true,minzia,MINT,HH-000188,false,2022-02-01T09:00:00Z,2022-02-01T09:00:00Z
PTR-00000326,JURISTISCH,Firma,,,,Aller Velo GmbH & Co. KG,KG,HRB 54652,2002-02-01,UNBEKANNT,DE,UNBEKANNT,,,,de,DE,KMU,2025-04-01,AKTIV,,false,true,minzia,MINT,,false,2025-04-01T09:00:00Z,2025-04-01T09:00:00Z
PTR-00000327,NATUERLICH,Herr,,Dennis,Kuhn,,,,1996-12-23,M,DE,LEDIG,B23,Rentnerin / Rentner,False,de,DE,PREMIUM,2017-04-01,AKTIV,,false,false,pfefferminz,VERA,HH-000190,false,2017-04-01T09:00:00Z,2017-04-01T09:00:00Z
PTR-00000328,NATUERLICH,Frau,,Larissa,Roth,,,,1981-05-07,W,CH,VERHEIRATET,B10,Ingenieurin / Ingenieur,False,de,CH,PRIVAT,2002-11-01,AKTIV,,true,false,pfefferminz,VERA,HH-000191,false,2002-11-01T09:00:00Z,2002-11-01T09:00:00Z
PTR-00000329,NATUERLICH,Herr,,Nikola,Roth,,,,1978-02-07,M,FR,VERHEIRATET,B03,Lehrerin / Lehrer,False,de,CH,PRIVAT,,AKTIV,,true,false,pfefferminz,HAPO,HH-000191,false,2025-12-31T09:00:00Z,2025-12-31T09:00:00Z
PTR-00000330,NATUERLICH,Frau,,Emma,Roth,,,,2007-09-05,W,ES,LEDIG,B22,Studentin / Student,False,de,CH,PRIVAT,,AKTIV,,false,true,pfefferminz,HAPO,HH-000191,false,2025-12-31T09:00:00Z,2025-12-31T09:00:00Z
PTR-00000331,NATUERLICH,Herr,,Patrick,Roth,,,,2007-09-09,M,PT,LEDIG,B33,Apothekerin / Apotheker,False,de,CH,PRIVAT,,AKTIV,,true,true,pfefferminz,HAPO,HH-000191,false,2025-12-31T09:00:00Z,2025-12-31T09:00:00Z
PTR-00000332,NATUERLICH,Frau,,Tamara,Stalder,,,,2006-08-03,W,CH,LEDIG,B22,Studentin / Student,False,de,CH,PRIVAT,,AKTIV,,false,true,pfefferminz,HAPO,HH-000191,false,2025-12-31T09:00:00Z,2025-12-31T09:00:00Z
PTR-00000333,JURISTISCH,Firma,,,,Nordlicht Heizungsbau e.K.,e.K.,HRB 44643,1994-03-01,UNBEKANNT,DE,UNBEKANNT,,,,de,DE,KMU,2017-04-01,INAKTIV,,true,true,pfefferminz,HAPO,,false,2017-04-01T09:00:00Z,2017-04-01T09:00:00Z
PTR-00000334,NATUERLICH,Frau,,Nadine,Hofmann,,,,1981-12-26,W,DE,VERHEIRATET,B02,Informatikerin / Informatiker,False,de,DE,PRIVAT,2023-01-01,AKTIV,,false,false,minzia,MINT,HH-000193,false,2023-01-01T09:00:00Z,2023-01-01T09:00:00Z
PTR-00000335,NATUERLICH,Herr,Dr.,Sebastian,Hofmann,,,,1987-07-18,M,DE,VERHEIRATET,B11,Ärztin / Arzt,False,de,DE,PRIVAT,,AKTIV,,false,true,minzia,MINT,HH-000193,false,2025-12-31T09:00:00Z,2025-12-31T09:00:00Z
PTR-00000336,JURISTISCH,Firma,,,,Uetli Velo GmbH,GmbH,CHE-499.832.000,1989-01-01,UNBEKANNT,CH,UNBEKANNT,,,,de,CH,GEWERBE,2013-10-01,AKTIV,,true,false,pfefferminz,HAPO,,false,2013-10-01T09:00:00Z,2013-10-01T09:00:00Z
PTR-00000337,NATUERLICH,Herr,,Dragan,Papadopoulos,,,,1948-01-06,M,CH,VERHEIRATET,B23,Rentnerin / Rentner,False,de,CH,PRIVAT,2025-02-01,AKTIV,,false,false,pfefferminz,MINT,HH-000195,false,2025-02-01T09:00:00Z,2025-02-01T09:00:00Z
PTR-00000338,NATUERLICH,Frau,,Karin,Papadopoulos,,,,1951-02-09,W,CH,VERHEIRATET,B23,Rentnerin / Rentner,False,de,CH,PRIVAT,,AKTIV,,true,true,pfefferminz,HAPO,HH-000195,false,2025-12-31T09:00:00Z,2025-12-31T09:00:00Z
PTR-00000339,NATUERLICH,Herr,,Frédéric,Mottier,,,,1976-11-20,M,CH,VERHEIRATET,B03,Lehrerin / Lehrer,False,fr,CH,PRIVAT,2004-04-01,AKTIV,,false,false,pfefferminz,VERA,HH-000196,false,2004-04-01T09:00:00Z,2004-04-01T09:00:00Z
PTR-00000340,NATUERLICH,Frau,,Alina,Gerber,,,,1993-09-10,W,CH,VERHEIRATET,B35,Verwaltungsangestellte / Verwaltungsangestellter,False,de,CH,PREMIUM,2011-11-01,AKTIV,,true,false,pfefferminz,VERA,HH-000197,false,2011-11-01T09:00:00Z,2011-11-01T09:00:00Z
PTR-00000341,NATUERLICH,Herr,,Tobias,Gerber,,,,1999-12-05,M,XK,VERHEIRATET,B04,Pflegefachfrau / Pflegefachmann,False,de,CH,PRIVAT,2025-08-01,AKTIV,,true,false,pfefferminz,MINT,HH-000197,false,2025-08-01T09:00:00Z,2025-08-01T09:00:00Z
PTR-00000342,NATUERLICH,Frau,,Laura,Jäger,,,,1988-02-11,W,DE,LEDIG,B03,Lehrerin / Lehrer,False,de,DE,PRIVAT,2025-04-01,AKTIV,,false,false,pfefferminz,MINT,HH-000198,false,2025-04-01T09:00:00Z,2025-04-01T09:00:00Z
PTR-00000343,NATUERLICH,Frau,,Anna,Meyer,,,,1979-10-02,W,CH,PARTNERSCHAFT,B09,Maurerin / Maurer,False,de,CH,PRIVAT,2014-04-01,AKTIV,,true,false,pfefferminz,VERA,HH-000199,false,2014-04-01T09:00:00Z,2014-04-01T09:00:00Z
PTR-00000344,NATUERLICH,Herr,,Raphael,Meyer,,,,1979-07-18,M,FR,PARTNERSCHAFT,B22,Studentin / Student,False,de,CH,PRIVAT,2001-12-01,AKTIV,,true,false,pfefferminz,VERA,HH-000199,false,2001-12-01T09:00:00Z,2001-12-01T09:00:00Z
PTR-00000345,NATUERLICH,Frau,,Elena,Meyer,,,,2004-04-09,W,CH,LEDIG,B22,Studentin / Student,False,de,CH,PRIVAT,,AKTIV,,false,true,pfefferminz,HAPO,HH-000199,false,2025-12-31T09:00:00Z,2025-12-31T09:00:00Z
PTR-00000346,NATUERLICH,Frau,,Ivana,Demirci,,,,1968-09-13,W,CH,PARTNERSCHAFT,B01,Kaufmännische Angestellte / Kaufmännischer Angestellter,False,de,CH,PRIVAT,2025-11-01,AKTIV,,true,true,minzia,MINT,HH-000200,false,2025-11-01T09:00:00Z,2025-11-01T09:00:00Z
PTR-00000347,NATUERLICH,Frau,,Bettina,Bättig,,,,1995-06-06,W,CH,VERHEIRATET,B22,Studentin / Student,False,de,CH,PRIVAT,2025-04-01,AKTIV,,false,true,minzia,MINT,HH-000201,false,2025-04-01T09:00:00Z,2025-04-01T09:00:00Z
PTR-00000348,NATUERLICH,Herr,,Emil,Becker,,,,1991-07-09,M,PL,PARTNERSCHAFT,B19,Landwirtin / Landwirt,True,de,DE,PRIVAT,2014-08-01,INAKTIV,,false,false,pfefferminz,HAPO,HH-000202,false,2014-08-01T09:00:00Z,2014-08-01T09:00:00Z
PTR-00000349,NATUERLICH,Frau,,Lisa,Friedrich,,,,1987-05-11,W,DE,PARTNERSCHAFT,B01,Kaufmännische Angestellte / Kaufmännischer Angestellter,False,de,DE,PRIVAT,,AKTIV,,true,true,pfefferminz,HAPO,HH-000202,false,2025-12-31T09:00:00Z,2025-12-31T09:00:00Z
PTR-00000350,NATUERLICH,,,Leon,Becker,,,,2007-08-24,D,DE,LEDIG,B22,Studentin / Student,False,de,DE,PRIVAT,2025-11-01,AKTIV,,true,false,pfefferminz,MINT,HH-000202,false,2025-11-01T09:00:00Z,2025-11-01T09:00:00Z
PTR-00000351,NATUERLICH,Frau,,Aisha,Becker,,,,2007-11-17,W,DE,LEDIG,B22,Studentin / Student,False,de,DE,PRIVAT,,AKTIV,,false,false,pfefferminz,HAPO,HH-000202,false,2025-12-31T09:00:00Z,2025-12-31T09:00:00Z
PTR-00000352,NATUERLICH,Frau,,Tanja,Becker,,,,2007-02-08,W,DE,LEDIG,B22,Studentin / Student,False,de,DE,PRIVAT,2025-05-01,AKTIV,,false,false,pfefferminz,MINT,HH-000202,false,2025-05-01T09:00:00Z,2025-05-01T09:00:00Z
PTR-00000353,NATUERLICH,Herr,,Köbi,Yilmaz,,,,1987-09-19,M,DE,VERHEIRATET,B35,Verwaltungsangestellte / Verwaltungsangestellter,False,de,CH,PRIVAT,2016-05-01,AKTIV,,true,false,pfefferminz,HAPO,HH-000203,false,2016-05-01T09:00:00Z,2016-05-01T09:00:00Z
PTR-00000354,NATUERLICH,Herr,,Hanspeter,Sutter,,,,1961-11-13,M,CH,VERHEIRATET,B07,Sanitärinstallateurin / Sanitärinstallateur,False,de,CH,PRIVAT,2002-10-01,INAKTIV,,false,true,pfefferminz,HAPO,HH-000204,false,2002-10-01T09:00:00Z,2002-10-01T09:00:00Z
PTR-00000355,NATUERLICH,Frau,,Beatrice,Sutter,,,,1961-02-10,W,CH,VERHEIRATET,B03,Lehrerin / Lehrer,False,de,CH,PRIVAT,1988-11-01,INAKTIV,,false,true,pfefferminz,VERA,HH-000204,false,1988-11-01T09:00:00Z,1988-11-01T09:00:00Z
PTR-00000356,NATUERLICH,Frau,,Livia,Sutter,,,,1991-10-26,W,CH,LEDIG,B10,Ingenieurin / Ingenieur,False,de,CH,PRIVAT,2011-02-01,AKTIV,,true,false,pfefferminz,VERA,HH-000204,false,2011-02-01T09:00:00Z,2011-02-01T09:00:00Z
PTR-00000357,NATUERLICH,Frau,,Emma,Sutter,,,,1988-05-21,W,CH,LEDIG,B16,Chauffeuse / Chauffeur,False,de,CH,PRIVAT,2018-10-01,INAKTIV,,true,false,pfefferminz,VERA,HH-000204,false,2018-10-01T09:00:00Z,2018-10-01T09:00:00Z
PTR-00000358,NATUERLICH,Frau,,Lisa,Brinkmann,,,,1993-03-05,W,DE,VERWITWET,B40,Selbständige Unternehmerin / Selbständiger Unternehmer,True,de,DE,PREMIUM,2014-06-01,AKTIV,,false,true,pfefferminz,VERA,HH-000205,false,2014-06-01T09:00:00Z,2014-06-01T09:00:00Z
PTR-00000359,JURISTISCH,Firma,,,,Mosel Gastro e.K.,e.K.,HRB 37361,1989-05-01,UNBEKANNT,DE,UNBEKANNT,,,,de,DE,KMU,2016-11-01,AKTIV,,false,true,pfefferminz,HAPO,,false,2016-11-01T09:00:00Z,2016-11-01T09:00:00Z
PTR-00000360,NATUERLICH,Herr,,Bruno,Roth,,,,1970-04-09,M,CH,PARTNERSCHAFT,B13,Treuhänderin / Treuhänder,False,de,CH,PREMIUM,2014-07-01,AKTIV,,true,false,pfefferminz,VERA,HH-000206,false,2014-07-01T09:00:00Z,2014-07-01T09:00:00Z
PTR-00000361,NATUERLICH,Frau,,Fabienne,Roth,,,,1969-02-04,W,DE,PARTNERSCHAFT,B22,Studentin / Student,False,de,CH,PRIVAT,,AKTIV,,true,false,pfefferminz,HAPO,HH-000206,false,2025-12-31T09:00:00Z,2025-12-31T09:00:00Z
PTR-00000362,NATUERLICH,Frau,,Tamara,Suter,,,,1995-07-10,W,CH,VERHEIRATET,B16,Chauffeuse / Chauffeur,False,de,CH,PRIVAT,2015-10-01,AKTIV,,false,false,pfefferminz,HAPO,HH-000207,false,2015-10-01T09:00:00Z,2015-10-01T09:00:00Z
PTR-00000363,NATUERLICH,Herr,,Amir,Suter,,,,1996-02-10,M,FR,VERHEIRATET,B27,Grafikerin / Grafiker,False,de,CH,PRIVAT,,AKTIV,,true,true,pfefferminz,HAPO,HH-000207,false,2025-12-31T09:00:00Z,2025-12-31T09:00:00Z
PTR-00000364,NATUERLICH,Herr,,Kevin,Baumann,,,,1992-11-22,M,DE,VERHEIRATET,B01,Kaufmännische Angestellte / Kaufmännischer Angestellter,False,de,DE,PRIVAT,2014-06-01,AKTIV,,true,false,pfefferminz,VERA,HH-000208,false,2014-06-01T09:00:00Z,2014-06-01T09:00:00Z
PTR-00000365,NATUERLICH,Frau,,Marie,Baumann,,,,1986-11-05,W,DE,VERHEIRATET,B31,Dachdeckerin / Dachdecker,False,de,DE,PRIVAT,2005-06-01,AKTIV,,true,false,pfefferminz,VERA,HH-000208,false,2005-06-01T09:00:00Z,2005-06-01T09:00:00Z
PTR-00000366,NATUERLICH,Frau,,Charlotte,Haas,,,,1992-10-04,W,DE,VERWITWET,B23,Rentnerin / Rentner,False,de,DE,PRIVAT,2022-08-01,AKTIV,,true,true,minzia,MINT,HH-000209,false,2022-08-01T09:00:00Z,2022-08-01T09:00:00Z
PTR-00000367,JURISTISCH,Firma,,,,Mosel Ingenieure GmbH,GmbH,HRB 60702,2003-02-01,UNBEKANNT,DE,UNBEKANNT,,,,de,DE,KMU,2014-01-01,AKTIV,,false,false,pfefferminz,HAPO,,false,2014-01-01T09:00:00Z,2014-01-01T09:00:00Z
PTR-00000368,NATUERLICH,Frau,,Vesna,Hussain,,,,1974-08-22,W,RS,VERHEIRATET,B26,Logistikerin / Logistiker,False,de,CH,PRIVAT,2025-10-01,AKTIV,,true,true,pfefferminz,MINT,HH-000211,false,2025-10-01T09:00:00Z,2025-10-01T09:00:00Z
PTR-00000369,NATUERLICH,Herr,,Philipp,Meyer,,,,1999-06-28,M,CH,GESCHIEDEN,B02,Informatikerin / Informatiker,False,de,CH,PRIVAT,2025-02-01,AKTIV,,true,true,minzia,MINT,HH-000212,false,2025-02-01T09:00:00Z,2025-02-01T09:00:00Z
PTR-00000370,NATUERLICH,Herr,,Oliver,Beck,,,,1973-05-15,M,SY,VERHEIRATET,B25,Mechanikerin / Mechaniker,False,de,DE,PRIVAT,2006-05-01,INAKTIV,,false,false,pfefferminz,VERA,HH-000213,false,2006-05-01T09:00:00Z,2006-05-01T09:00:00Z
PTR-00000371,NATUERLICH,Frau,,Eleni,Beck,,,,1967-02-02,W,DE,VERHEIRATET,B10,Ingenieurin / Ingenieur,False,de,DE,PRIVAT,,AKTIV,,true,true,pfefferminz,HAPO,HH-000213,false,2025-12-31T09:00:00Z,2025-12-31T09:00:00Z
PTR-00000372,NATUERLICH,Herr,,Hans-Jürgen,Peters,,,,1974-09-25,M,DE,VERHEIRATET,B10,Ingenieurin / Ingenieur,False,de,DE,PRIVAT,2022-12-01,AKTIV,,true,false,minzia,MINT,HH-000214,false,2022-12-01T09:00:00Z,2022-12-01T09:00:00Z
PTR-00000373,NATUERLICH,Frau,,Susanne,Peters,,,,1979-12-24,W,DE,VERHEIRATET,B01,Kaufmännische Angestellte / Kaufmännischer Angestellter,False,de,DE,PRIVAT,,AKTIV,,true,true,minzia,MINT,HH-000214,false,2025-12-31T09:00:00Z,2025-12-31T09:00:00Z
PTR-00000374,NATUERLICH,Frau,,Birgit,Winter,,,,1989-08-03,W,DE,PARTNERSCHAFT,B04,Pflegefachfrau / Pflegefachmann,False,de,DE,PRIVAT,2021-08-01,AKTIV,,false,false,minzia,MINT,HH-000215,false,2021-08-01T09:00:00Z,2021-08-01T09:00:00Z
PTR-00000375,NATUERLICH,Frau,,Lina,Winter,,,,1992-12-28,W,DE,PARTNERSCHAFT,B22,Studentin / Student,False,de,DE,PRIVAT,,AKTIV,,true,false,minzia,MINT,HH-000215,false,2025-12-31T09:00:00Z,2025-12-31T09:00:00Z
PTR-00000376,NATUERLICH,Frau,,Eleni,Georgiou,,,,1996-10-13,W,CH,VERHEIRATET,B02,Informatikerin / Informatiker,False,fr,CH,PRIVAT,2025-02-01,AKTIV,,false,false,pfefferminz,MINT,HH-000216,false,2025-02-01T09:00:00Z,2025-02-01T09:00:00Z
PTR-00000377,NATUERLICH,Frau,,Chiara,Rossi,,,,1986-08-19,W,IT,LEDIG,B40,Selbständige Unternehmerin / Selbständiger Unternehmer,True,it,CH,PRIVAT,2016-01-01,AKTIV,,true,false,pfefferminz,VERA,HH-000217,false,2016-01-01T09:00:00Z,2016-01-01T09:00:00Z
PTR-00000378,JURISTISCH,Firma,,,,Furka Informatik AG,AG,CHE-499.825.715,1989-09-01,UNBEKANNT,CH,UNBEKANNT,,,,de,CH,KMU,2025-08-01,AKTIV,,true,false,pfefferminz,MINT,,false,2025-08-01T09:00:00Z,2025-08-01T09:00:00Z
PTR-00000379,NATUERLICH,Frau,,Mia,Müller,,,,1990-12-24,W,DE,LEDIG,B07,Sanitärinstallateurin / Sanitärinstallateur,False,de,DE,PRIVAT,2021-09-01,AKTIV,,true,false,minzia,MINT,HH-000218,false,2021-09-01T09:00:00Z,2021-09-01T09:00:00Z
PTR-00000380,NATUERLICH,Frau,,Karin,Sigrist,,,,1966-04-26,W,CH,VERHEIRATET,B13,Treuhänderin / Treuhänder,False,de,CH,PRIVAT,2005-06-01,AKTIV,,false,true,pfefferminz,VERA,HH-000219,false,2005-06-01T09:00:00Z,2005-06-01T09:00:00Z
PTR-00000381,NATUERLICH,Herr,,Ueli,Sigrist,,,,1968-12-26,M,CH,VERHEIRATET,B10,Ingenieurin / Ingenieur,False,de,CH,PREMIUM,2014-06-01,AKTIV,,false,false,pfefferminz,VERA,HH-000219,false,2014-06-01T09:00:00Z,2014-06-01T09:00:00Z
PTR-00000382,NATUERLICH,Frau,,Claudia,Sigrist,,,,2000-07-21,W,DE,LEDIG,B25,Mechanikerin / Mechaniker,False,de,CH,PREMIUM,2020-01-01,AKTIV,,false,false,pfefferminz,VERA,HH-000219,false,2020-01-01T09:00:00Z,2020-01-01T09:00:00Z
PTR-00000383,NATUERLICH,Herr,,Nils,Sigrist,,,,1992-03-20,M,TR,LEDIG,B32,Malerin / Maler,False,de,CH,PRIVAT,2010-10-01,INAKTIV,,false,false,pfefferminz,VERA,HH-000219,false,2010-10-01T09:00:00Z,2010-10-01T09:00:00Z
PTR-00000384,NATUERLICH,Herr,,Joel,Studer,,,,1990-09-16,M,CH,VERWITWET,B01,Kaufmännische Angestellte / Kaufmännischer Angestellter,False,de,CH,PRIVAT,2018-06-01,AKTIV,,false,false,pfefferminz,HAPO,HH-000220,false,2018-06-01T09:00:00Z,2018-06-01T09:00:00Z
PTR-00000385,NATUERLICH,Herr,,Hansruedi,Graf,,,,1952-10-05,M,CH,VERHEIRATET,B23,Rentnerin / Rentner,False,de,CH,PRIVAT,2018-12-01,AKTIV,,false,false,pfefferminz,HAPO,HH-000221,false,2018-12-01T09:00:00Z,2018-12-01T09:00:00Z
PTR-00000386,NATUERLICH,Frau,,Ursula,Graf,,,,1948-06-17,W,FR,VERHEIRATET,B23,Rentnerin / Rentner,False,de,CH,PRIVAT,,AKTIV,,true,true,pfefferminz,HAPO,HH-000221,false,2025-12-31T09:00:00Z,2025-12-31T09:00:00Z
PTR-00000387,NATUERLICH,Herr,,Lukas,Simon,,,,2005-05-11,M,DE,LEDIG,B22,Studentin / Student,False,de,DE,PRIVAT,2025-08-01,AKTIV,,false,true,pfefferminz,MINT,HH-000222,false,2025-08-01T09:00:00Z,2025-08-01T09:00:00Z
PTR-00000388,NATUERLICH,Frau,,Cristina,Zappa,,,,1961-04-10,W,CH,VERHEIRATET,B23,Rentnerin / Rentner,False,it,CH,PRIVAT,2025-10-01,AKTIV,,false,true,pfefferminz,MINT,HH-000223,false,2025-10-01T09:00:00Z,2025-10-01T09:00:00Z
PTR-00000389,NATUERLICH,Herr,,Franco,Zappa,,,,1956-08-23,M,CH,VERHEIRATET,B23,Rentnerin / Rentner,False,it,CH,PRIVAT,,AKTIV,,false,false,pfefferminz,HAPO,HH-000223,false,2025-12-31T09:00:00Z,2025-12-31T09:00:00Z
PTR-00000390,NATUERLICH,Frau,,Giulia,Zappa,,,,1994-03-23,W,CH,LEDIG,B23,Rentnerin / Rentner,False,it,CH,PRIVAT,,AKTIV,,true,true,pfefferminz,HAPO,HH-000223,false,2025-12-31T09:00:00Z,2025-12-31T09:00:00Z
PTR-00000391,NATUERLICH,Frau,,Giulia,Zappa,,,,1997-09-11,W,TR,LEDIG,B22,Studentin / Student,False,it,CH,PREMIUM,2018-10-01,AKTIV,,false,true,pfefferminz,VERA,HH-000223,false,2018-10-01T09:00:00Z,2018-10-01T09:00:00Z
PTR-00000392,NATUERLICH,Herr,,Stefano,Zappa,,,,1992-04-28,M,IT,LEDIG,B09,Maurerin / Maurer,False,it,CH,PRIVAT,,AKTIV,,true,true,pfefferminz,HAPO,HH-000223,false,2025-12-31T09:00:00Z,2025-12-31T09:00:00Z
PTR-00000393,NATUERLICH,Herr,,Moritz,Wagner,,,,1997-03-11,M,RO,VERHEIRATET,B23,Rentnerin / Rentner,False,de,DE,PRIVAT,2017-03-01,INAKTIV,,true,false,pfefferminz,HAPO,HH-000224,false,2017-03-01T09:00:00Z,2017-03-01T09:00:00Z
PTR-00000394,NATUERLICH,Frau,,Sarah,Baumann,,,,1997-08-04,W,TR,VERHEIRATET,B05,Verkäuferin / Verkäufer,False,de,DE,PRIVAT,,AKTIV,,true,false,pfefferminz,HAPO,HH-000224,false,2025-12-31T09:00:00Z,2025-12-31T09:00:00Z
PTR-00000395,NATUERLICH,Herr,,Ben,Wagner,,,,2007-09-21,M,DE,LEDIG,B22,Studentin / Student,False,de,DE,PRIVAT,2025-12-01,AKTIV,,false,false,pfefferminz,MINT,HH-000224,false,2025-12-01T09:00:00Z,2025-12-01T09:00:00Z
PTR-00000396,NATUERLICH,Herr,,Emil,Wagner,,,,2007-04-23,M,DE,LEDIG,B18,Physiotherapeutin / Physiotherapeut,True,de,DE,PRIVAT,,AKTIV,,false,true,pfefferminz,HAPO,HH-000224,false,2025-12-31T09:00:00Z,2025-12-31T09:00:00Z
PTR-00000397,NATUERLICH,Frau,,Petra,Ortlepp,,,,1987-05-17,W,DE,VERHEIRATET,B01,Kaufmännische Angestellte / Kaufmännischer Angestellter,False,de,DE,PRIVAT,2014-03-01,AKTIV,,true,true,pfefferminz,HAPO,HH-000225,false,2014-03-01T09:00:00Z,2014-03-01T09:00:00Z
PTR-00000398,NATUERLICH,Herr,,Samuel,Nowak,,,,1990-08-21,M,CH,VERHEIRATET,B04,Pflegefachfrau / Pflegefachmann,False,de,DE,PRIVAT,2013-03-01,AKTIV,,true,false,pfefferminz,VERA,HH-000225,false,2013-03-01T09:00:00Z,2013-03-01T09:00:00Z
PTR-00000399,NATUERLICH,Frau,,Christina,Ortlepp,,,,2007-10-05,W,DE,LEDIG,B01,Kaufmännische Angestellte / Kaufmännischer Angestellter,False,de,DE,PRIVAT,2025-11-01,AKTIV,,true,false,pfefferminz,MINT,HH-000225,false,2025-11-01T09:00:00Z,2025-11-01T09:00:00Z
PTR-00000400,NATUERLICH,Frau,,Michelle,Leuenberger,,,,1981-11-19,W,CH,LEDIG,B01,Kaufmännische Angestellte / Kaufmännischer Angestellter,False,de,CH,PRIVAT,2004-01-01,AKTIV,,true,false,pfefferminz,VERA,HH-000226,false,2004-01-01T09:00:00Z,2004-01-01T09:00:00Z
PTR-00000401,NATUERLICH,Herr,,Matthias,Fiedler,,,,1980-09-06,M,DE,VERHEIRATET,B32,Malerin / Maler,False,de,DE,PRIVAT,2022-08-01,AKTIV,,false,true,minzia,MINT,HH-000227,false,2022-08-01T09:00:00Z,2022-08-01T09:00:00Z
PTR-00000402,NATUERLICH,Frau,,Nicole,Fiedler,,,,1986-01-23,W,DE,VERHEIRATET,B12,Juristin / Jurist,False,de,DE,PRIVAT,2020-09-01,AKTIV,,false,true,minzia,MINT,HH-000227,false,2020-09-01T09:00:00Z,2020-09-01T09:00:00Z
PTR-00000403,NATUERLICH,Frau,,Stefanie,Schmitz,,,,1948-06-08,W,DE,VERHEIRATET,B23,Rentnerin / Rentner,False,de,DE,PRIVAT,2016-06-01,INAKTIV,,true,false,pfefferminz,HAPO,HH-000228,false,2016-06-01T09:00:00Z,2016-06-01T09:00:00Z
PTR-00000404,NATUERLICH,Herr,,Heinrich,Schmitz,,,,1951-07-05,M,DE,VERHEIRATET,B23,Rentnerin / Rentner,False,de,DE,PRIVAT,2015-01-01,INAKTIV,,false,false,pfefferminz,VERA,HH-000228,false,2015-01-01T09:00:00Z,2015-01-01T09:00:00Z
PTR-00000405,NATUERLICH,Frau,,Katrin,Schmitz,,,,1985-04-17,W,RO,LEDIG,B24,Hausfrau / Hausmann,False,de,DE,PRIVAT,,AKTIV,,true,false,pfefferminz,HAPO,HH-000228,false,2025-12-31T09:00:00Z,2025-12-31T09:00:00Z
PTR-00000406,NATUERLICH,Herr,,Matthias,Schmitz,,,,1985-05-25,M,DE,LEDIG,B08,Schreinerin / Schreiner,False,de,DE,PRIVAT,,AKTIV,,true,false,pfefferminz,HAPO,HH-000228,false,2025-12-31T09:00:00Z,2025-12-31T09:00:00Z
PTR-00000407,NATUERLICH,Frau,,Silvia,Hauenstein,,,,1953-05-25,W,CH,VERHEIRATET,B23,Rentnerin / Rentner,False,de,CH,PRIVAT,2013-05-01,AKTIV,,true,false,pfefferminz,HAPO,HH-000229,false,2013-05-01T09:00:00Z,2013-05-01T09:00:00Z
PTR-00000408,JURISTISCH,Firma,,,,Limmat Apotheke GmbH,GmbH,CHE-499.155.487,1984-12-01,UNBEKANNT,CH,UNBEKANNT,,,,de,CH,KMU,2025-07-01,AKTIV,,false,false,minzia,MINT,,false,2025-07-01T09:00:00Z,2025-07-01T09:00:00Z
PTR-00000409,NATUERLICH,Frau,,Seraina,Kaufmann,,,,2007-06-09,W,IT,LEDIG,B10,Ingenieurin / Ingenieur,False,de,CH,PREMIUM,2025-10-01,AKTIV,,true,true,pfefferminz,MINT,HH-000231,false,2025-10-01T09:00:00Z,2025-10-01T09:00:00Z
PTR-00000410,NATUERLICH,Frau,,Aylin,Pereira,,,,1966-08-03,W,CH,VERHEIRATET,B05,Verkäuferin / Verkäufer,False,de,DE,PRIVAT,2015-04-01,AKTIV,,true,false,pfefferminz,HAPO,HH-000232,false,2015-04-01T09:00:00Z,2015-04-01T09:00:00Z
PTR-00000411,NATUERLICH,Herr,,Christian,Rudolf,,,,1973-10-22,M,CH,VERHEIRATET,B23,Rentnerin / Rentner,False,de,CH,PRIVAT,2019-10-01,AKTIV,,false,true,pfefferminz,HAPO,HH-000233,false,2019-10-01T09:00:00Z,2019-10-01T09:00:00Z
PTR-00000412,NATUERLICH,Frau,,Daniela,Rudolf,,,,1977-12-03,W,FR,VERHEIRATET,B16,Chauffeuse / Chauffeur,False,de,CH,PRIVAT,,AKTIV,,true,false,pfefferminz,HAPO,HH-000233,false,2025-12-31T09:00:00Z,2025-12-31T09:00:00Z
PTR-00000413,NATUERLICH,Frau,,Leila,Horvat,,,,1994-10-24,W,PT,VERHEIRATET,B15,Köchin / Koch,False,fr,CH,PRIVAT,2025-04-01,AKTIV,,false,false,pfefferminz,MINT,HH-000234,false,2025-04-01T09:00:00Z,2025-04-01T09:00:00Z
PTR-00000414,NATUERLICH,Herr,,Thomas,Horvat,,,,1999-12-21,M,CH,VERHEIRATET,B23,Rentnerin / Rentner,False,fr,CH,PRIVAT,2018-08-01,INAKTIV,,false,true,pfefferminz,VERA,HH-000234,false,2018-08-01T09:00:00Z,2018-08-01T09:00:00Z
PTR-00000415,NATUERLICH,Frau,,Alice,Horvat,,,,2007-11-15,W,CH,LEDIG,B03,Lehrerin / Lehrer,False,fr,CH,PRIVAT,,AKTIV,,true,false,pfefferminz,HAPO,HH-000234,false,2025-12-31T09:00:00Z,2025-12-31T09:00:00Z
PTR-00000416,NATUERLICH,Herr,,Jörg,Braun,,,,1975-12-03,M,RO,VERHEIRATET,B01,Kaufmännische Angestellte / Kaufmännischer Angestellter,False,de,DE,PRIVAT,2002-01-01,AKTIV,,false,false,pfefferminz,HAPO,HH-000235,false,2002-01-01T09:00:00Z,2002-01-01T09:00:00Z
PTR-00000417,NATUERLICH,Frau,,Martina,Herrmann,,,,1979-05-04,W,DE,VERHEIRATET,B05,Verkäuferin / Verkäufer,False,de,DE,PRIVAT,1997-09-01,INAKTIV,,false,false,pfefferminz,VERA,HH-000235,false,1997-09-01T09:00:00Z,1997-09-01T09:00:00Z
PTR-00000418,NATUERLICH,Frau,,Birgit,Koch,,,,1975-12-02,W,DE,VERWITWET,B02,Informatikerin / Informatiker,False,de,DE,PRIVAT,2024-07-01,AKTIV,,false,false,minzia,MINT,HH-000236,false,2024-07-01T09:00:00Z,2024-07-01T09:00:00Z
PTR-00000419,NATUERLICH,Frau,,Svetlana,Şahin,,,,1965-04-09,W,DE,VERHEIRATET,B01,Kaufmännische Angestellte / Kaufmännischer Angestellter,False,de,DE,PREMIUM,2018-07-01,AKTIV,,true,false,pfefferminz,HAPO,HH-000237,false,2018-07-01T09:00:00Z,2018-07-01T09:00:00Z
PTR-00000420,NATUERLICH,Herr,,Norbert,Şahin,,,,1967-04-19,M,DE,VERHEIRATET,B05,Verkäuferin / Verkäufer,False,de,DE,PRIVAT,2001-03-01,AKTIV,,true,false,pfefferminz,VERA,HH-000237,false,2001-03-01T09:00:00Z,2001-03-01T09:00:00Z
PTR-00000421,NATUERLICH,Frau,,Leila,Kowalczyk,,,,2003-12-13,W,DE,LEDIG,B22,Studentin / Student,False,de,DE,PRIVAT,2022-01-01,AKTIV,,true,true,minzia,MINT,HH-000238,false,2022-01-01T09:00:00Z,2022-01-01T09:00:00Z
PTR-00000422,NATUERLICH,,,Hans-Jürgen,Fischer,,,,1946-01-19,D,DE,VERHEIRATET,B23,Rentnerin / Rentner,False,de,DE,PRIVAT,2013-02-01,INAKTIV,,false,false,pfefferminz,HAPO,HH-000239,false,2013-02-01T09:00:00Z,2013-02-01T09:00:00Z
PTR-00000423,NATUERLICH,Herr,,Marco,Schmidt,,,,1982-10-06,M,DE,GESCHIEDEN,B10,Ingenieurin / Ingenieur,False,de,DE,PRIVAT,2022-08-01,AKTIV,,true,true,minzia,MINT,HH-000240,false,2022-08-01T09:00:00Z,2022-08-01T09:00:00Z
PTR-00000424,NATUERLICH,Frau,,Flurina,Hauenstein,,,,1985-02-23,W,CH,VERHEIRATET,B04,Pflegefachfrau / Pflegefachmann,False,de,CH,PRIVAT,2025-12-01,AKTIV,,true,true,minzia,MINT,HH-000241,false,2025-12-01T09:00:00Z,2025-12-01T09:00:00Z
PTR-00000425,NATUERLICH,Herr,,Dimitrios,Rodríguez,,,,1968-08-02,M,PL,VERHEIRATET,B22,Studentin / Student,False,de,DE,PRIVAT,2015-11-01,INAKTIV,,false,false,pfefferminz,HAPO,HH-000242,false,2015-11-01T09:00:00Z,2015-11-01T09:00:00Z
PTR-00000426,NATUERLICH,Frau,,Gisela,Rodríguez,,,,1969-07-03,W,DE,VERHEIRATET,B40,Selbständige Unternehmerin / Selbständiger Unternehmer,True,de,DE,PRIVAT,1997-02-01,INAKTIV,,false,false,pfefferminz,VERA,HH-000242,false,1997-02-01T09:00:00Z,1997-02-01T09:00:00Z
PTR-00000427,NATUERLICH,Herr,,Noah,Rodríguez,,,,2007-05-16,M,GR,LEDIG,B22,Studentin / Student,False,de,DE,PRIVAT,,AKTIV,,true,false,pfefferminz,HAPO,HH-000242,false,2025-12-31T09:00:00Z,2025-12-31T09:00:00Z
PTR-00000428,NATUERLICH,Frau,,Leonie,Rodríguez,,,,2003-10-13,W,DE,LEDIG,B22,Studentin / Student,False,de,DE,PRIVAT,2025-09-01,AKTIV,,true,true,pfefferminz,MINT,HH-000242,false,2025-09-01T09:00:00Z,2025-09-01T09:00:00Z
PTR-00000429,NATUERLICH,Herr,,Paul,Kühn,,,,2006-01-25,M,DE,LEDIG,B22,Studentin / Student,False,de,DE,PRIVAT,2025-06-01,AKTIV,,false,true,pfefferminz,MINT,HH-000242,false,2025-06-01T09:00:00Z,2025-06-01T09:00:00Z
PTR-00000430,NATUERLICH,Herr,,Dimitrios,Horvat,,,,1978-08-13,M,DE,LEDIG,B40,Selbständige Unternehmerin / Selbständiger Unternehmer,True,de,DE,PRIVAT,,AKTIV,,false,true,minzia,MINT,HH-000243,false,2025-12-31T09:00:00Z,2025-12-31T09:00:00Z
PTR-00000431,JURISTISCH,Firma,,,,Schwarzwald Autohaus AG,AG,HRB 6663,2011-09-01,UNBEKANNT,DE,UNBEKANNT,,,,de,DE,KMU,2025-04-01,AKTIV,,true,true,minzia,MINT,,false,2025-04-01T09:00:00Z,2025-04-01T09:00:00Z
PTR-00000432,NATUERLICH,Herr,,Carlos,Petrović,,,,1988-09-16,M,DE,LEDIG,B01,Kaufmännische Angestellte / Kaufmännischer Angestellter,False,de,DE,PRIVAT,2023-06-01,AKTIV,,false,false,minzia,MINT,HH-000244,false,2023-06-01T09:00:00Z,2023-06-01T09:00:00Z
PTR-00000433,NATUERLICH,Frau,,Vanessa,Fuchs,,,,1982-04-24,W,DE,VERHEIRATET,B03,Lehrerin / Lehrer,False,de,DE,PRIVAT,2016-09-01,AKTIV,,false,true,pfefferminz,VERA,HH-000245,false,2016-09-01T09:00:00Z,2016-09-01T09:00:00Z
PTR-00000434,NATUERLICH,Herr,,Philipp,König,,,,1984-07-19,M,DE,VERHEIRATET,B06,Elektroinstallateurin / Elektroinstallateur,True,de,DE,PRIVAT,2008-03-01,AKTIV,,false,false,pfefferminz,VERA,HH-000245,false,2008-03-01T09:00:00Z,2008-03-01T09:00:00Z
PTR-00000435,NATUERLICH,Herr,,Rajesh,Okafor,,,,1971-03-15,M,DE,UNBEKANNT,B05,Verkäuferin / Verkäufer,False,de,DE,PRIVAT,2014-11-01,AKTIV,,false,false,pfefferminz,VERA,HH-000246,false,2014-11-01T09:00:00Z,2014-11-01T09:00:00Z
PTR-00000436,NATUERLICH,Herr,,Yann,Favre,,,,1990-04-08,M,CH,LEDIG,B40,Selbständige Unternehmerin / Selbständiger Unternehmer,True,fr,CH,PRIVAT,2014-11-01,INAKTIV,,true,false,pfefferminz,VERA,HH-000247,false,2014-11-01T09:00:00Z,2014-11-01T09:00:00Z
PTR-00000437,JURISTISCH,Firma,,,,Pilatus Malerei,Einzelfirma,CHE-499.270.728,2012-07-01,UNBEKANNT,CH,UNBEKANNT,,,,de,CH,KMU,2015-02-01,AKTIV,,false,true,pfefferminz,HAPO,,false,2015-02-01T09:00:00Z,2015-02-01T09:00:00Z
PTR-00000438,NATUERLICH,Frau,,Melanie,Bosch,,,,1989-04-07,W,DE,VERHEIRATET,B08,Schreinerin / Schreiner,False,de,DE,PRIVAT,2020-01-01,AKTIV,,false,true,pfefferminz,HAPO,HH-000248,false,2020-01-01T09:00:00Z,2020-01-01T09:00:00Z
PTR-00000439,NATUERLICH,Herr,,Philipp,Schmidt,,,,1991-05-27,M,DE,VERHEIRATET,B04,Pflegefachfrau / Pflegefachmann,False,de,DE,PRIVAT,2025-05-01,AKTIV,,true,true,pfefferminz,MINT,HH-000248,false,2025-05-01T09:00:00Z,2025-05-01T09:00:00Z
PTR-00000440,NATUERLICH,Herr,,Paolo,Mombelli,,,,1954-04-25,M,CH,VERHEIRATET,B23,Rentnerin / Rentner,False,it,CH,PRIVAT,2010-04-01,AKTIV,,true,false,pfefferminz,HAPO,HH-000249,false,2010-04-01T09:00:00Z,2010-04-01T09:00:00Z
PTR-00000441,NATUERLICH,Frau,,Rosa,Zanetti,,,,1948-12-18,W,CH,VERHEIRATET,B23,Rentnerin / Rentner,False,it,CH,PRIVAT,,AKTIV,,false,false,pfefferminz,HAPO,HH-000249,false,2025-12-31T09:00:00Z,2025-12-31T09:00:00Z
PTR-00000442,NATUERLICH,Frau,,Paola,Riva,,,,1983-11-24,W,IT,LEDIG,B09,Maurerin / Maurer,False,it,CH,PRIVAT,2008-02-01,INAKTIV,,true,false,pfefferminz,VERA,HH-000249,false,2008-02-01T09:00:00Z,2008-02-01T09:00:00Z
PTR-00000443,NATUERLICH,Frau,,Claudia,Kunz,,,,1988-01-09,W,ES,PARTNERSCHAFT,B14,Architektin / Architekt,False,de,CH,PRIVAT,2006-02-01,AKTIV,,true,false,pfefferminz,VERA,HH-000250,false,2006-02-01T09:00:00Z,2006-02-01T09:00:00Z
PTR-00000444,NATUERLICH,Herr,,Samuel,Kunz,,,,1988-06-10,M,CH,PARTNERSCHAFT,B35,Verwaltungsangestellte / Verwaltungsangestellter,False,de,CH,PRIVAT,2006-11-01,INAKTIV,,false,false,pfefferminz,VERA,HH-000250,false,2006-11-01T09:00:00Z,2006-11-01T09:00:00Z
PTR-00000445,NATUERLICH,Herr,,Jérôme,Moret,,,,1956-12-26,M,CH,VERHEIRATET,B23,Rentnerin / Rentner,False,fr,CH,PRIVAT,2005-02-01,AKTIV,,false,false,pfefferminz,VERA,HH-000251,false,2005-02-01T09:00:00Z,2005-02-01T09:00:00Z
PTR-00000446,NATUERLICH,Frau,,Christiane,Moret,,,,1951-06-13,W,CH,VERHEIRATET,B23,Rentnerin / Rentner,False,fr,CH,PRIVAT,2013-03-01,INAKTIV,,false,false,pfefferminz,VERA,HH-000251,false,2013-03-01T09:00:00Z,2013-03-01T09:00:00Z
PTR-00000447,NATUERLICH,Frau,,Elke,Hübner,,,,1962-10-08,W,DE,VERHEIRATET,B03,Lehrerin / Lehrer,False,de,DE,PRIVAT,2006-06-01,AKTIV,,true,false,pfefferminz,VERA,HH-000252,false,2006-06-01T09:00:00Z,2006-06-01T09:00:00Z
PTR-00000448,NATUERLICH,Herr,,Dieter,Hübner,,,,1961-07-09,M,DE,VERHEIRATET,B02,Informatikerin / Informatiker,False,de,DE,PRIVAT,2007-03-01,AKTIV,,true,false,pfefferminz,VERA,HH-000252,false,2007-03-01T09:00:00Z,2007-03-01T09:00:00Z
PTR-00000449,NATUERLICH,Frau,,Manuela,Hübner,,,,1993-02-14,W,DE,LEDIG,B13,Treuhänderin / Treuhänder,True,de,DE,PREMIUM,2011-06-01,AKTIV,,true,false,pfefferminz,VERA,HH-000252,false,2011-06-01T09:00:00Z,2011-06-01T09:00:00Z
PTR-00000450,NATUERLICH,Herr,,Dominik,Frei,,,,1960-09-22,M,CH,VERHEIRATET,B23,Rentnerin / Rentner,False,de,CH,PREMIUM,2016-10-01,AKTIV,,false,true,pfefferminz,HAPO,HH-000253,false,2016-10-01T09:00:00Z,2016-10-01T09:00:00Z
PTR-00000451,NATUERLICH,Frau,,Elisabeth,Frei,,,,1957-11-03,W,CH,VERHEIRATET,B23,Rentnerin / Rentner,False,de,CH,PREMIUM,2020-12-01,AKTIV,,false,false,pfefferminz,VERA,HH-000253,false,2020-12-01T09:00:00Z,2020-12-01T09:00:00Z
PTR-00000452,NATUERLICH,Herr,,Manuel,Frei,,,,1999-01-01,M,ES,LEDIG,B14,Architektin / Architekt,False,de,CH,PRIVAT,2020-02-01,AKTIV,,true,true,pfefferminz,VERA,HH-000253,false,2020-02-01T09:00:00Z,2020-02-01T09:00:00Z
PTR-00000453,NATUERLICH,Frau,,Jessica,Möller,,,,1991-05-13,W,RO,VERHEIRATET,B34,Sozialarbeiterin / Sozialarbeiter,False,de,DE,PRIVAT,2020-12-01,AKTIV,,true,true,minzia,MINT,HH-000254,false,2020-12-01T09:00:00Z,2020-12-01T09:00:00Z
PTR-00000454,NATUERLICH,Herr,,Sebastian,Möller,,,,1988-08-06,M,DE,VERHEIRATET,B03,Lehrerin / Lehrer,False,de,DE,PRIVAT,,AKTIV,,true,true,minzia,MINT,HH-000254,false,2025-12-31T09:00:00Z,2025-12-31T09:00:00Z
PTR-00000455,NATUERLICH,Frau,,Vanessa,Lang,,,,2004-05-26,W,DE,LEDIG,B22,Studentin / Student,False,de,DE,PRIVAT,2023-02-01,AKTIV,,true,false,minzia,MINT,HH-000255,false,2023-02-01T09:00:00Z,2023-02-01T09:00:00Z
PTR-00000456,NATUERLICH,Herr,,Philipp,Möller,,,,1992-08-12,M,DE,VERWITWET,B12,Juristin / Jurist,True,de,DE,PRIVAT,2023-02-01,AKTIV,,false,true,minzia,MINT,HH-000256,false,2023-02-01T09:00:00Z,2023-02-01T09:00:00Z
PTR-00000457,NATUERLICH,Frau,,Anke,Fischer,,,,1985-11-10,W,DE,VERHEIRATET,B31,Dachdeckerin / Dachdecker,False,de,DE,PRIVAT,2007-06-01,AKTIV,,true,true,pfefferminz,VERA,HH-000257,false,2007-06-01T09:00:00Z,2007-06-01T09:00:00Z
PTR-00000458,NATUERLICH,Herr,,Tomasz,Fischer,,,,1989-03-25,M,DE,VERHEIRATET,B23,Rentnerin / Rentner,False,de,DE,PRIVAT,2025-05-01,AKTIV,,false,false,pfefferminz,MINT,HH-000257,false,2025-05-01T09:00:00Z,2025-05-01T09:00:00Z
PTR-00000459,NATUERLICH,Herr,,Jonas,Neumann,,,,2007-12-01,M,DE,LEDIG,B22,Studentin / Student,False,de,DE,PRIVAT,,AKTIV,,false,false,pfefferminz,HAPO,HH-000257,false,2025-12-31T09:00:00Z,2025-12-31T09:00:00Z
PTR-00000460,NATUERLICH,Herr,,Noah,Meier,,,,1984-11-18,M,DE,VERHEIRATET,B05,Verkäuferin / Verkäufer,False,de,DE,PRIVAT,2024-11-01,AKTIV,,true,true,minzia,MINT,HH-000258,false,2024-11-01T09:00:00Z,2024-11-01T09:00:00Z
PTR-00000461,NATUERLICH,Frau,,Jana,Meier,,,,1981-07-13,W,DE,VERHEIRATET,B13,Treuhänderin / Treuhänder,False,de,DE,PRIVAT,,AKTIV,,false,false,minzia,MINT,HH-000258,false,2025-12-31T09:00:00Z,2025-12-31T09:00:00Z
PTR-00000462,NATUERLICH,Herr,,Frank,Busch,,,,2007-08-05,M,RS,LEDIG,B22,Studentin / Student,False,de,DE,PRIVAT,2025-11-01,AKTIV,,true,true,minzia,MINT,HH-000258,false,2025-11-01T09:00:00Z,2025-11-01T09:00:00Z
PTR-00000463,NATUERLICH,Herr,,Marco,Becker,,,,1960-11-26,M,DE,LEDIG,B23,Rentnerin / Rentner,False,de,DE,PRIVAT,2024-02-01,AKTIV,,true,true,minzia,MINT,HH-000259,false,2024-02-01T09:00:00Z,2024-02-01T09:00:00Z
PTR-00000464,NATUERLICH,Frau,,Laura,Roth,,,,1981-05-28,W,CH,VERHEIRATET,B17,Coiffeuse / Coiffeur,False,de,CH,PRIVAT,2013-05-01,INAKTIV,,true,true,pfefferminz,HAPO,HH-000260,false,2013-05-01T09:00:00Z,2013-05-01T09:00:00Z
PTR-00000465,NATUERLICH,Herr,,Fabian,Roth,,,,1983-11-09,M,CH,VERHEIRATET,B03,Lehrerin / Lehrer,False,de,CH,PRIVAT,,AKTIV,,false,true,pfefferminz,HAPO,HH-000260,false,2025-12-31T09:00:00Z,2025-12-31T09:00:00Z
PTR-00000466,NATUERLICH,Herr,,Nils,Roth,,,,2007-06-28,M,CH,LEDIG,B22,Studentin / Student,False,de,CH,PRIVAT,,AKTIV,,true,false,pfefferminz,HAPO,HH-000260,false,2025-12-31T09:00:00Z,2025-12-31T09:00:00Z
PTR-00000467,NATUERLICH,Frau,,Aisha,Roth,,,,2007-12-03,W,AT,LEDIG,B31,Dachdeckerin / Dachdecker,True,de,CH,PRIVAT,,AKTIV,,true,false,pfefferminz,HAPO,HH-000260,false,2025-12-31T09:00:00Z,2025-12-31T09:00:00Z
PTR-00000468,NATUERLICH,Frau,,Anke,Kühn,,,,1977-11-27,W,DE,PARTNERSCHAFT,B10,Ingenieurin / Ingenieur,False,de,DE,PRIVAT,2017-03-01,AKTIV,,false,false,pfefferminz,HAPO,HH-000261,false,2017-03-01T09:00:00Z,2017-03-01T09:00:00Z
PTR-00000469,NATUERLICH,Herr,,Finn,Kühn,,,,1980-05-04,M,PL,PARTNERSCHAFT,B04,Pflegefachfrau / Pflegefachmann,False,de,DE,PRIVAT,2017-07-01,AKTIV,,true,true,pfefferminz,VERA,HH-000261,false,2017-07-01T09:00:00Z,2017-07-01T09:00:00Z
PTR-00000470,NATUERLICH,Herr,,Kevin,Kühn,,,,2007-01-15,M,DE,LEDIG,B23,Rentnerin / Rentner,False,de,DE,PRIVAT,2025-12-01,AKTIV,,true,false,pfefferminz,MINT,HH-000261,false,2025-12-01T09:00:00Z,2025-12-01T09:00:00Z
PTR-00000471,NATUERLICH,Frau,,Gabriele,Kühn,,,,2007-05-07,W,DE,LEDIG,B22,Studentin / Student,False,de,DE,PRIVAT,2025-08-01,AKTIV,,true,true,pfefferminz,MINT,HH-000261,false,2025-08-01T09:00:00Z,2025-08-01T09:00:00Z
PTR-00000472,NATUERLICH,Frau,,Jana,Schwarz,,,,1980-07-26,W,DE,VERHEIRATET,B23,Rentnerin / Rentner,False,de,DE,PRIVAT,2017-12-01,AKTIV,,true,true,pfefferminz,VERA,HH-000262,false,2017-12-01T09:00:00Z,2017-12-01T09:00:00Z
PTR-00000473,NATUERLICH,Herr,,Dieter,Schwarz,,,,1976-01-16,M,DE,VERHEIRATET,B10,Ingenieurin / Ingenieur,False,de,DE,PREMIUM,2019-10-01,AKTIV,,true,true,pfefferminz,VERA,HH-000262,false,2019-10-01T09:00:00Z,2019-10-01T09:00:00Z
PTR-00000474,NATUERLICH,Frau,,Nicole,Schwarz,,,,2005-02-10,W,DE,LEDIG,B22,Studentin / Student,False,de,DE,PRIVAT,2023-07-01,AKTIV,,true,true,pfefferminz,VERA,HH-000262,false,2023-07-01T09:00:00Z,2023-07-01T09:00:00Z
PTR-00000475,NATUERLICH,Frau,,Charlotte,Dietrich,,,,2007-10-23,W,DE,LEDIG,B22,Studentin / Student,False,de,DE,PRIVAT,2025-11-01,AKTIV,,true,false,pfefferminz,MINT,HH-000262,false,2025-11-01T09:00:00Z,2025-11-01T09:00:00Z
PTR-00000476,NATUERLICH,Herr,,Finn,Mayer,,,,2004-06-28,M,GR,LEDIG,B22,Studentin / Student,False,de,DE,PRIVAT,,AKTIV,,true,false,pfefferminz,HAPO,HH-000262,false,2025-12-31T09:00:00Z,2025-12-31T09:00:00Z
PTR-00000477,NATUERLICH,Herr,,Kevin,Müller,,,,1997-10-21,M,DE,VERHEIRATET,B06,Elektroinstallateurin / Elektroinstallateur,False,de,DE,PRIVAT,2025-04-01,AKTIV,,false,false,pfefferminz,MINT,HH-000263,false,2025-04-01T09:00:00Z,2025-04-01T09:00:00Z
PTR-00000478,NATUERLICH,Frau,,Jelena,Müller,,,,1992-11-04,W,DE,VERHEIRATET,B30,Forstwartin / Forstwart,False,de,DE,PRIVAT,2021-09-01,AKTIV,,false,true,pfefferminz,VERA,HH-000263,false,2021-09-01T09:00:00Z,2021-09-01T09:00:00Z
PTR-00000479,NATUERLICH,Frau,,Océane,Rossier,,,,1992-05-06,W,CH,PARTNERSCHAFT,B09,Maurerin / Maurer,False,fr,CH,PRIVAT,2025-10-01,AKTIV,,true,false,minzia,MINT,HH-000264,false,2025-10-01T09:00:00Z,2025-10-01T09:00:00Z
PTR-00000480,NATUERLICH,Herr,,Olivier,Vonlanthen,,,,1986-08-22,M,CH,PARTNERSCHAFT,B23,Rentnerin / Rentner,False,fr,CH,PRIVAT,2021-07-01,AKTIV,,false,true,minzia,MINT,HH-000264,false,2021-07-01T09:00:00Z,2021-07-01T09:00:00Z
PTR-00000481,NATUERLICH,,,Yannis,Hirt,,,,1994-11-03,D,CH,VERHEIRATET,B03,Lehrerin / Lehrer,False,de,CH,PREMIUM,2012-12-01,AKTIV,,false,true,pfefferminz,HAPO,HH-000265,false,2012-12-01T09:00:00Z,2012-12-01T09:00:00Z
PTR-00000482,NATUERLICH,Frau,,Lisa,Schmid,,,,2000-08-22,W,PL,VERHEIRATET,B35,Verwaltungsangestellte / Verwaltungsangestellter,False,de,DE,PRIVAT,2019-04-01,AKTIV,,false,false,pfefferminz,HAPO,HH-000266,false,2019-04-01T09:00:00Z,2019-04-01T09:00:00Z
PTR-00000483,NATUERLICH,Herr,,Dirk,Schmid,,,,2005-09-04,M,DE,VERHEIRATET,B04,Pflegefachfrau / Pflegefachmann,False,de,DE,PRIVAT,2023-12-01,AKTIV,,false,false,pfefferminz,VERA,HH-000266,false,2023-12-01T09:00:00Z,2023-12-01T09:00:00Z
PTR-00000484,NATUERLICH,Herr,,Martin,Schneider,,,,1976-07-24,M,CH,VERHEIRATET,B25,Mechanikerin / Mechaniker,False,de,CH,PRIVAT,2014-06-01,AKTIV,,false,true,pfefferminz,HAPO,HH-000267,false,2014-06-01T09:00:00Z,2014-06-01T09:00:00Z
PTR-00000485,NATUERLICH,Frau,,Meryem,Hassan,,,,1980-01-14,W,CH,VERHEIRATET,B02,Informatikerin / Informatiker,False,de,CH,PRIVAT,,AKTIV,,true,true,pfefferminz,HAPO,HH-000267,false,2025-12-31T09:00:00Z,2025-12-31T09:00:00Z
PTR-00000486,NATUERLICH,Frau,,Bettina,Imhof,,,,2007-09-28,W,ES,LEDIG,B35,Verwaltungsangestellte / Verwaltungsangestellter,False,de,CH,PRIVAT,2025-11-01,AKTIV,,true,false,pfefferminz,MINT,HH-000268,false,2025-11-01T09:00:00Z,2025-11-01T09:00:00Z
PTR-00000487,NATUERLICH,Frau,,Heike,Werner,,,,1965-11-20,W,DE,VERWITWET,B40,Selbständige Unternehmerin / Selbständiger Unternehmer,True,de,DE,PRIVAT,,AKTIV,,true,true,minzia,MINT,HH-000269,false,2025-12-31T09:00:00Z,2025-12-31T09:00:00Z
PTR-00000488,JURISTISCH,Firma,,,,Aller Verwaltungs UG (haftungsbeschränkt),Einzelfirma,HRB 63381,2017-05-01,UNBEKANNT,DE,UNBEKANNT,,,,de,DE,KMU,2025-11-01,AKTIV,,true,true,minzia,MINT,,false,2025-11-01T09:00:00Z,2025-11-01T09:00:00Z
PTR-00000489,NATUERLICH,Herr,,Fabian,Bieri,,,,1983-08-26,M,CH,LEDIG,B24,Hausfrau / Hausmann,False,de,CH,PRIVAT,2013-09-01,AKTIV,,false,true,pfefferminz,VERA,HH-000270,false,2013-09-01T09:00:00Z,2013-09-01T09:00:00Z
PTR-00000490,NATUERLICH,Herr,,Simon,Burkhalter,,,,1990-03-23,M,CH,VERHEIRATET,B01,Kaufmännische Angestellte / Kaufmännischer Angestellter,False,de,CH,PRIVAT,2014-03-01,AKTIV,,true,true,pfefferminz,HAPO,HH-000271,false,2014-03-01T09:00:00Z,2014-03-01T09:00:00Z
PTR-00000491,NATUERLICH,Frau,,Larissa,Walder,,,,1990-10-06,W,CH,VERHEIRATET,B21,Beraterin / Berater,True,de,CH,PRIVAT,,AKTIV,,false,true,pfefferminz,HAPO,HH-000271,false,2025-12-31T09:00:00Z,2025-12-31T09:00:00Z
PTR-00000492,NATUERLICH,Herr,,Patrick,Burkhalter,,,,2007-09-06,M,CH,LEDIG,B22,Studentin / Student,False,de,CH,PREMIUM,2025-12-01,AKTIV,,true,false,pfefferminz,MINT,HH-000271,false,2025-12-01T09:00:00Z,2025-12-01T09:00:00Z
PTR-00000493,NATUERLICH,Frau,,Lena,Burkhalter,,,,2007-03-26,W,CH,LEDIG,B22,Studentin / Student,False,de,CH,PRIVAT,,AKTIV,,true,false,pfefferminz,HAPO,HH-000271,false,2025-12-31T09:00:00Z,2025-12-31T09:00:00Z
PTR-00000494,NATUERLICH,Herr,,Samuel,Burkhalter,,,,2007-04-16,M,PT,LEDIG,B22,Studentin / Student,False,de,CH,PRIVAT,,AKTIV,,false,false,pfefferminz,HAPO,HH-000271,false,2025-12-31T09:00:00Z,2025-12-31T09:00:00Z
PTR-00000495,NATUERLICH,Frau,,Flurina,Yilmaz,,,,1987-07-08,W,CH,PARTNERSCHAFT,B35,Verwaltungsangestellte / Verwaltungsangestellter,False,de,CH,PRIVAT,2025-10-01,AKTIV,,false,false,pfefferminz,MINT,HH-000272,false,2025-10-01T09:00:00Z,2025-10-01T09:00:00Z
PTR-00000496,NATUERLICH,Herr,,Tobias,Yilmaz,,,,1981-03-02,M,CH,PARTNERSCHAFT,B01,Kaufmännische Angestellte / Kaufmännischer Angestellter,False,de,CH,PRIVAT,,AKTIV,,true,false,pfefferminz,HAPO,HH-000272,false,2025-12-31T09:00:00Z,2025-12-31T09:00:00Z
PTR-00000497,NATUERLICH,Frau,,Aisha,Yilmaz,,,,2007-06-12,W,CH,LEDIG,B22,Studentin / Student,False,de,CH,PRIVAT,,AKTIV,,false,true,pfefferminz,HAPO,HH-000272,false,2025-12-31T09:00:00Z,2025-12-31T09:00:00Z
PTR-00000498,NATUERLICH,Herr,,Tim,Yilmaz,,,,2007-11-08,M,CH,LEDIG,B10,Ingenieurin / Ingenieur,False,de,CH,PRIVAT,,AKTIV,,false,false,pfefferminz,HAPO,HH-000272,false,2025-12-31T09:00:00Z,2025-12-31T09:00:00Z
PTR-00000499,NATUERLICH,Herr,,Levin,Kälin,,,,2007-11-27,M,CH,LEDIG,B22,Studentin / Student,False,de,CH,PRIVAT,2025-12-01,AKTIV,,true,true,pfefferminz,MINT,HH-000273,false,2025-12-01T09:00:00Z,2025-12-01T09:00:00Z
PTR-00000500,NATUERLICH,Frau,,Ayşe,Fernandes,,,,1974-01-06,W,DE,PARTNERSCHAFT,B10,Ingenieurin / Ingenieur,False,de,DE,PRIVAT,2000-12-01,INAKTIV,,false,true,pfefferminz,VERA,HH-000274,false,2000-12-01T09:00:00Z,2000-12-01T09:00:00Z
PTR-00000501,NATUERLICH,Herr,,Lars,Bauer,,,,1970-02-15,M,DE,PARTNERSCHAFT,B07,Sanitärinstallateurin / Sanitärinstallateur,False,de,DE,PRIVAT,,AKTIV,,false,false,pfefferminz,HAPO,HH-000274,false,2025-12-31T09:00:00Z,2025-12-31T09:00:00Z
PTR-00000502,NATUERLICH,Herr,,Reto,Fischer,,,,1978-09-08,M,CH,VERHEIRATET,B22,Studentin / Student,False,de,CH,PRIVAT,2018-01-01,AKTIV,,true,false,pfefferminz,HAPO,HH-000275,false,2018-01-01T09:00:00Z,2018-01-01T09:00:00Z
PTR-00000503,NATUERLICH,Frau,,Meryem,Fischer,,,,1972-04-06,W,CH,VERHEIRATET,B01,Kaufmännische Angestellte / Kaufmännischer Angestellter,False,de,CH,PRIVAT,2013-10-01,INAKTIV,,false,false,pfefferminz,VERA,HH-000275,false,2013-10-01T09:00:00Z,2013-10-01T09:00:00Z
PTR-00000504,NATUERLICH,Frau,,Flurina,Fischer,,,,2007-07-11,W,CH,LEDIG,B17,Coiffeuse / Coiffeur,False,de,CH,PREMIUM,2025-08-01,AKTIV,,true,false,pfefferminz,MINT,HH-000275,false,2025-08-01T09:00:00Z,2025-08-01T09:00:00Z
PTR-00000505,NATUERLICH,Frau,,Flurina,Steiner,,,,2007-01-06,W,CH,LEDIG,B07,Sanitärinstallateurin / Sanitärinstallateur,False,de,CH,PRIVAT,,AKTIV,,true,false,pfefferminz,HAPO,HH-000275,false,2025-12-31T09:00:00Z,2025-12-31T09:00:00Z
PTR-00000506,NATUERLICH,Herr,,Daniel,Braun,,,,1981-06-08,M,DE,VERHEIRATET,B15,Köchin / Koch,False,de,DE,PRIVAT,2021-11-01,AKTIV,,false,true,minzia,MINT,HH-000276,false,2021-11-01T09:00:00Z,2021-11-01T09:00:00Z
PTR-00000507,NATUERLICH,Herr,,Sven,Friedrich,,,,1982-02-15,M,DE,VERHEIRATET,B01,Kaufmännische Angestellte / Kaufmännischer Angestellter,False,de,DE,PRIVAT,,AKTIV,,true,true,minzia,MINT,HH-000276,false,2025-12-31T09:00:00Z,2025-12-31T09:00:00Z
PTR-00000508,NATUERLICH,Herr,,Jürg,Schneider,,,,1966-10-22,M,CH,VERHEIRATET,B26,Logistikerin / Logistiker,False,de,CH,PRIVAT,2014-07-01,INAKTIV,,true,false,pfefferminz,HAPO,HH-000277,false,2014-07-01T09:00:00Z,2014-07-01T09:00:00Z
PTR-00000509,NATUERLICH,Frau,,Vreni,Meier,,,,1963-06-20,W,IT,VERHEIRATET,B04,Pflegefachfrau / Pflegefachmann,False,de,CH,PRIVAT,2006-05-01,INAKTIV,,true,true,pfefferminz,VERA,HH-000277,false,2006-05-01T09:00:00Z,2006-05-01T09:00:00Z
PTR-00000510,NATUERLICH,Frau,,Nina,Leuenberger,,,,2003-11-17,W,CH,VERHEIRATET,B10,Ingenieurin / Ingenieur,False,de,CH,PRIVAT,2025-04-01,AKTIV,,false,true,pfefferminz,MINT,HH-000278,false,2025-04-01T09:00:00Z,2025-04-01T09:00:00Z
PTR-00000511,NATUERLICH,Herr,,Ben,Frei,,,,2005-07-21,M,CH,VERHEIRATET,B22,Studentin / Student,False,de,CH,PRIVAT,2023-08-01,AKTIV,,true,false,pfefferminz,VERA,HH-000278,false,2023-08-01T09:00:00Z,2023-08-01T09:00:00Z
PTR-00000512,NATUERLICH,Herr,,Marco,Wagner,,,,1970-08-15,M,SY,PARTNERSCHAFT,B13,Treuhänderin / Treuhänder,False,de,DE,PRIVAT,2021-11-01,INAKTIV,,true,true,minzia,MINT,HH-000279,false,2021-11-01T09:00:00Z,2021-11-01T09:00:00Z
PTR-00000513,NATUERLICH,Herr,,Thomas,Christen,,,,1970-12-27,M,CH,VERHEIRATET,B23,Rentnerin / Rentner,False,de,CH,PRIVAT,2014-03-01,AKTIV,,true,false,pfefferminz,HAPO,HH-000280,false,2014-03-01T09:00:00Z,2014-03-01T09:00:00Z
PTR-00000514,NATUERLICH,Frau,,Katarzyna,Christen,,,,1968-06-23,W,CH,VERHEIRATET,B35,Verwaltungsangestellte / Verwaltungsangestellter,False,de,CH,PRIVAT,2002-04-01,INAKTIV,,false,true,pfefferminz,VERA,HH-000280,false,2002-04-01T09:00:00Z,2002-04-01T09:00:00Z
PTR-00000515,NATUERLICH,Herr,,Nikola,Christen,,,,2005-11-07,M,CH,LEDIG,B22,Studentin / Student,False,de,CH,PRIVAT,2024-08-01,AKTIV,,true,false,pfefferminz,VERA,HH-000280,false,2024-08-01T09:00:00Z,2024-08-01T09:00:00Z
PTR-00000516,NATUERLICH,Frau,,Larissa,Christen,,,,1995-05-05,W,CH,LEDIG,B12,Juristin / Jurist,True,de,CH,PRIVAT,,AKTIV,,true,false,pfefferminz,HAPO,HH-000280,false,2025-12-31T09:00:00Z,2025-12-31T09:00:00Z
PTR-00000517,NATUERLICH,Herr,,Matthias,Fischer,,,,1985-12-16,M,SY,GESCHIEDEN,B35,Verwaltungsangestellte / Verwaltungsangestellter,False,de,DE,PRIVAT,2022-02-01,AKTIV,,false,true,minzia,MINT,HH-000281,false,2022-02-01T09:00:00Z,2022-02-01T09:00:00Z
PTR-00000518,JURISTISCH,Firma,,,,Donau Textil AG,AG,HRB 62842,2000-12-01,UNBEKANNT,DE,UNBEKANNT,,,,de,DE,KMU,2025-03-01,AKTIV,,true,true,minzia,MINT,,false,2025-03-01T09:00:00Z,2025-03-01T09:00:00Z
PTR-00000519,NATUERLICH,Frau,,Ana,Çelik,,,,1980-03-04,W,DE,VERHEIRATET,B37,Kunstschaffende / Kunstschaffender,True,de,DE,PRIVAT,2014-09-01,INAKTIV,,true,true,pfefferminz,HAPO,HH-000283,false,2014-09-01T09:00:00Z,2014-09-01T09:00:00Z
PTR-00000520,NATUERLICH,Herr,,Matthias,Wagner,,,,1975-10-08,M,DE,VERHEIRATET,B03,Lehrerin / Lehrer,False,de,DE,PRIVAT,2005-05-01,AKTIV,,true,false,pfefferminz,VERA,HH-000284,false,2005-05-01T09:00:00Z,2005-05-01T09:00:00Z
PTR-00000521,NATUERLICH,Frau,,Heike,Wagner,,,,1981-10-24,W,DE,VERHEIRATET,B34,Sozialarbeiterin / Sozialarbeiter,False,de,DE,PRIVAT,,AKTIV,,true,true,pfefferminz,HAPO,HH-000284,false,2025-12-31T09:00:00Z,2025-12-31T09:00:00Z
PTR-00000522,NATUERLICH,Frau,,Jana,Lorenz,,,,1980-03-14,W,TR,VERHEIRATET,B26,Logistikerin / Logistiker,False,de,DE,PRIVAT,2006-11-01,INAKTIV,,false,false,pfefferminz,VERA,HH-000285,false,2006-11-01T09:00:00Z,2006-11-01T09:00:00Z
PTR-00000523,NATUERLICH,Herr,,Michael,Lorenz,,,,1981-09-20,M,DE,VERHEIRATET,B23,Rentnerin / Rentner,False,de,DE,PREMIUM,2015-11-01,AKTIV,,false,false,pfefferminz,VERA,HH-000285,false,2015-11-01T09:00:00Z,2015-11-01T09:00:00Z
PTR-00000524,NATUERLICH,Herr,,Pascal,Peter,,,,1988-09-17,M,CH,LEDIG,B23,Rentnerin / Rentner,False,de,CH,PRIVAT,2016-12-01,AKTIV,,false,false,pfefferminz,HAPO,HH-000286,false,2016-12-01T09:00:00Z,2016-12-01T09:00:00Z
PTR-00000525,NATUERLICH,Herr,,Goran,Demirci,,,,1965-04-12,M,DE,PARTNERSCHAFT,B40,Selbständige Unternehmerin / Selbständiger Unternehmer,True,de,DE,PRIVAT,2025-02-01,AKTIV,,true,false,pfefferminz,MINT,HH-000287,false,2025-02-01T09:00:00Z,2025-02-01T09:00:00Z
PTR-00000526,JURISTISCH,Firma,,,,Havelland Kinderkrippe KG,KG,HRB 36889,1997-04-01,UNBEKANNT,DE,UNBEKANNT,,,,de,DE,KMU,2017-07-01,AKTIV,,true,true,pfefferminz,HAPO,,false,2017-07-01T09:00:00Z,2017-07-01T09:00:00Z
PTR-00000527,NATUERLICH,Frau,,Anna,Thommen,,,,1991-01-08,W,CH,VERHEIRATET,B04,Pflegefachfrau / Pflegefachmann,False,de,CH,PRIVAT,2012-02-01,AKTIV,,false,true,pfefferminz,VERA,HH-000288,false,2012-02-01T09:00:00Z,2012-02-01T09:00:00Z
PTR-00000528,NATUERLICH,Herr,,Manuel,Thommen,,,,1987-10-22,M,CH,VERHEIRATET,B01,Kaufmännische Angestellte / Kaufmännischer Angestellter,False,de,CH,PRIVAT,2006-04-01,AKTIV,,false,false,pfefferminz,VERA,HH-000288,false,2006-04-01T09:00:00Z,2006-04-01T09:00:00Z
PTR-00000529,NATUERLICH,Herr,,Noah,Thommen,,,,2007-09-06,M,CH,LEDIG,B22,Studentin / Student,False,de,CH,PRIVAT,2025-10-01,AKTIV,,true,false,pfefferminz,MINT,HH-000288,false,2025-10-01T09:00:00Z,2025-10-01T09:00:00Z
PTR-00000530,NATUERLICH,Frau,,Andrea,Schmid,,,,1978-08-21,W,DE,LEDIG,B22,Studentin / Student,False,de,DE,PRIVAT,2024-08-01,AKTIV,,true,false,minzia,MINT,HH-000289,false,2024-08-01T09:00:00Z,2024-08-01T09:00:00Z
PTR-00000531,NATUERLICH,Frau,,Fabienne,Ulrich,,,,1996-10-06,W,AT,VERHEIRATET,B01,Kaufmännische Angestellte / Kaufmännischer Angestellter,False,de,CH,PRIVAT,2015-11-01,INAKTIV,,true,false,pfefferminz,HAPO,HH-000290,false,2015-11-01T09:00:00Z,2015-11-01T09:00:00Z
PTR-00000532,NATUERLICH,Herr,,Tobias,Ulrich,,,,1996-11-14,M,CH,VERHEIRATET,B02,Informatikerin / Informatiker,False,de,CH,PRIVAT,,AKTIV,,false,false,pfefferminz,HAPO,HH-000290,false,2025-12-31T09:00:00Z,2025-12-31T09:00:00Z
PTR-00000533,NATUERLICH,Herr,,Thomas,Lutz,,,,1968-02-11,M,DE,VERHEIRATET,B22,Studentin / Student,False,de,DE,PRIVAT,2004-04-01,AKTIV,,true,true,pfefferminz,VERA,HH-000291,false,2004-04-01T09:00:00Z,2004-04-01T09:00:00Z
PTR-00000534,NATUERLICH,Frau,,Julia,Pape,,,,1985-10-25,W,DE,VERWITWET,B15,Köchin / Koch,False,de,DE,PRIVAT,2022-08-01,AKTIV,,false,true,minzia,MINT,HH-000292,false,2022-08-01T09:00:00Z,2022-08-01T09:00:00Z
PTR-00000535,NATUERLICH,Herr,,Murat,Rodríguez,,,,1952-01-21,M,DE,VERHEIRATET,B23,Rentnerin / Rentner,False,fr,CH,PRIVAT,2001-11-01,AKTIV,,false,false,pfefferminz,VERA,HH-000293,false,2001-11-01T09:00:00Z,2001-11-01T09:00:00Z
PTR-00000536,NATUERLICH,Frau,,Claude,Rodríguez,,,,1949-03-16,W,CH,VERHEIRATET,B23,Rentnerin / Rentner,False,fr,CH,PRIVAT,,AKTIV,,true,false,pfefferminz,HAPO,HH-000293,false,2025-12-31T09:00:00Z,2025-12-31T09:00:00Z
PTR-00000537,NATUERLICH,Herr,,Holger,Wagner,,,,1970-03-15,M,DE,LEDIG,B28,Bankangestellte / Bankangestellter,False,de,DE,PRIVAT,2021-04-01,AKTIV,,true,false,minzia,MINT,HH-000294,false,2021-04-01T09:00:00Z,2021-04-01T09:00:00Z
PTR-00000538,NATUERLICH,Frau,,Manon,Morel,,,,2007-06-22,W,TR,LEDIG,B22,Studentin / Student,False,fr,CH,PREMIUM,2025-10-01,AKTIV,,false,true,pfefferminz,MINT,HH-000295,false,2025-10-01T09:00:00Z,2025-10-01T09:00:00Z
PTR-00000539,NATUERLICH,Frau,,Laura,Kühni,,,,1966-06-03,W,IT,GESCHIEDEN,B33,Apothekerin / Apotheker,False,de,CH,PRIVAT,2025-01-01,AKTIV,,true,true,minzia,MINT,HH-000296,false,2025-01-01T09:00:00Z,2025-01-01T09:00:00Z
PTR-00000540,NATUERLICH,Frau,,Anke,Schumacher,,,,1988-06-23,W,TR,LEDIG,B40,Selbständige Unternehmerin / Selbständiger Unternehmer,True,de,DE,PRIVAT,2006-07-01,INAKTIV,,true,false,pfefferminz,VERA,HH-000297,false,2006-07-01T09:00:00Z,2006-07-01T09:00:00Z
PTR-00000541,JURISTISCH,Firma,,,,Ostsee Garage GmbH & Co. KG,KG,HRB 34272,1991-01-01,UNBEKANNT,DE,UNBEKANNT,,,,de,DE,KMU,2017-06-01,AKTIV,,true,false,pfefferminz,HAPO,,false,2017-06-01T09:00:00Z,2017-06-01T09:00:00Z
PTR-00000542,NATUERLICH,Herr,,Luca,Meyer,,,,1990-06-03,M,IT,LEDIG,B09,Maurerin / Maurer,False,de,CH,PRIVAT,2015-03-01,AKTIV,,true,true,pfefferminz,HAPO,HH-000298,false,2015-03-01T09:00:00Z,2015-03-01T09:00:00Z
PTR-00000543,NATUERLICH,Herr,,Norbert,Beck,,,,1991-02-09,M,DE,VERHEIRATET,B10,Ingenieurin / Ingenieur,False,de,DE,PRIVAT,2021-05-01,AKTIV,,true,false,minzia,MINT,HH-000299,false,2021-05-01T09:00:00Z,2021-05-01T09:00:00Z
PTR-00000544,NATUERLICH,Frau,,Melanie,Beck,,,,1989-10-01,W,TR,VERHEIRATET,B10,Ingenieurin / Ingenieur,False,de,DE,PRIVAT,,AKTIV,,true,true,minzia,MINT,HH-000299,false,2025-12-31T09:00:00Z,2025-12-31T09:00:00Z
PTR-00000545,JURISTISCH,Firma,,,,Isar Treuhand GmbH,GmbH,HRB 73867,2011-03-01,UNBEKANNT,DE,UNBEKANNT,,,,de,DE,KMU,2025-09-01,AKTIV,,true,true,minzia,MINT,,false,2025-09-01T09:00:00Z,2025-09-01T09:00:00Z
PTR-00000546,NATUERLICH,,,Sébastien,Fontannaz,,,,1974-05-22,D,CH,VERHEIRATET,B04,Pflegefachfrau / Pflegefachmann,False,fr,CH,PRIVAT,2025-01-01,AKTIV,,false,true,minzia,MINT,HH-000301,false,2025-01-01T09:00:00Z,2025-01-01T09:00:00Z
PTR-00000547,NATUERLICH,Herr,,Théo,Fontannaz,,,,1976-10-13,M,ES,VERHEIRATET,B22,Studentin / Student,False,fr,CH,PRIVAT,,AKTIV,,true,true,minzia,MINT,HH-000301,false,2025-12-31T09:00:00Z,2025-12-31T09:00:00Z
PTR-00000548,NATUERLICH,Frau,,Jade,Fontannaz,,,,1998-10-01,W,CH,LEDIG,B13,Treuhänderin / Treuhänder,False,fr,CH,PRIVAT,,AKTIV,,false,true,minzia,MINT,HH-000301,false,2025-12-31T09:00:00Z,2025-12-31T09:00:00Z
PTR-00000549,NATUERLICH,Herr,,Roman,Rohrer,,,,1984-05-26,M,CH,PARTNERSCHAFT,B36,Gastwirtin / Gastwirt,False,de,CH,PRIVAT,2009-12-01,AKTIV,,true,false,pfefferminz,VERA,HH-000302,false,2009-12-01T09:00:00Z,2009-12-01T09:00:00Z
PTR-00000550,NATUERLICH,Frau,,Ladina,Rohrer,,,,1984-02-26,W,CH,PARTNERSCHAFT,B10,Ingenieurin / Ingenieur,False,de,CH,PRIVAT,2003-09-01,INAKTIV,,true,false,pfefferminz,VERA,HH-000302,false,2003-09-01T09:00:00Z,2003-09-01T09:00:00Z
PTR-00000551,NATUERLICH,Frau,,Nina,Rohrer,,,,2007-02-17,W,CH,LEDIG,B22,Studentin / Student,False,de,CH,PREMIUM,2025-09-01,AKTIV,,true,true,pfefferminz,MINT,HH-000302,false,2025-09-01T09:00:00Z,2025-09-01T09:00:00Z
PTR-00000552,NATUERLICH,Frau,,Fabienne,Rohrer,,,,2007-11-22,W,CH,LEDIG,B09,Maurerin / Maurer,False,de,CH,PRIVAT,,AKTIV,,true,false,pfefferminz,HAPO,HH-000302,false,2025-12-31T09:00:00Z,2025-12-31T09:00:00Z
PTR-00000553,NATUERLICH,Frau,,Svetlana,Tran,,,,1955-07-05,W,DE,LEDIG,B23,Rentnerin / Rentner,False,de,CH,PRIVAT,2025-02-01,AKTIV,,false,true,minzia,MINT,HH-000303,false,2025-02-01T09:00:00Z,2025-02-01T09:00:00Z
PTR-00000554,NATUERLICH,Herr,,Philipp,Huber,,,,1971-04-09,M,RS,VERHEIRATET,B05,Verkäuferin / Verkäufer,False,de,CH,PRIVAT,2002-04-01,AKTIV,,true,true,pfefferminz,VERA,HH-000304,false,2002-04-01T09:00:00Z,2002-04-01T09:00:00Z
PTR-00000555,NATUERLICH,Frau,,Sandra,Huber,,,,1970-10-05,W,CH,VERHEIRATET,B03,Lehrerin / Lehrer,False,de,CH,PRIVAT,1994-10-01,INAKTIV,,false,true,pfefferminz,VERA,HH-000304,false,1994-10-01T09:00:00Z,1994-10-01T09:00:00Z
PTR-00000556,NATUERLICH,Herr,,Pascal,Maurer,,,,1984-10-03,M,DE,VERHEIRATET,B14,Architektin / Architekt,False,de,CH,PRIVAT,2016-09-01,AKTIV,,true,true,pfefferminz,HAPO,HH-000305,false,2016-09-01T09:00:00Z,2016-09-01T09:00:00Z
PTR-00000557,NATUERLICH,Frau,,Emilia,Jung,,,,1990-01-26,W,TR,VERHEIRATET,B35,Verwaltungsangestellte / Verwaltungsangestellter,False,de,DE,PRIVAT,2021-10-01,AKTIV,,true,true,minzia,MINT,HH-000306,false,2021-10-01T09:00:00Z,2021-10-01T09:00:00Z
PTR-00000558,NATUERLICH,Frau,,Lisa,Wolf,,,,1971-05-01,W,DE,PARTNERSCHAFT,B31,Dachdeckerin / Dachdecker,False,de,DE,PRIVAT,2025-08-01,AKTIV,,false,false,pfefferminz,MINT,HH-000307,false,2025-08-01T09:00:00Z,2025-08-01T09:00:00Z
PTR-00000559,NATUERLICH,Herr,,Finn,Wolf,,,,1970-05-05,M,DE,PARTNERSCHAFT,B02,Informatikerin / Informatiker,False,de,DE,PREMIUM,2025-07-01,AKTIV,,true,false,pfefferminz,MINT,HH-000307,false,2025-07-01T09:00:00Z,2025-07-01T09:00:00Z
PTR-00000560,NATUERLICH,Herr,,Murat,Mayer,,,,1993-11-07,M,DE,GESCHIEDEN,B22,Studentin / Student,False,de,DE,PRIVAT,2021-07-01,AKTIV,,false,false,minzia,MINT,HH-000308,false,2021-07-01T09:00:00Z,2021-07-01T09:00:00Z
PTR-00000561,NATUERLICH,Herr,,Jérôme,Nicolet,,,,1975-11-01,M,CH,VERHEIRATET,B21,Beraterin / Berater,False,fr,CH,PRIVAT,2025-04-01,AKTIV,,true,false,minzia,MINT,HH-000309,false,2025-04-01T09:00:00Z,2025-04-01T09:00:00Z
PTR-00000562,NATUERLICH,Frau,,Martine,Mermoud,,,,1975-09-09,W,PT,VERHEIRATET,B03,Lehrerin / Lehrer,False,fr,CH,PRIVAT,2022-05-01,AKTIV,,true,false,minzia,MINT,HH-000309,false,2022-05-01T09:00:00Z,2022-05-01T09:00:00Z
PTR-00000563,NATUERLICH,Herr,,Volker,Kraus,,,,1957-03-08,M,DE,VERHEIRATET,B23,Rentnerin / Rentner,False,de,DE,PREMIUM,2016-01-01,AKTIV,,true,false,pfefferminz,HAPO,HH-000310,false,2016-01-01T09:00:00Z,2016-01-01T09:00:00Z
PTR-00000564,NATUERLICH,Frau,,Katrin,Kraus,,,,1963-01-06,W,DE,VERHEIRATET,B26,Logistikerin / Logistiker,True,de,DE,PRIVAT,,AKTIV,,true,false,pfefferminz,HAPO,HH-000310,false,2025-12-31T09:00:00Z,2025-12-31T09:00:00Z
PTR-00000565,NATUERLICH,Frau,,Christina,Hansen,,,,1987-08-23,W,CH,LEDIG,B05,Verkäuferin / Verkäufer,False,de,DE,PRIVAT,,AKTIV,,true,false,pfefferminz,HAPO,HH-000310,false,2025-12-31T09:00:00Z,2025-12-31T09:00:00Z
PTR-00000566,NATUERLICH,Frau,,Carla,Hassan,,,,1995-02-27,W,DE,VERHEIRATET,B14,Architektin / Architekt,False,de,DE,PRIVAT,2025-12-01,AKTIV,,false,false,pfefferminz,MINT,HH-000311,false,2025-12-01T09:00:00Z,2025-12-01T09:00:00Z
PTR-00000567,NATUERLICH,Herr,,Jonas,Stein,,,,1999-05-22,M,DE,VERHEIRATET,B35,Verwaltungsangestellte / Verwaltungsangestellter,False,de,DE,PREMIUM,2023-12-01,AKTIV,,false,false,pfefferminz,VERA,HH-000311,false,2023-12-01T09:00:00Z,2023-12-01T09:00:00Z
PTR-00000568,NATUERLICH,Frau,,Bettina,Horvat,,,,1967-12-22,W,CH,VERHEIRATET,B11,Ärztin / Arzt,False,de,CH,PRIVAT,2016-01-01,AKTIV,,true,true,pfefferminz,HAPO,HH-000312,false,2016-01-01T09:00:00Z,2016-01-01T09:00:00Z
PTR-00000569,NATUERLICH,Herr,,Beat,Horvat,,,,1968-08-18,M,CH,VERHEIRATET,B01,Kaufmännische Angestellte / Kaufmännischer Angestellter,False,de,CH,PRIVAT,2011-08-01,AKTIV,,false,false,pfefferminz,VERA,HH-000312,false,2011-08-01T09:00:00Z,2011-08-01T09:00:00Z
PTR-00000570,NATUERLICH,Herr,,Andreas,Schulz,,,,1988-02-06,M,DE,LEDIG,B22,Studentin / Student,False,de,DE,PRIVAT,2022-06-01,AKTIV,,false,true,minzia,MINT,HH-000313,false,2022-06-01T09:00:00Z,2022-06-01T09:00:00Z
PTR-00000571,NATUERLICH,Herr,,Hugo,Berthoud,,,,1990-12-28,M,CH,VERHEIRATET,B35,Verwaltungsangestellte / Verwaltungsangestellter,False,fr,CH,PRIVAT,2011-06-01,INAKTIV,,false,false,pfefferminz,HAPO,HH-000314,false,2011-06-01T09:00:00Z,2011-06-01T09:00:00Z
PTR-00000572,NATUERLICH,Frau,,Isabelle,Berthoud,,,,1989-10-08,W,CH,VERHEIRATET,B02,Informatikerin / Informatiker,False,fr,CH,PRIVAT,2014-08-01,INAKTIV,,true,false,pfefferminz,VERA,HH-000314,false,2014-08-01T09:00:00Z,2014-08-01T09:00:00Z
PTR-00000573,NATUERLICH,Frau,,Priska,Koch,,,,1988-05-03,W,CH,VERHEIRATET,B35,Verwaltungsangestellte / Verwaltungsangestellter,False,de,CH,PRIVAT,2007-09-01,AKTIV,,false,false,pfefferminz,VERA,HH-000315,false,2007-09-01T09:00:00Z,2007-09-01T09:00:00Z
PTR-00000574,NATUERLICH,Herr,,Lukas,Vetterli,,,,2004-08-16,M,CH,LEDIG,B08,Schreinerin / Schreiner,False,de,CH,PREMIUM,2025-02-01,AKTIV,,false,true,pfefferminz,MINT,HH-000316,false,2025-02-01T09:00:00Z,2025-02-01T09:00:00Z
PTR-00000575,NATUERLICH,Herr,,Dirk,Hoffmann,,,,1960-09-12,M,TR,PARTNERSCHAFT,B40,Selbständige Unternehmerin / Selbständiger Unternehmer,True,de,DE,PRIVAT,1995-09-01,INAKTIV,,false,true,pfefferminz,VERA,HH-000317,false,1995-09-01T09:00:00Z,1995-09-01T09:00:00Z
PTR-00000576,JURISTISCH,Firma,,,,Rhein Garage e.K.,e.K.,HRB 7789,2004-06-01,UNBEKANNT,DE,UNBEKANNT,,,,de,DE,KMU,2018-07-01,AKTIV,,true,false,pfefferminz,HAPO,,false,2018-07-01T09:00:00Z,2018-07-01T09:00:00Z
PTR-00000577,NATUERLICH,Herr,,Jonas,Schumacher,,,,1986-08-25,M,DE,GESCHIEDEN,B11,Ärztin / Arzt,True,de,DE,PRIVAT,2023-07-01,AKTIV,,false,false,minzia,MINT,HH-000318,false,2023-07-01T09:00:00Z,2023-07-01T09:00:00Z
PTR-00000578,NATUERLICH,Herr,,Thomas,Schneider,,,,1967-12-17,M,AT,VERHEIRATET,B40,Selbständige Unternehmerin / Selbständiger Unternehmer,True,de,CH,PREMIUM,2025-08-01,AKTIV,,true,false,pfefferminz,MINT,HH-000319,false,2025-08-01T09:00:00Z,2025-08-01T09:00:00Z
PTR-00000579,JURISTISCH,Firma,,,,Wasserfallen Physiotherapie AG,AG,CHE-499.375.824,2022-11-01,UNBEKANNT,CH,UNBEKANNT,,,,de,CH,KMU,2009-02-01,INAKTIV,,true,false,pfefferminz,HAPO,,false,2009-02-01T09:00:00Z,2009-02-01T09:00:00Z
PTR-00000580,NATUERLICH,Herr,,Florian,Günther,,,,1984-01-03,M,DE,VERHEIRATET,B23,Rentnerin / Rentner,False,de,DE,PRIVAT,2022-05-01,AKTIV,,true,false,minzia,MINT,HH-000320,false,2022-05-01T09:00:00Z,2022-05-01T09:00:00Z
PTR-00000581,NATUERLICH,Frau,,Annika,Neumann,,,,1981-12-20,W,DE,PARTNERSCHAFT,B06,Elektroinstallateurin / Elektroinstallateur,False,de,DE,PRIVAT,2017-05-01,AKTIV,,true,false,pfefferminz,HAPO,HH-000321,false,2017-05-01T09:00:00Z,2017-05-01T09:00:00Z
PTR-00000582,NATUERLICH,Herr,,Thomas,Richter,,,,1980-04-24,M,DE,LEDIG,B23,Rentnerin / Rentner,False,de,DE,PRIVAT,2021-12-01,AKTIV,,true,true,minzia,MINT,HH-000322,false,2021-12-01T09:00:00Z,2021-12-01T09:00:00Z
PTR-00000583,NATUERLICH,Herr,,Frédéric,Droz,,,,1970-05-06,M,DE,VERHEIRATET,B02,Informatikerin / Informatiker,False,fr,CH,PRIVAT,2002-10-01,AKTIV,,false,true,pfefferminz,VERA,HH-000323,false,2002-10-01T09:00:00Z,2002-10-01T09:00:00Z
PTR-00000584,NATUERLICH,Frau,,Océane,Droz,,,,1971-04-06,W,CH,VERHEIRATET,B35,Verwaltungsangestellte / Verwaltungsangestellter,False,fr,CH,PRIVAT,2022-11-01,INAKTIV,,true,true,pfefferminz,VERA,HH-000323,false,2022-11-01T09:00:00Z,2022-11-01T09:00:00Z
PTR-00000585,NATUERLICH,Frau,,Nathalie,Droz,,,,2007-08-11,W,CH,LEDIG,B22,Studentin / Student,False,fr,CH,PRIVAT,,AKTIV,,true,false,pfefferminz,HAPO,HH-000323,false,2025-12-31T09:00:00Z,2025-12-31T09:00:00Z
PTR-00000586,NATUERLICH,Herr,,Thomas,Matthey,,,,1996-02-22,M,XK,LEDIG,B27,Grafikerin / Grafiker,True,fr,CH,PRIVAT,2014-11-01,AKTIV,,true,true,pfefferminz,VERA,HH-000323,false,2014-11-01T09:00:00Z,2014-11-01T09:00:00Z
PTR-00000587,NATUERLICH,Frau,,Simone,Spörri,,,,1984-11-27,W,CH,LEDIG,B40,Selbständige Unternehmerin / Selbständiger Unternehmer,True,de,CH,PRIVAT,,AKTIV,,true,true,pfefferminz,HAPO,HH-000324,false,2025-12-31T09:00:00Z,2025-12-31T09:00:00Z
PTR-00000588,JURISTISCH,Firma,,,,Mittelland Metzgerei AG,AG,CHE-499.150.722,2022-06-01,UNBEKANNT,CH,UNBEKANNT,,,,de,CH,KMU,2018-05-01,AKTIV,,true,false,pfefferminz,HAPO,,false,2018-05-01T09:00:00Z,2018-05-01T09:00:00Z
PTR-00000589,NATUERLICH,Frau,,Anke,Krüger,,,,1978-08-27,W,DE,VERHEIRATET,B40,Selbständige Unternehmerin / Selbständiger Unternehmer,True,de,DE,PREMIUM,2004-09-01,AKTIV,,true,false,pfefferminz,VERA,HH-000325,false,2004-09-01T09:00:00Z,2004-09-01T09:00:00Z
PTR-00000590,JURISTISCH,Firma,,,,Taunus Kinderkrippe GmbH & Co. KG,KG,HRB 64845,2011-09-01,UNBEKANNT,DE,UNBEKANNT,,,,de,DE,KMU,2012-12-01,AKTIV,,true,true,pfefferminz,HAPO,,false,2012-12-01T09:00:00Z,2012-12-01T09:00:00Z
PTR-00000591,NATUERLICH,Frau,,Chloé,Blanc,,,,1977-04-05,W,IT,PARTNERSCHAFT,B13,Treuhänderin / Treuhänder,True,fr,CH,PREMIUM,2010-11-01,AKTIV,,false,true,pfefferminz,VERA,HH-000326,false,2010-11-01T09:00:00Z,2010-11-01T09:00:00Z
PTR-00000592,NATUERLICH,Herr,,Cédric,Blanc,,,,1972-06-17,M,FR,PARTNERSCHAFT,B09,Maurerin / Maurer,False,fr,CH,PRIVAT,,AKTIV,,false,true,pfefferminz,HAPO,HH-000326,false,2025-12-31T09:00:00Z,2025-12-31T09:00:00Z
PTR-00000593,NATUERLICH,Herr,,Théo,Blanc,,,,2007-01-13,M,CH,LEDIG,B22,Studentin / Student,False,fr,CH,PRIVAT,,AKTIV,,true,true,pfefferminz,HAPO,HH-000326,false,2025-12-31T09:00:00Z,2025-12-31T09:00:00Z
PTR-00000594,NATUERLICH,Frau,,Chantal,Bovet,,,,1967-03-14,W,CH,LEDIG,B08,Schreinerin / Schreiner,False,fr,CH,PRIVAT,2015-07-01,INAKTIV,,true,true,pfefferminz,HAPO,HH-000327,false,2015-07-01T09:00:00Z,2015-07-01T09:00:00Z
PTR-00000595,NATUERLICH,Frau,,Nadine,Lorenz,,,,1991-10-02,W,DE,PARTNERSCHAFT,B23,Rentnerin / Rentner,False,de,DE,PRIVAT,2011-08-01,AKTIV,,false,true,pfefferminz,HAPO,HH-000328,false,2011-08-01T09:00:00Z,2011-08-01T09:00:00Z
PTR-00000596,NATUERLICH,Herr,,Elias,Lorenz,,,,1995-09-20,M,DE,PARTNERSCHAFT,B07,Sanitärinstallateurin / Sanitärinstallateur,False,de,DE,PRIVAT,2025-09-01,AKTIV,,false,true,pfefferminz,MINT,HH-000328,false,2025-09-01T09:00:00Z,2025-09-01T09:00:00Z
PTR-00000597,NATUERLICH,Frau,,Priya,Lorenz,,,,2007-08-17,W,DE,LEDIG,B31,Dachdeckerin / Dachdecker,False,de,DE,PRIVAT,2025-10-01,AKTIV,,false,false,pfefferminz,MINT,HH-000328,false,2025-10-01T09:00:00Z,2025-10-01T09:00:00Z
PTR-00000598,NATUERLICH,Herr,,Niklas,Winkler,,,,2007-01-12,M,DE,LEDIG,B03,Lehrerin / Lehrer,False,de,DE,PRIVAT,2025-03-01,AKTIV,,false,false,pfefferminz,MINT,HH-000328,false,2025-03-01T09:00:00Z,2025-03-01T09:00:00Z
PTR-00000599,NATUERLICH,Frau,,Agnieszka,Silva,,,,1977-12-04,W,CH,GESCHIEDEN,B01,Kaufmännische Angestellte / Kaufmännischer Angestellter,False,de,CH,PRIVAT,1996-01-01,AKTIV,,true,false,pfefferminz,VERA,HH-000329,false,1996-01-01T09:00:00Z,1996-01-01T09:00:00Z
PTR-00000600,NATUERLICH,Frau,,Sara,Rudolf,,,,1965-07-12,W,CH,VERHEIRATET,B05,Verkäuferin / Verkäufer,False,de,CH,PRIVAT,2012-06-01,AKTIV,,true,false,pfefferminz,HAPO,HH-000330,false,2012-06-01T09:00:00Z,2012-06-01T09:00:00Z
PTR-00000601,NATUERLICH,Herr,,Roger,Bader,,,,1965-05-15,M,CH,VERHEIRATET,B03,Lehrerin / Lehrer,False,de,CH,PRIVAT,,AKTIV,,false,false,pfefferminz,HAPO,HH-000330,false,2025-12-31T09:00:00Z,2025-12-31T09:00:00Z
PTR-00000602,NATUERLICH,Herr,,David,Rudolf,,,,2000-08-28,M,CH,LEDIG,B36,Gastwirtin / Gastwirt,True,de,CH,PRIVAT,2022-12-01,AKTIV,,true,true,pfefferminz,VERA,HH-000330,false,2022-12-01T09:00:00Z,2022-12-01T09:00:00Z
PTR-00000603,NATUERLICH,Frau,,Fabienne,Rudolf,,,,1989-11-03,W,CH,LEDIG,B30,Forstwartin / Forstwart,False,de,CH,PRIVAT,2007-12-01,AKTIV,,false,false,pfefferminz,VERA,HH-000330,false,2007-12-01T09:00:00Z,2007-12-01T09:00:00Z
PTR-00000604,NATUERLICH,Frau,,Selina,Wyss,,,,1975-11-02,W,CH,VERHEIRATET,B23,Rentnerin / Rentner,False,de,CH,PRIVAT,2015-06-01,AKTIV,,true,true,pfefferminz,HAPO,HH-000331,false,2015-06-01T09:00:00Z,2015-06-01T09:00:00Z
PTR-00000605,NATUERLICH,Frau,,Selina,Gerber,,,,2004-12-18,W,CH,LEDIG,B22,Studentin / Student,False,de,CH,PRIVAT,2025-04-01,AKTIV,,false,false,pfefferminz,MINT,HH-000332,false,2025-04-01T09:00:00Z,2025-04-01T09:00:00Z
PTR-00000606,NATUERLICH,Herr,,Kevin,Schmidt,,,,1987-08-28,M,DE,LEDIG,B01,Kaufmännische Angestellte / Kaufmännischer Angestellter,False,de,DE,PRIVAT,2021-06-01,AKTIV,,false,true,minzia,MINT,HH-000333,false,2021-06-01T09:00:00Z,2021-06-01T09:00:00Z
PTR-00000607,NATUERLICH,Herr,,Andreas,Stoll,,,,1967-12-15,M,CH,VERWITWET,B04,Pflegefachfrau / Pflegefachmann,False,de,CH,PRIVAT,2025-09-01,AKTIV,,false,true,minzia,MINT,HH-000334,false,2025-09-01T09:00:00Z,2025-09-01T09:00:00Z
PTR-00000608,NATUERLICH,Herr,,Frédéric,Golay,,,,1974-10-16,M,CH,VERHEIRATET,B02,Informatikerin / Informatiker,False,fr,CH,PRIVAT,2003-04-01,AKTIV,,true,false,pfefferminz,VERA,HH-000335,false,2003-04-01T09:00:00Z,2003-04-01T09:00:00Z
PTR-00000609,NATUERLICH,Frau,,Sandrine,Golay,,,,1970-03-07,W,CH,VERHEIRATET,B10,Ingenieurin / Ingenieur,False,fr,CH,PRIVAT,1992-10-01,INAKTIV,,true,false,pfefferminz,VERA,HH-000335,false,1992-10-01T09:00:00Z,1992-10-01T09:00:00Z
PTR-00000610,NATUERLICH,Frau,,Brigitte,Nikolić,,,,1958-06-22,W,DE,GESCHIEDEN,B23,Rentnerin / Rentner,False,de,DE,PRIVAT,2024-06-01,AKTIV,,false,true,minzia,MINT,HH-000336,false,2024-06-01T09:00:00Z,2024-06-01T09:00:00Z
PTR-00000611,NATUERLICH,Frau,,Esther,Fischer,,,,1964-11-22,W,IT,VERHEIRATET,B16,Chauffeuse / Chauffeur,False,de,CH,PRIVAT,1997-09-01,AKTIV,,true,false,pfefferminz,VERA,HH-000337,false,1997-09-01T09:00:00Z,1997-09-01T09:00:00Z
PTR-00000612,NATUERLICH,Herr,,Hanspeter,Brunner,,,,1963-03-19,M,DE,VERHEIRATET,B25,Mechanikerin / Mechaniker,False,de,CH,PRIVAT,2023-03-01,AKTIV,,false,false,pfefferminz,VERA,HH-000337,false,2023-03-01T09:00:00Z,2023-03-01T09:00:00Z
PTR-00000613,NATUERLICH,Herr,,Jean,Mermoud,,,,1952-08-10,M,CH,VERHEIRATET,B23,Rentnerin / Rentner,False,fr,CH,PRIVAT,2014-07-01,AKTIV,,true,false,pfefferminz,HAPO,HH-000338,false,2014-07-01T09:00:00Z,2014-07-01T09:00:00Z
PTR-00000614,NATUERLICH,Frau,,Chantal,Mottier,,,,1954-08-27,W,DE,VERHEIRATET,B23,Rentnerin / Rentner,False,fr,CH,PRIVAT,,AKTIV,,true,false,pfefferminz,HAPO,HH-000338,false,2025-12-31T09:00:00Z,2025-12-31T09:00:00Z
PTR-00000615,NATUERLICH,Herr,,Maxime,Fournier,,,,1983-09-26,M,CH,LEDIG,B07,Sanitärinstallateurin / Sanitärinstallateur,False,fr,CH,PRIVAT,,AKTIV,,true,true,pfefferminz,HAPO,HH-000338,false,2025-12-31T09:00:00Z,2025-12-31T09:00:00Z
PTR-00000616,NATUERLICH,Frau,,Regula,Hess,,,,1961-08-26,W,CH,VERWITWET,B09,Maurerin / Maurer,False,de,CH,PREMIUM,2016-09-01,AKTIV,,false,false,pfefferminz,HAPO,HH-000339,false,2016-09-01T09:00:00Z,2016-09-01T09:00:00Z
PTR-00000617,NATUERLICH,Frau,,Lena,Heiniger,,,,1986-11-20,W,CH,PARTNERSCHAFT,B40,Selbständige Unternehmerin / Selbständiger Unternehmer,True,de,CH,PRIVAT,2022-07-01,AKTIV,,false,true,pfefferminz,VERA,HH-000340,false,2022-07-01T09:00:00Z,2022-07-01T09:00:00Z
PTR-00000618,JURISTISCH,Firma,,,,Limmat Apotheke GmbH,GmbH,CHE-499.082.463,2001-12-01,UNBEKANNT,CH,UNBEKANNT,,,,fr,CH,KMU,2008-04-01,AKTIV,,true,false,pfefferminz,HAPO,,false,2008-04-01T09:00:00Z,2008-04-01T09:00:00Z
PTR-00000619,NATUERLICH,Herr,,Rolf,Frei,,,,1960-08-27,M,CH,VERHEIRATET,B23,Rentnerin / Rentner,False,de,CH,PREMIUM,2013-10-01,AKTIV,,true,true,pfefferminz,VERA,HH-000341,false,2013-10-01T09:00:00Z,2013-10-01T09:00:00Z
PTR-00000620,NATUERLICH,Frau,,Corinne,Frei,,,,1962-11-22,W,DE,VERHEIRATET,B05,Verkäuferin / Verkäufer,False,de,CH,PREMIUM,2009-10-01,AKTIV,,false,true,pfefferminz,VERA,HH-000341,false,2009-10-01T09:00:00Z,2009-10-01T09:00:00Z
PTR-00000621,NATUERLICH,Herr,Dr.,Yannick,Frei,,,,1991-10-18,M,CH,LEDIG,B11,Ärztin / Arzt,False,de,CH,PRIVAT,2012-02-01,AKTIV,,false,false,pfefferminz,VERA,HH-000341,false,2012-02-01T09:00:00Z,2012-02-01T09:00:00Z
PTR-00000622,NATUERLICH,Herr,,Cyrill,Kuhn,,,,1992-01-04,M,CH,LEDIG,B01,Kaufmännische Angestellte / Kaufmännischer Angestellter,False,de,CH,PRIVAT,,AKTIV,,true,false,pfefferminz,HAPO,HH-000341,false,2025-12-31T09:00:00Z,2025-12-31T09:00:00Z
PTR-00000623,NATUERLICH,Herr,,Noah,Keller,,,,1994-02-19,M,DE,LEDIG,B03,Lehrerin / Lehrer,False,de,CH,PRIVAT,,AKTIV,,true,true,pfefferminz,HAPO,HH-000341,false,2025-12-31T09:00:00Z,2025-12-31T09:00:00Z
PTR-00000624,NATUERLICH,Herr,,Carlos,Fernandes,,,,1987-08-10,M,DE,VERHEIRATET,B23,Rentnerin / Rentner,False,fr,CH,PRIVAT,2006-09-01,AKTIV,,true,false,pfefferminz,VERA,HH-000342,false,2006-09-01T09:00:00Z,2006-09-01T09:00:00Z
PTR-00000625,NATUERLICH,Frau,,Océane,Henchoz,,,,1983-01-17,W,CH,VERHEIRATET,B05,Verkäuferin / Verkäufer,False,fr,CH,PRIVAT,2016-04-01,INAKTIV,,false,true,pfefferminz,VERA,HH-000342,false,2016-04-01T09:00:00Z,2016-04-01T09:00:00Z
PTR-00000626,NATUERLICH,Frau,,Fabienne,Lehmann,,,,1980-01-23,W,DE,VERHEIRATET,B02,Informatikerin / Informatiker,False,de,CH,PRIVAT,2005-07-01,AKTIV,,false,false,pfefferminz,VERA,HH-000343,false,2005-07-01T09:00:00Z,2005-07-01T09:00:00Z
PTR-00000627,NATUERLICH,Herr,,Daniel,Köhler,,,,1998-11-06,M,DE,VERHEIRATET,B35,Verwaltungsangestellte / Verwaltungsangestellter,False,de,DE,PRIVAT,2023-09-01,AKTIV,,true,true,minzia,MINT,HH-000344,false,2023-09-01T09:00:00Z,2023-09-01T09:00:00Z
PTR-00000628,NATUERLICH,Frau,,Katharina,Möller,,,,1992-05-21,W,TR,VERHEIRATET,B08,Schreinerin / Schreiner,False,de,DE,PRIVAT,,AKTIV,,true,true,minzia,MINT,HH-000344,false,2025-12-31T09:00:00Z,2025-12-31T09:00:00Z
PTR-00000629,NATUERLICH,Frau,,Manuela,Seidel,,,,1990-03-12,W,DE,VERHEIRATET,B07,Sanitärinstallateurin / Sanitärinstallateur,False,de,DE,PRIVAT,2021-11-01,AKTIV,,true,false,minzia,MINT,HH-000345,false,2021-11-01T09:00:00Z,2021-11-01T09:00:00Z
PTR-00000630,NATUERLICH,Herr,,Sebastian,Wegner,,,,1963-06-16,M,DE,VERHEIRATET,B22,Studentin / Student,False,de,DE,PREMIUM,2014-06-01,AKTIV,,false,false,pfefferminz,HAPO,HH-000346,false,2014-06-01T09:00:00Z,2014-06-01T09:00:00Z
PTR-00000631,NATUERLICH,Herr,,Volker,Pape,,,,1966-07-06,M,DE,VERHEIRATET,B01,Kaufmännische Angestellte / Kaufmännischer Angestellter,False,de,DE,PRIVAT,1999-08-01,INAKTIV,,false,false,pfefferminz,VERA,HH-000346,false,1999-08-01T09:00:00Z,1999-08-01T09:00:00Z
PTR-00000632,NATUERLICH,Frau,,Christina,Schreiber,,,,1978-02-03,W,DE,PARTNERSCHAFT,B03,Lehrerin / Lehrer,False,de,DE,PRIVAT,2005-11-01,AKTIV,,true,true,pfefferminz,HAPO,HH-000347,false,2005-11-01T09:00:00Z,2005-11-01T09:00:00Z
PTR-00000633,NATUERLICH,Herr,,Björn,Schreiber,,,,1974-02-05,M,DE,PARTNERSCHAFT,B10,Ingenieurin / Ingenieur,False,de,DE,PREMIUM,2015-10-01,AKTIV,,false,true,pfefferminz,VERA,HH-000347,false,2015-10-01T09:00:00Z,2015-10-01T09:00:00Z
PTR-00000634,NATUERLICH,Frau,,Hanna,Schreiber,,,,2007-01-01,W,GR,LEDIG,B22,Studentin / Student,False,de,DE,PRIVAT,,AKTIV,,false,true,pfefferminz,HAPO,HH-000347,false,2025-12-31T09:00:00Z,2025-12-31T09:00:00Z
PTR-00000635,NATUERLICH,Herr,,Noah,Schreiber,,,,2006-04-13,M,PL,LEDIG,B22,Studentin / Student,False,de,DE,PRIVAT,,AKTIV,,false,false,pfefferminz,HAPO,HH-000347,false,2025-12-31T09:00:00Z,2025-12-31T09:00:00Z
PTR-00000636,NATUERLICH,Frau,,Sabine,Schulze,,,,1959-10-21,W,DE,VERHEIRATET,B23,Rentnerin / Rentner,False,de,DE,PRIVAT,2022-06-01,AKTIV,,false,true,minzia,MINT,HH-000348,false,2022-06-01T09:00:00Z,2022-06-01T09:00:00Z
PTR-00000637,NATUERLICH,Frau,,Jessica,Schmid,,,,1980-10-16,W,DE,VERHEIRATET,B11,Ärztin / Arzt,False,de,DE,PRIVAT,2021-11-01,INAKTIV,,true,true,minzia,MINT,HH-000349,false,2021-11-01T09:00:00Z,2021-11-01T09:00:00Z
PTR-00000638,NATUERLICH,Herr,,Holger,Hoffmann,,,,1979-09-25,M,DE,VERHEIRATET,B28,Bankangestellte / Bankangestellter,False,de,DE,PRIVAT,,AKTIV,,false,false,minzia,MINT,HH-000349,false,2025-12-31T09:00:00Z,2025-12-31T09:00:00Z
PTR-00000639,NATUERLICH,Frau,,Nicole,Schmid,,,,2007-04-04,W,DE,LEDIG,B22,Studentin / Student,False,de,DE,PRIVAT,,AKTIV,,false,true,minzia,MINT,HH-000349,false,2025-12-31T09:00:00Z,2025-12-31T09:00:00Z
PTR-00000640,NATUERLICH,Herr,,Bruno,Marbach,,,,1959-12-09,M,DE,VERHEIRATET,B23,Rentnerin / Rentner,False,de,CH,PRIVAT,2021-11-01,AKTIV,,false,true,minzia,MINT,HH-000350,false,2021-11-01T09:00:00Z,2021-11-01T09:00:00Z
PTR-00000641,NATUERLICH,Frau,,Verena,Marbach,,,,1961-12-17,W,CH,VERHEIRATET,B07,Sanitärinstallateurin / Sanitärinstallateur,False,de,CH,PRIVAT,,AKTIV,,false,true,minzia,MINT,HH-000350,false,2025-12-31T09:00:00Z,2025-12-31T09:00:00Z
PTR-00000642,NATUERLICH,Herr,,Dragan,Da Silva,,,,1950-07-10,M,DE,VERHEIRATET,B23,Rentnerin / Rentner,False,de,DE,PRIVAT,1996-04-01,INAKTIV,,false,true,pfefferminz,VERA,HH-000351,false,1996-04-01T09:00:00Z,1996-04-01T09:00:00Z
PTR-00000643,NATUERLICH,Frau,,Jennifer,Schulze,,,,1986-07-14,W,IT,VERHEIRATET,B06,Elektroinstallateurin / Elektroinstallateur,False,de,DE,PRIVAT,2018-11-01,AKTIV,,true,false,pfefferminz,HAPO,HH-000352,false,2018-11-01T09:00:00Z,2018-11-01T09:00:00Z
PTR-00000644,NATUERLICH,Herr,,Lukas,Sommer,,,,1980-06-20,M,DE,VERHEIRATET,B22,Studentin / Student,False,de,DE,PREMIUM,2015-03-01,AKTIV,,true,false,pfefferminz,VERA,HH-000352,false,2015-03-01T09:00:00Z,2015-03-01T09:00:00Z
PTR-00000645,NATUERLICH,Frau,,Charlotte,Schulze,,,,2007-06-21,W,DE,LEDIG,B02,Informatikerin / Informatiker,False,de,DE,PRIVAT,,AKTIV,,false,true,pfefferminz,HAPO,HH-000352,false,2025-12-31T09:00:00Z,2025-12-31T09:00:00Z
PTR-00000646,NATUERLICH,Herr,,Paul,Schulze,,,,2007-09-23,M,DE,LEDIG,B22,Studentin / Student,False,de,DE,PRIVAT,,AKTIV,,true,true,pfefferminz,HAPO,HH-000352,false,2025-12-31T09:00:00Z,2025-12-31T09:00:00Z
PTR-00000647,NATUERLICH,Frau,,Lea,Rudolf,,,,2007-04-04,W,CH,LEDIG,B35,Verwaltungsangestellte / Verwaltungsangestellter,False,de,CH,PRIVAT,2025-05-01,AKTIV,,false,false,pfefferminz,MINT,HH-000353,false,2025-05-01T09:00:00Z,2025-05-01T09:00:00Z
PTR-00000648,NATUERLICH,Frau,,Anja,Wolf,,,,1972-07-06,W,DE,PARTNERSCHAFT,B01,Kaufmännische Angestellte / Kaufmännischer Angestellter,False,de,DE,PRIVAT,2020-09-01,AKTIV,,false,true,pfefferminz,HAPO,HH-000354,false,2020-09-01T09:00:00Z,2020-09-01T09:00:00Z
PTR-00000649,NATUERLICH,Frau,,Susanne,Thomas,,,,1970-04-22,W,PL,PARTNERSCHAFT,B25,Mechanikerin / Mechaniker,False,de,DE,PRIVAT,2013-04-01,INAKTIV,,true,true,pfefferminz,VERA,HH-000354,false,2013-04-01T09:00:00Z,2013-04-01T09:00:00Z
PTR-00000650,NATUERLICH,Frau,,Annika,Mansour,,,,1981-11-27,W,DE,LEDIG,B25,Mechanikerin / Mechaniker,False,de,DE,PRIVAT,2022-06-01,AKTIV,,true,true,minzia,MINT,HH-000355,false,2022-06-01T09:00:00Z,2022-06-01T09:00:00Z
PTR-00000651,NATUERLICH,Frau,,Heike,Lehmann,,,,1983-04-25,W,DE,PARTNERSCHAFT,B01,Kaufmännische Angestellte / Kaufmännischer Angestellter,False,de,DE,PRIVAT,2021-02-01,INAKTIV,,true,true,minzia,MINT,HH-000356,false,2021-02-01T09:00:00Z,2021-02-01T09:00:00Z
PTR-00000652,NATUERLICH,Herr,,Frédéric,Rey,,,,1963-11-05,M,CH,VERHEIRATET,B40,Selbständige Unternehmerin / Selbständiger Unternehmer,True,fr,CH,PRIVAT,2004-05-01,INAKTIV,,true,false,pfefferminz,VERA,HH-000357,false,2004-05-01T09:00:00Z,2004-05-01T09:00:00Z
PTR-00000653,JURISTISCH,Firma,,,,Solothurn-West Zimmerei Sagl,Sagl,CHE-499.555.496,2016-01-01,UNBEKANNT,CH,UNBEKANNT,,,,de,CH,KMU,2001-01-01,AKTIV,,true,true,pfefferminz,HAPO,,false,2001-01-01T09:00:00Z,2001-01-01T09:00:00Z
PTR-00000654,NATUERLICH,Herr,,Frédéric,Cuendet,,,,1989-01-19,M,CH,VERHEIRATET,B35,Verwaltungsangestellte / Verwaltungsangestellter,False,fr,CH,PRIVAT,2025-10-01,AKTIV,,true,true,minzia,MINT,HH-000358,false,2025-10-01T09:00:00Z,2025-10-01T09:00:00Z
PTR-00000655,NATUERLICH,Frau,,Gabriele,Schmitt,,,,1962-03-14,W,DE,LEDIG,B40,Selbständige Unternehmerin / Selbständiger Unternehmer,True,de,DE,PRIVAT,,AKTIV,,false,false,minzia,MINT,HH-000359,false,2025-12-31T09:00:00Z,2025-12-31T09:00:00Z
PTR-00000656,JURISTISCH,Firma,,,,Rhein Gastro GmbH,GmbH,HRB 84613,2012-04-01,UNBEKANNT,DE,UNBEKANNT,,,,de,DE,KMU,2025-01-01,AKTIV,,false,true,minzia,MINT,,false,2025-01-01T09:00:00Z,2025-01-01T09:00:00Z
PTR-00000657,NATUERLICH,Frau,,Simone,Moser,,,,1971-06-04,W,IT,VERHEIRATET,B04,Pflegefachfrau / Pflegefachmann,False,de,CH,PRIVAT,2025-09-01,AKTIV,,true,false,pfefferminz,MINT,HH-000360,false,2025-09-01T09:00:00Z,2025-09-01T09:00:00Z
PTR-00000658,NATUERLICH,Herr,,David,Moser,,,,1967-12-13,M,DE,VERHEIRATET,B23,Rentnerin / Rentner,False,de,CH,PRIVAT,2011-07-01,AKTIV,,false,false,pfefferminz,VERA,HH-000360,false,2011-07-01T09:00:00Z,2011-07-01T09:00:00Z
PTR-00000659,NATUERLICH,Frau,,Noemi,Moser,,,,1998-03-11,W,CH,LEDIG,B04,Pflegefachfrau / Pflegefachmann,False,de,CH,PRIVAT,,AKTIV,,true,false,pfefferminz,HAPO,HH-000360,false,2025-12-31T09:00:00Z,2025-12-31T09:00:00Z
PTR-00000660,NATUERLICH,Frau,,Ute,Wieczorek,,,,1964-03-04,W,DE,VERHEIRATET,B03,Lehrerin / Lehrer,False,de,DE,PRIVAT,2021-03-01,AKTIV,,false,true,minzia,MINT,HH-000361,false,2021-03-01T09:00:00Z,2021-03-01T09:00:00Z
PTR-00000661,NATUERLICH,Herr,,Flurin,Tanner,,,,1997-02-08,M,CH,VERHEIRATET,B03,Lehrerin / Lehrer,False,de,CH,PRIVAT,2019-02-01,INAKTIV,,false,false,pfefferminz,HAPO,HH-000362,false,2019-02-01T09:00:00Z,2019-02-01T09:00:00Z
PTR-00000662,NATUERLICH,Herr,,David,Amrein,,,,1993-05-07,M,IT,VERHEIRATET,B06,Elektroinstallateurin / Elektroinstallateur,False,de,CH,PREMIUM,2018-02-01,AKTIV,,true,false,pfefferminz,VERA,HH-000362,false,2018-02-01T09:00:00Z,2018-02-01T09:00:00Z
PTR-00000663,NATUERLICH,Frau,,Karin,Spörri,,,,1976-07-10,W,CH,VERHEIRATET,B40,Selbständige Unternehmerin / Selbständiger Unternehmer,True,de,CH,PRIVAT,2014-10-01,INAKTIV,,false,true,pfefferminz,VERA,HH-000363,false,2014-10-01T09:00:00Z,2014-10-01T09:00:00Z
PTR-00000664,JURISTISCH,Firma,,,,Jura Beratung GmbH,GmbH,CHE-499.507.356,2002-03-01,UNBEKANNT,CH,UNBEKANNT,,,,de,CH,KMU,2016-02-01,INAKTIV,,true,true,pfefferminz,HAPO,,false,2016-02-01T09:00:00Z,2016-02-01T09:00:00Z
PTR-00000665,NATUERLICH,Frau,,Laura,Kaya,,,,1983-03-22,W,CH,VERHEIRATET,B01,Kaufmännische Angestellte / Kaufmännischer Angestellter,False,de,CH,PRIVAT,2001-08-01,AKTIV,,false,false,pfefferminz,VERA,HH-000364,false,2001-08-01T09:00:00Z,2001-08-01T09:00:00Z
PTR-00000666,NATUERLICH,Frau,,Fabienne,Koch,,,,1989-09-26,W,CH,VERHEIRATET,B23,Rentnerin / Rentner,False,de,CH,PRIVAT,2018-05-01,AKTIV,,true,false,pfefferminz,VERA,HH-000364,false,2018-05-01T09:00:00Z,2018-05-01T09:00:00Z
PTR-00000667,NATUERLICH,Frau,,Corinne,Kaya,,,,2007-10-21,W,CH,LEDIG,B22,Studentin / Student,False,de,CH,PRIVAT,2025-11-01,AKTIV,,false,true,pfefferminz,MINT,HH-000364,false,2025-11-01T09:00:00Z,2025-11-01T09:00:00Z
PTR-00000668,NATUERLICH,Herr,,Ben,Kaya,,,,2007-12-16,M,CH,LEDIG,B22,Studentin / Student,False,de,CH,PRIVAT,,AKTIV,,false,false,pfefferminz,HAPO,HH-000364,false,2025-12-31T09:00:00Z,2025-12-31T09:00:00Z
PTR-00000669,NATUERLICH,Herr,Dr.,Joel,Kaya,,,,2007-03-05,M,CH,LEDIG,B11,Ärztin / Arzt,True,de,CH,PRIVAT,2025-11-01,AKTIV,,true,false,pfefferminz,MINT,HH-000364,false,2025-11-01T09:00:00Z,2025-11-01T09:00:00Z
PTR-00000670,NATUERLICH,Herr,,Ben,Hofer,,,,1986-03-26,M,CH,VERHEIRATET,B26,Logistikerin / Logistiker,False,de,CH,PRIVAT,2025-08-01,AKTIV,,false,false,pfefferminz,MINT,HH-000365,false,2025-08-01T09:00:00Z,2025-08-01T09:00:00Z
PTR-00000671,NATUERLICH,Frau,,Larissa,Hofer,,,,1989-10-03,W,CH,VERHEIRATET,B02,Informatikerin / Informatiker,False,de,CH,PRIVAT,2018-04-01,AKTIV,,true,true,pfefferminz,VERA,HH-000365,false,2018-04-01T09:00:00Z,2018-04-01T09:00:00Z
PTR-00000672,NATUERLICH,Herr,,Cyrill,Hofer,,,,2007-04-20,M,CH,LEDIG,B15,Köchin / Koch,False,de,CH,PRIVAT,,AKTIV,,true,false,pfefferminz,HAPO,HH-000365,false,2025-12-31T09:00:00Z,2025-12-31T09:00:00Z
PTR-00000673,NATUERLICH,Herr,,Nils,Kohler,,,,2007-01-05,M,CH,LEDIG,B22,Studentin / Student,False,de,CH,PRIVAT,,AKTIV,,true,true,pfefferminz,HAPO,HH-000365,false,2025-12-31T09:00:00Z,2025-12-31T09:00:00Z
PTR-00000674,NATUERLICH,Herr,,Nico,Graf,,,,2007-11-19,M,IT,LEDIG,B01,Kaufmännische Angestellte / Kaufmännischer Angestellter,False,de,CH,PRIVAT,,AKTIV,,true,false,pfefferminz,HAPO,HH-000365,false,2025-12-31T09:00:00Z,2025-12-31T09:00:00Z
PTR-00000675,NATUERLICH,Herr,,David,Frei,,,,1988-12-27,M,CH,LEDIG,B10,Ingenieurin / Ingenieur,False,de,CH,PRIVAT,2025-02-01,AKTIV,,true,false,minzia,MINT,HH-000366,false,2025-02-01T09:00:00Z,2025-02-01T09:00:00Z
PTR-00000676,JURISTISCH,Firma,,,,Aller Autohaus AG,AG,HRB 66903,1997-02-01,UNBEKANNT,DE,UNBEKANNT,,,,de,DE,KMU,2025-08-01,AKTIV,,false,false,pfefferminz,MINT,,false,2025-08-01T09:00:00Z,2025-08-01T09:00:00Z
PTR-00000677,NATUERLICH,Frau,,Tanja,Schäfer,,,,1977-02-12,W,DE,VERHEIRATET,B01,Kaufmännische Angestellte / Kaufmännischer Angestellter,False,de,DE,PRIVAT,2024-01-01,AKTIV,,true,true,minzia,MINT,HH-000368,false,2024-01-01T09:00:00Z,2024-01-01T09:00:00Z
PTR-00000678,NATUERLICH,Herr,,Tim,Meyer,,,,1995-11-09,M,CH,LEDIG,B22,Studentin / Student,False,de,CH,PRIVAT,2019-11-01,AKTIV,,false,false,pfefferminz,HAPO,HH-000369,false,2019-11-01T09:00:00Z,2019-11-01T09:00:00Z
PTR-00000679,NATUERLICH,Frau,,Svetlana,Berisha,,,,1980-02-17,W,IT,PARTNERSCHAFT,B23,Rentnerin / Rentner,False,de,DE,PRIVAT,2018-02-01,AKTIV,,false,true,pfefferminz,HAPO,HH-000370,false,2018-02-01T09:00:00Z,2018-02-01T09:00:00Z
PTR-00000680,NATUERLICH,Herr,,Sebastian,Weiß,,,,1982-10-28,M,DE,PARTNERSCHAFT,B16,Chauffeuse / Chauffeur,False,de,DE,PRIVAT,2005-01-01,AKTIV,,false,false,pfefferminz,VERA,HH-000370,false,2005-01-01T09:00:00Z,2005-01-01T09:00:00Z
PTR-00000681,NATUERLICH,,,Lukas,Berisha,,,,2006-12-19,D,DE,LEDIG,B22,Studentin / Student,False,de,DE,PRIVAT,,AKTIV,,false,false,pfefferminz,HAPO,HH-000370,false,2025-12-31T09:00:00Z,2025-12-31T09:00:00Z
PTR-00000682,NATUERLICH,Herr,,Ali,Berisha,,,,2007-11-26,M,DE,LEDIG,B22,Studentin / Student,False,de,DE,PRIVAT,,AKTIV,,true,true,pfefferminz,HAPO,HH-000370,false,2025-12-31T09:00:00Z,2025-12-31T09:00:00Z
PTR-00000683,NATUERLICH,Herr,,Stefan,Schulz,,,,1986-01-07,M,DE,LEDIG,B01,Kaufmännische Angestellte / Kaufmännischer Angestellter,False,de,DE,PRIVAT,2019-01-01,AKTIV,,true,true,pfefferminz,HAPO,HH-000371,false,2019-01-01T09:00:00Z,2019-01-01T09:00:00Z
PTR-00000684,NATUERLICH,Herr,,Noah,Schmidt,,,,2007-10-03,M,DE,LEDIG,B22,Studentin / Student,False,de,DE,PRIVAT,2025-11-01,AKTIV,,true,true,pfefferminz,MINT,HH-000372,false,2025-11-01T09:00:00Z,2025-11-01T09:00:00Z
PTR-00000685,NATUERLICH,Herr,,Carlos,Keller,,,,1959-03-05,M,CH,VERHEIRATET,B23,Rentnerin / Rentner,False,de,CH,PRIVAT,2013-08-01,AKTIV,,true,false,pfefferminz,HAPO,HH-000373,false,2013-08-01T09:00:00Z,2013-08-01T09:00:00Z
PTR-00000686,NATUERLICH,Frau,,Annemarie,Keller,,,,1959-04-03,W,ES,VERHEIRATET,B23,Rentnerin / Rentner,False,de,CH,PREMIUM,2022-02-01,AKTIV,,true,false,pfefferminz,VERA,HH-000373,false,2022-02-01T09:00:00Z,2022-02-01T09:00:00Z
PTR-00000687,NATUERLICH,Frau,,Selina,Weber,,,,1983-09-03,W,CH,LEDIG,B22,Studentin / Student,False,de,CH,PRIVAT,2007-09-01,INAKTIV,,true,true,pfefferminz,VERA,HH-000373,false,2007-09-01T09:00:00Z,2007-09-01T09:00:00Z
PTR-00000688,NATUERLICH,Herr,,Jan,Roth,,,,1985-06-10,M,PT,VERHEIRATET,B15,Köchin / Koch,True,de,CH,PRIVAT,2015-01-01,AKTIV,,false,false,pfefferminz,HAPO,HH-000374,false,2015-01-01T09:00:00Z,2015-01-01T09:00:00Z
PTR-00000689,NATUERLICH,Frau,,Franziska,Roth,,,,1989-09-25,W,CH,VERHEIRATET,B29,Gerüstbauerin / Gerüstbauer,False,de,CH,PREMIUM,2010-11-01,AKTIV,,true,true,pfefferminz,VERA,HH-000374,false,2010-11-01T09:00:00Z,2010-11-01T09:00:00Z
PTR-00000690,NATUERLICH,Herr,,Tim,Meyer,,,,2001-07-27,M,DE,VERHEIRATET,B23,Rentnerin / Rentner,False,de,DE,PRIVAT,2021-03-01,AKTIV,,false,true,minzia,MINT,HH-000375,false,2021-03-01T09:00:00Z,2021-03-01T09:00:00Z
PTR-00000691,NATUERLICH,Frau,,Lisa,Krause,,,,2005-05-20,W,DE,VERHEIRATET,B22,Studentin / Student,False,de,DE,PRIVAT,,AKTIV,,true,true,minzia,MINT,HH-000375,false,2025-12-31T09:00:00Z,2025-12-31T09:00:00Z
PTR-00000692,NATUERLICH,Frau,,Vesna,Novak,,,,1975-08-03,W,DE,VERWITWET,B22,Studentin / Student,False,de,DE,PRIVAT,2000-09-01,AKTIV,,false,false,pfefferminz,VERA,HH-000376,false,2000-09-01T09:00:00Z,2000-09-01T09:00:00Z
PTR-00000693,NATUERLICH,Herr,,Thomas,Krämer,,,,1972-09-04,M,DE,VERHEIRATET,B40,Selbständige Unternehmerin / Selbständiger Unternehmer,True,de,DE,PRIVAT,,AKTIV,,false,false,minzia,MINT,HH-000377,false,2025-12-31T09:00:00Z,2025-12-31T09:00:00Z
PTR-00000694,JURISTISCH,Firma,,,,Donau Hotel AG,AG,HRB 41254,1991-07-01,UNBEKANNT,DE,UNBEKANNT,,,,de,DE,KMU,2025-09-01,AKTIV,,false,false,minzia,MINT,,false,2025-09-01T09:00:00Z,2025-09-01T09:00:00Z
PTR-00000695,NATUERLICH,Frau,,Alina,Locher,,,,2006-12-16,W,ES,LEDIG,B22,Studentin / Student,False,de,CH,PRIVAT,2025-11-01,AKTIV,,true,false,pfefferminz,MINT,HH-000378,false,2025-11-01T09:00:00Z,2025-11-01T09:00:00Z
PTR-00000696,NATUERLICH,Frau,,Sabine,Gruber,,,,1979-12-24,W,DE,VERHEIRATET,B01,Kaufmännische Angestellte / Kaufmännischer Angestellter,False,de,DE,PRIVAT,2009-12-01,AKTIV,,true,true,pfefferminz,VERA,HH-000379,false,2009-12-01T09:00:00Z,2009-12-01T09:00:00Z
PTR-00000697,NATUERLICH,Frau,,Fatma,Petrović,,,,1973-02-27,W,DE,VERHEIRATET,B17,Coiffeuse / Coiffeur,False,de,DE,PRIVAT,2020-09-01,AKTIV,,true,true,minzia,MINT,HH-000380,false,2020-09-01T09:00:00Z,2020-09-01T09:00:00Z
PTR-00000698,NATUERLICH,Herr,,Dirk,Petrović,,,,1979-08-08,M,DE,VERHEIRATET,B06,Elektroinstallateurin / Elektroinstallateur,False,de,DE,PRIVAT,,AKTIV,,false,false,minzia,MINT,HH-000380,false,2025-12-31T09:00:00Z,2025-12-31T09:00:00Z
PTR-00000699,NATUERLICH,Herr,,Moritz,Pohl,,,,1989-07-25,M,DE,LEDIG,B23,Rentnerin / Rentner,False,de,DE,PRIVAT,2024-12-01,AKTIV,,true,true,minzia,MINT,HH-000381,false,2024-12-01T09:00:00Z,2024-12-01T09:00:00Z
PTR-00000700,NATUERLICH,Frau,,Corinne,Lehmann,,,,1971-10-09,W,CH,VERHEIRATET,B40,Selbständige Unternehmerin / Selbständiger Unternehmer,True,de,CH,PREMIUM,2023-12-01,AKTIV,,true,false,minzia,MINT,HH-000382,false,2023-12-01T09:00:00Z,2023-12-01T09:00:00Z
PTR-00000701,JURISTISCH,Firma,,,,Hasli Gastro Sàrl,Sàrl,CHE-499.137.868,1985-04-01,UNBEKANNT,CH,UNBEKANNT,,,,de,CH,KMU,2025-01-01,AKTIV,,false,true,minzia,MINT,,false,2025-01-01T09:00:00Z,2025-01-01T09:00:00Z
PTR-00000702,NATUERLICH,Frau,,Svetlana,Dos Santos,,,,1963-02-16,W,IT,VERHEIRATET,B04,Pflegefachfrau / Pflegefachmann,False,de,DE,PRIVAT,2023-09-01,AKTIV,,false,true,minzia,MINT,HH-000383,false,2023-09-01T09:00:00Z,2023-09-01T09:00:00Z
PTR-00000703,NATUERLICH,Frau,,Lina,Klein,,,,1991-07-18,W,DE,VERWITWET,B06,Elektroinstallateurin / Elektroinstallateur,True,de,DE,PRIVAT,2022-02-01,AKTIV,,true,true,minzia,MINT,HH-000384,false,2022-02-01T09:00:00Z,2022-02-01T09:00:00Z
PTR-00000704,NATUERLICH,Herr,,Felix,Stoll,,,,1979-08-26,M,CH,VERHEIRATET,B05,Verkäuferin / Verkäufer,True,de,CH,PRIVAT,2015-03-01,AKTIV,,false,false,pfefferminz,HAPO,HH-000385,false,2015-03-01T09:00:00Z,2015-03-01T09:00:00Z
PTR-00000705,JURISTISCH,Firma,,,,Rigi Systems AG,AG,CHE-499.257.509,2021-12-01,UNBEKANNT,CH,UNBEKANNT,,,,de,CH,KMU,2013-05-01,INAKTIV,,true,false,pfefferminz,HAPO,,false,2013-05-01T09:00:00Z,2013-05-01T09:00:00Z
PTR-00000706,NATUERLICH,Herr,,Reinhard,Schmid,,,,1953-12-01,M,SY,LEDIG,B40,Selbständige Unternehmerin / Selbständiger Unternehmer,True,de,DE,PRIVAT,,AKTIV,,false,true,minzia,MINT,HH-000387,false,2025-12-31T09:00:00Z,2025-12-31T09:00:00Z
PTR-00000707,JURISTISCH,Firma,,,,Erzgebirge Hotel e.K.,e.K.,HRB 13808,1995-10-01,UNBEKANNT,DE,UNBEKANNT,,,,de,DE,KMU,2025-05-01,AKTIV,,false,true,minzia,MINT,,false,2025-05-01T09:00:00Z,2025-05-01T09:00:00Z
PTR-00000708,NATUERLICH,Frau,,Susanne,Vogel,,,,1978-07-05,W,DE,VERHEIRATET,B20,Polizistin / Polizist,False,de,DE,PRIVAT,2021-10-01,AKTIV,,false,true,minzia,MINT,HH-000388,false,2021-10-01T09:00:00Z,2021-10-01T09:00:00Z
PTR-00000709,NATUERLICH,Herr,,Matthias,Schmitz,,,,1983-04-27,M,RS,VERHEIRATET,B05,Verkäuferin / Verkäufer,False,de,DE,PRIVAT,,AKTIV,,false,false,minzia,MINT,HH-000388,false,2025-12-31T09:00:00Z,2025-12-31T09:00:00Z
PTR-00000710,NATUERLICH,Herr,,Moritz,Scholz,,,,2006-12-07,M,DE,LEDIG,B23,Rentnerin / Rentner,False,de,DE,PRIVAT,,AKTIV,,false,true,minzia,MINT,HH-000388,false,2025-12-31T09:00:00Z,2025-12-31T09:00:00Z
PTR-00000711,NATUERLICH,Herr,,Björn,Wagner,,,,1997-05-28,M,DE,LEDIG,B01,Kaufmännische Angestellte / Kaufmännischer Angestellter,False,de,DE,PRIVAT,2022-01-01,AKTIV,,true,false,minzia,MINT,HH-000389,false,2022-01-01T09:00:00Z,2022-01-01T09:00:00Z
PTR-00000712,NATUERLICH,Herr,,Norbert,Bergmann,,,,1958-01-18,M,DE,VERHEIRATET,B23,Rentnerin / Rentner,False,de,DE,PRIVAT,2021-05-01,INAKTIV,,true,true,minzia,MINT,HH-000390,false,2021-05-01T09:00:00Z,2021-05-01T09:00:00Z
PTR-00000713,NATUERLICH,Frau,,Katarzyna,Jäger,,,,1954-08-14,W,DE,VERHEIRATET,B23,Rentnerin / Rentner,False,de,DE,PRIVAT,,AKTIV,,true,false,minzia,MINT,HH-000390,false,2025-12-31T09:00:00Z,2025-12-31T09:00:00Z
PTR-00000714,NATUERLICH,Herr,,Ralf,Bergmann,,,,1986-11-26,M,DE,LEDIG,B05,Verkäuferin / Verkäufer,False,de,DE,PRIVAT,,AKTIV,,false,false,minzia,MINT,HH-000390,false,2025-12-31T09:00:00Z,2025-12-31T09:00:00Z
PTR-00000715,NATUERLICH,Frau,,Lara,Eggenberger,,,,1989-01-02,W,CH,PARTNERSCHAFT,B07,Sanitärinstallateurin / Sanitärinstallateur,False,de,CH,PRIVAT,2013-01-01,INAKTIV,,true,false,pfefferminz,HAPO,HH-000391,false,2013-01-01T09:00:00Z,2013-01-01T09:00:00Z
PTR-00000716,NATUERLICH,Herr,,Lukas,Eggenberger,,,,1993-08-21,M,CH,PARTNERSCHAFT,B34,Sozialarbeiterin / Sozialarbeiter,False,de,CH,PREMIUM,2017-07-01,AKTIV,,true,true,pfefferminz,VERA,HH-000391,false,2017-07-01T09:00:00Z,2017-07-01T09:00:00Z
PTR-00000717,NATUERLICH,Frau,,Maren,Horn,,,,1994-01-26,W,DE,VERHEIRATET,B13,Treuhänderin / Treuhänder,False,de,DE,PRIVAT,2022-04-01,AKTIV,,false,false,minzia,MINT,HH-000392,false,2022-04-01T09:00:00Z,2022-04-01T09:00:00Z
PTR-00000718,NATUERLICH,Herr,,Thomas,Hoffmann,,,,1971-02-25,M,RO,PARTNERSCHAFT,B15,Köchin / Koch,False,de,DE,PRIVAT,2004-03-01,AKTIV,,false,true,pfefferminz,VERA,HH-000393,false,2004-03-01T09:00:00Z,2004-03-01T09:00:00Z
PTR-00000719,NATUERLICH,Frau,,Stefanie,Hoffmann,,,,1967-12-22,W,DE,PARTNERSCHAFT,B15,Köchin / Koch,True,de,DE,PRIVAT,,AKTIV,,false,true,pfefferminz,HAPO,HH-000393,false,2025-12-31T09:00:00Z,2025-12-31T09:00:00Z
PTR-00000720,NATUERLICH,Herr,,Carsten,Wagner,,,,1975-03-16,M,DE,VERHEIRATET,B24,Hausfrau / Hausmann,False,de,DE,PRIVAT,2021-04-01,AKTIV,,true,true,minzia,MINT,HH-000394,false,2021-04-01T09:00:00Z,2021-04-01T09:00:00Z
PTR-00000721,NATUERLICH,Frau,,Leila,Wagner,,,,1978-09-14,W,DE,VERHEIRATET,B23,Rentnerin / Rentner,False,de,DE,PRIVAT,,AKTIV,,true,true,minzia,MINT,HH-000394,false,2025-12-31T09:00:00Z,2025-12-31T09:00:00Z
PTR-00000722,NATUERLICH,Frau,,Leonie,Klein,,,,2007-03-01,W,DE,LEDIG,B22,Studentin / Student,False,de,DE,PRIVAT,2025-08-01,AKTIV,,true,false,minzia,MINT,HH-000394,false,2025-08-01T09:00:00Z,2025-08-01T09:00:00Z
PTR-00000723,NATUERLICH,Herr,,Matthias,Senn,,,,1986-08-19,M,CH,VERHEIRATET,B04,Pflegefachfrau / Pflegefachmann,False,de,CH,PRIVAT,2012-11-01,AKTIV,,true,false,pfefferminz,VERA,HH-000395,false,2012-11-01T09:00:00Z,2012-11-01T09:00:00Z
PTR-00000724,NATUERLICH,Frau,,Manuela,Kohler,,,,1982-01-21,W,ES,VERHEIRATET,B06,Elektroinstallateurin / Elektroinstallateur,False,de,CH,PREMIUM,2001-08-01,AKTIV,,true,false,pfefferminz,VERA,HH-000395,false,2001-08-01T09:00:00Z,2001-08-01T09:00:00Z
PTR-00000725,NATUERLICH,Herr,,Adam,Senn,,,,2007-10-01,M,CH,LEDIG,B22,Studentin / Student,False,de,CH,PRIVAT,,AKTIV,,false,true,pfefferminz,HAPO,HH-000395,false,2025-12-31T09:00:00Z,2025-12-31T09:00:00Z
PTR-00000726,NATUERLICH,Herr,,Luis,Mayer,,,,2006-04-25,M,DE,LEDIG,B22,Studentin / Student,False,de,DE,PRIVAT,2025-07-01,AKTIV,,false,true,pfefferminz,MINT,HH-000396,false,2025-07-01T09:00:00Z,2025-07-01T09:00:00Z
PTR-00000727,NATUERLICH,Herr,,Matthias,Schulze,,,,1983-05-11,M,DE,VERHEIRATET,B40,Selbständige Unternehmerin / Selbständiger Unternehmer,True,de,DE,PRIVAT,2020-01-01,AKTIV,,true,false,pfefferminz,HAPO,HH-000397,false,2020-01-01T09:00:00Z,2020-01-01T09:00:00Z
PTR-00000728,NATUERLICH,Frau,,Susanne,Meyer,,,,1957-06-27,W,TR,PARTNERSCHAFT,B40,Selbständige Unternehmerin / Selbständiger Unternehmer,True,de,DE,PRIVAT,,AKTIV,,true,true,pfefferminz,HAPO,HH-000398,false,2025-12-31T09:00:00Z,2025-12-31T09:00:00Z
PTR-00000729,JURISTISCH,Firma,,,,Main Textil e.K.,e.K.,HRB 58360,1985-02-01,UNBEKANNT,DE,UNBEKANNT,,,,de,DE,KMU,2020-09-01,AKTIV,,true,true,pfefferminz,HAPO,,false,2020-09-01T09:00:00Z,2020-09-01T09:00:00Z
PTR-00000730,NATUERLICH,Herr,,Guillaume,Michaud,,,,1993-02-13,M,CH,LEDIG,B23,Rentnerin / Rentner,False,fr,CH,PRIVAT,2013-10-01,INAKTIV,,false,false,pfefferminz,HAPO,HH-000399,false,2013-10-01T09:00:00Z,2013-10-01T09:00:00Z
PTR-00000731,NATUERLICH,Frau,,Brigitte,Kaufmann,,,,1962-10-11,W,CH,LEDIG,B31,Dachdeckerin / Dachdecker,False,de,CH,PRIVAT,2009-07-01,AKTIV,,true,false,pfefferminz,VERA,HH-000400,false,2009-07-01T09:00:00Z,2009-07-01T09:00:00Z
PTR-00000732,NATUERLICH,Frau,,Martina,Schmitt,,,,1966-05-14,W,DE,PARTNERSCHAFT,B01,Kaufmännische Angestellte / Kaufmännischer Angestellter,False,de,DE,PRIVAT,2003-07-01,AKTIV,,true,true,pfefferminz,VERA,HH-000401,false,2003-07-01T09:00:00Z,2003-07-01T09:00:00Z
PTR-00000733,NATUERLICH,Herr,,Torsten,Schmitt,,,,1966-07-04,M,DE,PARTNERSCHAFT,B06,Elektroinstallateurin / Elektroinstallateur,False,de,DE,PRIVAT,2015-07-01,AKTIV,,true,false,pfefferminz,VERA,HH-000401,false,2015-07-01T09:00:00Z,2015-07-01T09:00:00Z
PTR-00000734,NATUERLICH,Herr,,Flurin,Hess,,,,2007-07-04,M,TR,LEDIG,B13,Treuhänderin / Treuhänder,True,de,CH,PRIVAT,2025-12-01,AKTIV,,true,true,pfefferminz,MINT,HH-000402,false,2025-12-01T09:00:00Z,2025-12-01T09:00:00Z
PTR-00000735,NATUERLICH,Herr,,Urs,Widmer,,,,1945-04-01,M,CH,LEDIG,B23,Rentnerin / Rentner,False,de,CH,PRIVAT,2004-12-01,AKTIV,,false,false,pfefferminz,VERA,HH-000403,false,2004-12-01T09:00:00Z,2004-12-01T09:00:00Z
PTR-00000736,NATUERLICH,Herr,,Ben,Schwarz,,,,2007-05-03,M,DE,LEDIG,B22,Studentin / Student,False,de,DE,PRIVAT,2025-08-01,AKTIV,,false,true,pfefferminz,MINT,HH-000404,false,2025-08-01T09:00:00Z,2025-08-01T09:00:00Z
PTR-00000737,NATUERLICH,Frau,,Fabienne,Keller,,,,1997-09-02,W,CH,VERHEIRATET,B30,Forstwartin / Forstwart,False,de,CH,PRIVAT,2025-05-01,AKTIV,,false,false,pfefferminz,MINT,HH-000405,false,2025-05-01T09:00:00Z,2025-05-01T09:00:00Z
PTR-00000738,NATUERLICH,Herr,,Christian,Keller,,,,1997-11-08,M,DE,VERHEIRATET,B01,Kaufmännische Angestellte / Kaufmännischer Angestellter,False,de,CH,PRIVAT,,AKTIV,,true,false,pfefferminz,HAPO,HH-000405,false,2025-12-31T09:00:00Z,2025-12-31T09:00:00Z
PTR-00000739,NATUERLICH,Herr,,Marco,Braun,,,,1988-10-15,M,DE,VERHEIRATET,B01,Kaufmännische Angestellte / Kaufmännischer Angestellter,False,de,DE,PRIVAT,2023-05-01,AKTIV,,false,false,minzia,MINT,HH-000406,false,2023-05-01T09:00:00Z,2023-05-01T09:00:00Z
PTR-00000740,NATUERLICH,Frau,,Anja,Braun,,,,1987-02-15,W,SY,VERHEIRATET,B22,Studentin / Student,False,de,DE,PRIVAT,,AKTIV,,true,false,minzia,MINT,HH-000406,false,2025-12-31T09:00:00Z,2025-12-31T09:00:00Z
PTR-00000741,NATUERLICH,Herr,,Bernd,Gruber,,,,1969-09-01,M,DE,PARTNERSCHAFT,B07,Sanitärinstallateurin / Sanitärinstallateur,False,de,DE,PRIVAT,2021-05-01,AKTIV,,true,true,minzia,MINT,HH-000407,false,2021-05-01T09:00:00Z,2021-05-01T09:00:00Z
PTR-00000742,NATUERLICH,Frau,,Katrin,Sommer,,,,1972-09-28,W,DE,PARTNERSCHAFT,B01,Kaufmännische Angestellte / Kaufmännischer Angestellter,False,de,DE,PRIVAT,2024-09-01,AKTIV,,true,false,minzia,MINT,HH-000407,false,2024-09-01T09:00:00Z,2024-09-01T09:00:00Z
PTR-00000743,NATUERLICH,Herr,,Rajesh,Arslan,,,,1965-06-28,M,DE,VERHEIRATET,B23,Rentnerin / Rentner,False,de,DE,PRIVAT,2022-05-01,AKTIV,,true,true,minzia,MINT,HH-000408,false,2022-05-01T09:00:00Z,2022-05-01T09:00:00Z
PTR-00000744,NATUERLICH,Herr,,Jürgen,Arslan,,,,1963-03-13,M,DE,VERHEIRATET,B04,Pflegefachfrau / Pflegefachmann,True,de,DE,PRIVAT,,AKTIV,,false,true,minzia,MINT,HH-000408,false,2025-12-31T09:00:00Z,2025-12-31T09:00:00Z
PTR-00000745,NATUERLICH,Herr,,Lukas,Arslan,,,,2003-01-13,M,DE,LEDIG,B26,Logistikerin / Logistiker,False,de,DE,PRIVAT,,AKTIV,,true,true,minzia,MINT,HH-000408,false,2025-12-31T09:00:00Z,2025-12-31T09:00:00Z
PTR-00000746,NATUERLICH,Frau,,Käthi,Brunner,,,,1968-04-25,W,CH,VERHEIRATET,B01,Kaufmännische Angestellte / Kaufmännischer Angestellter,False,de,CH,PRIVAT,2005-10-01,AKTIV,,false,false,pfefferminz,VERA,HH-000409,false,2005-10-01T09:00:00Z,2005-10-01T09:00:00Z
PTR-00000747,NATUERLICH,Herr,,Matthias,Brunner,,,,1973-04-12,M,IT,VERHEIRATET,B34,Sozialarbeiterin / Sozialarbeiter,True,de,CH,PRIVAT,,AKTIV,,true,false,pfefferminz,HAPO,HH-000409,false,2025-12-31T09:00:00Z,2025-12-31T09:00:00Z
PTR-00000748,NATUERLICH,Frau,,Simone,Weber,,,,1982-08-15,W,IT,VERHEIRATET,B23,Rentnerin / Rentner,False,de,CH,PRIVAT,2025-12-01,AKTIV,,false,true,pfefferminz,MINT,HH-000410,false,2025-12-01T09:00:00Z,2025-12-01T09:00:00Z
PTR-00000749,NATUERLICH,Herr,,Fabian,Weber,,,,1982-12-18,M,CH,VERHEIRATET,B21,Beraterin / Berater,False,de,CH,PRIVAT,,AKTIV,,true,true,pfefferminz,HAPO,HH-000410,false,2025-12-31T09:00:00Z,2025-12-31T09:00:00Z
PTR-00000750,NATUERLICH,Herr,,Nico,Weber,,,,2007-08-20,M,CH,LEDIG,B24,Hausfrau / Hausmann,False,de,CH,PRIVAT,,AKTIV,,false,true,pfefferminz,HAPO,HH-000410,false,2025-12-31T09:00:00Z,2025-12-31T09:00:00Z
PTR-00000751,NATUERLICH,Frau,,Livia,Haas,,,,2007-06-16,W,XK,LEDIG,B05,Verkäuferin / Verkäufer,False,de,CH,PRIVAT,,AKTIV,,false,false,pfefferminz,HAPO,HH-000410,false,2025-12-31T09:00:00Z,2025-12-31T09:00:00Z
PTR-00000752,NATUERLICH,Herr,,Felix,Meier,,,,2006-08-01,M,DE,LEDIG,B27,Grafikerin / Grafiker,True,de,DE,PRIVAT,2025-01-01,AKTIV,,false,true,pfefferminz,MINT,HH-000411,false,2025-01-01T09:00:00Z,2025-01-01T09:00:00Z
PTR-00000753,NATUERLICH,Frau,,Jasmin,Graf,,,,1984-07-24,W,CH,VERHEIRATET,B23,Rentnerin / Rentner,False,de,CH,PRIVAT,2003-05-01,AKTIV,,false,true,pfefferminz,VERA,HH-000412,false,2003-05-01T09:00:00Z,2003-05-01T09:00:00Z
PTR-00000754,NATUERLICH,Herr,,Felix,Graf,,,,1990-02-28,M,CH,VERHEIRATET,B06,Elektroinstallateurin / Elektroinstallateur,False,de,CH,PRIVAT,2014-04-01,INAKTIV,,true,false,pfefferminz,VERA,HH-000412,false,2014-04-01T09:00:00Z,2014-04-01T09:00:00Z
PTR-00000755,NATUERLICH,Frau,,Franziska,Schulze,,,,1982-11-02,W,DE,GESCHIEDEN,B18,Physiotherapeutin / Physiotherapeut,True,de,DE,PRIVAT,2005-05-01,AKTIV,,true,false,pfefferminz,VERA,HH-000413,false,2005-05-01T09:00:00Z,2005-05-01T09:00:00Z
PTR-00000756,NATUERLICH,Herr,,Felix,Bock,,,,1975-05-08,M,DE,VERHEIRATET,B16,Chauffeuse / Chauffeur,False,de,DE,PRIVAT,2012-03-01,AKTIV,,false,false,pfefferminz,HAPO,HH-000414,false,2012-03-01T09:00:00Z,2012-03-01T09:00:00Z
PTR-00000757,NATUERLICH,Herr,,Frank,Nowak,,,,1969-04-17,M,DE,LEDIG,B03,Lehrerin / Lehrer,False,de,DE,PRIVAT,1999-07-01,INAKTIV,,false,false,pfefferminz,VERA,HH-000415,false,1999-07-01T09:00:00Z,1999-07-01T09:00:00Z
PTR-00000758,NATUERLICH,Frau,,Nicole,Hofmann,,,,1969-04-12,W,DE,PARTNERSCHAFT,B28,Bankangestellte / Bankangestellter,False,de,DE,PRIVAT,2025-03-01,AKTIV,,true,false,pfefferminz,MINT,HH-000416,false,2025-03-01T09:00:00Z,2025-03-01T09:00:00Z
PTR-00000759,NATUERLICH,Herr,,Dirk,Hartmann,,,,1971-03-02,M,TR,PARTNERSCHAFT,B06,Elektroinstallateurin / Elektroinstallateur,False,de,DE,PRIVAT,2004-06-01,INAKTIV,,false,false,pfefferminz,VERA,HH-000416,false,2004-06-01T09:00:00Z,2004-06-01T09:00:00Z
PTR-00000760,NATUERLICH,Frau,,Mia,Becker,,,,2001-03-27,W,DE,LEDIG,B22,Studentin / Student,False,de,DE,PRIVAT,2024-06-01,AKTIV,,true,false,pfefferminz,VERA,HH-000416,false,2024-06-01T09:00:00Z,2024-06-01T09:00:00Z
PTR-00000761,NATUERLICH,Frau,,Birgit,Georgiou,,,,1989-05-07,W,DE,VERHEIRATET,B06,Elektroinstallateurin / Elektroinstallateur,False,de,DE,PRIVAT,2014-01-01,AKTIV,,true,false,pfefferminz,HAPO,HH-000417,false,2014-01-01T09:00:00Z,2014-01-01T09:00:00Z
PTR-00000762,NATUERLICH,Herr,,Dirk,Georgiou,,,,1987-10-17,M,DE,VERHEIRATET,B36,Gastwirtin / Gastwirt,True,de,DE,PRIVAT,,AKTIV,,false,true,pfefferminz,HAPO,HH-000417,false,2025-12-31T09:00:00Z,2025-12-31T09:00:00Z
PTR-00000763,NATUERLICH,Herr,,Uwe,Lorenz,,,,1962-07-22,M,DE,VERHEIRATET,B40,Selbständige Unternehmerin / Selbständiger Unternehmer,True,de,DE,PRIVAT,,AKTIV,,false,false,pfefferminz,HAPO,HH-000418,false,2025-12-31T09:00:00Z,2025-12-31T09:00:00Z
PTR-00000764,JURISTISCH,Firma,,,,Taunus Informatik e.K.,e.K.,HRB 98054,1983-12-01,UNBEKANNT,DE,UNBEKANNT,,,,de,DE,KMU,2020-11-01,AKTIV,,true,true,pfefferminz,HAPO,,false,2020-11-01T09:00:00Z,2020-11-01T09:00:00Z
PTR-00000765,NATUERLICH,Frau,,Christina,Schröder,,,,1965-06-07,W,TR,VERHEIRATET,B22,Studentin / Student,False,de,DE,PRIVAT,2021-10-01,AKTIV,,false,true,minzia,MINT,HH-000419,false,2021-10-01T09:00:00Z,2021-10-01T09:00:00Z
PTR-00000766,NATUERLICH,Herr,,Ralf,Hoffmann,,,,1970-03-16,M,RO,VERHEIRATET,B17,Coiffeuse / Coiffeur,False,de,DE,PRIVAT,,AKTIV,,false,false,minzia,MINT,HH-000419,false,2025-12-31T09:00:00Z,2025-12-31T09:00:00Z
PTR-00000767,NATUERLICH,Frau,,Cornelia,Becker,,,,1975-02-24,W,DE,LEDIG,B23,Rentnerin / Rentner,False,de,DE,PRIVAT,2020-11-01,AKTIV,,false,true,minzia,MINT,HH-000420,false,2020-11-01T09:00:00Z,2020-11-01T09:00:00Z
PTR-00000768,NATUERLICH,Herr,,Ali,Silva,,,,1984-06-09,M,TR,LEDIG,B23,Rentnerin / Rentner,False,de,DE,PRIVAT,2023-10-01,AKTIV,,false,false,minzia,MINT,HH-000421,false,2023-10-01T09:00:00Z,2023-10-01T09:00:00Z
PTR-00000769,NATUERLICH,Frau,,Nadine,Zeller,,,,1989-11-12,W,DE,VERHEIRATET,B04,Pflegefachfrau / Pflegefachmann,False,de,DE,PRIVAT,2018-03-01,AKTIV,,true,true,pfefferminz,HAPO,HH-000422,false,2018-03-01T09:00:00Z,2018-03-01T09:00:00Z
PTR-00000770,NATUERLICH,Herr,,Holger,Zeller,,,,1983-08-15,M,DE,VERHEIRATET,B02,Informatikerin / Informatiker,True,de,DE,PRIVAT,2002-10-01,INAKTIV,,true,false,pfefferminz,VERA,HH-000422,false,2002-10-01T09:00:00Z,2002-10-01T09:00:00Z
PTR-00000771,NATUERLICH,Herr,,Torsten,Simon,,,,1968-10-24,M,PL,VERHEIRATET,B08,Schreinerin / Schreiner,False,de,DE,PRIVAT,1995-11-01,AKTIV,,false,true,pfefferminz,VERA,HH-000423,false,1995-11-01T09:00:00Z,1995-11-01T09:00:00Z
PTR-00000772,NATUERLICH,Frau,,Ute,Simon,,,,1974-11-27,W,DE,VERHEIRATET,B04,Pflegefachfrau / Pflegefachmann,False,de,DE,PREMIUM,2020-10-01,AKTIV,,true,false,pfefferminz,VERA,HH-000423,false,2020-10-01T09:00:00Z,2020-10-01T09:00:00Z
PTR-00000773,NATUERLICH,Frau,,Doris,Suter,,,,1968-09-02,W,CH,VERHEIRATET,B10,Ingenieurin / Ingenieur,False,de,CH,PRIVAT,2011-11-01,AKTIV,,true,false,pfefferminz,HAPO,HH-000424,false,2011-11-01T09:00:00Z,2011-11-01T09:00:00Z
PTR-00000774,NATUERLICH,Frau,,Lina,Haas,,,,1979-02-11,W,DE,VERHEIRATET,B23,Rentnerin / Rentner,False,de,DE,PRIVAT,1999-07-01,AKTIV,,false,false,pfefferminz,VERA,HH-000425,false,1999-07-01T09:00:00Z,1999-07-01T09:00:00Z
PTR-00000775,NATUERLICH,Herr,,Paul,Haas,,,,1975-06-12,M,DE,VERHEIRATET,B23,Rentnerin / Rentner,False,de,DE,PREMIUM,2016-06-01,AKTIV,,false,false,pfefferminz,VERA,HH-000425,false,2016-06-01T09:00:00Z,2016-06-01T09:00:00Z
PTR-00000776,NATUERLICH,Frau,,Greta,Richter,,,,2007-08-09,W,DE,LEDIG,B35,Verwaltungsangestellte / Verwaltungsangestellter,False,de,DE,PRIVAT,2025-11-01,AKTIV,,false,true,pfefferminz,MINT,HH-000425,false,2025-11-01T09:00:00Z,2025-11-01T09:00:00Z
PTR-00000777,JURISTISCH,Firma,,,,Napf Druck GmbH,GmbH,CHE-499.089.778,1986-04-01,UNBEKANNT,CH,UNBEKANNT,,,,fr,CH,KMU,2010-12-01,AKTIV,,true,false,pfefferminz,HAPO,,false,2010-12-01T09:00:00Z,2010-12-01T09:00:00Z
PTR-00000778,NATUERLICH,Herr,,Daniel,Berger,,,,1974-05-13,M,CH,GESCHIEDEN,B37,Kunstschaffende / Kunstschaffender,True,de,CH,PRIVAT,2025-10-01,AKTIV,,true,true,minzia,MINT,HH-000427,false,2025-10-01T09:00:00Z,2025-10-01T09:00:00Z
PTR-00000779,NATUERLICH,Frau,,Angelika,Wolf,,,,1966-08-24,W,DE,GESCHIEDEN,B40,Selbständige Unternehmerin / Selbständiger Unternehmer,True,de,DE,PRIVAT,,AKTIV,,true,false,minzia,MINT,HH-000428,false,2025-12-31T09:00:00Z,2025-12-31T09:00:00Z
PTR-00000780,JURISTISCH,Firma,,,,Ostsee Kinderkrippe UG (haftungsbeschränkt),Einzelfirma,HRB 3863,2019-05-01,UNBEKANNT,DE,UNBEKANNT,,,,de,DE,KMU,2025-01-01,AKTIV,,false,false,minzia,MINT,,false,2025-01-01T09:00:00Z,2025-01-01T09:00:00Z
PTR-00000781,NATUERLICH,,,Jörg,Strobel,,,,1960-08-25,D,DE,VERHEIRATET,B23,Rentnerin / Rentner,False,de,DE,PRIVAT,2003-12-01,AKTIV,,false,false,pfefferminz,VERA,HH-000429,false,2003-12-01T09:00:00Z,2003-12-01T09:00:00Z
PTR-00000782,NATUERLICH,Herr,,Andreas,Strobel,,,,1957-04-23,M,SY,VERHEIRATET,B23,Rentnerin / Rentner,False,de,DE,PRIVAT,2016-04-01,INAKTIV,,false,false,pfefferminz,VERA,HH-000429,false,2016-04-01T09:00:00Z,2016-04-01T09:00:00Z
PTR-00000783,NATUERLICH,Frau,,Jessica,Strobel,,,,1990-06-18,W,DE,LEDIG,B01,Kaufmännische Angestellte / Kaufmännischer Angestellter,False,de,DE,PRIVAT,2009-04-01,AKTIV,,true,true,pfefferminz,VERA,HH-000429,false,2009-04-01T09:00:00Z,2009-04-01T09:00:00Z
PTR-00000784,NATUERLICH,Frau,,Christine,Ziegler,,,,1960-09-22,W,CH,VERHEIRATET,B40,Selbständige Unternehmerin / Selbständiger Unternehmer,True,de,CH,PREMIUM,2001-01-01,AKTIV,,false,false,pfefferminz,VERA,HH-000430,false,2001-01-01T09:00:00Z,2001-01-01T09:00:00Z
PTR-00000785,JURISTISCH,Firma,,,,Albula Pflege Sàrl,Sàrl,CHE-499.507.474,2004-09-01,UNBEKANNT,CH,UNBEKANNT,,,,de,CH,KMU,2018-05-01,AKTIV,,false,false,pfefferminz,HAPO,,false,2018-05-01T09:00:00Z,2018-05-01T09:00:00Z
PTR-00000786,NATUERLICH,Herr,,Dario,Gianella,,,,1979-02-22,M,CH,LEDIG,B05,Verkäuferin / Verkäufer,False,it,CH,PREMIUM,2001-02-01,AKTIV,,false,true,pfefferminz,VERA,HH-000431,false,2001-02-01T09:00:00Z,2001-02-01T09:00:00Z
PTR-00000787,NATUERLICH,Frau,,Agnieszka,García,,,,1983-08-02,W,DE,LEDIG,B40,Selbständige Unternehmerin / Selbständiger Unternehmer,True,de,DE,PRIVAT,,AKTIV,,true,false,pfefferminz,HAPO,HH-000432,false,2025-12-31T09:00:00Z,2025-12-31T09:00:00Z
PTR-00000788,JURISTISCH,Firma,,,,Spessart Planung UG (haftungsbeschränkt),Einzelfirma,HRB 82467,2021-04-01,UNBEKANNT,DE,UNBEKANNT,,,,de,DE,KMU,2006-11-01,INAKTIV,,true,true,pfefferminz,HAPO,,false,2006-11-01T09:00:00Z,2006-11-01T09:00:00Z
PTR-00000789,NATUERLICH,Frau,,Daniela,Oberholzer,,,,1962-09-03,W,CH,VERHEIRATET,B09,Maurerin / Maurer,False,de,CH,PRIVAT,2006-06-01,AKTIV,,true,false,pfefferminz,VERA,HH-000433,false,2006-06-01T09:00:00Z,2006-06-01T09:00:00Z
PTR-00000790,NATUERLICH,Herr,,Rolf,Marbach,,,,1969-06-28,M,CH,VERHEIRATET,B17,Coiffeuse / Coiffeur,True,de,CH,PRIVAT,2012-12-01,AKTIV,,true,false,pfefferminz,VERA,HH-000434,false,2012-12-01T09:00:00Z,2012-12-01T09:00:00Z
PTR-00000791,JURISTISCH,Firma,,,,Reuss Digital SA,SA,CHE-499.908.778,2000-09-01,UNBEKANNT,CH,UNBEKANNT,,,,de,CH,KMU,2008-03-01,INAKTIV,,false,false,pfefferminz,HAPO,,false,2008-03-01T09:00:00Z,2008-03-01T09:00:00Z
PTR-00000792,NATUERLICH,Herr,,Jonas,Lorenz,,,,1984-08-22,M,DE,GESCHIEDEN,B02,Informatikerin / Informatiker,False,de,DE,PRIVAT,2025-04-01,AKTIV,,true,false,pfefferminz,MINT,HH-000436,false,2025-04-01T09:00:00Z,2025-04-01T09:00:00Z
PTR-00000793,JURISTISCH,Firma,,,,Allgäu Elektro e.K.,e.K.,HRB 20314,2006-07-01,UNBEKANNT,DE,UNBEKANNT,,,,de,DE,KMU,2014-02-01,AKTIV,,true,true,pfefferminz,HAPO,,false,2014-02-01T09:00:00Z,2014-02-01T09:00:00Z
PTR-00000794,NATUERLICH,Herr,,Jan,Wyss,,,,1992-05-02,M,PT,VERHEIRATET,B22,Studentin / Student,False,de,CH,PRIVAT,2010-06-01,AKTIV,,true,false,pfefferminz,VERA,HH-000438,false,2010-06-01T09:00:00Z,2010-06-01T09:00:00Z
PTR-00000795,NATUERLICH,Frau,,Michelle,Wyss,,,,1996-03-22,W,RS,VERHEIRATET,B35,Verwaltungsangestellte / Verwaltungsangestellter,False,de,CH,PRIVAT,,AKTIV,,true,true,pfefferminz,HAPO,HH-000438,false,2025-12-31T09:00:00Z,2025-12-31T09:00:00Z
PTR-00000796,JURISTISCH,Firma,,,,Uckermark Event KG,KG,HRB 76095,2012-04-01,UNBEKANNT,DE,UNBEKANNT,,,,de,DE,KMU,2025-01-01,AKTIV,,false,false,minzia,MINT,,false,2025-01-01T09:00:00Z,2025-01-01T09:00:00Z
PTR-00000797,NATUERLICH,Frau,,Livia,Schmid,,,,1972-11-08,W,CH,VERHEIRATET,B40,Selbständige Unternehmerin / Selbständiger Unternehmer,True,de,CH,PRIVAT,2006-07-01,AKTIV,,false,false,pfefferminz,VERA,HH-000440,false,2006-07-01T09:00:00Z,2006-07-01T09:00:00Z
PTR-00000798,JURISTISCH,Firma,,,,Alpina Fahrschule Sagl,Sagl,CHE-499.032.867,1978-10-01,UNBEKANNT,CH,UNBEKANNT,,,,de,CH,KMU,2004-01-01,AKTIV,,true,true,pfefferminz,HAPO,,false,2004-01-01T09:00:00Z,2004-01-01T09:00:00Z
PTR-00000799,NATUERLICH,Frau,,Fatma,Rodríguez,,,,1983-11-10,W,PL,VERHEIRATET,B01,Kaufmännische Angestellte / Kaufmännischer Angestellter,False,de,DE,PRIVAT,2013-05-01,INAKTIV,,false,false,pfefferminz,HAPO,HH-000441,false,2013-05-01T09:00:00Z,2013-05-01T09:00:00Z
PTR-00000800,NATUERLICH,Herr,,Michael,Schmidt,,,,1977-10-19,M,DE,VERHEIRATET,B19,Landwirtin / Landwirt,True,de,DE,PRIVAT,1996-04-01,INAKTIV,,false,false,pfefferminz,VERA,HH-000441,false,1996-04-01T09:00:00Z,1996-04-01T09:00:00Z
PTR-00000801,NATUERLICH,Herr,,Marco,Lang,,,,1963-04-12,M,DE,VERHEIRATET,B03,Lehrerin / Lehrer,False,de,DE,PRIVAT,2022-11-01,AKTIV,,true,true,minzia,MINT,HH-000442,false,2022-11-01T09:00:00Z,2022-11-01T09:00:00Z
PTR-00000802,NATUERLICH,Frau,,Waltraud,Walter,,,,1957-04-08,W,DE,VERHEIRATET,B23,Rentnerin / Rentner,False,de,DE,PRIVAT,2021-04-01,AKTIV,,false,true,minzia,MINT,HH-000442,false,2021-04-01T09:00:00Z,2021-04-01T09:00:00Z
PTR-00000803,NATUERLICH,Herr,,Adrian,Tschudi,,,,1979-08-12,M,CH,VERHEIRATET,B09,Maurerin / Maurer,True,de,CH,PRIVAT,2002-06-01,AKTIV,,true,true,pfefferminz,HAPO,HH-000443,false,2002-06-01T09:00:00Z,2002-06-01T09:00:00Z
PTR-00000804,NATUERLICH,Herr,,Piotr,Öztürk,,,,1991-05-16,M,CH,VERHEIRATET,B35,Verwaltungsangestellte / Verwaltungsangestellter,False,de,CH,PRIVAT,2010-03-01,AKTIV,,true,false,pfefferminz,HAPO,HH-000444,false,2010-03-01T09:00:00Z,2010-03-01T09:00:00Z
PTR-00000805,NATUERLICH,Frau,,Noemi,Öztürk,,,,1996-03-09,W,CH,VERHEIRATET,B27,Grafikerin / Grafiker,False,de,CH,PRIVAT,,AKTIV,,true,true,pfefferminz,HAPO,HH-000444,false,2025-12-31T09:00:00Z,2025-12-31T09:00:00Z
PTR-00000806,NATUERLICH,Herr,,Dominik,Fischer,,,,2007-05-02,M,CH,LEDIG,B22,Studentin / Student,False,de,CH,PREMIUM,2025-07-01,AKTIV,,true,true,pfefferminz,MINT,HH-000444,false,2025-07-01T09:00:00Z,2025-07-01T09:00:00Z
PTR-00000807,NATUERLICH,Herr,,Emre,Sharma,,,,2007-05-08,M,TR,LEDIG,B28,Bankangestellte / Bankangestellter,False,de,CH,PRIVAT,2025-07-01,AKTIV,,true,false,pfefferminz,MINT,HH-000444,false,2025-07-01T09:00:00Z,2025-07-01T09:00:00Z
PTR-00000808,NATUERLICH,Herr,,Felix,Öztürk,,,,2007-11-05,M,IT,LEDIG,B34,Sozialarbeiterin / Sozialarbeiter,False,de,CH,PRIVAT,2025-12-01,AKTIV,,false,false,pfefferminz,MINT,HH-000444,false,2025-12-01T09:00:00Z,2025-12-01T09:00:00Z
PTR-00000809,NATUERLICH,Frau,,Franziska,Schneider,,,,1991-07-17,W,DE,VERHEIRATET,B34,Sozialarbeiterin / Sozialarbeiter,False,de,DE,PRIVAT,2024-02-01,AKTIV,,true,false,minzia,MINT,HH-000445,false,2024-02-01T09:00:00Z,2024-02-01T09:00:00Z
PTR-00000810,NATUERLICH,Herr,,Markus,Steiner,,,,1959-09-10,M,CH,LEDIG,B23,Rentnerin / Rentner,False,de,CH,PRIVAT,2013-04-01,INAKTIV,,false,false,pfefferminz,HAPO,HH-000446,false,2013-04-01T09:00:00Z,2013-04-01T09:00:00Z
PTR-00000811,NATUERLICH,Herr,,Raphael,Christen,,,,2005-10-28,M,CH,LEDIG,B22,Studentin / Student,False,de,CH,PRIVAT,2025-03-01,AKTIV,,false,false,pfefferminz,MINT,HH-000447,false,2025-03-01T09:00:00Z,2025-03-01T09:00:00Z
PTR-00000812,NATUERLICH,Herr,,Bruno,Da Silva,,,,1942-07-11,M,CH,VERHEIRATET,B23,Rentnerin / Rentner,False,de,CH,PRIVAT,2014-01-01,AKTIV,,true,true,pfefferminz,HAPO,HH-000448,false,2014-01-01T09:00:00Z,2014-01-01T09:00:00Z
PTR-00000813,NATUERLICH,Herr,,Günter,Otto,,,,1948-06-16,M,DE,LEDIG,B23,Rentnerin / Rentner,False,de,DE,PREMIUM,2021-12-01,AKTIV,,false,true,minzia,MINT,HH-000449,false,2021-12-01T09:00:00Z,2021-12-01T09:00:00Z
PTR-00000814,NATUERLICH,Herr,,Marco,Maier,,,,1971-06-28,M,DE,VERHEIRATET,B19,Landwirtin / Landwirt,True,de,DE,PRIVAT,2016-04-01,INAKTIV,,true,true,pfefferminz,HAPO,HH-000450,false,2016-04-01T09:00:00Z,2016-04-01T09:00:00Z
PTR-00000815,NATUERLICH,Frau,,Cornelia,Maier,,,,1974-01-03,W,DE,VERHEIRATET,B02,Informatikerin / Informatiker,False,de,DE,PRIVAT,2003-08-01,AKTIV,,true,false,pfefferminz,HAPO,HH-000450,false,2003-08-01T09:00:00Z,2003-08-01T09:00:00Z
PTR-00000816,NATUERLICH,Herr,,Nikola,Wiśniewski,,,,2007-04-16,M,DE,LEDIG,B23,Rentnerin / Rentner,False,de,DE,PRIVAT,,AKTIV,,false,false,pfefferminz,HAPO,HH-000450,false,2025-12-31T09:00:00Z,2025-12-31T09:00:00Z
PTR-00000817,NATUERLICH,Herr,,Ben,Von Arx,,,,2007-01-12,M,CH,LEDIG,B22,Studentin / Student,False,de,CH,PRIVAT,2025-05-01,AKTIV,,true,false,pfefferminz,MINT,HH-000451,false,2025-05-01T09:00:00Z,2025-05-01T09:00:00Z
PTR-00000818,NATUERLICH,Frau,,Stéphanie,Reymond,,,,1986-11-18,W,CH,VERHEIRATET,B01,Kaufmännische Angestellte / Kaufmännischer Angestellter,False,fr,CH,PRIVAT,2015-08-01,AKTIV,,true,true,pfefferminz,HAPO,HH-000452,false,2015-08-01T09:00:00Z,2015-08-01T09:00:00Z
PTR-00000819,NATUERLICH,Herr,,Gabriel,Henchoz,,,,1990-08-15,M,PT,VERHEIRATET,B06,Elektroinstallateurin / Elektroinstallateur,True,fr,CH,PRIVAT,,AKTIV,,true,false,pfefferminz,HAPO,HH-000452,false,2025-12-31T09:00:00Z,2025-12-31T09:00:00Z
PTR-00000820,NATUERLICH,Herr,,Christian,Schmidt,,,,1968-08-14,M,DE,PARTNERSCHAFT,B23,Rentnerin / Rentner,False,de,DE,PRIVAT,2012-02-01,AKTIV,,false,true,pfefferminz,HAPO,HH-000453,false,2012-02-01T09:00:00Z,2012-02-01T09:00:00Z
PTR-00000821,NATUERLICH,Frau,,Birgit,Schmidt,,,,1962-04-27,W,DE,PARTNERSCHAFT,B34,Sozialarbeiterin / Sozialarbeiter,False,de,DE,PRIVAT,,AKTIV,,true,false,pfefferminz,HAPO,HH-000453,false,2025-12-31T09:00:00Z,2025-12-31T09:00:00Z
PTR-00000822,NATUERLICH,Frau,,Christina,Huber,,,,2000-12-22,W,DE,LEDIG,B01,Kaufmännische Angestellte / Kaufmännischer Angestellter,False,de,DE,PRIVAT,,AKTIV,,false,true,pfefferminz,HAPO,HH-000453,false,2025-12-31T09:00:00Z,2025-12-31T09:00:00Z
PTR-00000823,NATUERLICH,Frau,,Camille,Membrez,,,,1972-01-09,W,CH,VERHEIRATET,B16,Chauffeuse / Chauffeur,False,fr,CH,PREMIUM,2004-07-01,AKTIV,,true,true,pfefferminz,HAPO,HH-000454,false,2004-07-01T09:00:00Z,2004-07-01T09:00:00Z
PTR-00000824,NATUERLICH,Herr,,Yannis,Weber,,,,1960-02-23,M,DE,LEDIG,B23,Rentnerin / Rentner,False,de,DE,PRIVAT,2014-08-01,AKTIV,,false,true,pfefferminz,HAPO,HH-000455,false,2014-08-01T09:00:00Z,2014-08-01T09:00:00Z
PTR-00000825,NATUERLICH,Frau,,Franziska,Peters,,,,1984-02-13,W,DE,GESCHIEDEN,B19,Landwirtin / Landwirt,True,de,DE,PRIVAT,2015-12-01,INAKTIV,,true,true,pfefferminz,HAPO,HH-000456,false,2015-12-01T09:00:00Z,2015-12-01T09:00:00Z
PTR-00000826,NATUERLICH,Herr,,Bernd,Peters,,,,1975-12-03,M,DE,LEDIG,B05,Verkäuferin / Verkäufer,False,de,DE,PRIVAT,2013-02-01,AKTIV,,true,true,pfefferminz,HAPO,HH-000457,false,2013-02-01T09:00:00Z,2013-02-01T09:00:00Z
PTR-00000827,NATUERLICH,Herr,,Volker,Vogel,,,,1971-05-06,M,DE,VERHEIRATET,B23,Rentnerin / Rentner,False,de,DE,PRIVAT,2024-12-01,AKTIV,,false,false,minzia,MINT,HH-000458,false,2024-12-01T09:00:00Z,2024-12-01T09:00:00Z
PTR-00000828,NATUERLICH,Frau,,Larissa,Gubler,,,,1989-08-28,W,CH,VERHEIRATET,B05,Verkäuferin / Verkäufer,False,de,CH,PRIVAT,2012-02-01,AKTIV,,false,true,pfefferminz,HAPO,HH-000459,false,2012-02-01T09:00:00Z,2012-02-01T09:00:00Z
PTR-00000829,NATUERLICH,Herr,,Ali,Hussain,,,,1972-03-01,M,AT,VERHEIRATET,B01,Kaufmännische Angestellte / Kaufmännischer Angestellter,False,de,DE,PRIVAT,2021-05-01,AKTIV,,true,false,minzia,MINT,HH-000460,false,2021-05-01T09:00:00Z,2021-05-01T09:00:00Z
PTR-00000830,NATUERLICH,Frau,,Anke,König,,,,1974-01-10,W,DE,VERHEIRATET,B32,Malerin / Maler,True,de,DE,PRIVAT,2020-10-01,AKTIV,,false,true,minzia,MINT,HH-000460,false,2020-10-01T09:00:00Z,2020-10-01T09:00:00Z
PTR-00000831,NATUERLICH,Herr,,Dragan,Kowalczyk,,,,1980-02-01,M,DE,VERHEIRATET,B40,Selbständige Unternehmerin / Selbständiger Unternehmer,True,de,DE,PRIVAT,,AKTIV,,true,true,minzia,MINT,HH-000461,false,2025-12-31T09:00:00Z,2025-12-31T09:00:00Z
PTR-00000832,JURISTISCH,Firma,,,,Nordsee Garage,Einzelfirma,HRB 78243,1999-03-01,UNBEKANNT,DE,UNBEKANNT,,,,de,DE,KMU,2025-04-01,AKTIV,,false,true,minzia,MINT,,false,2025-04-01T09:00:00Z,2025-04-01T09:00:00Z
PTR-00000833,NATUERLICH,Herr,,Igor,Haddad,,,,1977-10-10,M,DE,VERHEIRATET,B35,Verwaltungsangestellte / Verwaltungsangestellter,False,de,DE,PRIVAT,2008-08-01,AKTIV,,false,false,pfefferminz,VERA,HH-000462,false,2008-08-01T09:00:00Z,2008-08-01T09:00:00Z
PTR-00000834,NATUERLICH,Herr,,Matthias,Schmitz,,,,1982-01-10,M,DE,VERHEIRATET,B21,Beraterin / Berater,False,de,DE,PRIVAT,2017-08-01,AKTIV,,false,true,pfefferminz,HAPO,HH-000463,false,2017-08-01T09:00:00Z,2017-08-01T09:00:00Z
PTR-00000835,NATUERLICH,Frau,,Katharina,Meyer,,,,1982-04-01,W,DE,VERHEIRATET,B19,Landwirtin / Landwirt,True,de,DE,PRIVAT,,AKTIV,,true,false,pfefferminz,HAPO,HH-000463,false,2025-12-31T09:00:00Z,2025-12-31T09:00:00Z
PTR-00000836,NATUERLICH,Herr,,Felix,Schubert,,,,1974-12-16,M,DE,VERWITWET,B25,Mechanikerin / Mechaniker,True,de,DE,PRIVAT,2008-10-01,AKTIV,,false,true,pfefferminz,VERA,HH-000464,false,2008-10-01T09:00:00Z,2008-10-01T09:00:00Z
PTR-00000837,NATUERLICH,Frau,,Emma,Moret,,,,2004-02-03,W,CH,LEDIG,B01,Kaufmännische Angestellte / Kaufmännischer Angestellter,False,fr,CH,PRIVAT,2025-08-01,AKTIV,,false,false,pfefferminz,MINT,HH-000465,false,2025-08-01T09:00:00Z,2025-08-01T09:00:00Z
PTR-00000838,NATUERLICH,Frau,,Sara,Kohler,,,,1997-10-13,W,CH,VERHEIRATET,B10,Ingenieurin / Ingenieur,False,de,CH,PRIVAT,2016-07-01,AKTIV,,false,false,pfefferminz,HAPO,HH-000466,false,2016-07-01T09:00:00Z,2016-07-01T09:00:00Z
PTR-00000839,NATUERLICH,Herr,,Nikola,Kohler,,,,1999-09-19,M,ES,VERHEIRATET,B22,Studentin / Student,False,de,CH,PRIVAT,2017-12-01,AKTIV,,true,false,pfefferminz,VERA,HH-000466,false,2017-12-01T09:00:00Z,2017-12-01T09:00:00Z
PTR-00000840,NATUERLICH,Herr,,Torsten,Jäger,,,,2007-11-09,M,DE,LEDIG,B23,Rentnerin / Rentner,False,de,DE,PRIVAT,2025-12-01,AKTIV,,false,true,minzia,MINT,HH-000467,false,2025-12-01T09:00:00Z,2025-12-01T09:00:00Z
PTR-00000841,NATUERLICH,Herr,,Dimitrios,Gashi,,,,1977-10-12,M,DE,VERHEIRATET,B04,Pflegefachfrau / Pflegefachmann,False,de,DE,PRIVAT,2023-10-01,AKTIV,,false,false,minzia,MINT,HH-000468,false,2023-10-01T09:00:00Z,2023-10-01T09:00:00Z
PTR-00000842,NATUERLICH,Frau,,Dragana,García,,,,1983-01-18,W,CH,LEDIG,B34,Sozialarbeiterin / Sozialarbeiter,False,de,CH,PRIVAT,2017-03-01,AKTIV,,true,false,pfefferminz,VERA,HH-000469,false,2017-03-01T09:00:00Z,2017-03-01T09:00:00Z
PTR-00000843,NATUERLICH,Herr,,Leon,Müller,,,,1982-10-09,M,CH,VERWITWET,B26,Logistikerin / Logistiker,False,de,CH,PRIVAT,2025-12-01,AKTIV,,true,false,pfefferminz,MINT,HH-000470,false,2025-12-01T09:00:00Z,2025-12-01T09:00:00Z
PTR-00000844,NATUERLICH,Frau,,Käthi,Oberholzer,,,,1963-03-18,W,CH,LEDIG,B05,Verkäuferin / Verkäufer,False,de,CH,PRIVAT,2025-05-01,AKTIV,,false,false,pfefferminz,MINT,HH-000471,false,2025-05-01T09:00:00Z,2025-05-01T09:00:00Z
PTR-00000845,NATUERLICH,,,Stefan,Löffler,,,,1978-12-20,D,DE,PARTNERSCHAFT,B10,Ingenieurin / Ingenieur,True,de,DE,PRIVAT,2021-03-01,AKTIV,,true,false,minzia,MINT,HH-000472,false,2021-03-01T09:00:00Z,2021-03-01T09:00:00Z
PTR-00000846,NATUERLICH,Herr,,Lars,Löffler,,,,1973-04-09,M,DE,PARTNERSCHAFT,B25,Mechanikerin / Mechaniker,False,de,DE,PRIVAT,,AKTIV,,false,true,minzia,MINT,HH-000472,false,2025-12-31T09:00:00Z,2025-12-31T09:00:00Z
PTR-00000847,NATUERLICH,Herr,,Jonas,Fischer,,,,1998-10-16,M,SY,VERHEIRATET,B23,Rentnerin / Rentner,False,de,DE,PRIVAT,2017-06-01,AKTIV,,true,false,pfefferminz,HAPO,HH-000473,false,2017-06-01T09:00:00Z,2017-06-01T09:00:00Z
PTR-00000848,NATUERLICH,Herr,,Tim,Papadopoulos,,,,1998-07-26,M,DE,LEDIG,B05,Verkäuferin / Verkäufer,False,de,DE,PRIVAT,2019-02-01,INAKTIV,,false,true,pfefferminz,HAPO,HH-000474,false,2019-02-01T09:00:00Z,2019-02-01T09:00:00Z
PTR-00000849,JURISTISCH,Firma,,,,Uckermark Textil GmbH & Co. KG,KG,HRB 53408,2003-01-01,UNBEKANNT,DE,UNBEKANNT,,,,de,DE,KMU,2002-03-01,AKTIV,,true,true,pfefferminz,HAPO,,false,2002-03-01T09:00:00Z,2002-03-01T09:00:00Z
PTR-00000850,NATUERLICH,Herr,,Alexandre,Michaud,,,,1995-10-05,M,CH,GESCHIEDEN,B07,Sanitärinstallateurin / Sanitärinstallateur,False,fr,CH,PREMIUM,2017-04-01,AKTIV,,false,true,pfefferminz,HAPO,HH-000476,false,2017-04-01T09:00:00Z,2017-04-01T09:00:00Z
PTR-00000851,NATUERLICH,Herr,,Kevin,Schmidt,,,,1984-03-07,M,DE,VERHEIRATET,B01,Kaufmännische Angestellte / Kaufmännischer Angestellter,False,de,DE,PRIVAT,2013-08-01,AKTIV,,true,false,pfefferminz,VERA,HH-000477,false,2013-08-01T09:00:00Z,2013-08-01T09:00:00Z
PTR-00000852,NATUERLICH,Frau,,Anke,Schmidt,,,,1989-10-28,W,DE,VERHEIRATET,B01,Kaufmännische Angestellte / Kaufmännischer Angestellter,False,de,DE,PRIVAT,2009-01-01,AKTIV,,true,false,pfefferminz,VERA,HH-000477,false,2009-01-01T09:00:00Z,2009-01-01T09:00:00Z
PTR-00000853,NATUERLICH,Herr,,Tobias,Fischer,,,,1971-07-03,M,CH,PARTNERSCHAFT,B36,Gastwirtin / Gastwirt,True,de,CH,PRIVAT,2016-04-01,AKTIV,,true,true,pfefferminz,HAPO,HH-000478,false,2016-04-01T09:00:00Z,2016-04-01T09:00:00Z
PTR-00000854,NATUERLICH,Frau,,Yvonne,Fischer,,,,1966-10-11,W,CH,PARTNERSCHAFT,B23,Rentnerin / Rentner,False,de,CH,PRIVAT,,AKTIV,,true,true,pfefferminz,HAPO,HH-000478,false,2025-12-31T09:00:00Z,2025-12-31T09:00:00Z
PTR-00000855,NATUERLICH,Herr,,Florian,Wessel,,,,1976-09-15,M,PL,VERHEIRATET,B40,Selbständige Unternehmerin / Selbständiger Unternehmer,True,de,DE,PRIVAT,1997-03-01,INAKTIV,,false,true,pfefferminz,VERA,HH-000479,false,1997-03-01T09:00:00Z,1997-03-01T09:00:00Z
PTR-00000856,JURISTISCH,Firma,,,,Harz Bäckerei e.K.,e.K.,HRB 35378,2006-08-01,UNBEKANNT,DE,UNBEKANNT,,,,de,DE,KMU,2013-05-01,AKTIV,,true,false,pfefferminz,HAPO,,false,2013-05-01T09:00:00Z,2013-05-01T09:00:00Z
PTR-00000857,NATUERLICH,Herr,,Loïc,Gaillard,,,,1986-08-16,M,CH,LEDIG,B40,Selbständige Unternehmerin / Selbständiger Unternehmer,True,fr,CH,PRIVAT,,AKTIV,,false,true,minzia,MINT,HH-000480,false,2025-12-31T09:00:00Z,2025-12-31T09:00:00Z
PTR-00000858,JURISTISCH,Firma,,,,Napf Elektro Sàrl,Sàrl,CHE-499.197.221,2021-08-01,UNBEKANNT,CH,UNBEKANNT,,,,de,CH,KMU,2025-02-01,AKTIV,,true,true,minzia,MINT,,false,2025-02-01T09:00:00Z,2025-02-01T09:00:00Z
PTR-00000859,NATUERLICH,Frau,,Valérie,Favre,,,,1976-02-20,W,IT,VERHEIRATET,B24,Hausfrau / Hausmann,False,fr,CH,PREMIUM,2009-03-01,AKTIV,,false,true,pfefferminz,HAPO,HH-000481,false,2009-03-01T09:00:00Z,2009-03-01T09:00:00Z
PTR-00000860,NATUERLICH,Herr,,Guillaume,Favre,,,,1971-03-03,M,CH,VERHEIRATET,B06,Elektroinstallateurin / Elektroinstallateur,False,fr,CH,PRIVAT,,AKTIV,,true,true,pfefferminz,HAPO,HH-000481,false,2025-12-31T09:00:00Z,2025-12-31T09:00:00Z
PTR-00000861,NATUERLICH,Herr,,Christian,Moser,,,,1978-09-11,M,CH,LEDIG,B06,Elektroinstallateurin / Elektroinstallateur,False,de,CH,PRIVAT,2024-03-01,AKTIV,,false,false,minzia,MINT,HH-000482,false,2024-03-01T09:00:00Z,2024-03-01T09:00:00Z
PTR-00000862,NATUERLICH,Herr,,Noah,Dietiker,,,,1999-08-11,M,CH,VERHEIRATET,B35,Verwaltungsangestellte / Verwaltungsangestellter,False,de,CH,PRIVAT,2017-11-01,AKTIV,,false,false,pfefferminz,VERA,HH-000483,false,2017-11-01T09:00:00Z,2017-11-01T09:00:00Z
PTR-00000863,NATUERLICH,Frau,,Lena,Dietiker,,,,2002-08-16,W,CH,VERHEIRATET,B22,Studentin / Student,False,de,CH,PRIVAT,,AKTIV,,false,false,pfefferminz,HAPO,HH-000483,false,2025-12-31T09:00:00Z,2025-12-31T09:00:00Z
PTR-00000864,NATUERLICH,Herr,,Yannis,Kowalczyk,,,,1989-12-15,M,DE,VERHEIRATET,B34,Sozialarbeiterin / Sozialarbeiter,False,de,DE,PRIVAT,2021-04-01,AKTIV,,false,true,minzia,MINT,HH-000484,false,2021-04-01T09:00:00Z,2021-04-01T09:00:00Z
PTR-00000865,NATUERLICH,Herr,,Roman,Schaffner,,,,1992-08-08,M,CH,VERHEIRATET,B28,Bankangestellte / Bankangestellter,False,de,CH,PRIVAT,2018-06-01,INAKTIV,,true,true,pfefferminz,HAPO,HH-000485,false,2018-06-01T09:00:00Z,2018-06-01T09:00:00Z
PTR-00000866,NATUERLICH,Frau,,Emma,Schaffner,,,,1997-03-25,W,CH,VERHEIRATET,B01,Kaufmännische Angestellte / Kaufmännischer Angestellter,False,de,CH,PRIVAT,,AKTIV,,false,false,pfefferminz,HAPO,HH-000485,false,2025-12-31T09:00:00Z,2025-12-31T09:00:00Z
PTR-00000867,NATUERLICH,Herr,,Leon,Schaffner,,,,2007-03-14,M,PT,LEDIG,B32,Malerin / Maler,False,de,CH,PRIVAT,2025-11-01,AKTIV,,true,true,pfefferminz,MINT,HH-000485,false,2025-11-01T09:00:00Z,2025-11-01T09:00:00Z
PTR-00000868,NATUERLICH,Herr,,Gian,Tschudi,,,,1989-04-25,M,CH,VERHEIRATET,B10,Ingenieurin / Ingenieur,True,de,CH,PRIVAT,2014-10-01,AKTIV,,true,true,pfefferminz,HAPO,HH-000486,false,2014-10-01T09:00:00Z,2014-10-01T09:00:00Z
PTR-00000869,NATUERLICH,Frau,,Jelena,Tschudi,,,,1984-09-20,W,IT,VERHEIRATET,B21,Beraterin / Berater,True,de,CH,PRIVAT,,AKTIV,,false,false,pfefferminz,HAPO,HH-000486,false,2025-12-31T09:00:00Z,2025-12-31T09:00:00Z
PTR-00000870,NATUERLICH,Frau,,Jasmin,Weber,,,,2007-06-02,W,IT,LEDIG,B22,Studentin / Student,False,de,CH,PRIVAT,2025-11-01,AKTIV,,true,true,pfefferminz,MINT,HH-000486,false,2025-11-01T09:00:00Z,2025-11-01T09:00:00Z
PTR-00000871,NATUERLICH,Herr,,Simon,Baumann,,,,2007-02-19,M,CH,LEDIG,B04,Pflegefachfrau / Pflegefachmann,False,de,CH,PRIVAT,,AKTIV,,true,false,pfefferminz,HAPO,HH-000486,false,2025-12-31T09:00:00Z,2025-12-31T09:00:00Z
PTR-00000872,NATUERLICH,Herr,,Volker,Beck,,,,1955-03-06,M,DE,VERHEIRATET,B23,Rentnerin / Rentner,False,de,DE,PRIVAT,2016-05-01,AKTIV,,true,true,pfefferminz,HAPO,HH-000487,false,2016-05-01T09:00:00Z,2016-05-01T09:00:00Z
PTR-00000873,NATUERLICH,Frau,,Christa,Jung,,,,1954-10-24,W,DE,VERHEIRATET,B23,Rentnerin / Rentner,False,de,DE,PRIVAT,,AKTIV,,true,false,pfefferminz,HAPO,HH-000487,false,2025-12-31T09:00:00Z,2025-12-31T09:00:00Z
PTR-00000874,NATUERLICH,Herr,,Tobias,Beck,,,,1981-03-23,M,TR,LEDIG,B02,Informatikerin / Informatiker,True,de,DE,PRIVAT,2013-02-01,INAKTIV,,true,true,pfefferminz,VERA,HH-000487,false,2013-02-01T09:00:00Z,2013-02-01T09:00:00Z
PTR-00000875,NATUERLICH,Herr,,Thomas,Beck,,,,1989-11-09,M,DE,LEDIG,B22,Studentin / Student,False,de,DE,PRIVAT,2014-09-01,AKTIV,,true,false,pfefferminz,VERA,HH-000487,false,2014-09-01T09:00:00Z,2014-09-01T09:00:00Z
PTR-00000876,NATUERLICH,Frau,,Leonie,Beck,,,,1991-03-22,W,DE,LEDIG,B01,Kaufmännische Angestellte / Kaufmännischer Angestellter,False,de,DE,PRIVAT,2011-12-01,AKTIV,,false,false,pfefferminz,VERA,HH-000487,false,2011-12-01T09:00:00Z,2011-12-01T09:00:00Z
PTR-00000877,NATUERLICH,Frau,,Johanna,Schuster,,,,2007-08-11,W,DE,LEDIG,B22,Studentin / Student,False,de,DE,PRIVAT,2025-12-01,AKTIV,,true,false,pfefferminz,MINT,HH-000488,false,2025-12-01T09:00:00Z,2025-12-01T09:00:00Z
PTR-00000878,NATUERLICH,Frau,,Aylin,Mansour,,,,2007-12-03,W,TR,LEDIG,B22,Studentin / Student,False,de,CH,PRIVAT,,AKTIV,,true,true,pfefferminz,HAPO,HH-000489,false,2025-12-31T09:00:00Z,2025-12-31T09:00:00Z
PTR-00000879,NATUERLICH,Frau,,Anna,Jenni,,,,1992-12-05,W,TR,PARTNERSCHAFT,B10,Ingenieurin / Ingenieur,False,de,CH,PRIVAT,2015-02-01,AKTIV,,false,false,pfefferminz,HAPO,HH-000490,false,2015-02-01T09:00:00Z,2015-02-01T09:00:00Z
PTR-00000880,NATUERLICH,Herr,,Cyrill,Jenni,,,,1998-11-02,M,CH,PARTNERSCHAFT,B23,Rentnerin / Rentner,False,de,CH,PRIVAT,,AKTIV,,false,true,pfefferminz,HAPO,HH-000490,false,2025-12-31T09:00:00Z,2025-12-31T09:00:00Z
PTR-00000881,NATUERLICH,Frau,,Katharina,Müller,,,,1995-04-08,W,DE,VERHEIRATET,B17,Coiffeuse / Coiffeur,False,de,DE,PRIVAT,2013-11-01,AKTIV,,false,true,pfefferminz,VERA,HH-000491,false,2013-11-01T09:00:00Z,2013-11-01T09:00:00Z
PTR-00000882,NATUERLICH,Herr,,Maximilian,Müller,,,,2001-02-07,M,RO,VERHEIRATET,B22,Studentin / Student,False,de,DE,PRIVAT,,AKTIV,,true,false,pfefferminz,HAPO,HH-000491,false,2025-12-31T09:00:00Z,2025-12-31T09:00:00Z
PTR-00000883,NATUERLICH,Herr,,Niklas,Müller,,,,2007-03-20,M,DE,LEDIG,B23,Rentnerin / Rentner,False,de,DE,PREMIUM,2025-05-01,AKTIV,,true,true,pfefferminz,MINT,HH-000491,false,2025-05-01T09:00:00Z,2025-05-01T09:00:00Z
PTR-00000884,NATUERLICH,Herr,,Finn,Müller,,,,2007-11-28,M,DE,LEDIG,B22,Studentin / Student,False,de,DE,PRIVAT,,AKTIV,,true,false,pfefferminz,HAPO,HH-000491,false,2025-12-31T09:00:00Z,2025-12-31T09:00:00Z
PTR-00000885,NATUERLICH,Herr,Dr.,Maximilian,Schmidt,,,,2007-08-12,M,DE,LEDIG,B12,Juristin / Jurist,False,de,DE,PRIVAT,2025-10-01,AKTIV,,true,true,pfefferminz,MINT,HH-000491,false,2025-10-01T09:00:00Z,2025-10-01T09:00:00Z
PTR-00000886,NATUERLICH,Frau,,Flurina,Schläfli,,,,1995-08-25,W,CH,VERHEIRATET,B02,Informatikerin / Informatiker,False,de,CH,PRIVAT,2025-06-01,AKTIV,,true,true,minzia,MINT,HH-000492,false,2025-06-01T09:00:00Z,2025-06-01T09:00:00Z
PTR-00000887,NATUERLICH,Herr,,Dirk,Bauer,,,,1984-11-18,M,DE,VERHEIRATET,B24,Hausfrau / Hausmann,False,de,DE,PRIVAT,2025-09-01,AKTIV,,true,true,pfefferminz,MINT,HH-000493,false,2025-09-01T09:00:00Z,2025-09-01T09:00:00Z
PTR-00000888,NATUERLICH,Herr,,Levin,Portmann,,,,1981-10-05,M,CH,VERHEIRATET,B10,Ingenieurin / Ingenieur,False,de,CH,PRIVAT,2018-10-01,AKTIV,,false,false,pfefferminz,HAPO,HH-000494,false,2018-10-01T09:00:00Z,2018-10-01T09:00:00Z
PTR-00000889,NATUERLICH,Frau,,Elena,Portmann,,,,1981-10-10,W,CH,VERHEIRATET,B23,Rentnerin / Rentner,False,de,CH,PREMIUM,2015-01-01,AKTIV,,false,false,pfefferminz,VERA,HH-000494,false,2015-01-01T09:00:00Z,2015-01-01T09:00:00Z
PTR-00000890,NATUERLICH,Frau,,Franziska,Wagner,,,,1974-12-26,W,DE,VERHEIRATET,B12,Juristin / Jurist,True,de,DE,PRIVAT,2006-04-01,AKTIV,,true,false,pfefferminz,HAPO,HH-000495,false,2006-04-01T09:00:00Z,2006-04-01T09:00:00Z
PTR-00000891,NATUERLICH,Herr,,Thomas,Wagner,,,,1972-09-15,M,DE,VERHEIRATET,B05,Verkäuferin / Verkäufer,False,de,DE,PRIVAT,2002-12-01,INAKTIV,,true,false,pfefferminz,VERA,HH-000495,false,2002-12-01T09:00:00Z,2002-12-01T09:00:00Z
PTR-00000892,NATUERLICH,Herr,,Jonas,Kaufmann,,,,1990-11-27,M,CH,VERHEIRATET,B01,Kaufmännische Angestellte / Kaufmännischer Angestellter,False,de,CH,PRIVAT,2015-02-01,AKTIV,,true,false,pfefferminz,HAPO,HH-000496,false,2015-02-01T09:00:00Z,2015-02-01T09:00:00Z
PTR-00000893,NATUERLICH,Frau,,Elif,Kaufmann,,,,1991-06-17,W,CH,VERHEIRATET,B23,Rentnerin / Rentner,False,de,CH,PRIVAT,2011-02-01,INAKTIV,,false,false,pfefferminz,VERA,HH-000496,false,2011-02-01T09:00:00Z,2011-02-01T09:00:00Z
PTR-00000894,NATUERLICH,Herr,,Luca,Kaufmann,,,,2007-10-02,M,CH,LEDIG,B01,Kaufmännische Angestellte / Kaufmännischer Angestellter,False,de,CH,PRIVAT,,AKTIV,,true,false,pfefferminz,HAPO,HH-000496,false,2025-12-31T09:00:00Z,2025-12-31T09:00:00Z
PTR-00000895,NATUERLICH,Herr,,Ali,Kaufmann,,,,2007-03-25,M,AT,LEDIG,B05,Verkäuferin / Verkäufer,False,de,CH,PRIVAT,,AKTIV,,true,false,pfefferminz,HAPO,HH-000496,false,2025-12-31T09:00:00Z,2025-12-31T09:00:00Z
PTR-00000896,NATUERLICH,Herr,,Yannick,Kaufmann,,,,2007-11-27,M,CH,LEDIG,B22,Studentin / Student,False,de,CH,PRIVAT,2025-12-01,AKTIV,,false,false,pfefferminz,MINT,HH-000496,false,2025-12-01T09:00:00Z,2025-12-01T09:00:00Z
PTR-00000897,NATUERLICH,,,Markus,Bolliger,,,,1969-05-12,D,DE,VERHEIRATET,B02,Informatikerin / Informatiker,False,de,CH,PRIVAT,2009-12-01,AKTIV,,true,true,pfefferminz,HAPO,HH-000497,false,2009-12-01T09:00:00Z,2009-12-01T09:00:00Z
PTR-00000898,NATUERLICH,Herr,,Silvan,Bolliger,,,,1967-09-19,M,CH,VERHEIRATET,B24,Hausfrau / Hausmann,False,de,CH,PRIVAT,2018-06-01,AKTIV,,false,false,pfefferminz,VERA,HH-000497,false,2018-06-01T09:00:00Z,2018-06-01T09:00:00Z
PTR-00000899,NATUERLICH,Herr,,Volker,Hoffmann,,,,1952-09-09,M,DE,VERHEIRATET,B40,Selbständige Unternehmerin / Selbständiger Unternehmer,True,de,DE,PRIVAT,2021-07-01,INAKTIV,,true,true,minzia,MINT,HH-000498,false,2021-07-01T09:00:00Z,2021-07-01T09:00:00Z
PTR-00000900,JURISTISCH,Firma,,,,Taunus Bäckerei,Einzelfirma,HRB 73720,1985-09-01,UNBEKANNT,DE,UNBEKANNT,,,,de,DE,KMU,2025-02-01,AKTIV,,false,false,minzia,MINT,,false,2025-02-01T09:00:00Z,2025-02-01T09:00:00Z
PTR-00000901,NATUERLICH,Frau,,Ivana,Weiß,,,,1959-06-06,W,DE,LEDIG,B23,Rentnerin / Rentner,False,de,DE,PRIVAT,2020-06-01,AKTIV,,true,true,minzia,MINT,HH-000499,false,2020-06-01T09:00:00Z,2020-06-01T09:00:00Z
PTR-00000902,NATUERLICH,Frau,,Helga,Müller,,,,1978-05-10,W,DE,VERHEIRATET,B04,Pflegefachfrau / Pflegefachmann,False,de,DE,PRIVAT,2021-05-01,AKTIV,,true,true,minzia,MINT,HH-000500,false,2021-05-01T09:00:00Z,2021-05-01T09:00:00Z
PTR-00000903,NATUERLICH,Frau,,Jana,Müller,,,,1976-10-17,W,DE,VERHEIRATET,B01,Kaufmännische Angestellte / Kaufmännischer Angestellter,False,de,DE,PRIVAT,2020-10-01,AKTIV,,false,true,minzia,MINT,HH-000500,false,2020-10-01T09:00:00Z,2020-10-01T09:00:00Z
PTR-00000904,NATUERLICH,Herr,,Thomas,Richter,,,,1975-11-10,M,DE,GESCHIEDEN,B40,Selbständige Unternehmerin / Selbständiger Unternehmer,True,de,DE,PREMIUM,2022-08-01,AKTIV,,true,false,pfefferminz,VERA,HH-000501,false,2022-08-01T09:00:00Z,2022-08-01T09:00:00Z
PTR-00000905,JURISTISCH,Firma,,,,Vogtland Autohaus AG,AG,HRB 92536,2022-09-01,UNBEKANNT,DE,UNBEKANNT,,,,de,DE,KMU,2013-09-01,AKTIV,,false,true,pfefferminz,HAPO,,false,2013-09-01T09:00:00Z,2013-09-01T09:00:00Z
PTR-00000906,NATUERLICH,Herr,,Felix,Hofmann,,,,1982-04-27,M,AT,LEDIG,B40,Selbständige Unternehmerin / Selbständiger Unternehmer,True,de,DE,PRIVAT,2005-01-01,INAKTIV,,false,false,pfefferminz,VERA,HH-000502,false,2005-01-01T09:00:00Z,2005-01-01T09:00:00Z
PTR-00000907,JURISTISCH,Firma,,,,Inn Bauunternehmung GmbH & Co. KG,KG,HRB 38785,1993-11-01,UNBEKANNT,DE,UNBEKANNT,,,,de,DE,KMU,2019-11-01,AKTIV,,false,false,pfefferminz,HAPO,,false,2019-11-01T09:00:00Z,2019-11-01T09:00:00Z
PTR-00000908,NATUERLICH,Herr,,Dominique,Rochat,,,,1936-04-12,M,DE,VERHEIRATET,B23,Rentnerin / Rentner,False,fr,CH,PRIVAT,2010-11-01,AKTIV,,false,false,pfefferminz,VERA,HH-000503,false,2010-11-01T09:00:00Z,2010-11-01T09:00:00Z
PTR-00000909,JURISTISCH,Firma,,,,Suhre Dachdeckerei SA,SA,CHE-499.180.491,2009-07-01,UNBEKANNT,CH,UNBEKANNT,,,,fr,CH,KMU,2003-04-01,AKTIV,,false,true,pfefferminz,HAPO,,false,2003-04-01T09:00:00Z,2003-04-01T09:00:00Z
PTR-00000910,NATUERLICH,,,Ueli,Emmenegger,,,,1963-04-06,D,IT,VERHEIRATET,B25,Mechanikerin / Mechaniker,False,de,CH,PRIVAT,2012-11-01,AKTIV,,true,false,pfefferminz,HAPO,HH-000505,false,2012-11-01T09:00:00Z,2012-11-01T09:00:00Z
PTR-00000911,NATUERLICH,Herr,,Pascal,Cornu,,,,1987-06-26,M,CH,VERHEIRATET,B17,Coiffeuse / Coiffeur,False,fr,CH,PRIVAT,2007-08-01,AKTIV,,false,false,pfefferminz,HAPO,HH-000506,false,2007-08-01T09:00:00Z,2007-08-01T09:00:00Z
PTR-00000912,NATUERLICH,Frau,,Svetlana,Cornu,,,,1985-09-25,W,CH,VERHEIRATET,B17,Coiffeuse / Coiffeur,False,fr,CH,PRIVAT,2005-10-01,INAKTIV,,true,true,pfefferminz,VERA,HH-000506,false,2005-10-01T09:00:00Z,2005-10-01T09:00:00Z
PTR-00000913,NATUERLICH,Herr,,Philipp,Zander,,,,1977-08-21,M,DE,VERHEIRATET,B28,Bankangestellte / Bankangestellter,False,de,DE,PRIVAT,2022-06-01,AKTIV,,false,false,minzia,MINT,HH-000507,false,2022-06-01T09:00:00Z,2022-06-01T09:00:00Z
PTR-00000914,NATUERLICH,Frau,,Vanessa,Zander,,,,1981-08-20,W,DE,VERHEIRATET,B26,Logistikerin / Logistiker,False,de,DE,PRIVAT,,AKTIV,,false,true,minzia,MINT,HH-000507,false,2025-12-31T09:00:00Z,2025-12-31T09:00:00Z
PTR-00000915,NATUERLICH,Frau,,Lisa,Hofmann,,,,2002-03-02,W,DE,LEDIG,B02,Informatikerin / Informatiker,True,de,DE,PRIVAT,,AKTIV,,true,true,minzia,MINT,HH-000507,false,2025-12-31T09:00:00Z,2025-12-31T09:00:00Z
PTR-00000916,NATUERLICH,Herr,,Tim,Öztürk,,,,1988-05-21,M,CH,VERHEIRATET,B35,Verwaltungsangestellte / Verwaltungsangestellter,False,de,CH,PRIVAT,2014-11-01,AKTIV,,true,true,pfefferminz,HAPO,HH-000508,false,2014-11-01T09:00:00Z,2014-11-01T09:00:00Z
PTR-00000917,NATUERLICH,Herr,,Dirk,Kuhn,,,,1967-06-11,M,DE,PARTNERSCHAFT,B15,Köchin / Koch,False,de,DE,PRIVAT,2021-08-01,AKTIV,,true,true,minzia,MINT,HH-000509,false,2021-08-01T09:00:00Z,2021-08-01T09:00:00Z
PTR-00000918,NATUERLICH,Frau,,Martina,Kuhn,,,,1970-08-28,W,DE,PARTNERSCHAFT,B03,Lehrerin / Lehrer,False,de,DE,PRIVAT,2021-06-01,AKTIV,,true,true,minzia,MINT,HH-000509,false,2021-06-01T09:00:00Z,2021-06-01T09:00:00Z
PTR-00000919,NATUERLICH,Herr,,Ben,Franke,,,,1990-01-26,M,SY,VERHEIRATET,B01,Kaufmännische Angestellte / Kaufmännischer Angestellter,False,de,DE,PRIVAT,2020-08-01,AKTIV,,true,true,minzia,MINT,HH-000510,false,2020-08-01T09:00:00Z,2020-08-01T09:00:00Z
PTR-00000920,NATUERLICH,Frau,Dr.,Inès,Bonvin,,,,1987-09-06,W,RS,VERHEIRATET,B11,Ärztin / Arzt,False,fr,CH,PRIVAT,2014-02-01,INAKTIV,,true,false,pfefferminz,HAPO,HH-000511,false,2014-02-01T09:00:00Z,2014-02-01T09:00:00Z
PTR-00000921,NATUERLICH,Frau,,Annika,Kolbe,,,,1962-01-22,W,DE,VERHEIRATET,B01,Kaufmännische Angestellte / Kaufmännischer Angestellter,False,de,DE,PRIVAT,2022-04-01,AKTIV,,false,true,minzia,MINT,HH-000512,false,2022-04-01T09:00:00Z,2022-04-01T09:00:00Z
PTR-00000922,NATUERLICH,Herr,,Daniel,Krüger,,,,1964-09-22,M,RO,VERHEIRATET,B34,Sozialarbeiterin / Sozialarbeiter,False,de,DE,PRIVAT,,AKTIV,,true,false,minzia,MINT,HH-000512,false,2025-12-31T09:00:00Z,2025-12-31T09:00:00Z
PTR-00000923,NATUERLICH,Frau,,Sabine,Maier,,,,1999-02-02,W,DE,LEDIG,B05,Verkäuferin / Verkäufer,False,de,DE,PRIVAT,2024-04-01,AKTIV,,true,true,minzia,MINT,HH-000512,false,2024-04-01T09:00:00Z,2024-04-01T09:00:00Z
PTR-00000924,NATUERLICH,Herr,,Holger,Brandt,,,,1960-01-10,M,DE,VERHEIRATET,B23,Rentnerin / Rentner,False,de,DE,PRIVAT,2014-12-01,AKTIV,,false,true,pfefferminz,HAPO,HH-000513,false,2014-12-01T09:00:00Z,2014-12-01T09:00:00Z
PTR-00000925,NATUERLICH,Frau,,Birgit,Brandt,,,,1954-05-11,W,GR,VERHEIRATET,B23,Rentnerin / Rentner,False,de,DE,PRIVAT,2015-12-01,AKTIV,,false,false,pfefferminz,VERA,HH-000513,false,2015-12-01T09:00:00Z,2015-12-01T09:00:00Z
PTR-00000926,JURISTISCH,Firma,,,,Wasserfallen Kinderkrippe GmbH,GmbH,CHE-499.881.168,2015-10-01,UNBEKANNT,CH,UNBEKANNT,,,,de,CH,KMU,2019-05-01,AKTIV,,false,false,pfefferminz,HAPO,,false,2019-05-01T09:00:00Z,2019-05-01T09:00:00Z
PTR-00000927,NATUERLICH,Herr,,Reto,Bieri,,,,1980-12-02,M,CH,VERHEIRATET,B07,Sanitärinstallateurin / Sanitärinstallateur,False,de,CH,PRIVAT,2015-08-01,INAKTIV,,false,true,pfefferminz,HAPO,HH-000515,false,2015-08-01T09:00:00Z,2015-08-01T09:00:00Z
PTR-00000928,NATUERLICH,Frau,,Selina,Nussbaumer,,,,1984-12-02,W,AT,VERHEIRATET,B35,Verwaltungsangestellte / Verwaltungsangestellter,False,de,CH,PREMIUM,2003-02-01,AKTIV,,false,false,pfefferminz,VERA,HH-000515,false,2003-02-01T09:00:00Z,2003-02-01T09:00:00Z
PTR-00000929,NATUERLICH,Frau,,Anna,Senn,,,,1987-03-27,W,CH,LEDIG,B17,Coiffeuse / Coiffeur,True,de,CH,PRIVAT,2025-03-01,AKTIV,,true,true,pfefferminz,MINT,HH-000516,false,2025-03-01T09:00:00Z,2025-03-01T09:00:00Z
PTR-00000930,NATUERLICH,Frau,,Annemarie,Baumann,,,,1938-10-19,W,PT,VERWITWET,B23,Rentnerin / Rentner,False,de,CH,PRIVAT,2015-06-01,AKTIV,,false,true,pfefferminz,HAPO,HH-000517,false,2015-06-01T09:00:00Z,2015-06-01T09:00:00Z
PTR-00000931,NATUERLICH,Herr,,Markus,Müller,,,,1982-10-21,M,DE,LEDIG,B17,Coiffeuse / Coiffeur,False,de,CH,PRIVAT,2025-05-01,AKTIV,,true,false,minzia,MINT,HH-000518,false,2025-05-01T09:00:00Z,2025-05-01T09:00:00Z
PTR-00000932,NATUERLICH,Herr,,Elias,Steiner,,,,1975-09-27,M,CH,LEDIG,B23,Rentnerin / Rentner,False,de,CH,PRIVAT,2003-02-01,AKTIV,,true,false,pfefferminz,VERA,HH-000519,false,2003-02-01T09:00:00Z,2003-02-01T09:00:00Z
PTR-00000933,NATUERLICH,Herr,,Gian,Lüthi,,,,2007-05-18,M,CH,LEDIG,B22,Studentin / Student,False,de,CH,PREMIUM,2025-06-01,AKTIV,,false,false,pfefferminz,MINT,HH-000520,false,2025-06-01T09:00:00Z,2025-06-01T09:00:00Z
PTR-00000934,NATUERLICH,Frau,,Petra,Schmitz,,,,1980-08-17,W,DE,VERHEIRATET,B01,Kaufmännische Angestellte / Kaufmännischer Angestellter,False,de,DE,PRIVAT,2024-11-01,AKTIV,,true,true,minzia,MINT,HH-000521,false,2024-11-01T09:00:00Z,2024-11-01T09:00:00Z
PTR-00000935,NATUERLICH,Herr,,Carsten,Schmitz,,,,1983-08-20,M,DE,VERHEIRATET,B01,Kaufmännische Angestellte / Kaufmännischer Angestellter,False,de,DE,PRIVAT,,AKTIV,,false,true,minzia,MINT,HH-000521,false,2025-12-31T09:00:00Z,2025-12-31T09:00:00Z
PTR-00000936,NATUERLICH,Frau,,Melanie,Meyer,,,,1968-03-02,W,DE,GESCHIEDEN,B01,Kaufmännische Angestellte / Kaufmännischer Angestellter,False,de,DE,PRIVAT,2022-05-01,INAKTIV,,true,false,minzia,MINT,HH-000522,false,2022-05-01T09:00:00Z,2022-05-01T09:00:00Z
PTR-00000937,NATUERLICH,Frau,,Christine,Zürcher,,,,1976-05-21,W,CH,VERHEIRATET,B23,Rentnerin / Rentner,False,de,CH,PRIVAT,2020-06-01,AKTIV,,true,false,pfefferminz,HAPO,HH-000523,false,2020-06-01T09:00:00Z,2020-06-01T09:00:00Z
PTR-00000938,NATUERLICH,Herr,,Ueli,Zürcher,,,,1977-02-14,M,CH,VERHEIRATET,B19,Landwirtin / Landwirt,False,de,CH,PRIVAT,2012-02-01,AKTIV,,false,false,pfefferminz,VERA,HH-000523,false,2012-02-01T09:00:00Z,2012-02-01T09:00:00Z
PTR-00000939,NATUERLICH,Frau,,Eleni,Diallo,,,,1979-12-20,W,DE,VERHEIRATET,B10,Ingenieurin / Ingenieur,False,de,DE,PRIVAT,2016-03-01,INAKTIV,,true,false,pfefferminz,VERA,HH-000524,false,2016-03-01T09:00:00Z,2016-03-01T09:00:00Z
PTR-00000940,NATUERLICH,Herr,,Niklas,Diallo,,,,1978-05-22,M,IT,VERHEIRATET,B04,Pflegefachfrau / Pflegefachmann,False,de,DE,PRIVAT,,AKTIV,,false,false,pfefferminz,HAPO,HH-000524,false,2025-12-31T09:00:00Z,2025-12-31T09:00:00Z
PTR-00000941,NATUERLICH,Herr,,Lukas,Diallo,,,,2007-03-05,M,DE,LEDIG,B22,Studentin / Student,False,de,DE,PRIVAT,2025-08-01,AKTIV,,false,false,pfefferminz,MINT,HH-000524,false,2025-08-01T09:00:00Z,2025-08-01T09:00:00Z
PTR-00000942,NATUERLICH,Herr,,Carsten,Becker,,,,1998-08-05,M,RO,VERHEIRATET,B40,Selbständige Unternehmerin / Selbständiger Unternehmer,True,de,DE,PRIVAT,2023-03-01,AKTIV,,true,true,minzia,MINT,HH-000525,false,2023-03-01T09:00:00Z,2023-03-01T09:00:00Z
PTR-00000943,NATUERLICH,Herr,,Samuel,Đorđević,,,,1994-07-13,M,DE,VERHEIRATET,B23,Rentnerin / Rentner,False,de,DE,PRIVAT,2021-07-01,AKTIV,,false,true,minzia,MINT,HH-000526,false,2021-07-01T09:00:00Z,2021-07-01T09:00:00Z
PTR-00000944,NATUERLICH,Frau,,Svenja,Becker,,,,2000-07-23,W,DE,VERHEIRATET,B09,Maurerin / Maurer,False,de,DE,PRIVAT,,AKTIV,,false,true,minzia,MINT,HH-000526,false,2025-12-31T09:00:00Z,2025-12-31T09:00:00Z
PTR-00000945,NATUERLICH,Herr,,Matthias,Keller,,,,1963-01-05,M,CH,VERHEIRATET,B13,Treuhänderin / Treuhänder,True,de,CH,PRIVAT,2008-03-01,INAKTIV,,false,false,pfefferminz,HAPO,HH-000527,false,2008-03-01T09:00:00Z,2008-03-01T09:00:00Z
PTR-00000946,NATUERLICH,Frau,,Sandra,Keller,,,,1968-02-02,W,CH,VERHEIRATET,B23,Rentnerin / Rentner,False,de,CH,PRIVAT,,AKTIV,,false,false,pfefferminz,HAPO,HH-000527,false,2025-12-31T09:00:00Z,2025-12-31T09:00:00Z
PTR-00000947,NATUERLICH,Frau,,Anna,Haas,,,,1994-10-16,W,CH,LEDIG,B09,Maurerin / Maurer,True,de,CH,PRIVAT,,AKTIV,,false,true,pfefferminz,HAPO,HH-000527,false,2025-12-31T09:00:00Z,2025-12-31T09:00:00Z
PTR-00000948,NATUERLICH,Herr,,Christian,Hess,,,,1974-09-16,M,CH,VERHEIRATET,B23,Rentnerin / Rentner,False,de,CH,PREMIUM,2012-09-01,AKTIV,,true,true,pfefferminz,VERA,HH-000528,false,2012-09-01T09:00:00Z,2012-09-01T09:00:00Z
PTR-00000949,NATUERLICH,Frau,,Karin,Hess,,,,1968-10-07,W,CH,VERHEIRATET,B31,Dachdeckerin / Dachdecker,False,de,CH,PRIVAT,,AKTIV,,false,false,pfefferminz,HAPO,HH-000528,false,2025-12-31T09:00:00Z,2025-12-31T09:00:00Z
PTR-00000950,NATUERLICH,Frau,,Hanna,Haas,,,,1997-05-02,W,DE,LEDIG,B01,Kaufmännische Angestellte / Kaufmännischer Angestellter,False,de,DE,PRIVAT,2022-10-01,AKTIV,,true,true,pfefferminz,VERA,HH-000529,false,2022-10-01T09:00:00Z,2022-10-01T09:00:00Z
PTR-00000951,NATUERLICH,Frau,,Sofia,Fernandes,,,,1973-02-20,W,TR,LEDIG,B20,Polizistin / Polizist,False,de,DE,PRIVAT,2012-10-01,AKTIV,,false,false,pfefferminz,VERA,HH-000530,false,2012-10-01T09:00:00Z,2012-10-01T09:00:00Z
PTR-00000952,NATUERLICH,Frau,,Nadine,Günther,,,,1976-10-02,W,DE,VERHEIRATET,B08,Schreinerin / Schreiner,True,de,DE,PRIVAT,2019-11-01,AKTIV,,true,true,pfefferminz,HAPO,HH-000531,false,2019-11-01T09:00:00Z,2019-11-01T09:00:00Z
PTR-00000953,NATUERLICH,Herr,,Yannis,Günther,,,,1971-09-28,M,DE,VERHEIRATET,B03,Lehrerin / Lehrer,False,de,DE,PRIVAT,,AKTIV,,true,false,pfefferminz,HAPO,HH-000531,false,2025-12-31T09:00:00Z,2025-12-31T09:00:00Z
PTR-00000954,NATUERLICH,Frau,,Maren,Becker,,,,1984-11-01,W,DE,PARTNERSCHAFT,B09,Maurerin / Maurer,False,de,DE,PRIVAT,2008-08-01,AKTIV,,false,false,pfefferminz,HAPO,HH-000532,false,2008-08-01T09:00:00Z,2008-08-01T09:00:00Z
PTR-00000955,NATUERLICH,Herr,,Yannis,Arslan,,,,1980-08-20,M,DE,PARTNERSCHAFT,B24,Hausfrau / Hausmann,False,de,DE,PRIVAT,,AKTIV,,false,false,pfefferminz,HAPO,HH-000532,false,2025-12-31T09:00:00Z,2025-12-31T09:00:00Z
PTR-00000956,NATUERLICH,Herr,,Dirk,Becker,,,,2007-06-27,M,DE,LEDIG,B05,Verkäuferin / Verkäufer,False,de,DE,PRIVAT,,AKTIV,,false,false,pfefferminz,HAPO,HH-000532,false,2025-12-31T09:00:00Z,2025-12-31T09:00:00Z
PTR-00000957,NATUERLICH,Herr,,Samuel,Becker,,,,2007-10-18,M,DE,LEDIG,B02,Informatikerin / Informatiker,False,de,DE,PREMIUM,2025-12-01,AKTIV,,false,false,pfefferminz,MINT,HH-000532,false,2025-12-01T09:00:00Z,2025-12-01T09:00:00Z
PTR-00000958,NATUERLICH,Herr,,Paul,Becker,,,,2007-11-12,M,DE,LEDIG,B22,Studentin / Student,False,de,DE,PRIVAT,,AKTIV,,true,false,pfefferminz,HAPO,HH-000532,false,2025-12-31T09:00:00Z,2025-12-31T09:00:00Z
PTR-00000959,NATUERLICH,Herr,,Matthias,Zehnder,,,,1982-02-28,M,CH,PARTNERSCHAFT,B10,Ingenieurin / Ingenieur,False,de,CH,PRIVAT,2014-12-01,AKTIV,,true,false,pfefferminz,HAPO,HH-000533,false,2014-12-01T09:00:00Z,2014-12-01T09:00:00Z
PTR-00000960,NATUERLICH,Frau,,Fabienne,Zehnder,,,,1985-08-11,W,CH,PARTNERSCHAFT,B10,Ingenieurin / Ingenieur,False,de,CH,PRIVAT,2009-06-01,AKTIV,,true,false,pfefferminz,VERA,HH-000533,false,2009-06-01T09:00:00Z,2009-06-01T09:00:00Z
PTR-00000961,NATUERLICH,Herr,,Nils,Zehnder,,,,2007-08-09,M,CH,LEDIG,B22,Studentin / Student,False,de,CH,PRIVAT,,AKTIV,,true,false,pfefferminz,HAPO,HH-000533,false,2025-12-31T09:00:00Z,2025-12-31T09:00:00Z
PTR-00000962,NATUERLICH,Herr,,Nils,Zehnder,,,,2007-10-20,M,CH,LEDIG,B22,Studentin / Student,False,de,CH,PRIVAT,,AKTIV,,true,false,pfefferminz,HAPO,HH-000533,false,2025-12-31T09:00:00Z,2025-12-31T09:00:00Z
PTR-00000963,NATUERLICH,Frau,,Simone,Zehnder,,,,2006-01-08,W,CH,LEDIG,B22,Studentin / Student,False,de,CH,PRIVAT,,AKTIV,,true,true,pfefferminz,HAPO,HH-000533,false,2025-12-31T09:00:00Z,2025-12-31T09:00:00Z
PTR-00000964,NATUERLICH,Frau,,Christiane,Grandjean,,,,1942-02-10,W,IT,VERHEIRATET,B23,Rentnerin / Rentner,False,fr,CH,PRIVAT,2025-03-01,AKTIV,,false,true,minzia,MINT,HH-000534,false,2025-03-01T09:00:00Z,2025-03-01T09:00:00Z
PTR-00000965,NATUERLICH,Frau,,Laura,Nussbaumer,,,,1986-07-17,W,ES,PARTNERSCHAFT,B01,Kaufmännische Angestellte / Kaufmännischer Angestellter,False,de,CH,PRIVAT,2014-06-01,AKTIV,,true,false,pfefferminz,HAPO,HH-000535,false,2014-06-01T09:00:00Z,2014-06-01T09:00:00Z
PTR-00000966,NATUERLICH,Herr,,Bruno,Nussbaumer,,,,1992-02-14,M,CH,PARTNERSCHAFT,B23,Rentnerin / Rentner,False,de,CH,PRIVAT,,AKTIV,,true,false,pfefferminz,HAPO,HH-000535,false,2025-12-31T09:00:00Z,2025-12-31T09:00:00Z
PTR-00000967,NATUERLICH,Herr,,Dominik,Nussbaumer,,,,2007-10-25,M,FR,LEDIG,B22,Studentin / Student,False,de,CH,PRIVAT,,AKTIV,,false,true,pfefferminz,HAPO,HH-000535,false,2025-12-31T09:00:00Z,2025-12-31T09:00:00Z
PTR-00000968,NATUERLICH,Herr,,Jürg,Weber,,,,1972-08-21,M,CH,VERHEIRATET,B23,Rentnerin / Rentner,False,de,CH,PRIVAT,2020-10-01,AKTIV,,true,true,minzia,MINT,HH-000536,false,2020-10-01T09:00:00Z,2020-10-01T09:00:00Z
PTR-00000969,NATUERLICH,Frau,,Simone,Tschudi,,,,1969-01-03,W,CH,VERHEIRATET,B22,Studentin / Student,False,de,CH,PRIVAT,,AKTIV,,false,true,minzia,MINT,HH-000536,false,2025-12-31T09:00:00Z,2025-12-31T09:00:00Z
PTR-00000970,NATUERLICH,Herr,,Yannick,Gerber,,,,1990-08-17,M,CH,PARTNERSCHAFT,B23,Rentnerin / Rentner,False,de,CH,PRIVAT,2010-04-01,AKTIV,,false,false,pfefferminz,VERA,HH-000537,false,2010-04-01T09:00:00Z,2010-04-01T09:00:00Z
PTR-00000971,NATUERLICH,Herr,,Jonas,Schläfli,,,,1994-12-02,M,CH,PARTNERSCHAFT,B28,Bankangestellte / Bankangestellter,False,de,CH,PRIVAT,2013-09-01,INAKTIV,,false,false,pfefferminz,VERA,HH-000537,false,2013-09-01T09:00:00Z,2013-09-01T09:00:00Z
PTR-00000972,NATUERLICH,Frau,,Nadine,Amstutz,,,,1972-03-20,W,CH,PARTNERSCHAFT,B08,Schreinerin / Schreiner,True,de,CH,PRIVAT,2025-03-01,AKTIV,,false,true,minzia,MINT,HH-000538,false,2025-03-01T09:00:00Z,2025-03-01T09:00:00Z
PTR-00000973,NATUERLICH,Herr,,Dragan,Papadopoulos,,,,1960-09-06,M,CH,VERHEIRATET,B23,Rentnerin / Rentner,False,de,CH,PREMIUM,2005-02-01,AKTIV,,false,true,pfefferminz,VERA,HH-000539,false,2005-02-01T09:00:00Z,2005-02-01T09:00:00Z
PTR-00000974,NATUERLICH,Frau,,Daniela,Marbach,,,,1960-04-25,W,DE,VERHEIRATET,B23,Rentnerin / Rentner,False,de,CH,PRIVAT,,AKTIV,,true,true,pfefferminz,HAPO,HH-000539,false,2025-12-31T09:00:00Z,2025-12-31T09:00:00Z
PTR-00000975,NATUERLICH,Frau,,Emilia,Hoffmann,,,,1973-10-24,W,DE,VERHEIRATET,B10,Ingenieurin / Ingenieur,False,de,DE,PRIVAT,2001-09-01,AKTIV,,true,false,pfefferminz,HAPO,HH-000540,false,2001-09-01T09:00:00Z,2001-09-01T09:00:00Z
PTR-00000976,NATUERLICH,Herr,,Ralf,Jung,,,,1977-11-19,M,DE,VERHEIRATET,B35,Verwaltungsangestellte / Verwaltungsangestellter,False,de,DE,PRIVAT,2006-10-01,INAKTIV,,true,false,pfefferminz,VERA,HH-000540,false,2006-10-01T09:00:00Z,2006-10-01T09:00:00Z
PTR-00000977,NATUERLICH,Herr,,Lukas,Hoffmann,,,,2005-01-03,M,RS,LEDIG,B25,Mechanikerin / Mechaniker,False,de,DE,PRIVAT,,AKTIV,,true,false,pfefferminz,HAPO,HH-000540,false,2025-12-31T09:00:00Z,2025-12-31T09:00:00Z
PTR-00000978,NATUERLICH,Herr,,Emil,Hoffmann,,,,2003-01-26,M,DE,LEDIG,B19,Landwirtin / Landwirt,True,de,DE,PRIVAT,,AKTIV,,true,false,pfefferminz,HAPO,HH-000540,false,2025-12-31T09:00:00Z,2025-12-31T09:00:00Z
PTR-00000979,NATUERLICH,Herr,,Ralf,Klein,,,,1980-11-08,M,DE,VERHEIRATET,B15,Köchin / Koch,False,de,DE,PRIVAT,2021-04-01,AKTIV,,true,true,minzia,MINT,HH-000541,false,2021-04-01T09:00:00Z,2021-04-01T09:00:00Z
PTR-00000980,NATUERLICH,Frau,,Jennifer,Jacobs,,,,1983-11-14,W,DE,VERHEIRATET,B01,Kaufmännische Angestellte / Kaufmännischer Angestellter,False,de,DE,PRIVAT,,AKTIV,,false,true,minzia,MINT,HH-000541,false,2025-12-31T09:00:00Z,2025-12-31T09:00:00Z
PTR-00000981,NATUERLICH,Herr,,Daniel,Schubert,,,,1989-11-12,M,DE,VERHEIRATET,B40,Selbständige Unternehmerin / Selbständiger Unternehmer,True,de,DE,PRIVAT,,AKTIV,,false,false,minzia,MINT,HH-000542,false,2025-12-31T09:00:00Z,2025-12-31T09:00:00Z
PTR-00000982,JURISTISCH,Firma,,,,Lahn Systems AG,AG,HRB 12283,2022-10-01,UNBEKANNT,DE,UNBEKANNT,,,,de,DE,KMU,2025-01-01,AKTIV,,false,true,minzia,MINT,,false,2025-01-01T09:00:00Z,2025-01-01T09:00:00Z
PTR-00000983,NATUERLICH,Herr,,Christoph,Fischer,,,,1974-01-16,M,PT,LEDIG,B23,Rentnerin / Rentner,False,de,CH,PRIVAT,2025-10-01,AKTIV,,true,false,pfefferminz,MINT,HH-000543,false,2025-10-01T09:00:00Z,2025-10-01T09:00:00Z
PTR-00000984,NATUERLICH,Frau,,Nadine,Klein,,,,1984-08-13,W,DE,VERHEIRATET,B01,Kaufmännische Angestellte / Kaufmännischer Angestellter,False,de,DE,PRIVAT,2021-05-01,AKTIV,,true,false,minzia,MINT,HH-000544,false,2021-05-01T09:00:00Z,2021-05-01T09:00:00Z
PTR-00000985,NATUERLICH,Herr,,Piotr,Petrović,,,,1996-11-27,M,DE,PARTNERSCHAFT,B23,Rentnerin / Rentner,False,de,DE,PRIVAT,2021-12-01,AKTIV,,false,true,minzia,MINT,HH-000545,false,2021-12-01T09:00:00Z,2021-12-01T09:00:00Z
PTR-00000986,NATUERLICH,Frau,,Katrin,Weiß,,,,1997-08-21,W,DE,PARTNERSCHAFT,B08,Schreinerin / Schreiner,True,de,DE,PRIVAT,,AKTIV,,true,true,minzia,MINT,HH-000545,false,2025-12-31T09:00:00Z,2025-12-31T09:00:00Z
PTR-00000987,NATUERLICH,Herr,,Ben,Bieri,,,,1985-04-01,M,PT,VERHEIRATET,B06,Elektroinstallateurin / Elektroinstallateur,False,de,CH,PRIVAT,2013-09-01,AKTIV,,true,true,pfefferminz,HAPO,HH-000546,false,2013-09-01T09:00:00Z,2013-09-01T09:00:00Z
PTR-00000988,NATUERLICH,Frau,,Ayşe,Bieri,,,,1979-05-17,W,CH,VERHEIRATET,B01,Kaufmännische Angestellte / Kaufmännischer Angestellter,False,de,CH,PRIVAT,,AKTIV,,false,false,pfefferminz,HAPO,HH-000546,false,2025-12-31T09:00:00Z,2025-12-31T09:00:00Z
PTR-00000989,NATUERLICH,Frau,,Ana,Şahin,,,,1953-12-26,W,DE,VERHEIRATET,B23,Rentnerin / Rentner,False,de,DE,PRIVAT,2014-06-01,INAKTIV,,false,false,pfefferminz,HAPO,HH-000547,false,2014-06-01T09:00:00Z,2014-06-01T09:00:00Z
PTR-00000990,NATUERLICH,Herr,,Stefan,Şahin,,,,1950-08-28,M,DE,VERHEIRATET,B23,Rentnerin / Rentner,False,de,DE,PRIVAT,2005-05-01,INAKTIV,,false,false,pfefferminz,VERA,HH-000547,false,2005-05-01T09:00:00Z,2005-05-01T09:00:00Z
PTR-00000991,NATUERLICH,Herr,,Stefan,Müller,,,,1963-11-22,M,DE,GESCHIEDEN,B08,Schreinerin / Schreiner,False,de,DE,PRIVAT,2008-12-01,INAKTIV,,true,true,pfefferminz,HAPO,HH-000548,false,2008-12-01T09:00:00Z,2008-12-01T09:00:00Z
PTR-00000992,NATUERLICH,Herr,,Philipp,Steiner,,,,1993-08-20,M,CH,VERHEIRATET,B27,Grafikerin / Grafiker,False,de,CH,PRIVAT,2020-06-01,INAKTIV,,true,false,pfefferminz,HAPO,HH-000549,false,2020-06-01T09:00:00Z,2020-06-01T09:00:00Z
PTR-00000993,NATUERLICH,Frau,,Priska,Berger,,,,1995-12-26,W,CH,VERHEIRATET,B32,Malerin / Maler,False,de,CH,PREMIUM,2016-03-01,AKTIV,,false,false,pfefferminz,VERA,HH-000549,false,2016-03-01T09:00:00Z,2016-03-01T09:00:00Z
PTR-00000994,NATUERLICH,Herr,,Gian,Steiner,,,,2007-01-21,M,CH,LEDIG,B22,Studentin / Student,False,de,CH,PRIVAT,,AKTIV,,true,true,pfefferminz,HAPO,HH-000549,false,2025-12-31T09:00:00Z,2025-12-31T09:00:00Z
PTR-00000995,NATUERLICH,Frau,,Manuela,Meyer,,,,1972-02-07,W,DE,VERHEIRATET,B23,Rentnerin / Rentner,False,de,DE,PRIVAT,2007-10-01,AKTIV,,false,true,pfefferminz,VERA,HH-000550,false,2007-10-01T09:00:00Z,2007-10-01T09:00:00Z
PTR-00000996,NATUERLICH,Herr,,Horst,Meyer,,,,1968-08-20,M,DE,VERHEIRATET,B03,Lehrerin / Lehrer,False,de,DE,PRIVAT,,AKTIV,,false,true,pfefferminz,HAPO,HH-000550,false,2025-12-31T09:00:00Z,2025-12-31T09:00:00Z
PTR-00000997,NATUERLICH,Herr,,Urs,Michel,,,,1963-07-02,M,DE,VERHEIRATET,B23,Rentnerin / Rentner,False,de,CH,PRIVAT,2019-05-01,AKTIV,,true,false,pfefferminz,VERA,HH-000551,false,2019-05-01T09:00:00Z,2019-05-01T09:00:00Z
PTR-00000998,NATUERLICH,Frau,,Maria José,Michel,,,,1966-09-25,W,CH,VERHEIRATET,B04,Pflegefachfrau / Pflegefachmann,False,de,CH,PRIVAT,2022-03-01,AKTIV,,false,false,pfefferminz,VERA,HH-000551,false,2022-03-01T09:00:00Z,2022-03-01T09:00:00Z
PTR-00000999,NATUERLICH,Frau,,Franziska,Michel,,,,1989-09-21,W,ES,LEDIG,B04,Pflegefachfrau / Pflegefachmann,False,de,CH,PRIVAT,,AKTIV,,false,false,pfefferminz,HAPO,HH-000551,false,2025-12-31T09:00:00Z,2025-12-31T09:00:00Z
PTR-00001000,NATUERLICH,Herr,,Andreas,Bieri,,,,1975-10-28,M,CH,VERHEIRATET,B18,Physiotherapeutin / Physiotherapeut,True,de,CH,PRIVAT,2017-07-01,AKTIV,,true,false,pfefferminz,HAPO,HH-000552,false,2017-07-01T09:00:00Z,2017-07-01T09:00:00Z
