adresse_id,partner_id,adresse_typ,strasse,hausnummer,plz,ort,region,land,tarifzone,gueltig_von,gueltig_bis,ist_aktuell
ADR-00000001,PTR-00000001,WOHNSITZ,Rebhaldenweg,7,6004,Luzern,LU,CH,1,2023-06-01,,true
ADR-00000002,PTR-00000001,WOHNSITZ,Kreuzmattweg,22,6003,Luzern,LU,CH,2,2009-04-01,2023-05-31,false
ADR-00000003,PTR-00000002,WOHNSITZ,Holunderstieg,12,04277,Leipzig,SN,DE,2,2021-09-01,,true
ADR-00000004,PTR-00000002,WOHNSITZ,Amselgasse,8,04600,Altenburg,TH,DE,3,1996-08-22,2021-08-31,false
ADR-00000005,PTR-00000003,GESCHAEFTSSITZ,Sägereiweg,4,5600,Lenzburg,AG,CH,2,1987-04-01,,true
ADR-00000006,PTR-00000004,GESCHAEFTSSITZ,Kupferring,18,01796,Pirna,SN,DE,3,1992-05-12,,true
ADR-00000007,PTR-00000005,WOHNSITZ,Lindenrain,3,4500,Solothurn,SO,CH,2,2010-01-01,,true
ADR-00000008,PTR-00000006,WOHNSITZ,Sternenallee,41,81925,München,BY,DE,1,2010-01-01,,true
ADR-00000009,PTR-00000007,WOHNSITZ,Farnweg,9,8004,Zürich,ZH,CH,1,2021-01-01,,true
ADR-00000010,PTR-00000008,WOHNSITZ,Erlensteig,27,01309,Dresden,SN,DE,2,2010-01-01,,true
ADR-00000011,PTR-00000009,GESCHAEFTSSITZ,Sandacker,5,15711,Königs Wusterhausen,BB,DE,3,2022-01-03,,true
ADR-00000012,PTR-00000010,WOHNSITZ,Silberhalde,14,4051,Basel,BS,CH,1,2010-01-01,,true
ADR-00000013,PTR-00000011,WOHNSITZ,Rebhaldenweg,7,6004,Luzern,LU,CH,1,2010-01-01,,true
ADR-00000014,PTR-00000012,WOHNSITZ,Sägereiweg,4,5600,Lenzburg,AG,CH,2,2010-01-01,,true
ADR-00000015,PTR-00000013,WOHNSITZ,Sägereiweg,4,5600,Lenzburg,AG,CH,2,2010-01-01,,true
ADR-00000016,PTR-00000014,WOHNSITZ,Kupferring,18,01796,Pirna,SN,DE,3,2010-01-01,,true
ADR-00000017,PTR-00000015,WOHNSITZ,Lindenrain,3,4500,Solothurn,SO,CH,2,2010-01-01,,true
ADR-00000018,PTR-00000016,WOHNSITZ,Sternenallee,41,81925,München,BY,DE,1,2010-01-01,,true
ADR-00000019,PTR-00000017,WOHNSITZ,Sandacker,5,15711,Königs Wusterhausen,BB,DE,3,2010-01-01,,true
ADR-00000020,PTR-00000018,WOHNSITZ,Silberhalde,14,4051,Basel,BS,CH,1,2010-01-01,,true
ADR-00000021,PTR-00000019,WOHNSITZ,Rebhaldenweg,7,6004,Luzern,LU,CH,1,2010-01-01,,true
ADR-00000022,PTR-00000020,WOHNSITZ,Rebhaldenweg,7,6004,Luzern,LU,CH,1,2010-01-01,,true
ADR-00000023,PTR-00000021,WOHNSITZ,Hopfenweg,16,23552,Lübeck,SH,DE,2,2018-01-28,,true
ADR-00000024,PTR-00000022,WOHNSITZ,Hopfenweg,16,23552,Lübeck,SH,DE,2,2004-10-20,,true
ADR-00000025,PTR-00000023,WOHNSITZ,Vicolo dei Soli,44,6850,Mendrisio,TI,CH,2,1999-02-12,,true
ADR-00000026,PTR-00000024,WOHNSITZ,Bärenkamp,99,80797,München,BY,DE,1,2008-08-13,,true
ADR-00000027,PTR-00000025,WOHNSITZ,Bärenkamp,99,80797,München,BY,DE,1,2011-04-21,,true
ADR-00000028,PTR-00000026,WOHNSITZ,Teichhalde,47,5722,Gränichen,AG,CH,2,2018-11-06,2024-02-17,false
ADR-00000029,PTR-00000026,WOHNSITZ,Herbstacker,58a,2500,Biel/Bienne,BE,CH,1,2024-02-18,,true
ADR-00000030,PTR-00000027,WOHNSITZ,Herbstacker,58a,2500,Biel/Bienne,BE,CH,1,2006-05-15,,true
ADR-00000031,PTR-00000028,WOHNSITZ,Ackerdamm,134,42103,Wuppertal,NW,DE,2,2011-01-10,,true
ADR-00000032,PTR-00000029,WOHNSITZ,Traubenallee,109,86720,Nördlingen,BY,DE,3,2001-05-08,2025-06-19,false
ADR-00000033,PTR-00000029,WOHNSITZ,Falkenkamp,176,66333,Völklingen,SL,DE,3,2025-06-20,,true
ADR-00000034,PTR-00000030,WOHNSITZ,Rehring,57,08056,Zwickau,SN,DE,3,2012-04-01,,true
ADR-00000035,PTR-00000031,WOHNSITZ,Sattlerhof,78,9000,St. Gallen,SG,CH,1,2013-09-27,2024-11-19,false
ADR-00000036,PTR-00000031,WOHNSITZ,Fichtenhof,142,5620,Bremgarten AG,AG,CH,2,2024-11-20,,true
ADR-00000037,PTR-00000032,WOHNSITZ,Impasse des Lauriers,172,1201,Genève,GE,CH,1,2010-08-04,2023-06-04,false
ADR-00000038,PTR-00000032,WOHNSITZ,Impasse des Alouettes,73,1201,Genève,GE,CH,1,2023-06-05,,true
ADR-00000039,PTR-00000033,WOHNSITZ,Impasse des Alouettes,73,1201,Genève,GE,CH,1,2021-03-01,,true
ADR-00000040,PTR-00000034,WOHNSITZ,Kupfergasse,38a,01067,Dresden,SN,DE,2,1997-06-13,,true
ADR-00000041,PTR-00000035,WOHNSITZ,Sommerring,174,8604,Volketswil,ZH,CH,2,2013-01-24,2023-03-08,false
ADR-00000042,PTR-00000035,WOHNSITZ,Entensteig,49,8180,Bülach,ZH,CH,2,2023-03-09,,true
ADR-00000043,PTR-00000036,WOHNSITZ,Entensteig,49,8180,Bülach,ZH,CH,2,2014-12-10,,true
ADR-00000044,PTR-00000037,WOHNSITZ,Entensteig,49,8180,Bülach,ZH,CH,2,2012-07-17,,true
ADR-00000045,PTR-00000038,WOHNSITZ,Teichstraße,165,58095,Hagen,NW,DE,2,2016-02-27,,true
ADR-00000046,PTR-00000039,WOHNSITZ,Teichstraße,165,58095,Hagen,NW,DE,2,2015-08-21,,true
ADR-00000047,PTR-00000040,WOHNSITZ,Höhenmatte,155,3123,Belp,BE,CH,2,2019-09-20,2024-06-02,false
ADR-00000048,PTR-00000040,WOHNSITZ,Forellenplatz,105,4563,Gerlafingen,SO,CH,2,2024-06-03,,true
ADR-00000049,PTR-00000041,WOHNSITZ,Route des Hérons,20b,1205,Genève,GE,CH,1,1997-10-07,,true
ADR-00000050,PTR-00000042,WOHNSITZ,Route des Hérons,20b,1205,Genève,GE,CH,1,1999-08-11,,true
ADR-00000051,PTR-00000043,WOHNSITZ,Goldweg,79,8630,Rüti ZH,ZH,CH,2,1998-06-03,,true
ADR-00000052,PTR-00000044,WOHNSITZ,Goldweg,79,8630,Rüti ZH,ZH,CH,2,2018-09-18,,true
ADR-00000053,PTR-00000045,WOHNSITZ,Goldweg,79,8630,Rüti ZH,ZH,CH,2,2016-11-04,,true
ADR-00000054,PTR-00000046,WOHNSITZ,Goldweg,79,8630,Rüti ZH,ZH,CH,2,2020-11-15,,true
ADR-00000055,PTR-00000047,WOHNSITZ,Hopfenring,1,21423,Winsen (Luhe),NI,DE,3,2009-06-15,2023-06-12,false
ADR-00000056,PTR-00000047,WOHNSITZ,Müllerweg,66,40213,Düsseldorf,NW,DE,1,2023-06-13,,true
ADR-00000057,PTR-00000048,WOHNSITZ,Müllerweg,66,40213,Düsseldorf,NW,DE,1,2005-11-04,,true
ADR-00000058,PTR-00000049,WOHNSITZ,Schuldamm,79,46045,Oberhausen,NW,DE,2,2010-06-26,,true
ADR-00000059,PTR-00000050,WOHNSITZ,Bäckersteig,61,56564,Neuwied,RP,DE,3,2011-02-26,2024-06-27,false
ADR-00000060,PTR-00000050,WOHNSITZ,Seekamp,49,19053,Schwerin,MV,DE,2,2024-06-28,,true
ADR-00000061,PTR-00000051,WOHNSITZ,Seekamp,49,19053,Schwerin,MV,DE,2,2001-12-25,,true
ADR-00000062,PTR-00000052,WOHNSITZ,Wiesenallee,98,65183,Wiesbaden,HE,DE,2,1999-02-23,,true
ADR-00000063,PTR-00000053,GESCHAEFTSSITZ,Brückenallee,159,95444,Bayreuth,BY,DE,3,1989-05-01,,true
ADR-00000064,PTR-00000054,WOHNSITZ,Rue des Platanes,28,1052,Le Mont-sur-Lausanne,VD,CH,2,2008-11-23,2023-10-12,false
ADR-00000065,PTR-00000054,WOHNSITZ,Allée des Soleils,92,3960,Sierre,VS,CH,3,2023-10-13,,true
ADR-00000066,PTR-00000055,WOHNSITZ,Allée des Soleils,92,3960,Sierre,VS,CH,3,2023-02-24,,true
ADR-00000067,PTR-00000056,WOHNSITZ,Alpenrosenplatz,16,4053,Basel,BS,CH,1,2006-09-09,2025-02-17,false
ADR-00000068,PTR-00000056,WOHNSITZ,Allée des Soleils,92,3960,Sierre,VS,CH,3,2025-02-18,,true
ADR-00000069,PTR-00000057,WOHNSITZ,Heideacker,112,8005,Zürich,ZH,CH,1,2020-09-18,2024-11-04,false
ADR-00000070,PTR-00000057,WOHNSITZ,Allée des Soleils,92,3960,Sierre,VS,CH,3,2024-11-05,,true
ADR-00000071,PTR-00000058,WOHNSITZ,Sandplatz,154,38855,Wernigerode,ST,DE,3,2005-06-30,,true
ADR-00000072,PTR-00000059,WOHNSITZ,Birkensteig,126,60598,Frankfurt am Main,HE,DE,1,2004-06-17,2023-11-11,false
ADR-00000073,PTR-00000059,WOHNSITZ,Sandplatz,154,38855,Wernigerode,ST,DE,3,2023-11-12,,true
ADR-00000074,PTR-00000060,WOHNSITZ,Heidekamp,28,90402,Nürnberg,BY,DE,2,2003-02-15,,true
ADR-00000075,PTR-00000061,WOHNSITZ,Birkendamm,103,50667,Köln,NW,DE,1,2015-04-10,,true
ADR-00000076,PTR-00000062,WOHNSITZ,Tulpenring,142,89231,Neu-Ulm,BY,DE,3,2014-07-13,2024-08-19,false
ADR-00000077,PTR-00000062,WOHNSITZ,Birkendamm,103,50667,Köln,NW,DE,1,2024-08-20,,true
ADR-00000078,PTR-00000063,WOHNSITZ,Birkendamm,103,50667,Köln,NW,DE,1,2001-09-08,,true
ADR-00000079,PTR-00000064,WOHNSITZ,Birkendamm,103,50667,Köln,NW,DE,1,1999-12-12,,true
ADR-00000080,PTR-00000065,WOHNSITZ,Müllergasse,139,4600,Olten,SO,CH,2,2016-06-11,2023-07-08,false
ADR-00000081,PTR-00000065,WOHNSITZ,Feldhalde,81,4665,Oftringen,AG,CH,2,2023-07-09,,true
ADR-00000082,PTR-00000066,WOHNSITZ,Rathausweg,113,85521,Ottobrunn,BY,DE,3,2015-05-12,,true
ADR-00000083,PTR-00000067,WOHNSITZ,Veilchengasse,18,08056,Zwickau,SN,DE,3,2011-07-02,2023-03-16,false
ADR-00000084,PTR-00000067,WOHNSITZ,Rathausweg,113,85521,Ottobrunn,BY,DE,3,2023-03-17,,true
ADR-00000085,PTR-00000068,WOHNSITZ,Kalkkamp,160,67346,Speyer,RP,DE,3,2003-10-31,,true
ADR-00000086,PTR-00000069,WOHNSITZ,Kalkkamp,160,67346,Speyer,RP,DE,3,2023-02-27,,true
ADR-00000087,PTR-00000070,WOHNSITZ,Rue des Moulins,102,1003,Lausanne,VD,CH,1,2015-07-06,,true
ADR-00000088,PTR-00000071,WOHNSITZ,Rue des Moulins,102,1003,Lausanne,VD,CH,1,2020-10-21,,true
ADR-00000089,PTR-00000072,WOHNSITZ,Kirschweg,130,4410,Liestal,BL,CH,2,2011-06-17,2023-11-22,false
ADR-00000090,PTR-00000072,WOHNSITZ,Rue des Moulins,102,1003,Lausanne,VD,CH,1,2023-11-23,,true
ADR-00000091,PTR-00000073,WOHNSITZ,Rue des Moulins,102,1003,Lausanne,VD,CH,1,2022-10-28,,true
ADR-00000092,PTR-00000074,WOHNSITZ,Hügelhof,44,59494,Soest,NW,DE,3,1999-06-16,,true
ADR-00000093,PTR-00000075,WOHNSITZ,Klosterpfad,179c,70619,Stuttgart,BW,DE,1,2004-08-11,2024-09-05,false
ADR-00000094,PTR-00000075,WOHNSITZ,Hügelhof,44,59494,Soest,NW,DE,3,2024-09-06,,true
ADR-00000095,PTR-00000076,WOHNSITZ,Hügelhof,44,59494,Soest,NW,DE,3,2008-11-01,,true
ADR-00000096,PTR-00000077,WOHNSITZ,Hügelhof,44,59494,Soest,NW,DE,3,1999-01-01,,true
ADR-00000097,PTR-00000078,WOHNSITZ,Entensteig,65,44532,Lünen,NW,DE,3,1998-01-24,,true
ADR-00000098,PTR-00000079,WOHNSITZ,Bergring,57,24103,Kiel,SH,DE,2,2008-09-03,,true
ADR-00000099,PTR-00000080,WOHNSITZ,Bergring,57,24103,Kiel,SH,DE,2,1997-02-01,,true
ADR-00000100,PTR-00000081,WOHNSITZ,Bergring,57,24103,Kiel,SH,DE,2,2001-01-13,,true
ADR-00000101,PTR-00000082,WOHNSITZ,Kiesallee,51,21335,Lüneburg,NI,DE,3,2019-09-21,,true
ADR-00000102,PTR-00000083,WOHNSITZ,Nelkengasse,54,8001,Zürich,ZH,CH,1,2011-06-19,,true
ADR-00000103,PTR-00000084,WOHNSITZ,Place des Ormes,118,1950,Sion,VS,CH,3,2016-04-01,2022-05-10,false
ADR-00000104,PTR-00000084,WOHNSITZ,Avenue des Papillons,50,1207,Genève,GE,CH,1,2022-05-11,,true
ADR-00000105,PTR-00000085,WOHNSITZ,Sternenplatz,27,8400,Winterthur,ZH,CH,1,2005-04-05,,true
ADR-00000106,PTR-00000086,WOHNSITZ,Flachsplatz,91,45127,Essen,NW,DE,2,2020-10-20,,true
ADR-00000107,PTR-00000087,WOHNSITZ,Flachsplatz,91,45127,Essen,NW,DE,2,1999-05-17,,true
ADR-00000108,PTR-00000088,WOHNSITZ,Sattlerstraße,79,08280,Aue-Bad Schlema,SN,DE,3,2003-04-02,,true
ADR-00000109,PTR-00000089,WOHNSITZ,Sattlerstraße,79,08280,Aue-Bad Schlema,SN,DE,3,1998-12-29,,true
ADR-00000110,PTR-00000090,WOHNSITZ,Sattlerstraße,79,08280,Aue-Bad Schlema,SN,DE,3,2013-03-09,,true
ADR-00000111,PTR-00000091,WOHNSITZ,Rosenstraße,161,70619,Stuttgart,BW,DE,1,2007-09-10,,true
ADR-00000112,PTR-00000092,WOHNSITZ,Eisensteig,138b,8057,Zürich,ZH,CH,1,2001-07-03,,true
ADR-00000113,PTR-00000093,WOHNSITZ,Pappelstraße,121,41460,Neuss,NW,DE,2,2002-01-27,,true
ADR-00000114,PTR-00000094,WOHNSITZ,Bachweg,8,15890,Eisenhüttenstadt,BB,DE,3,2018-08-12,2024-11-25,false
ADR-00000115,PTR-00000094,WOHNSITZ,Pappelstraße,121,41460,Neuss,NW,DE,2,2024-11-26,,true
ADR-00000116,PTR-00000095,WOHNSITZ,Pappelstraße,121,41460,Neuss,NW,DE,2,2012-12-19,,true
ADR-00000117,PTR-00000096,WOHNSITZ,Bärenpfad,35,98544,Zella-Mehlis,TH,DE,3,2007-05-27,,true
ADR-00000118,PTR-00000097,WOHNSITZ,Chemin des Meuniers,70,1700,Fribourg,FR,CH,2,2001-06-16,,true
ADR-00000119,PTR-00000098,WOHNSITZ,Chemin des Meuniers,70,1700,Fribourg,FR,CH,2,2011-06-02,,true
ADR-00000120,PTR-00000099,WOHNSITZ,Impasse des Crépuscules,76,1207,Genève,GE,CH,1,2005-09-15,,true
ADR-00000121,PTR-00000100,WOHNSITZ,Impasse des Crépuscules,76,1207,Genève,GE,CH,1,2000-04-04,,true
ADR-00000122,PTR-00000101,WOHNSITZ,Impasse des Crépuscules,76,1207,Genève,GE,CH,1,2018-06-01,,true
ADR-00000123,PTR-00000102,WOHNSITZ,Rosenring,29,93047,Regensburg,BY,DE,2,2004-10-29,,true
ADR-00000124,PTR-00000103,WOHNSITZ,Bäckergasse,26,3000,Bern,BE,CH,1,2011-12-18,,true
ADR-00000125,PTR-00000104,WOHNSITZ,Promenade des Narcisses,8,1870,Monthey,VS,CH,3,2004-04-26,,true
ADR-00000126,PTR-00000105,WOHNSITZ,Promenade des Narcisses,8,1870,Monthey,VS,CH,3,2010-04-26,,true
ADR-00000127,PTR-00000106,WOHNSITZ,Schmetterlingsdamm,157,06886,Lutherstadt Wittenberg,ST,DE,3,2009-04-25,,true
ADR-00000128,PTR-00000107,WOHNSITZ,Schmetterlingsdamm,157,06886,Lutherstadt Wittenberg,ST,DE,3,2008-05-22,,true
ADR-00000129,PTR-00000108,WOHNSITZ,Schmetterlingsdamm,157,06886,Lutherstadt Wittenberg,ST,DE,3,2023-08-19,,true
ADR-00000130,PTR-00000109,WOHNSITZ,Gartenring,3,95444,Bayreuth,BY,DE,3,2009-06-10,,true
ADR-00000131,PTR-00000110,WOHNSITZ,Markthof,23,53111,Bonn,NW,DE,2,2017-03-19,,true
ADR-00000132,PTR-00000111,WOHNSITZ,Markthof,23,53111,Bonn,NW,DE,2,2018-01-30,,true
ADR-00000133,PTR-00000112,WOHNSITZ,Müllergasse,18,40699,Erkrath,NW,DE,3,2016-09-05,2024-12-09,false
ADR-00000134,PTR-00000112,WOHNSITZ,Schmiedeplatz,165,09456,Annaberg-Buchholz,SN,DE,3,2024-12-10,,true
ADR-00000135,PTR-00000113,WOHNSITZ,Schmiedeplatz,165,09456,Annaberg-Buchholz,SN,DE,3,1996-08-21,,true
ADR-00000136,PTR-00000114,WOHNSITZ,Gartenring,83,47798,Krefeld,NW,DE,2,2021-06-29,2025-06-07,false
ADR-00000137,PTR-00000114,WOHNSITZ,Schmetterlingsweg,106,42853,Remscheid,NW,DE,2,2025-06-08,,true
ADR-00000138,PTR-00000115,WOHNSITZ,Schmetterlingsweg,106,42853,Remscheid,NW,DE,2,2007-10-22,,true
ADR-00000139,PTR-00000116,WOHNSITZ,Kalkkamp,130,58452,Witten,NW,DE,3,1997-11-22,,true
ADR-00000140,PTR-00000117,WOHNSITZ,Morgenmatte,164,9500,Wil SG,SG,CH,2,2018-06-07,2025-09-27,false
ADR-00000141,PTR-00000117,WOHNSITZ,Fichtenhof,79,5507,Mellingen,AG,CH,2,2025-09-28,,true
ADR-00000142,PTR-00000118,WOHNSITZ,Fichtenhof,79,5507,Mellingen,AG,CH,2,2006-07-01,,true
ADR-00000143,PTR-00000119,WOHNSITZ,Adlerhof,81,06366,Köthen (Anhalt),ST,DE,3,2018-09-03,,true
ADR-00000144,PTR-00000120,WOHNSITZ,Adlerhof,81,06366,Köthen (Anhalt),ST,DE,3,2005-11-11,,true
ADR-00000145,PTR-00000121,WOHNSITZ,Westacker,52,3250,Lyss,BE,CH,2,2011-05-05,,true
ADR-00000146,PTR-00000122,WOHNSITZ,Brückenallee,102,04357,Leipzig,SN,DE,2,2013-07-18,2024-04-16,false
ADR-00000147,PTR-00000122,WOHNSITZ,Storchengasse,28,24768,Rendsburg,SH,DE,3,2024-04-17,,true
ADR-00000148,PTR-00000123,WOHNSITZ,Mühlesteig,28,8001,Zürich,ZH,CH,1,2008-06-11,,true
ADR-00000149,PTR-00000124,WOHNSITZ,Mühlesteig,28,8001,Zürich,ZH,CH,1,2012-03-31,,true
ADR-00000150,PTR-00000125,WOHNSITZ,Schmiedegasse,38,56130,Bad Ems,RP,DE,3,2023-11-19,,true
ADR-00000151,PTR-00000126,WOHNSITZ,Schmiedegasse,38,56130,Bad Ems,RP,DE,3,2001-09-28,,true
ADR-00000152,PTR-00000127,WOHNSITZ,Uferplatz,140a,3053,Münchenbuchsee,BE,CH,2,2023-05-18,,true
ADR-00000153,PTR-00000128,WOHNSITZ,Apfelstrasse,85b,3627,Heimberg,BE,CH,2,2015-04-11,,true
ADR-00000154,PTR-00000129,WOHNSITZ,Apfelstrasse,85b,3627,Heimberg,BE,CH,2,2004-02-09,,true
ADR-00000155,PTR-00000130,WOHNSITZ,Stegring,175,66111,Saarbrücken,SL,DE,2,2017-04-28,,true
ADR-00000156,PTR-00000131,WOHNSITZ,Stegring,175,66111,Saarbrücken,SL,DE,2,2007-10-25,,true
ADR-00000157,PTR-00000132,WOHNSITZ,Stegring,175,66111,Saarbrücken,SL,DE,2,2017-03-20,,true
ADR-00000158,PTR-00000133,WOHNSITZ,Kastanienpfad,45,45127,Essen,NW,DE,2,2018-12-31,2025-05-23,false
ADR-00000159,PTR-00000133,WOHNSITZ,Stegring,175,66111,Saarbrücken,SL,DE,2,2025-05-24,,true
ADR-00000160,PTR-00000134,WOHNSITZ,Adleracker,89,8355,Aadorf,TG,CH,2,2012-06-30,2022-09-30,false
ADR-00000161,PTR-00000134,WOHNSITZ,Abendsteig,77,3600,Thun,BE,CH,2,2022-10-01,,true
ADR-00000162,PTR-00000135,WOHNSITZ,Wintersteig,175,56564,Neuwied,RP,DE,3,2010-07-19,,true
ADR-00000163,PTR-00000136,WOHNSITZ,Eisenplatz,66,18055,Rostock,MV,DE,2,2006-07-13,,true
ADR-00000164,PTR-00000137,GESCHAEFTSSITZ,Falkendamm,145b,39104,Magdeburg,ST,DE,2,1992-07-01,,true
ADR-00000165,PTR-00000138,WOHNSITZ,Sommerallee,15,21073,Hamburg,HH,DE,1,2020-11-03,,true
ADR-00000166,PTR-00000139,WOHNSITZ,Sommerallee,15,21073,Hamburg,HH,DE,1,2024-11-02,,true
ADR-00000167,PTR-00000140,WOHNSITZ,Brückenkamp,160,69115,Heidelberg,BW,DE,2,2020-11-16,,true
ADR-00000168,PTR-00000141,WOHNSITZ,Marktpfad,166,68159,Mannheim,BW,DE,2,2016-03-27,2024-10-18,false
ADR-00000169,PTR-00000141,WOHNSITZ,Brückenkamp,160,69115,Heidelberg,BW,DE,2,2024-10-19,,true
ADR-00000170,PTR-00000142,WOHNSITZ,Uferdamm,130,73033,Göppingen,BW,DE,3,2012-05-18,2022-07-16,false
ADR-00000171,PTR-00000142,WOHNSITZ,Brückenkamp,160,69115,Heidelberg,BW,DE,2,2022-07-17,,true
ADR-00000172,PTR-00000143,WOHNSITZ,Brückenkamp,160,69115,Heidelberg,BW,DE,2,2024-04-17,,true
ADR-00000173,PTR-00000144,WOHNSITZ,Frühlingsacker,49,8750,Glarus,GL,CH,3,2003-10-15,2023-05-10,false
ADR-00000174,PTR-00000144,WOHNSITZ,Fuchsacker,109,3053,Münchenbuchsee,BE,CH,2,2023-05-11,,true
ADR-00000175,PTR-00000145,WOHNSITZ,Fuchsacker,109,3053,Münchenbuchsee,BE,CH,2,2010-09-16,,true
ADR-00000176,PTR-00000146,WOHNSITZ,Heidesteig,149,20457,Hamburg,HH,DE,1,2021-08-07,,true
ADR-00000177,PTR-00000147,WOHNSITZ,Goldpfad,42c,14469,Potsdam,BB,DE,2,2010-06-11,2025-06-05,false
ADR-00000178,PTR-00000147,WOHNSITZ,Heidesteig,149,20457,Hamburg,HH,DE,1,2025-06-06,,true
ADR-00000179,PTR-00000148,WOHNSITZ,Brunnenacker,104,8005,Zürich,ZH,CH,1,2015-09-25,2025-11-16,false
ADR-00000180,PTR-00000148,WOHNSITZ,Lerchenplatz,21,9500,Wil SG,SG,CH,2,2025-11-17,,true
ADR-00000181,PTR-00000149,WOHNSITZ,Nordplatz,134,4500,Solothurn,SO,CH,2,2018-04-11,2024-06-27,false
ADR-00000182,PTR-00000149,WOHNSITZ,Lerchenplatz,21,9500,Wil SG,SG,CH,2,2024-06-28,,true
ADR-00000183,PTR-00000150,WOHNSITZ,Salzring,162c,49808,Lingen (Ems),NI,DE,3,2007-02-06,2025-04-21,false
ADR-00000184,PTR-00000150,WOHNSITZ,Storchenpfad,57,30625,Hannover,NI,DE,2,2025-04-22,,true
ADR-00000185,PTR-00000151,WOHNSITZ,Storchenpfad,57,30625,Hannover,NI,DE,2,2009-07-24,,true
ADR-00000186,PTR-00000152,WOHNSITZ,Kiessteig,25,49716,Meppen,NI,DE,3,2020-02-22,,true
ADR-00000187,PTR-00000153,WOHNSITZ,Promenade des Clochers,117,1212,Grand-Lancy,GE,CH,1,2004-11-05,,true
ADR-00000188,PTR-00000154,WOHNSITZ,Bachhof,10,3000,Bern,BE,CH,1,2012-12-20,2024-01-27,false
ADR-00000189,PTR-00000154,WOHNSITZ,Promenade des Clochers,117,1212,Grand-Lancy,GE,CH,1,2024-01-28,,true
ADR-00000190,PTR-00000155,WOHNSITZ,Hopfenstraße,55,22083,Hamburg,HH,DE,1,2016-03-31,2022-06-17,false
ADR-00000191,PTR-00000155,WOHNSITZ,Pappelsteig,72,20144,Hamburg,HH,DE,1,2022-06-18,,true
ADR-00000192,PTR-00000156,WOHNSITZ,Stegweg,108,49074,Osnabrück,NI,DE,2,2015-03-13,,true
ADR-00000193,PTR-00000157,GESCHAEFTSSITZ,Wintersteig,62,41061,Mönchengladbach,NW,DE,2,1991-02-01,,true
ADR-00000194,PTR-00000158,WOHNSITZ,Kastanienring,81,24103,Kiel,SH,DE,2,2018-10-27,,true
ADR-00000195,PTR-00000159,WOHNSITZ,Kastanienring,81,24103,Kiel,SH,DE,2,2017-08-31,,true
ADR-00000196,PTR-00000160,WOHNSITZ,Salzsteig,86,30880,Laatzen,NI,DE,3,2014-04-15,2025-07-23,false
ADR-00000197,PTR-00000160,WOHNSITZ,Kastanienring,81,24103,Kiel,SH,DE,2,2025-07-24,,true
ADR-00000198,PTR-00000161,WOHNSITZ,Kastanienring,81,24103,Kiel,SH,DE,2,2010-07-30,,true
ADR-00000199,PTR-00000162,WOHNSITZ,Kastanienring,81,24103,Kiel,SH,DE,2,2006-10-16,,true
ADR-00000200,PTR-00000163,WOHNSITZ,Eisenplatz,75,23552,Lübeck,SH,DE,2,2019-04-28,,true
ADR-00000201,PTR-00000164,WOHNSITZ,Eisenplatz,75,23552,Lübeck,SH,DE,2,2011-08-20,,true
ADR-00000202,PTR-00000165,WOHNSITZ,Pappelstrasse,8,4058,Basel,BS,CH,1,2017-10-03,,true
ADR-00000203,PTR-00000166,WOHNSITZ,Gerbergasse,117c,3000,Bern,BE,CH,1,2020-12-10,2024-04-10,false
ADR-00000204,PTR-00000166,WOHNSITZ,Schwanenacker,124,8200,Schaffhausen,SH,CH,2,2024-04-11,,true
ADR-00000205,PTR-00000167,WOHNSITZ,Nelkenkamp,135,17389,Anklam,MV,DE,3,2001-04-03,2024-06-23,false
ADR-00000206,PTR-00000167,WOHNSITZ,Brunnendamm,169,69469,Weinheim,BW,DE,3,2024-06-24,,true
ADR-00000207,PTR-00000168,WOHNSITZ,Gartendamm,179,81241,München,BY,DE,1,2018-08-26,2022-06-18,false
ADR-00000208,PTR-00000168,WOHNSITZ,Zunftkamp,170b,49477,Ibbenbüren,NW,DE,3,2022-06-19,,true
ADR-00000209,PTR-00000169,WOHNSITZ,Stegpfad,164,01159,Dresden,SN,DE,2,2009-01-13,2022-04-27,false
ADR-00000210,PTR-00000169,WOHNSITZ,Zunftkamp,170b,49477,Ibbenbüren,NW,DE,3,2022-04-28,,true
ADR-00000211,PTR-00000170,WOHNSITZ,Sternenhalde,146b,8630,Rüti ZH,ZH,CH,2,2005-06-30,2022-05-15,false
ADR-00000212,PTR-00000170,WOHNSITZ,Apfelstrasse,154,2540,Grenchen,SO,CH,2,2022-05-16,,true
ADR-00000213,PTR-00000171,WOHNSITZ,Allée des Écoles,142,2013,Colombier NE,NE,CH,2,2001-07-16,,true
ADR-00000214,PTR-00000172,WOHNSITZ,Rebenring,48,44787,Bochum,NW,DE,2,2002-05-14,,true
ADR-00000215,PTR-00000173,WOHNSITZ,Bergrain,12,7000,Chur,GR,CH,3,2005-04-25,2023-06-27,false
ADR-00000216,PTR-00000173,WOHNSITZ,Enzianplatz,125,7320,Sargans,SG,CH,2,2023-06-28,,true
ADR-00000217,PTR-00000174,WOHNSITZ,Morgensteig,54,5000,Aarau,AG,CH,2,2005-05-30,2025-03-30,false
ADR-00000218,PTR-00000174,WOHNSITZ,Enzianplatz,125,7320,Sargans,SG,CH,2,2025-03-31,,true
ADR-00000219,PTR-00000175,WOHNSITZ,Rebengasse,126b,8853,Lachen SZ,SZ,CH,2,2001-07-14,2023-05-30,false
ADR-00000220,PTR-00000175,WOHNSITZ,Enzianplatz,125,7320,Sargans,SG,CH,2,2023-05-31,,true
ADR-00000221,PTR-00000176,WOHNSITZ,Enzianplatz,125,7320,Sargans,SG,CH,2,2001-08-07,,true
ADR-00000222,PTR-00000177,WOHNSITZ,Hügelkamp,144,41515,Grevenbroich,NW,DE,3,2006-05-11,,true
ADR-00000223,PTR-00000178,WOHNSITZ,Farnhalde,143,6390,Engelberg,OW,CH,3,2000-07-10,,true
ADR-00000224,PTR-00000179,WOHNSITZ,Südring,27,28816,Stuhr,NI,DE,3,2000-02-23,,true
ADR-00000225,PTR-00000180,WOHNSITZ,Südring,27,28816,Stuhr,NI,DE,3,2011-07-23,,true
ADR-00000226,PTR-00000181,WOHNSITZ,Eschenring,30,74072,Heilbronn,BW,DE,2,2020-01-30,,true
ADR-00000227,PTR-00000182,WOHNSITZ,Morgengasse,25,45127,Essen,NW,DE,2,2021-09-01,2025-05-13,false
ADR-00000228,PTR-00000182,WOHNSITZ,Eschenring,30,74072,Heilbronn,BW,DE,2,2025-05-14,,true
ADR-00000229,PTR-00000183,WOHNSITZ,Eschenring,30,74072,Heilbronn,BW,DE,2,2021-12-10,,true
ADR-00000230,PTR-00000184,WOHNSITZ,Marktsteig,23b,21335,Lüneburg,NI,DE,3,2008-04-30,2023-08-13,false
ADR-00000231,PTR-00000184,WOHNSITZ,Höhendamm,54,65183,Wiesbaden,HE,DE,2,2023-08-14,,true
ADR-00000232,PTR-00000185,WOHNSITZ,Teichdamm,130,80331,München,BY,DE,1,2021-06-19,,true
ADR-00000233,PTR-00000186,WOHNSITZ,Feldallee,43,41061,Mönchengladbach,NW,DE,2,2021-09-21,2024-11-22,false
ADR-00000234,PTR-00000186,WOHNSITZ,Teichdamm,130,80331,München,BY,DE,1,2024-11-23,,true
ADR-00000235,PTR-00000187,WOHNSITZ,Ziegeldamm,134,91126,Schwabach,BY,DE,3,2018-08-20,,true
ADR-00000236,PTR-00000188,WOHNSITZ,Postgasse,65a,66663,Merzig,SL,DE,3,2011-03-30,2024-04-30,false
ADR-00000237,PTR-00000188,WOHNSITZ,Ziegeldamm,134,91126,Schwabach,BY,DE,3,2024-05-01,,true
ADR-00000238,PTR-00000189,WOHNSITZ,Marktdamm,119,45879,Gelsenkirchen,NW,DE,2,2015-03-03,2022-06-06,false
ADR-00000239,PTR-00000189,WOHNSITZ,Bärengasse,63,76133,Karlsruhe,BW,DE,2,2022-06-07,,true
ADR-00000240,PTR-00000190,WOHNSITZ,Bärengasse,63,76133,Karlsruhe,BW,DE,2,1998-01-28,,true
ADR-00000241,PTR-00000191,WOHNSITZ,Bärengasse,63,76133,Karlsruhe,BW,DE,2,1999-05-24,,true
ADR-00000242,PTR-00000192,WOHNSITZ,Kieshof,37,8001,Zürich,ZH,CH,1,2017-12-23,2024-02-03,false
ADR-00000243,PTR-00000192,WOHNSITZ,Hangweg,139,8400,Winterthur,ZH,CH,1,2024-02-04,,true
ADR-00000244,PTR-00000193,WOHNSITZ,Hangweg,139,8400,Winterthur,ZH,CH,1,2018-06-23,,true
ADR-00000245,PTR-00000194,WOHNSITZ,Hangweg,139,8400,Winterthur,ZH,CH,1,2020-10-13,,true
ADR-00000246,PTR-00000195,WOHNSITZ,Eisenhalde,176,3000,Bern,BE,CH,1,2016-10-10,,true
ADR-00000247,PTR-00000196,WOHNSITZ,Eisenhalde,176,3000,Bern,BE,CH,1,2002-09-02,,true
ADR-00000248,PTR-00000197,WOHNSITZ,Hirschallee,51,28779,Bremen,HB,DE,2,2004-06-12,,true
ADR-00000249,PTR-00000198,WOHNSITZ,Hirschallee,51,28779,Bremen,HB,DE,2,2022-12-01,,true
ADR-00000250,PTR-00000199,WOHNSITZ,Hirschallee,51,28779,Bremen,HB,DE,2,1999-03-17,,true
ADR-00000251,PTR-00000200,WOHNSITZ,Hopfenkamp,97,72336,Balingen,BW,DE,3,2016-05-26,,true
ADR-00000252,PTR-00000201,WOHNSITZ,Veilchenstrasse,123,8001,Zürich,ZH,CH,1,2006-09-19,,true
ADR-00000253,PTR-00000202,WOHNSITZ,Veilchenstrasse,123,8001,Zürich,ZH,CH,1,2016-05-23,,true
ADR-00000254,PTR-00000203,WOHNSITZ,Veilchenstrasse,123,8001,Zürich,ZH,CH,1,2016-05-30,,true
ADR-00000255,PTR-00000204,WOHNSITZ,Drosselstraße,118,34117,Kassel,HE,DE,2,2009-02-13,2023-09-04,false
ADR-00000256,PTR-00000204,WOHNSITZ,Forellendamm,115,13086,Berlin,BE,DE,1,2023-09-05,,true
ADR-00000257,PTR-00000205,WOHNSITZ,Gartenstraße,178,66333,Völklingen,SL,DE,3,2024-10-23,,true
ADR-00000258,PTR-00000206,WOHNSITZ,Gartenstraße,178,66333,Völklingen,SL,DE,3,2023-09-10,,true
ADR-00000259,PTR-00000207,WOHNSITZ,Gartenstraße,178,66333,Völklingen,SL,DE,3,2014-03-03,,true
ADR-00000260,PTR-00000208,WOHNSITZ,Brunnensteig,42,01097,Dresden,SN,DE,2,2011-02-15,,true
ADR-00000261,PTR-00000209,WOHNSITZ,Roggenacker,170,8001,Zürich,ZH,CH,1,2014-11-22,,true
ADR-00000262,PTR-00000210,WOHNSITZ,Wiesenrain,84,8610,Uster,ZH,CH,2,2016-03-26,,true
ADR-00000263,PTR-00000211,WOHNSITZ,Wiesenrain,84,8610,Uster,ZH,CH,2,2018-08-28,,true
ADR-00000264,PTR-00000212,WOHNSITZ,Korngasse,42,8212,Neuhausen am Rheinfall,SH,CH,2,2019-04-19,,true
ADR-00000265,PTR-00000213,WOHNSITZ,Korngasse,42,8212,Neuhausen am Rheinfall,SH,CH,2,1997-11-30,,true
ADR-00000266,PTR-00000214,WOHNSITZ,Korngasse,42,8212,Neuhausen am Rheinfall,SH,CH,2,2007-01-31,,true
ADR-00000267,PTR-00000215,WOHNSITZ,Korngasse,42,8212,Neuhausen am Rheinfall,SH,CH,2,1997-01-10,,true
ADR-00000268,PTR-00000216,WOHNSITZ,Korngasse,42,8212,Neuhausen am Rheinfall,SH,CH,2,2013-03-28,,true
ADR-00000269,PTR-00000217,WOHNSITZ,Föhrensteig,159,67655,Kaiserslautern,RP,DE,2,2011-01-01,2023-03-25,false
ADR-00000270,PTR-00000217,WOHNSITZ,Inselgasse,168,20249,Hamburg,HH,DE,1,2023-03-26,,true
ADR-00000271,PTR-00000218,WOHNSITZ,Inselgasse,168,20249,Hamburg,HH,DE,1,2010-08-21,,true
ADR-00000272,PTR-00000219,WOHNSITZ,Inselgasse,168,20249,Hamburg,HH,DE,1,2018-06-29,,true
ADR-00000273,PTR-00000220,WOHNSITZ,Hechtgasse,27,33602,Bielefeld,NW,DE,2,2012-07-10,2022-02-19,false
ADR-00000274,PTR-00000220,WOHNSITZ,Gartenring,169,47051,Duisburg,NW,DE,2,2022-02-20,,true
ADR-00000275,PTR-00000221,WOHNSITZ,Bachhof,178,6300,Zug,ZG,CH,1,2022-01-25,,true
ADR-00000276,PTR-00000222,WOHNSITZ,Bachhof,178,6300,Zug,ZG,CH,1,2014-07-18,,true
ADR-00000277,PTR-00000223,WOHNSITZ,Bachhof,178,6300,Zug,ZG,CH,1,2002-09-16,,true
ADR-00000278,PTR-00000224,WOHNSITZ,Rathauskamp,2,01219,Dresden,SN,DE,2,2004-02-17,,true
ADR-00000279,PTR-00000225,WOHNSITZ,Färbersteig,39,44532,Lünen,NW,DE,3,2012-03-12,2023-06-28,false
ADR-00000280,PTR-00000225,WOHNSITZ,Rathauskamp,2,01219,Dresden,SN,DE,2,2023-06-29,,true
ADR-00000281,PTR-00000226,WOHNSITZ,Bärensteig,161,33098,Paderborn,NW,DE,2,2021-04-01,2024-11-12,false
ADR-00000282,PTR-00000226,WOHNSITZ,Bäckersteig,21,38440,Wolfsburg,NI,DE,2,2024-11-13,,true
ADR-00000283,PTR-00000227,WOHNSITZ,Wagnergasse,174,6410,Goldau,SZ,CH,2,1997-05-31,,true
ADR-00000284,PTR-00000228,WOHNSITZ,Wagnergasse,174,6410,Goldau,SZ,CH,2,1997-10-02,,true
ADR-00000285,PTR-00000229,WOHNSITZ,Fliederallee,159,49074,Osnabrück,NI,DE,2,2004-03-19,2024-01-16,false
ADR-00000286,PTR-00000229,WOHNSITZ,Nordgasse,87,67059,Ludwigshafen am Rhein,RP,DE,2,2024-01-17,,true
ADR-00000287,PTR-00000230,WOHNSITZ,Kirschplatz,179,30159,Hannover,NI,DE,2,2017-11-10,,true
ADR-00000288,PTR-00000231,WOHNSITZ,Wagnerpfad,98b,19053,Schwerin,MV,DE,2,2003-07-29,,true
ADR-00000289,PTR-00000232,WOHNSITZ,Moosstraße,151b,10961,Berlin,BE,DE,1,2013-11-29,,true
ADR-00000290,PTR-00000233,WOHNSITZ,Ostacker,9,6020,Emmenbrücke,LU,CH,2,2002-11-21,2024-12-11,false
ADR-00000291,PTR-00000233,WOHNSITZ,Haldenhalde,67,6020,Emmenbrücke,LU,CH,2,2024-12-12,,true
ADR-00000292,PTR-00000234,GESCHAEFTSSITZ,Müllerweg,18,4132,Muttenz,BL,CH,2,1990-06-01,,true
ADR-00000293,PTR-00000235,WOHNSITZ,Hopfenstraße,128,90402,Nürnberg,BY,DE,2,2004-11-29,,true
ADR-00000294,PTR-00000236,GESCHAEFTSSITZ,Postweg,92a,89073,Ulm,BW,DE,2,2006-03-01,,true
ADR-00000295,PTR-00000237,WOHNSITZ,Fuchsstraße,78,35576,Wetzlar,HE,DE,3,2008-03-10,,true
ADR-00000296,PTR-00000238,WOHNSITZ,Fichtensteig,160,93047,Regensburg,BY,DE,2,2006-02-12,,true
ADR-00000297,PTR-00000239,WOHNSITZ,Fichtensteig,160,93047,Regensburg,BY,DE,2,2012-12-29,,true
ADR-00000298,PTR-00000240,WOHNSITZ,Fichtensteig,160,93047,Regensburg,BY,DE,2,2020-12-27,,true
ADR-00000299,PTR-00000241,WOHNSITZ,Mondmatte,31,8630,Rüti ZH,ZH,CH,2,2017-08-04,,true
ADR-00000300,PTR-00000242,WOHNSITZ,Mondmatte,31,8630,Rüti ZH,ZH,CH,2,1997-09-06,,true
ADR-00000301,PTR-00000243,GESCHAEFTSSITZ,Frühlingsstraße,144,44135,Dortmund,NW,DE,2,1978-06-01,,true
ADR-00000302,PTR-00000244,WOHNSITZ,Eichenhof,68,67346,Speyer,RP,DE,3,1996-04-07,,true
ADR-00000303,PTR-00000245,WOHNSITZ,Bergplatz,167c,24103,Kiel,SH,DE,2,2014-01-18,,true
ADR-00000304,PTR-00000246,WOHNSITZ,Haldengasse,130,49716,Meppen,NI,DE,3,2021-02-06,2025-11-09,false
ADR-00000305,PTR-00000246,WOHNSITZ,Bergplatz,167c,24103,Kiel,SH,DE,2,2025-11-10,,true
ADR-00000306,PTR-00000247,WOHNSITZ,Chemin des Violettes,126,1201,Genève,GE,CH,1,2016-06-29,,true
ADR-00000307,PTR-00000248,WOHNSITZ,Eisenkamp,174c,76829,Landau in der Pfalz,RP,DE,3,2007-12-16,,true
ADR-00000308,PTR-00000249,WOHNSITZ,Metzgersteig,90,8610,Uster,ZH,CH,2,2004-12-11,,true
ADR-00000309,PTR-00000250,WOHNSITZ,Metzgersteig,90,8610,Uster,ZH,CH,2,2024-07-12,,true
ADR-00000310,PTR-00000251,WOHNSITZ,Bäckersteig,150b,93047,Regensburg,BY,DE,2,1998-04-17,,true
ADR-00000311,PTR-00000252,WOHNSITZ,Bäckerplatz,160,8640,Rapperswil-Jona,SG,CH,2,2025-06-19,,true
ADR-00000312,PTR-00000253,WOHNSITZ,Kiesplatz,14,4852,Rothrist,AG,CH,2,2003-10-22,2023-07-27,false
ADR-00000313,PTR-00000253,WOHNSITZ,Bäckerplatz,160,8640,Rapperswil-Jona,SG,CH,2,2023-07-28,,true
ADR-00000314,PTR-00000254,WOHNSITZ,Gartenmatte,20,3000,Bern,BE,CH,1,2008-07-27,2023-03-10,false
ADR-00000315,PTR-00000254,WOHNSITZ,Metzgermatte,76,7550,Scuol,GR,CH,3,2023-03-11,,true
ADR-00000316,PTR-00000255,WOHNSITZ,Bienenstrasse,16,8810,Horgen,ZH,CH,2,2018-04-12,2023-02-12,false
ADR-00000317,PTR-00000255,WOHNSITZ,Metzgermatte,76,7550,Scuol,GR,CH,3,2023-02-13,,true
ADR-00000318,PTR-00000256,WOHNSITZ,Metzgermatte,76,7550,Scuol,GR,CH,3,1996-02-22,,true
ADR-00000319,PTR-00000257,WOHNSITZ,Höhenhof,129,22587,Hamburg,HH,DE,1,2016-12-01,,true
ADR-00000320,PTR-00000258,WOHNSITZ,Sommerrain,104,8032,Zürich,ZH,CH,1,2006-04-13,,true
ADR-00000321,PTR-00000259,GESCHAEFTSSITZ,Rathaushof,72,6460,Altdorf UR,UR,CH,3,1988-02-01,,true
ADR-00000322,PTR-00000260,WOHNSITZ,Hirschring,128,59269,Beckum,NW,DE,3,2012-08-08,2025-01-16,false
ADR-00000323,PTR-00000260,WOHNSITZ,Felsstraße,121,22041,Hamburg,HH,DE,1,2025-01-17,,true
ADR-00000324,PTR-00000261,WOHNSITZ,Felsstraße,121,22041,Hamburg,HH,DE,1,2021-06-13,,true
ADR-00000325,PTR-00000262,WOHNSITZ,Ostmatte,63,9100,Herisau,AR,CH,3,2012-06-19,,true
ADR-00000326,PTR-00000263,WOHNSITZ,Edelweissstrasse,89,6004,Luzern,LU,CH,1,2020-04-29,2022-05-28,false
ADR-00000327,PTR-00000263,WOHNSITZ,Ostmatte,63,9100,Herisau,AR,CH,3,2022-05-29,,true
ADR-00000328,PTR-00000264,WOHNSITZ,Ostmatte,63,9100,Herisau,AR,CH,3,2009-07-31,,true
ADR-00000329,PTR-00000265,WOHNSITZ,Avenue des Œillets,114,1205,Genève,GE,CH,1,2005-10-31,,true
ADR-00000330,PTR-00000266,WOHNSITZ,Avenue des Œillets,114,1205,Genève,GE,CH,1,2003-03-01,,true
ADR-00000331,PTR-00000267,WOHNSITZ,Silberallee,166,91052,Erlangen,BY,DE,2,2021-11-18,,true
ADR-00000332,PTR-00000268,WOHNSITZ,Brunnenkamp,171,63065,Offenbach am Main,HE,DE,2,2022-07-11,,true
ADR-00000333,PTR-00000269,GESCHAEFTSSITZ,Enzianpfad,94,23552,Lübeck,SH,DE,2,1986-11-01,,true
ADR-00000334,PTR-00000270,WOHNSITZ,Adlerstraße,32,26721,Emden,NI,DE,3,1996-08-29,,true
ADR-00000335,PTR-00000271,WOHNSITZ,Lindenring,104,52062,Aachen,NW,DE,2,2013-07-28,,true
ADR-00000336,PTR-00000272,WOHNSITZ,Lindenring,104,52062,Aachen,NW,DE,2,2014-10-11,,true
ADR-00000337,PTR-00000273,WOHNSITZ,Gartengasse,37,14943,Luckenwalde,BB,DE,3,2007-01-25,2023-09-16,false
ADR-00000338,PTR-00000273,WOHNSITZ,Lerchendamm,61,42103,Wuppertal,NW,DE,2,2023-09-17,,true
ADR-00000339,PTR-00000274,WOHNSITZ,Morgenkamp,57,57072,Siegen,NW,DE,2,2007-12-23,,true
ADR-00000340,PTR-00000275,WOHNSITZ,Morgenkamp,57,57072,Siegen,NW,DE,2,2000-12-05,,true
ADR-00000341,PTR-00000276,WOHNSITZ,Roggenhalde,53,5630,Muri AG,AG,CH,2,2025-06-26,,true
ADR-00000342,PTR-00000277,WOHNSITZ,Route des Coteaux,150,2000,Neuchâtel,NE,CH,2,1996-07-07,,true
ADR-00000343,PTR-00000278,WOHNSITZ,Rehring,173,6300,Zug,ZG,CH,1,2021-08-28,2022-07-26,false
ADR-00000344,PTR-00000278,WOHNSITZ,Route des Coteaux,150,2000,Neuchâtel,NE,CH,2,2022-07-27,,true
ADR-00000345,PTR-00000279,WOHNSITZ,Föhrenmatte,67,6072,Sachseln,OW,CH,3,2014-12-17,2023-04-09,false
ADR-00000346,PTR-00000279,WOHNSITZ,Metzgerweg,83,3600,Thun,BE,CH,2,2023-04-10,,true
ADR-00000347,PTR-00000280,WOHNSITZ,Kirchhof,139,6340,Baar,ZG,CH,1,2009-10-27,2022-09-05,false
ADR-00000348,PTR-00000280,WOHNSITZ,Metzgerweg,83,3600,Thun,BE,CH,2,2022-09-06,,true
ADR-00000349,PTR-00000281,WOHNSITZ,Brückenhalde,154,6003,Luzern,LU,CH,1,2013-04-19,2023-11-17,false
ADR-00000350,PTR-00000281,WOHNSITZ,Metzgerweg,83,3600,Thun,BE,CH,2,2023-11-18,,true
ADR-00000351,PTR-00000282,WOHNSITZ,Metzgerweg,83,3600,Thun,BE,CH,2,2016-11-18,,true
ADR-00000352,PTR-00000283,WOHNSITZ,Mühleplatz,48,5080,Laufenburg,AG,CH,2,2006-10-13,,true
ADR-00000353,PTR-00000284,GESCHAEFTSSITZ,Impasse des Bouchers,66,1201,Genève,GE,CH,1,1997-01-01,,true
ADR-00000354,PTR-00000285,GESCHAEFTSSITZ,Place des Hérons,77,1201,Genève,GE,CH,1,1994-10-01,,true
ADR-00000355,PTR-00000286,WOHNSITZ,Enzianmatte,89,6003,Luzern,LU,CH,1,2023-05-18,,true
ADR-00000356,PTR-00000287,WOHNSITZ,Chemin des Marronniers,98,1226,Thônex,GE,CH,1,2008-01-07,2022-05-01,false
ADR-00000357,PTR-00000287,WOHNSITZ,Allée des Mousses,69,1227,Carouge GE,GE,CH,1,2022-05-02,,true
ADR-00000358,PTR-00000288,WOHNSITZ,Fliederhalde,72,4051,Basel,BS,CH,1,2017-01-02,2022-10-25,false
ADR-00000359,PTR-00000288,WOHNSITZ,Allée des Mousses,69,1227,Carouge GE,GE,CH,1,2022-10-26,,true
ADR-00000360,PTR-00000289,WOHNSITZ,Wagnerhof,52,49716,Meppen,NI,DE,3,2003-08-20,,true
ADR-00000361,PTR-00000290,WOHNSITZ,Farnsteig,4,5600,Lenzburg,AG,CH,2,2002-01-11,2023-04-14,false
ADR-00000362,PTR-00000290,WOHNSITZ,Hasensteig,109,3014,Bern,BE,CH,1,2023-04-15,,true
ADR-00000363,PTR-00000291,WOHNSITZ,Bienenhof,30,8880,Walenstadt,SG,CH,2,2010-10-27,2022-12-06,false
ADR-00000364,PTR-00000291,WOHNSITZ,Hasensteig,109,3014,Bern,BE,CH,1,2022-12-07,,true
ADR-00000365,PTR-00000292,WOHNSITZ,Hasensteig,109,3014,Bern,BE,CH,1,2005-06-08,,true
ADR-00000366,PTR-00000293,WOHNSITZ,Föhrenplatz,102,6020,Emmenbrücke,LU,CH,2,2005-07-29,2022-07-12,false
ADR-00000367,PTR-00000293,WOHNSITZ,Hasensteig,109,3014,Bern,BE,CH,1,2022-07-13,,true
ADR-00000368,PTR-00000294,WOHNSITZ,Buchenmatte,97,4058,Basel,BS,CH,1,2010-09-08,2023-11-03,false
ADR-00000369,PTR-00000294,WOHNSITZ,Hasensteig,109,3014,Bern,BE,CH,1,2023-11-04,,true
ADR-00000370,PTR-00000295,WOHNSITZ,Frühlingsplatz,105,8134,Adliswil,ZH,CH,2,2018-08-17,,true
ADR-00000371,PTR-00000296,WOHNSITZ,Frühlingsplatz,105,8134,Adliswil,ZH,CH,2,2024-12-20,,true
ADR-00000372,PTR-00000297,WOHNSITZ,Rebstockacker,51,8001,Zürich,ZH,CH,1,1996-02-22,,true
ADR-00000373,PTR-00000298,WOHNSITZ,Rebstockacker,51,8001,Zürich,ZH,CH,1,2004-06-09,,true
ADR-00000374,PTR-00000299,WOHNSITZ,Storchenring,142,8400,Winterthur,ZH,CH,1,2018-08-29,2022-03-07,false
ADR-00000375,PTR-00000299,WOHNSITZ,Kupferhof,169a,3250,Lyss,BE,CH,2,2022-03-08,,true
ADR-00000376,PTR-00000300,WOHNSITZ,Kupferhof,169a,3250,Lyss,BE,CH,2,2017-01-17,,true
ADR-00000377,PTR-00000301,WOHNSITZ,Schulhalde,113,8400,Winterthur,ZH,CH,1,2014-04-23,2025-11-17,false
ADR-00000378,PTR-00000301,WOHNSITZ,Ziegelmatte,130,4657,Dulliken,SO,CH,2,2025-11-18,,true
ADR-00000379,PTR-00000302,WOHNSITZ,Teichring,37,8910,Affoltern am Albis,ZH,CH,2,2005-07-27,2023-11-16,false
ADR-00000380,PTR-00000302,WOHNSITZ,Ziegelmatte,130,4657,Dulliken,SO,CH,2,2023-11-17,,true
ADR-00000381,PTR-00000303,WOHNSITZ,Via dei Vigne,179,6600,Locarno,TI,CH,2,2002-11-14,,true
ADR-00000382,PTR-00000304,WOHNSITZ,Via dei Vigne,179,6600,Locarno,TI,CH,2,2003-04-17,,true
ADR-00000383,PTR-00000305,WOHNSITZ,Hügelsteig,39,72070,Tübingen,BW,DE,3,2013-06-04,2024-12-03,false
ADR-00000384,PTR-00000305,WOHNSITZ,Heidekamp,120,86150,Augsburg,BY,DE,2,2024-12-04,,true
ADR-00000385,PTR-00000306,WOHNSITZ,Steinacker,91,8001,Zürich,ZH,CH,1,2018-05-02,,true
ADR-00000386,PTR-00000307,WOHNSITZ,Steinacker,91,8001,Zürich,ZH,CH,1,2009-06-13,,true
ADR-00000387,PTR-00000308,WOHNSITZ,Piazza dei Laghi,179,6500,Bellinzona,TI,CH,2,2001-05-11,,true
ADR-00000388,PTR-00000309,WOHNSITZ,Flussstrasse,100,5036,Oberentfelden,AG,CH,2,2017-05-21,2023-05-19,false
ADR-00000389,PTR-00000309,WOHNSITZ,Weberrain,176,4051,Basel,BS,CH,1,2023-05-20,,true
ADR-00000390,PTR-00000310,GESCHAEFTSSITZ,Westhalde,40,6003,Luzern,LU,CH,1,2003-04-01,,true
ADR-00000391,PTR-00000311,WOHNSITZ,Heidekamp,91,08371,Glauchau,SN,DE,3,1996-04-23,,true
ADR-00000392,PTR-00000312,WOHNSITZ,Heidekamp,91,08371,Glauchau,SN,DE,3,2009-06-19,,true
ADR-00000393,PTR-00000313,WOHNSITZ,Entenplatz,42,12043,Berlin,BE,DE,1,2005-11-12,2022-09-20,false
ADR-00000394,PTR-00000313,WOHNSITZ,Fliedergasse,124,77933,Lahr,BW,DE,3,2022-09-21,,true
ADR-00000395,PTR-00000314,GESCHAEFTSSITZ,Kastanienplatz,58,87435,Kempten (Allgäu),BY,DE,3,1987-03-01,,true
ADR-00000396,PTR-00000315,WOHNSITZ,Sandring,69,50226,Frechen,NW,DE,3,1996-03-06,,true
ADR-00000397,PTR-00000316,WOHNSITZ,Sandring,69,50226,Frechen,NW,DE,3,1998-05-31,,true
ADR-00000398,PTR-00000317,WOHNSITZ,Höhenhof,155,76133,Karlsruhe,BW,DE,2,2022-07-30,,true
ADR-00000399,PTR-00000318,WOHNSITZ,Promenade des Étoiles,13,1003,Lausanne,VD,CH,1,2007-12-14,2024-03-17,false
ADR-00000400,PTR-00000318,WOHNSITZ,Allée des Primevères,146,1009,Pully,VD,CH,2,2024-03-18,,true
ADR-00000401,PTR-00000319,WOHNSITZ,Allée des Primevères,146,1009,Pully,VD,CH,2,2019-02-18,,true
ADR-00000402,PTR-00000320,WOHNSITZ,Nordplatz,73,33602,Bielefeld,NW,DE,2,2011-03-14,,true
ADR-00000403,PTR-00000321,WOHNSITZ,Heideallee,149,26382,Wilhelmshaven,NI,DE,3,2005-05-09,,true
ADR-00000404,PTR-00000322,WOHNSITZ,Heideallee,149,26382,Wilhelmshaven,NI,DE,3,2019-06-13,,true
ADR-00000405,PTR-00000323,WOHNSITZ,Quellplatz,85,24534,Neumünster,SH,DE,3,2004-11-21,,true
ADR-00000406,PTR-00000324,WOHNSITZ,Buchenhof,127,04275,Leipzig,SN,DE,2,2018-03-23,,true
ADR-00000407,PTR-00000325,WOHNSITZ,Quellpfad,26,44623,Herne,NW,DE,2,2001-08-30,,true
ADR-00000408,PTR-00000326,GESCHAEFTSSITZ,Herbstgasse,139,55116,Mainz,RP,DE,2,2002-02-01,,true
ADR-00000409,PTR-00000327,WOHNSITZ,Bachhof,18,38518,Gifhorn,NI,DE,3,2016-04-06,2024-03-07,false
ADR-00000410,PTR-00000327,WOHNSITZ,Silberstraße,145,53111,Bonn,NW,DE,2,2024-03-08,,true
ADR-00000411,PTR-00000328,WOHNSITZ,Weberhalde,155,8853,Lachen SZ,SZ,CH,2,2007-09-14,,true
ADR-00000412,PTR-00000329,WOHNSITZ,Weberhalde,155,8853,Lachen SZ,SZ,CH,2,2008-02-12,,true
ADR-00000413,PTR-00000330,WOHNSITZ,Weberhalde,155,8853,Lachen SZ,SZ,CH,2,2022-01-11,,true
ADR-00000414,PTR-00000331,WOHNSITZ,Goldhalde,132,8600,Dübendorf,ZH,CH,2,2001-03-31,2025-02-10,false
ADR-00000415,PTR-00000331,WOHNSITZ,Weberhalde,155,8853,Lachen SZ,SZ,CH,2,2025-02-11,,true
ADR-00000416,PTR-00000332,WOHNSITZ,Mondsteig,59,4623,Neuendorf,SO,CH,2,2003-07-03,2024-04-01,false
ADR-00000417,PTR-00000332,WOHNSITZ,Weberhalde,155,8853,Lachen SZ,SZ,CH,2,2024-04-02,,true
ADR-00000418,PTR-00000333,GESCHAEFTSSITZ,Gartensteig,58,28195,Bremen,HB,DE,2,1994-03-01,,true
ADR-00000419,PTR-00000334,WOHNSITZ,Forellenkamp,180,44787,Bochum,NW,DE,2,2003-12-04,2022-07-28,false
ADR-00000420,PTR-00000334,WOHNSITZ,Steinallee,99,22083,Hamburg,HH,DE,1,2022-07-29,,true
ADR-00000421,PTR-00000335,WOHNSITZ,Rebenplatz,97,45879,Gelsenkirchen,NW,DE,2,2009-12-22,2022-03-28,false
ADR-00000422,PTR-00000335,WOHNSITZ,Steinallee,99,22083,Hamburg,HH,DE,1,2022-03-29,,true
ADR-00000423,PTR-00000336,GESCHAEFTSSITZ,Drosselring,43b,3072,Ostermundigen,BE,CH,2,1989-01-01,,true
ADR-00000424,PTR-00000337,WOHNSITZ,Meisenmatte,155,8750,Glarus,GL,CH,3,2004-08-24,2022-10-15,false
ADR-00000425,PTR-00000337,WOHNSITZ,Enzianhof,53,8400,Winterthur,ZH,CH,1,2022-10-16,,true
ADR-00000426,PTR-00000338,WOHNSITZ,Enzianhof,53,8400,Winterthur,ZH,CH,1,2018-04-03,,true
ADR-00000427,PTR-00000339,WOHNSITZ,Route des Hérons,100,1003,Lausanne,VD,CH,1,2005-09-26,,true
ADR-00000428,PTR-00000340,WOHNSITZ,Schulsteig,28,6052,Hergiswil NW,NW,CH,3,2016-11-05,,true
ADR-00000429,PTR-00000341,WOHNSITZ,Schulsteig,28,6052,Hergiswil NW,NW,CH,3,2012-08-11,,true
ADR-00000430,PTR-00000342,WOHNSITZ,Talweg,28,36304,Alsfeld,HE,DE,3,2011-12-08,,true
ADR-00000431,PTR-00000343,WOHNSITZ,Hasenmatte,162,4132,Muttenz,BL,CH,2,1996-06-06,,true
ADR-00000432,PTR-00000344,WOHNSITZ,Hasenmatte,162,4132,Muttenz,BL,CH,2,2006-12-10,,true
ADR-00000433,PTR-00000345,WOHNSITZ,Hasenmatte,162,4132,Muttenz,BL,CH,2,2002-10-06,,true
ADR-00000434,PTR-00000346,WOHNSITZ,Lehmhalde,52,3014,Bern,BE,CH,1,2003-01-31,2022-08-14,false
ADR-00000435,PTR-00000346,WOHNSITZ,Finkenacker,148,6312,Steinhausen,ZG,CH,1,2022-08-15,,true
ADR-00000436,PTR-00000347,WOHNSITZ,Quellmatte,127,6210,Sursee,LU,CH,2,2014-04-06,2025-08-05,false
ADR-00000437,PTR-00000347,WOHNSITZ,Wiesengasse,40,2500,Biel/Bienne,BE,CH,1,2025-08-06,,true
ADR-00000438,PTR-00000348,WOHNSITZ,Müllerpfad,24,06120,Halle (Saale),ST,DE,2,2019-02-23,,true
ADR-00000439,PTR-00000349,WOHNSITZ,Müllerpfad,24,06120,Halle (Saale),ST,DE,2,1998-01-25,,true
ADR-00000440,PTR-00000350,WOHNSITZ,Stegkamp,99,59065,Hamm,NW,DE,2,2019-04-18,2023-02-21,false
ADR-00000441,PTR-00000350,WOHNSITZ,Müllerpfad,24,06120,Halle (Saale),ST,DE,2,2023-02-22,,true
ADR-00000442,PTR-00000351,WOHNSITZ,Kirchplatz,7a,44135,Dortmund,NW,DE,2,2015-09-22,2022-08-30,false
ADR-00000443,PTR-00000351,WOHNSITZ,Müllerpfad,24,06120,Halle (Saale),ST,DE,2,2022-08-31,,true
ADR-00000444,PTR-00000352,WOHNSITZ,Sandring,47c,34212,Melsungen,HE,DE,3,2011-11-07,2024-05-17,false
ADR-00000445,PTR-00000352,WOHNSITZ,Müllerpfad,24,06120,Halle (Saale),ST,DE,2,2024-05-18,,true
ADR-00000446,PTR-00000353,WOHNSITZ,Kornstrasse,35,4104,Oberwil BL,BL,CH,2,2019-11-07,2024-07-10,false
ADR-00000447,PTR-00000353,WOHNSITZ,Rebstockgasse,90,8800,Thalwil,ZH,CH,2,2024-07-11,,true
ADR-00000448,PTR-00000354,WOHNSITZ,Herbstmatte,67,8050,Zürich,ZH,CH,1,2012-01-18,,true
ADR-00000449,PTR-00000355,WOHNSITZ,Herbstmatte,67,8050,Zürich,ZH,CH,1,2007-07-07,,true
ADR-00000450,PTR-00000356,WOHNSITZ,Herbstmatte,67,8050,Zürich,ZH,CH,1,2009-12-24,,true
ADR-00000451,PTR-00000357,WOHNSITZ,Herbstmatte,67,8050,Zürich,ZH,CH,1,2014-03-27,,true
ADR-00000452,PTR-00000358,WOHNSITZ,Bachplatz,117c,13405,Berlin,BE,DE,1,2019-03-04,2025-05-23,false
ADR-00000453,PTR-00000358,WOHNSITZ,Schwalbensteig,11,06120,Halle (Saale),ST,DE,2,2025-05-24,,true
ADR-00000454,PTR-00000359,GESCHAEFTSSITZ,Kirchallee,17c,38100,Braunschweig,NI,DE,2,1989-05-01,,true
ADR-00000455,PTR-00000360,WOHNSITZ,Frühlingsmatte,77,2500,Biel/Bienne,BE,CH,1,2020-08-31,,true
ADR-00000456,PTR-00000361,WOHNSITZ,Frühlingsmatte,77,2500,Biel/Bienne,BE,CH,1,2020-04-01,,true
ADR-00000457,PTR-00000362,WOHNSITZ,Brunnenring,88,8708,Männedorf,ZH,CH,2,2006-03-29,,true
ADR-00000458,PTR-00000363,WOHNSITZ,Felsrain,46,4900,Langenthal,BE,CH,2,2011-05-25,2023-12-29,false
ADR-00000459,PTR-00000363,WOHNSITZ,Brunnenring,88,8708,Männedorf,ZH,CH,2,2023-12-30,,true
ADR-00000460,PTR-00000364,WOHNSITZ,Moosgasse,36,20249,Hamburg,HH,DE,1,2002-08-18,,true
ADR-00000461,PTR-00000365,WOHNSITZ,Moosgasse,36,20249,Hamburg,HH,DE,1,2009-06-09,,true
ADR-00000462,PTR-00000366,WOHNSITZ,Gerberpfad,136,40213,Düsseldorf,NW,DE,1,2011-09-11,,true
ADR-00000463,PTR-00000367,GESCHAEFTSSITZ,Sandkamp,76,50667,Köln,NW,DE,1,2003-02-01,,true
ADR-00000464,PTR-00000368,WOHNSITZ,Forellenacker,143,8001,Zürich,ZH,CH,1,2011-10-17,,true
ADR-00000465,PTR-00000369,WOHNSITZ,Hopfensteig,97,4153,Reinach BL,BL,CH,2,2003-04-28,2023-05-11,false
ADR-00000466,PTR-00000369,WOHNSITZ,Ulmenhalde,13,9630,Wattwil,SG,CH,2,2023-05-12,,true
ADR-00000467,PTR-00000370,WOHNSITZ,Gartengasse,113,79761,Waldshut-Tiengen,BW,DE,3,2020-09-07,,true
ADR-00000468,PTR-00000371,WOHNSITZ,Gartengasse,113,79761,Waldshut-Tiengen,BW,DE,3,2021-11-23,,true
ADR-00000469,PTR-00000372,WOHNSITZ,Roggenpfad,46,58095,Hagen,NW,DE,2,2021-07-21,,true
ADR-00000470,PTR-00000373,WOHNSITZ,Roggenpfad,46,58095,Hagen,NW,DE,2,2021-06-02,,true
ADR-00000471,PTR-00000374,WOHNSITZ,Tonallee,53,15806,Zossen,BB,DE,3,2008-12-03,,true
ADR-00000472,PTR-00000375,WOHNSITZ,Stegpfad,7,17192,Waren (Müritz),MV,DE,3,2012-10-27,2022-09-13,false
ADR-00000473,PTR-00000375,WOHNSITZ,Tonallee,53,15806,Zossen,BB,DE,3,2022-09-14,,true
ADR-00000474,PTR-00000376,WOHNSITZ,Promenade des Châtaigniers,6,1337,Vallorbe,VD,CH,2,2019-03-04,2024-04-29,false
ADR-00000475,PTR-00000376,WOHNSITZ,Allée des Jardins,142,1337,Vallorbe,VD,CH,2,2024-04-30,,true
ADR-00000476,PTR-00000377,WOHNSITZ,Via dei Tigli,174,6900,Lugano,TI,CH,1,2005-09-26,,true
ADR-00000477,PTR-00000378,GESCHAEFTSSITZ,Sonnenstrasse,18,9200,Gossau SG,SG,CH,2,1989-09-01,,true
ADR-00000478,PTR-00000379,WOHNSITZ,Nordsteig,153,55411,Bingen am Rhein,RP,DE,3,2024-06-21,,true
ADR-00000479,PTR-00000380,WOHNSITZ,Herbstgasse,129,4622,Egerkingen,SO,CH,2,2011-04-01,2022-10-21,false
ADR-00000480,PTR-00000380,WOHNSITZ,Posthof,100,3098,Köniz,BE,CH,2,2022-10-22,,true
ADR-00000481,PTR-00000381,WOHNSITZ,Posthof,100,3098,Köniz,BE,CH,2,2016-09-23,,true
ADR-00000482,PTR-00000382,WOHNSITZ,Nelkenstrasse,97,8400,Winterthur,ZH,CH,1,2017-05-02,2023-04-14,false
ADR-00000483,PTR-00000382,WOHNSITZ,Posthof,100,3098,Köniz,BE,CH,2,2023-04-15,,true
ADR-00000484,PTR-00000383,WOHNSITZ,Posthof,100,3098,Köniz,BE,CH,2,2002-01-12,,true
ADR-00000485,PTR-00000384,WOHNSITZ,Lindenacker,126,6280,Hochdorf,LU,CH,2,2004-06-15,,true
ADR-00000486,PTR-00000385,WOHNSITZ,Schulsteig,9,8340,Hinwil,ZH,CH,2,2023-01-28,,true
ADR-00000487,PTR-00000386,WOHNSITZ,Schulsteig,9,8340,Hinwil,ZH,CH,2,2017-01-11,,true
ADR-00000488,PTR-00000387,WOHNSITZ,Kupferhof,91,72070,Tübingen,BW,DE,3,2025-02-28,,true
ADR-00000489,PTR-00000388,WOHNSITZ,Piazza dei Volpi,135,6500,Bellinzona,TI,CH,2,2005-03-10,,true
ADR-00000490,PTR-00000389,WOHNSITZ,Piazza dei Volpi,135,6500,Bellinzona,TI,CH,2,2003-12-04,,true
ADR-00000491,PTR-00000390,WOHNSITZ,Piazza dei Volpi,135,6500,Bellinzona,TI,CH,2,2021-01-12,,true
ADR-00000492,PTR-00000391,WOHNSITZ,Piazza dei Volpi,135,6500,Bellinzona,TI,CH,2,2002-06-20,,true
ADR-00000493,PTR-00000392,WOHNSITZ,Piazza dei Volpi,135,6500,Bellinzona,TI,CH,2,2002-04-12,,true
ADR-00000494,PTR-00000393,WOHNSITZ,Schulkamp,47,07743,Jena,TH,DE,2,2012-11-23,2023-09-25,false
ADR-00000495,PTR-00000393,WOHNSITZ,Kalksteig,72,55743,Idar-Oberstein,RP,DE,3,2023-09-26,,true
ADR-00000496,PTR-00000394,WOHNSITZ,Kalksteig,72,55743,Idar-Oberstein,RP,DE,3,2018-02-19,,true
ADR-00000497,PTR-00000395,WOHNSITZ,Frühlingsweg,61,81241,München,BY,DE,1,2004-09-08,2025-07-24,false
ADR-00000498,PTR-00000395,WOHNSITZ,Kalksteig,72,55743,Idar-Oberstein,RP,DE,3,2025-07-25,,true
ADR-00000499,PTR-00000396,WOHNSITZ,Kalksteig,72,55743,Idar-Oberstein,RP,DE,3,2013-06-26,,true
ADR-00000500,PTR-00000397,WOHNSITZ,Föhrenhof,124,47051,Duisburg,NW,DE,2,2006-12-30,,true
ADR-00000501,PTR-00000398,WOHNSITZ,Föhrenhof,124,47051,Duisburg,NW,DE,2,1997-05-31,,true
ADR-00000502,PTR-00000399,WOHNSITZ,Föhrenhof,124,47051,Duisburg,NW,DE,2,2001-05-10,,true
ADR-00000503,PTR-00000400,WOHNSITZ,Inselsteig,62,4632,Trimbach,SO,CH,2,2009-08-24,,true
ADR-00000504,PTR-00000401,WOHNSITZ,Holunderstraße,79,45127,Essen,NW,DE,2,1998-02-09,,true
ADR-00000505,PTR-00000402,WOHNSITZ,Holunderstraße,79,45127,Essen,NW,DE,2,1997-07-14,,true
ADR-00000506,PTR-00000403,WOHNSITZ,Ackerdamm,74,21073,Hamburg,HH,DE,1,2012-01-20,,true
ADR-00000507,PTR-00000404,WOHNSITZ,Ackerdamm,74,21073,Hamburg,HH,DE,1,2013-06-14,,true
ADR-00000508,PTR-00000405,WOHNSITZ,Ackerdamm,74,21073,Hamburg,HH,DE,1,2013-10-30,,true
ADR-00000509,PTR-00000406,WOHNSITZ,Ackerdamm,74,21073,Hamburg,HH,DE,1,1997-01-21,,true
ADR-00000510,PTR-00000407,WOHNSITZ,Ulmengasse,134,7402,Bonaduz,GR,CH,3,1998-03-08,,true
ADR-00000511,PTR-00000408,GESCHAEFTSSITZ,Sternenweg,83,8057,Zürich,ZH,CH,1,1984-12-01,,true
ADR-00000512,PTR-00000409,WOHNSITZ,Falkenmatte,8,3000,Bern,BE,CH,1,2009-12-18,,true
ADR-00000513,PTR-00000410,WOHNSITZ,Bergweg,14,48143,Münster,NW,DE,2,2020-05-25,,true
ADR-00000514,PTR-00000411,WOHNSITZ,Rehweg,11,8604,Volketswil,ZH,CH,2,2017-11-17,,true
ADR-00000515,PTR-00000412,WOHNSITZ,Rehweg,11,8604,Volketswil,ZH,CH,2,2024-02-23,,true
ADR-00000516,PTR-00000413,WOHNSITZ,Impasse des Alouettes,23,1227,Carouge GE,GE,CH,1,2009-02-06,,true
ADR-00000517,PTR-00000414,WOHNSITZ,Impasse des Alouettes,23,1227,Carouge GE,GE,CH,1,2018-12-12,,true
ADR-00000518,PTR-00000415,WOHNSITZ,Kastaniensteig,48,8280,Kreuzlingen,TG,CH,2,2007-03-30,2022-11-17,false
ADR-00000519,PTR-00000415,WOHNSITZ,Impasse des Alouettes,23,1227,Carouge GE,GE,CH,1,2022-11-18,,true
ADR-00000520,PTR-00000416,WOHNSITZ,Birkenweg,40a,28195,Bremen,HB,DE,2,2008-10-12,,true
ADR-00000521,PTR-00000417,WOHNSITZ,Weihergasse,74,23936,Grevesmühlen,MV,DE,3,2005-02-24,2023-02-06,false
ADR-00000522,PTR-00000417,WOHNSITZ,Birkenweg,40a,28195,Bremen,HB,DE,2,2023-02-07,,true
ADR-00000523,PTR-00000418,WOHNSITZ,Müllerdamm,57c,20357,Hamburg,HH,DE,1,2001-02-15,,true
ADR-00000524,PTR-00000419,WOHNSITZ,Tulpenallee,118,10585,Berlin,BE,DE,1,2002-02-19,2024-01-20,false
ADR-00000525,PTR-00000419,WOHNSITZ,Lindenpfad,52,01309,Dresden,SN,DE,2,2024-01-21,,true
ADR-00000526,PTR-00000420,WOHNSITZ,Lindenpfad,52,01309,Dresden,SN,DE,2,2012-11-26,,true
ADR-00000527,PTR-00000421,WOHNSITZ,Schulpfad,139,22297,Hamburg,HH,DE,1,2014-08-30,,true
ADR-00000528,PTR-00000422,WOHNSITZ,Eschenpfad,139a,13086,Berlin,BE,DE,1,2013-02-09,,true
ADR-00000529,PTR-00000423,WOHNSITZ,Ahornpfad,113,18437,Stralsund,MV,DE,3,2014-09-10,,true
ADR-00000530,PTR-00000424,WOHNSITZ,Falkenring,134,6210,Sursee,LU,CH,2,2005-03-31,,true
ADR-00000531,PTR-00000425,WOHNSITZ,Kalkallee,151,26603,Aurich,NI,DE,3,2009-11-22,,true
ADR-00000532,PTR-00000426,WOHNSITZ,Kalkallee,151,26603,Aurich,NI,DE,3,2010-03-14,,true
ADR-00000533,PTR-00000427,WOHNSITZ,Kalkallee,151,26603,Aurich,NI,DE,3,2022-12-04,,true
ADR-00000534,PTR-00000428,WOHNSITZ,Kalkallee,151,26603,Aurich,NI,DE,3,2019-02-16,,true
ADR-00000535,PTR-00000429,WOHNSITZ,Kalkallee,151,26603,Aurich,NI,DE,3,2002-10-29,,true
ADR-00000536,PTR-00000430,WOHNSITZ,Tulpenring,167a,38100,Braunschweig,NI,DE,2,2010-10-31,2023-03-27,false
ADR-00000537,PTR-00000430,WOHNSITZ,Ostdamm,71,46395,Bocholt,NW,DE,3,2023-03-28,,true
ADR-00000538,PTR-00000431,GESCHAEFTSSITZ,Edelweissplatz,163,71083,Herrenberg,BW,DE,3,2011-09-01,,true
ADR-00000539,PTR-00000432,WOHNSITZ,Kalkkamp,124,07743,Jena,TH,DE,2,2024-09-25,,true
ADR-00000540,PTR-00000433,WOHNSITZ,Schulhof,175,96047,Bamberg,BY,DE,3,2015-05-15,,true
ADR-00000541,PTR-00000434,WOHNSITZ,Schulhof,175,96047,Bamberg,BY,DE,3,2022-09-14,,true
ADR-00000542,PTR-00000435,WOHNSITZ,Hopfenplatz,78,95444,Bayreuth,BY,DE,3,2008-12-09,,true
ADR-00000543,PTR-00000436,WOHNSITZ,Sentier des Îles,94,1205,Genève,GE,CH,1,2006-10-05,,true
ADR-00000544,PTR-00000437,GESCHAEFTSSITZ,Edelweisssteig,61,9100,Herisau,AR,CH,3,2012-07-01,,true
ADR-00000545,PTR-00000438,WOHNSITZ,Adlerdamm,76a,53111,Bonn,NW,DE,2,2023-03-17,,true
ADR-00000546,PTR-00000439,WOHNSITZ,Adlerdamm,76a,53111,Bonn,NW,DE,2,1996-02-18,,true
ADR-00000547,PTR-00000440,WOHNSITZ,Piazza dei Laghi,64,6710,Biasca,TI,CH,2,2021-08-14,,true
ADR-00000548,PTR-00000441,WOHNSITZ,Piazza dei Laghi,64,6710,Biasca,TI,CH,2,1997-10-13,,true
ADR-00000549,PTR-00000442,WOHNSITZ,Piazza dei Laghi,64,6710,Biasca,TI,CH,2,1998-11-14,,true
ADR-00000550,PTR-00000443,WOHNSITZ,Adlersteig,47,2500,Biel/Bienne,BE,CH,1,2021-09-01,,true
ADR-00000551,PTR-00000444,WOHNSITZ,Alpenrosenplatz,93b,4053,Basel,BS,CH,1,2006-02-27,2022-04-17,false
ADR-00000552,PTR-00000444,WOHNSITZ,Adlersteig,47,2500,Biel/Bienne,BE,CH,1,2022-04-18,,true
ADR-00000553,PTR-00000445,WOHNSITZ,Impasse des Œillets,110,1201,Genève,GE,CH,1,2011-10-14,2023-03-05,false
ADR-00000554,PTR-00000445,WOHNSITZ,Route des Érables,157,1290,Versoix,GE,CH,1,2023-03-06,,true
ADR-00000555,PTR-00000446,WOHNSITZ,Route des Érables,157,1290,Versoix,GE,CH,1,2021-04-06,,true
ADR-00000556,PTR-00000447,WOHNSITZ,Feldhof,153,59174,Kamen,NW,DE,3,2004-01-11,,true
ADR-00000557,PTR-00000448,WOHNSITZ,Feldhof,153,59174,Kamen,NW,DE,3,1996-07-07,,true
ADR-00000558,PTR-00000449,WOHNSITZ,Feldhof,153,59174,Kamen,NW,DE,3,2020-04-27,,true
ADR-00000559,PTR-00000450,WOHNSITZ,Heidematte,173,2500,Biel/Bienne,BE,CH,1,2001-04-08,2023-06-13,false
ADR-00000560,PTR-00000450,WOHNSITZ,Färberhalde,110,8330,Pfäffikon ZH,ZH,CH,2,2023-06-14,,true
ADR-00000561,PTR-00000451,WOHNSITZ,Färberhalde,110,8330,Pfäffikon ZH,ZH,CH,2,2016-09-11,,true
ADR-00000562,PTR-00000452,WOHNSITZ,Färberhalde,110,8330,Pfäffikon ZH,ZH,CH,2,2001-12-14,,true
ADR-00000563,PTR-00000453,WOHNSITZ,Kirchdamm,69,93047,Regensburg,BY,DE,2,2002-11-24,,true
ADR-00000564,PTR-00000454,WOHNSITZ,Sommersteig,79,90762,Fürth,BY,DE,2,2010-01-24,2024-10-10,false
ADR-00000565,PTR-00000454,WOHNSITZ,Kirchdamm,69,93047,Regensburg,BY,DE,2,2024-10-11,,true
ADR-00000566,PTR-00000455,WOHNSITZ,Felsweg,113,39638,Gardelegen,ST,DE,3,2011-12-31,,true
ADR-00000567,PTR-00000456,WOHNSITZ,Fuchsallee,160,76133,Karlsruhe,BW,DE,2,2011-09-30,2025-05-10,false
ADR-00000568,PTR-00000456,WOHNSITZ,Schulkamp,53,46236,Bottrop,NW,DE,2,2025-05-11,,true
ADR-00000569,PTR-00000457,WOHNSITZ,Fliederstraße,117,04103,Leipzig,SN,DE,2,2015-02-15,2023-10-31,false
ADR-00000570,PTR-00000457,WOHNSITZ,Hirschsteig,174b,44623,Herne,NW,DE,2,2023-11-01,,true
ADR-00000571,PTR-00000458,WOHNSITZ,Hirschsteig,174b,44623,Herne,NW,DE,2,2002-07-05,,true
ADR-00000572,PTR-00000459,WOHNSITZ,Hirschsteig,174b,44623,Herne,NW,DE,2,2010-11-14,,true
ADR-00000573,PTR-00000460,WOHNSITZ,Hirschstraße,36,51643,Gummersbach,NW,DE,3,2004-12-13,,true
ADR-00000574,PTR-00000461,WOHNSITZ,Hirschstraße,36,51643,Gummersbach,NW,DE,3,2010-04-23,,true
ADR-00000575,PTR-00000462,WOHNSITZ,Metzgerhof,5,45879,Gelsenkirchen,NW,DE,2,2006-07-01,2023-01-01,false
ADR-00000576,PTR-00000462,WOHNSITZ,Hirschstraße,36,51643,Gummersbach,NW,DE,3,2023-01-02,,true
ADR-00000577,PTR-00000463,WOHNSITZ,Kornsteig,176a,44135,Dortmund,NW,DE,2,2022-02-28,,true
ADR-00000578,PTR-00000464,WOHNSITZ,Mühlenstrasse,97,8610,Uster,ZH,CH,2,1998-04-30,,true
ADR-00000579,PTR-00000465,WOHNSITZ,Weberrain,47a,4460,Gelterkinden,BL,CH,2,2011-03-08,2024-12-30,false
ADR-00000580,PTR-00000465,WOHNSITZ,Mühlenstrasse,97,8610,Uster,ZH,CH,2,2024-12-31,,true
ADR-00000581,PTR-00000466,WOHNSITZ,Mühlenstrasse,97,8610,Uster,ZH,CH,2,2009-10-01,,true
ADR-00000582,PTR-00000467,WOHNSITZ,Mühlenstrasse,97,8610,Uster,ZH,CH,2,1997-07-14,,true
ADR-00000583,PTR-00000468,WOHNSITZ,Rebengasse,98,32052,Herford,NW,DE,3,2010-03-21,,true
ADR-00000584,PTR-00000469,WOHNSITZ,Nussplatz,115,50667,Köln,NW,DE,1,2021-09-18,2025-10-02,false
ADR-00000585,PTR-00000469,WOHNSITZ,Rebengasse,98,32052,Herford,NW,DE,3,2025-10-03,,true
ADR-00000586,PTR-00000470,WOHNSITZ,Rebengasse,98,32052,Herford,NW,DE,3,2001-02-02,,true
ADR-00000587,PTR-00000471,WOHNSITZ,Steggasse,164,86150,Augsburg,BY,DE,2,2021-01-25,2022-07-31,false
ADR-00000588,PTR-00000471,WOHNSITZ,Rebengasse,98,32052,Herford,NW,DE,3,2022-08-01,,true
ADR-00000589,PTR-00000472,WOHNSITZ,Nelkengasse,115,08523,Plauen,SN,DE,3,2022-09-01,,true
ADR-00000590,PTR-00000473,WOHNSITZ,Sandring,31,18119,Rostock,MV,DE,2,2018-01-25,2024-07-01,false
ADR-00000591,PTR-00000473,WOHNSITZ,Nelkengasse,115,08523,Plauen,SN,DE,3,2024-07-02,,true
ADR-00000592,PTR-00000474,WOHNSITZ,Müllerweg,39,51643,Gummersbach,NW,DE,3,2017-08-28,2022-11-02,false
ADR-00000593,PTR-00000474,WOHNSITZ,Nelkengasse,115,08523,Plauen,SN,DE,3,2022-11-03,,true
ADR-00000594,PTR-00000475,WOHNSITZ,Nelkengasse,115,08523,Plauen,SN,DE,3,2025-04-07,,true
ADR-00000595,PTR-00000476,WOHNSITZ,Nelkengasse,115,08523,Plauen,SN,DE,3,1997-11-19,,true
ADR-00000596,PTR-00000477,WOHNSITZ,Ziegelkamp,167,38100,Braunschweig,NI,DE,2,2012-06-27,,true
ADR-00000597,PTR-00000478,WOHNSITZ,Abendhof,166,47051,Duisburg,NW,DE,2,2016-04-03,2022-09-27,false
ADR-00000598,PTR-00000478,WOHNSITZ,Ziegelkamp,167,38100,Braunschweig,NI,DE,2,2022-09-28,,true
ADR-00000599,PTR-00000479,WOHNSITZ,Sentier des Tilleuls,52,1400,Yverdon-les-Bains,VD,CH,2,2009-08-07,,true
ADR-00000600,PTR-00000480,WOHNSITZ,Sentier des Tilleuls,52,1400,Yverdon-les-Bains,VD,CH,2,1999-12-13,,true
ADR-00000601,PTR-00000481,WOHNSITZ,Rehrain,96,8153,Rümlang,ZH,CH,2,2017-03-31,2022-10-05,false
ADR-00000602,PTR-00000481,WOHNSITZ,Uferplatz,152,3000,Bern,BE,CH,1,2022-10-06,,true
ADR-00000603,PTR-00000482,WOHNSITZ,Rebstockstraße,2,51371,Leverkusen,NW,DE,2,2021-10-10,,true
ADR-00000604,PTR-00000483,WOHNSITZ,Rebstockstraße,2,51371,Leverkusen,NW,DE,2,2011-05-01,,true
ADR-00000605,PTR-00000484,WOHNSITZ,Mühlengasse,86,6003,Luzern,LU,CH,1,2001-09-02,,true
ADR-00000606,PTR-00000485,WOHNSITZ,Mühlengasse,86,6003,Luzern,LU,CH,1,1997-10-26,,true
ADR-00000607,PTR-00000486,WOHNSITZ,Hasenplatz,8,6312,Steinhausen,ZG,CH,1,2003-04-08,2024-09-30,false
ADR-00000608,PTR-00000486,WOHNSITZ,Apfelsteig,67,8610,Uster,ZH,CH,2,2024-10-01,,true
ADR-00000609,PTR-00000487,WOHNSITZ,Ackerplatz,13,53111,Bonn,NW,DE,2,2007-11-07,,true
ADR-00000610,PTR-00000488,GESCHAEFTSSITZ,Schulplatz,124,39104,Magdeburg,ST,DE,2,2017-05-01,,true
ADR-00000611,PTR-00000489,WOHNSITZ,Postplatz,67,8001,Zürich,ZH,CH,1,2014-08-18,,true
ADR-00000612,PTR-00000490,WOHNSITZ,Stegplatz,68,6260,Reiden,LU,CH,2,2017-09-13,2022-08-16,false
ADR-00000613,PTR-00000490,WOHNSITZ,Stegring,83,6340,Baar,ZG,CH,1,2022-08-17,,true
ADR-00000614,PTR-00000491,WOHNSITZ,Stegring,83,6340,Baar,ZG,CH,1,2004-02-02,,true
ADR-00000615,PTR-00000492,WOHNSITZ,Stegring,83,6340,Baar,ZG,CH,1,2017-04-15,,true
ADR-00000616,PTR-00000493,WOHNSITZ,Stegring,83,6340,Baar,ZG,CH,1,1999-02-09,,true
ADR-00000617,PTR-00000494,WOHNSITZ,Höhengasse,165,8001,Zürich,ZH,CH,1,2004-01-25,2025-04-16,false
ADR-00000618,PTR-00000494,WOHNSITZ,Stegring,83,6340,Baar,ZG,CH,1,2025-04-17,,true
ADR-00000619,PTR-00000495,WOHNSITZ,Sandgasse,140,4142,Münchenstein,BL,CH,2,2016-05-07,2023-08-08,false
ADR-00000620,PTR-00000495,WOHNSITZ,Nelkenrain,113,8001,Zürich,ZH,CH,1,2023-08-09,,true
ADR-00000621,PTR-00000496,WOHNSITZ,Nelkenrain,113,8001,Zürich,ZH,CH,1,2004-04-23,,true
ADR-00000622,PTR-00000497,WOHNSITZ,Nelkenrain,113,8001,Zürich,ZH,CH,1,1999-08-03,,true
ADR-00000623,PTR-00000498,WOHNSITZ,Nelkenrain,113,8001,Zürich,ZH,CH,1,2017-10-18,,true
ADR-00000624,PTR-00000499,WOHNSITZ,Apfelring,145,9450,Altstätten SG,SG,CH,2,2023-04-29,,true
ADR-00000625,PTR-00000500,WOHNSITZ,Sandkamp,19,22765,Hamburg,HH,DE,1,1997-06-11,,true
ADR-00000626,PTR-00000501,WOHNSITZ,Brückenweg,94,38226,Salzgitter,NI,DE,2,2019-07-04,2022-01-09,false
ADR-00000627,PTR-00000501,WOHNSITZ,Sandkamp,19,22765,Hamburg,HH,DE,1,2022-01-10,,true
ADR-00000628,PTR-00000502,WOHNSITZ,Wagnerrain,148,8057,Zürich,ZH,CH,1,2024-07-15,,true
ADR-00000629,PTR-00000503,WOHNSITZ,Wagnerrain,148,8057,Zürich,ZH,CH,1,1999-06-13,,true
ADR-00000630,PTR-00000504,WOHNSITZ,Wagnerrain,148,8057,Zürich,ZH,CH,1,2023-02-13,,true
ADR-00000631,PTR-00000505,WOHNSITZ,Wagnerrain,148,8057,Zürich,ZH,CH,1,2012-07-18,,true
ADR-00000632,PTR-00000506,WOHNSITZ,Mondkamp,144,65183,Wiesbaden,HE,DE,2,2023-09-24,,true
ADR-00000633,PTR-00000507,WOHNSITZ,Mondkamp,144,65183,Wiesbaden,HE,DE,2,2012-06-20,,true
ADR-00000634,PTR-00000508,WOHNSITZ,Holunderstrasse,118a,8212,Neuhausen am Rheinfall,SH,CH,2,2023-05-05,,true
ADR-00000635,PTR-00000509,WOHNSITZ,Mondsteig,56,6004,Luzern,LU,CH,1,2014-08-23,2022-08-29,false
ADR-00000636,PTR-00000509,WOHNSITZ,Holunderstrasse,118a,8212,Neuhausen am Rheinfall,SH,CH,2,2022-08-30,,true
ADR-00000637,PTR-00000510,WOHNSITZ,Sternenhof,151,4710,Balsthal,SO,CH,2,1997-09-06,,true
ADR-00000638,PTR-00000511,WOHNSITZ,Sternenhof,151,4710,Balsthal,SO,CH,2,2006-06-19,,true
ADR-00000639,PTR-00000512,WOHNSITZ,Kalkallee,148,64283,Darmstadt,HE,DE,2,1999-06-10,,true
ADR-00000640,PTR-00000513,WOHNSITZ,Kalkhof,122,6340,Baar,ZG,CH,1,2019-04-03,2023-03-06,false
ADR-00000641,PTR-00000513,WOHNSITZ,Apfelhalde,29,5400,Baden,AG,CH,2,2023-03-07,,true
ADR-00000642,PTR-00000514,WOHNSITZ,Bachring,83,4600,Olten,SO,CH,2,2005-01-03,2024-06-17,false
ADR-00000643,PTR-00000514,WOHNSITZ,Apfelhalde,29,5400,Baden,AG,CH,2,2024-06-18,,true
ADR-00000644,PTR-00000515,WOHNSITZ,Apfelhalde,29,5400,Baden,AG,CH,2,2016-09-25,,true
ADR-00000645,PTR-00000516,WOHNSITZ,Apfelhalde,29,5400,Baden,AG,CH,2,1999-07-12,,true
ADR-00000646,PTR-00000517,WOHNSITZ,Tannensteig,60,55543,Bad Kreuznach,RP,DE,3,1997-05-31,,true
ADR-00000647,PTR-00000518,GESCHAEFTSSITZ,Tannenkamp,13a,01587,Riesa,SN,DE,3,2000-12-01,,true
ADR-00000648,PTR-00000519,WOHNSITZ,Eschenring,17,13347,Berlin,BE,DE,1,2020-07-08,,true
ADR-00000649,PTR-00000520,WOHNSITZ,Rehsteig,164,73430,Aalen,BW,DE,3,2008-06-19,,true
ADR-00000650,PTR-00000521,WOHNSITZ,Rehsteig,164,73430,Aalen,BW,DE,3,2024-06-22,,true
ADR-00000651,PTR-00000522,WOHNSITZ,Bienendamm,129,22297,Hamburg,HH,DE,1,2018-02-22,,true
ADR-00000652,PTR-00000523,WOHNSITZ,Bienendamm,129,22297,Hamburg,HH,DE,1,2007-06-18,,true
ADR-00000653,PTR-00000524,WOHNSITZ,Färberstrasse,133,6060,Sarnen,OW,CH,3,2010-01-26,,true
ADR-00000654,PTR-00000525,WOHNSITZ,Schmiedegasse,58,91126,Schwabach,BY,DE,3,2007-05-14,,true
ADR-00000655,PTR-00000526,GESCHAEFTSSITZ,Brunnenkamp,31,49074,Osnabrück,NI,DE,2,1997-04-01,,true
ADR-00000656,PTR-00000527,WOHNSITZ,Föhrenhof,125,3000,Bern,BE,CH,1,2014-04-13,,true
ADR-00000657,PTR-00000528,WOHNSITZ,Föhrenhof,125,3000,Bern,BE,CH,1,2017-02-15,,true
ADR-00000658,PTR-00000529,WOHNSITZ,Föhrenhof,125,3000,Bern,BE,CH,1,1998-05-16,,true
ADR-00000659,PTR-00000530,WOHNSITZ,Ulmenweg,170b,25421,Pinneberg,SH,DE,3,2005-11-03,2022-12-12,false
ADR-00000660,PTR-00000530,WOHNSITZ,Lerchengasse,157,63065,Offenbach am Main,HE,DE,2,2022-12-13,,true
ADR-00000661,PTR-00000531,WOHNSITZ,Fuchsring,137,8001,Zürich,ZH,CH,1,2008-12-31,,true
ADR-00000662,PTR-00000532,WOHNSITZ,Fuchsring,137,8001,Zürich,ZH,CH,1,2020-09-14,,true
ADR-00000663,PTR-00000533,WOHNSITZ,Holunderplatz,150,68159,Mannheim,BW,DE,2,2021-10-22,,true
ADR-00000664,PTR-00000534,WOHNSITZ,Eisenkamp,23,24837,Schleswig,SH,DE,3,2024-04-24,,true
ADR-00000665,PTR-00000535,WOHNSITZ,Impasse des Sapins,106,1350,Orbe,VD,CH,2,1996-04-16,,true
ADR-00000666,PTR-00000536,WOHNSITZ,Impasse des Sapins,106,1350,Orbe,VD,CH,2,2004-04-01,,true
ADR-00000667,PTR-00000537,WOHNSITZ,Fuchsstraße,66,06484,Quedlinburg,ST,DE,3,2005-03-09,,true
ADR-00000668,PTR-00000538,WOHNSITZ,Place des Hivers,14,1870,Monthey,VS,CH,3,2001-02-24,,true
ADR-00000669,PTR-00000539,WOHNSITZ,Klosterweg,46,6430,Schwyz,SZ,CH,2,2007-03-07,,true
ADR-00000670,PTR-00000540,WOHNSITZ,Hirschpfad,11,02625,Bautzen,SN,DE,3,2005-09-20,,true
ADR-00000671,PTR-00000541,GESCHAEFTSSITZ,Höhenweg,82,45879,Gelsenkirchen,NW,DE,2,1991-01-01,,true
ADR-00000672,PTR-00000542,WOHNSITZ,Meisenstrasse,147,8212,Neuhausen am Rheinfall,SH,CH,2,2007-02-19,2023-05-12,false
ADR-00000673,PTR-00000542,WOHNSITZ,Bärenweg,7,4612,Wangen bei Olten,SO,CH,2,2023-05-13,,true
ADR-00000674,PTR-00000543,WOHNSITZ,Webersteig,12,46395,Bocholt,NW,DE,3,1998-09-22,,true
ADR-00000675,PTR-00000544,WOHNSITZ,Marktplatz,113,01796,Pirna,SN,DE,3,2018-10-27,2024-07-27,false
ADR-00000676,PTR-00000544,WOHNSITZ,Webersteig,12,46395,Bocholt,NW,DE,3,2024-07-28,,true
ADR-00000677,PTR-00000545,GESCHAEFTSSITZ,Alpenrosengasse,1,70565,Stuttgart,BW,DE,1,2011-03-01,,true
ADR-00000678,PTR-00000546,WOHNSITZ,Promenade des Rochers,130,1003,Lausanne,VD,CH,1,2005-07-07,,true
ADR-00000679,PTR-00000547,WOHNSITZ,Promenade des Rochers,130,1003,Lausanne,VD,CH,1,2005-05-12,,true
ADR-00000680,PTR-00000548,WOHNSITZ,Promenade des Rochers,130,1003,Lausanne,VD,CH,1,2012-05-11,,true
ADR-00000681,PTR-00000549,WOHNSITZ,Hasengasse,68,8880,Walenstadt,SG,CH,2,2003-01-23,2023-03-22,false
ADR-00000682,PTR-00000549,WOHNSITZ,Ufermatte,76,8180,Bülach,ZH,CH,2,2023-03-23,,true
ADR-00000683,PTR-00000550,WOHNSITZ,Ufermatte,76,8180,Bülach,ZH,CH,2,2017-03-10,,true
ADR-00000684,PTR-00000551,WOHNSITZ,Hopfenweg,53,3000,Bern,BE,CH,1,2009-07-27,2023-02-28,false
ADR-00000685,PTR-00000551,WOHNSITZ,Ufermatte,76,8180,Bülach,ZH,CH,2,2023-03-01,,true
ADR-00000686,PTR-00000552,WOHNSITZ,Ufermatte,76,8180,Bülach,ZH,CH,2,2002-07-29,,true
ADR-00000687,PTR-00000553,WOHNSITZ,Fliederring,37,3700,Spiez,BE,CH,2,2020-08-01,,true
ADR-00000688,PTR-00000554,WOHNSITZ,Ulmenweg,49,8001,Zürich,ZH,CH,1,2020-06-02,,true
ADR-00000689,PTR-00000555,WOHNSITZ,Ulmenweg,49,8001,Zürich,ZH,CH,1,2015-10-27,,true
ADR-00000690,PTR-00000556,WOHNSITZ,Eisengasse,95,3000,Bern,BE,CH,1,2007-03-19,,true
ADR-00000691,PTR-00000557,WOHNSITZ,Gerstensteig,139b,65428,Rüsselsheim am Main,HE,DE,3,2024-02-11,,true
ADR-00000692,PTR-00000558,WOHNSITZ,Entenstraße,23,47798,Krefeld,NW,DE,2,1998-04-10,,true
ADR-00000693,PTR-00000559,WOHNSITZ,Entenstraße,23,47798,Krefeld,NW,DE,2,2012-03-02,,true
ADR-00000694,PTR-00000560,WOHNSITZ,Alpenrosenpfad,150,31134,Hildesheim,NI,DE,2,1999-11-12,,true
ADR-00000695,PTR-00000561,WOHNSITZ,Place des Fontaines,166,2000,Neuchâtel,NE,CH,2,2005-04-13,,true
ADR-00000696,PTR-00000562,WOHNSITZ,Lindengasse,82,4702,Oensingen,SO,CH,2,2004-02-25,2025-09-18,false
ADR-00000697,PTR-00000562,WOHNSITZ,Place des Fontaines,166,2000,Neuchâtel,NE,CH,2,2025-09-19,,true
ADR-00000698,PTR-00000563,WOHNSITZ,Traubenpfad,116,59065,Hamm,NW,DE,2,2018-06-15,,true
ADR-00000699,PTR-00000564,WOHNSITZ,Sternengasse,58a,04275,Leipzig,SN,DE,2,2003-03-02,2023-02-08,false
ADR-00000700,PTR-00000564,WOHNSITZ,Traubenpfad,116,59065,Hamm,NW,DE,2,2023-02-09,,true
ADR-00000701,PTR-00000565,WOHNSITZ,Traubenpfad,116,59065,Hamm,NW,DE,2,2006-05-27,,true
ADR-00000702,PTR-00000566,WOHNSITZ,Enziandamm,31,42103,Wuppertal,NW,DE,2,2005-10-10,2022-06-17,false
ADR-00000703,PTR-00000566,WOHNSITZ,Steinstraße,74,71634,Ludwigsburg,BW,DE,3,2022-06-18,,true
ADR-00000704,PTR-00000567,WOHNSITZ,Steinstraße,74,71634,Ludwigsburg,BW,DE,3,2022-03-31,,true
ADR-00000705,PTR-00000568,WOHNSITZ,Hügelstrasse,93,9450,Altstätten SG,SG,CH,2,2020-07-19,,true
ADR-00000706,PTR-00000569,WOHNSITZ,Entenstrasse,113,9000,St. Gallen,SG,CH,1,2001-08-25,2025-10-09,false
ADR-00000707,PTR-00000569,WOHNSITZ,Hügelstrasse,93,9450,Altstätten SG,SG,CH,2,2025-10-10,,true
ADR-00000708,PTR-00000570,WOHNSITZ,Norddamm,31,15230,Frankfurt (Oder),BB,DE,3,2014-02-26,2023-02-20,false
ADR-00000709,PTR-00000570,WOHNSITZ,Kirschring,74,97421,Schweinfurt,BY,DE,3,2023-02-21,,true
ADR-00000710,PTR-00000571,WOHNSITZ,Impasse des Châtaigniers,110,1201,Genève,GE,CH,1,2024-03-28,,true
ADR-00000711,PTR-00000572,WOHNSITZ,Impasse des Châtaigniers,110,1201,Genève,GE,CH,1,1998-09-21,,true
ADR-00000712,PTR-00000573,WOHNSITZ,Ackerstrasse,155,3714,Frutigen,BE,CH,2,2006-10-30,,true
ADR-00000713,PTR-00000574,WOHNSITZ,Teichrain,39,3612,Steffisburg,BE,CH,2,2024-10-29,,true
ADR-00000714,PTR-00000575,WOHNSITZ,Mondstraße,178,70435,Stuttgart,BW,DE,1,2002-08-28,,true
ADR-00000715,PTR-00000576,GESCHAEFTSSITZ,Fichtenplatz,15,86150,Augsburg,BY,DE,2,2004-06-01,,true
ADR-00000716,PTR-00000577,WOHNSITZ,Mooskamp,4,17109,Demmin,MV,DE,3,2014-10-02,2025-03-23,false
ADR-00000717,PTR-00000577,WOHNSITZ,Marktstraße,39,55411,Bingen am Rhein,RP,DE,3,2025-03-24,,true
ADR-00000718,PTR-00000578,WOHNSITZ,Kalkhalde,66,8910,Affoltern am Albis,ZH,CH,2,2022-06-26,,true
ADR-00000719,PTR-00000579,GESCHAEFTSSITZ,Sommerrain,65,5430,Wettingen,AG,CH,2,2022-11-01,,true
ADR-00000720,PTR-00000580,WOHNSITZ,Kiessteig,94,91522,Ansbach,BY,DE,3,2009-12-16,,true
ADR-00000721,PTR-00000581,WOHNSITZ,Südstraße,33,99510,Apolda,TH,DE,3,2006-05-23,2024-03-10,false
ADR-00000722,PTR-00000581,WOHNSITZ,Pappelhof,10,88212,Ravensburg,BW,DE,3,2024-03-11,,true
ADR-00000723,PTR-00000582,WOHNSITZ,Amseldamm,7,50667,Köln,NW,DE,1,2008-05-03,2022-03-12,false
ADR-00000724,PTR-00000582,WOHNSITZ,Drosselstraße,129,16515,Oranienburg,BB,DE,3,2022-03-13,,true
ADR-00000725,PTR-00000583,WOHNSITZ,Allée des Faucons,26,1618,Châtel-St-Denis,FR,CH,2,2003-12-02,,true
ADR-00000726,PTR-00000584,WOHNSITZ,Allée des Faucons,26,1618,Châtel-St-Denis,FR,CH,2,1997-04-01,,true
ADR-00000727,PTR-00000585,WOHNSITZ,Allée des Faucons,26,1618,Châtel-St-Denis,FR,CH,2,2017-09-10,,true
ADR-00000728,PTR-00000586,WOHNSITZ,Allée des Faucons,26,1618,Châtel-St-Denis,FR,CH,2,2022-12-08,,true
ADR-00000729,PTR-00000587,WOHNSITZ,Fliederacker,145,4143,Dornach,SO,CH,2,2002-09-13,,true
ADR-00000730,PTR-00000588,GESCHAEFTSSITZ,Flussrain,150,6300,Zug,ZG,CH,1,2022-06-01,,true
ADR-00000731,PTR-00000589,WOHNSITZ,Hopfenpfad,63,58452,Witten,NW,DE,3,1997-05-31,,true
ADR-00000732,PTR-00000590,GESCHAEFTSSITZ,Kornweg,177,45468,Mülheim an der Ruhr,NW,DE,2,2011-09-01,,true
ADR-00000733,PTR-00000591,WOHNSITZ,Impasse des Tisserands,49,1110,Morges,VD,CH,2,2010-07-09,,true
ADR-00000734,PTR-00000592,WOHNSITZ,Impasse des Tisserands,49,1110,Morges,VD,CH,2,2015-08-10,,true
ADR-00000735,PTR-00000593,WOHNSITZ,Impasse des Tisserands,49,1110,Morges,VD,CH,2,2013-07-15,,true
ADR-00000736,PTR-00000594,WOHNSITZ,Avenue des Collines,70,1020,Renens VD,VD,CH,2,2020-07-17,,true
ADR-00000737,PTR-00000595,WOHNSITZ,Silberplatz,84,78462,Konstanz,BW,DE,3,2007-05-31,2025-02-03,false
ADR-00000738,PTR-00000595,WOHNSITZ,Schulsteig,164,33602,Bielefeld,NW,DE,2,2025-02-04,,true
ADR-00000739,PTR-00000596,WOHNSITZ,Schulsteig,164,33602,Bielefeld,NW,DE,2,2019-04-13,,true
ADR-00000740,PTR-00000597,WOHNSITZ,Schulsteig,164,33602,Bielefeld,NW,DE,2,2004-06-13,,true
ADR-00000741,PTR-00000598,WOHNSITZ,Schulsteig,164,33602,Bielefeld,NW,DE,2,2023-09-18,,true
ADR-00000742,PTR-00000599,WOHNSITZ,Ostweg,141,4123,Allschwil,BL,CH,2,2001-08-23,,true
ADR-00000743,PTR-00000600,WOHNSITZ,Rosenring,64,4051,Basel,BS,CH,1,2016-04-06,,true
ADR-00000744,PTR-00000601,WOHNSITZ,Tannenacker,140,6020,Emmenbrücke,LU,CH,2,2001-10-25,2022-08-01,false
ADR-00000745,PTR-00000601,WOHNSITZ,Rosenring,64,4051,Basel,BS,CH,1,2022-08-02,,true
ADR-00000746,PTR-00000602,WOHNSITZ,Flachsplatz,127,4657,Dulliken,SO,CH,2,2020-08-09,2025-07-15,false
ADR-00000747,PTR-00000602,WOHNSITZ,Rosenring,64,4051,Basel,BS,CH,1,2025-07-16,,true
ADR-00000748,PTR-00000603,WOHNSITZ,Rosenring,64,4051,Basel,BS,CH,1,2023-12-08,,true
ADR-00000749,PTR-00000604,WOHNSITZ,Westhof,30,3400,Burgdorf,BE,CH,2,2020-09-07,2025-09-30,false
ADR-00000750,PTR-00000604,WOHNSITZ,Mühleacker,55,8134,Adliswil,ZH,CH,2,2025-10-01,,true
ADR-00000751,PTR-00000605,WOHNSITZ,Veilchenhof,2,9000,St. Gallen,SG,CH,1,2008-09-24,2022-07-16,false
ADR-00000752,PTR-00000605,WOHNSITZ,Quellacker,16,8820,Wädenswil,ZH,CH,2,2022-07-17,,true
ADR-00000753,PTR-00000606,WOHNSITZ,Kirschgasse,112,04277,Leipzig,SN,DE,2,2018-08-21,2022-05-21,false
ADR-00000754,PTR-00000606,WOHNSITZ,Heidering,153,69115,Heidelberg,BW,DE,2,2022-05-22,,true
ADR-00000755,PTR-00000607,WOHNSITZ,Veilchenacker,139,8001,Zürich,ZH,CH,1,2006-05-30,,true
ADR-00000756,PTR-00000608,WOHNSITZ,Promenade des Automnes,180,2000,Neuchâtel,NE,CH,2,2006-09-21,,true
ADR-00000757,PTR-00000609,WOHNSITZ,Promenade des Automnes,180,2000,Neuchâtel,NE,CH,2,2001-06-07,,true
ADR-00000758,PTR-00000610,WOHNSITZ,Traubenweg,47,51371,Leverkusen,NW,DE,2,2010-03-18,2023-05-05,false
ADR-00000759,PTR-00000610,WOHNSITZ,Winterstraße,45,63065,Offenbach am Main,HE,DE,2,2023-05-06,,true
ADR-00000760,PTR-00000611,WOHNSITZ,Mühlehalde,172,3072,Ostermundigen,BE,CH,2,2015-06-06,,true
ADR-00000761,PTR-00000612,WOHNSITZ,Entenhof,146,3550,Langnau im Emmental,BE,CH,2,2005-06-23,2022-06-03,false
ADR-00000762,PTR-00000612,WOHNSITZ,Mühlehalde,172,3072,Ostermundigen,BE,CH,2,2022-06-04,,true
ADR-00000763,PTR-00000613,WOHNSITZ,Place des Violettes,35,1201,Genève,GE,CH,1,2018-04-14,,true
ADR-00000764,PTR-00000614,WOHNSITZ,Place des Violettes,35,1201,Genève,GE,CH,1,2013-12-01,,true
ADR-00000765,PTR-00000615,WOHNSITZ,Place des Violettes,35,1201,Genève,GE,CH,1,2007-05-06,,true
ADR-00000766,PTR-00000616,WOHNSITZ,Schulplatz,165,8001,Zürich,ZH,CH,1,1996-02-06,,true
ADR-00000767,PTR-00000617,WOHNSITZ,Salzmatte,19,4051,Basel,BS,CH,1,2011-09-28,2024-03-27,false
ADR-00000768,PTR-00000617,WOHNSITZ,Stegstrasse,36,4053,Basel,BS,CH,1,2024-03-28,,true
ADR-00000769,PTR-00000618,GESCHAEFTSSITZ,Promenade des Sapins,161,1110,Morges,VD,CH,2,2001-12-01,,true
ADR-00000770,PTR-00000619,WOHNSITZ,Erlengasse,135,8001,Zürich,ZH,CH,1,2008-02-13,,true
ADR-00000771,PTR-00000620,WOHNSITZ,Erlengasse,135,8001,Zürich,ZH,CH,1,2001-02-11,,true
ADR-00000772,PTR-00000621,WOHNSITZ,Erlengasse,135,8001,Zürich,ZH,CH,1,2001-12-20,,true
ADR-00000773,PTR-00000622,WOHNSITZ,Heideplatz,47,4623,Neuendorf,SO,CH,2,2006-02-15,2024-04-18,false
ADR-00000774,PTR-00000622,WOHNSITZ,Erlengasse,135,8001,Zürich,ZH,CH,1,2024-04-19,,true
ADR-00000775,PTR-00000623,WOHNSITZ,Erlengasse,135,8001,Zürich,ZH,CH,1,2006-06-09,,true
ADR-00000776,PTR-00000624,WOHNSITZ,Sentier des Abeilles,175,1290,Versoix,GE,CH,1,2000-10-13,,true
ADR-00000777,PTR-00000625,WOHNSITZ,Sentier des Abeilles,175,1290,Versoix,GE,CH,1,2013-04-20,,true
ADR-00000778,PTR-00000626,WOHNSITZ,Markthalde,142,9500,Wil SG,SG,CH,2,2015-11-29,,true
ADR-00000779,PTR-00000627,WOHNSITZ,Höhenweg,146,99089,Erfurt,TH,DE,2,2014-09-03,,true
ADR-00000780,PTR-00000628,WOHNSITZ,Höhenweg,146,99089,Erfurt,TH,DE,2,2010-09-08,,true
ADR-00000781,PTR-00000629,WOHNSITZ,Hügelhof,48,67227,Frankenthal (Pfalz),RP,DE,3,2023-05-18,,true
ADR-00000782,PTR-00000630,WOHNSITZ,Fliederring,158,18055,Rostock,MV,DE,2,2016-09-25,2022-06-21,false
ADR-00000783,PTR-00000630,WOHNSITZ,Westdamm,157,65428,Rüsselsheim am Main,HE,DE,3,2022-06-22,,true
ADR-00000784,PTR-00000631,WOHNSITZ,Westdamm,157,65428,Rüsselsheim am Main,HE,DE,3,2002-05-13,,true
ADR-00000785,PTR-00000632,WOHNSITZ,Korngasse,70,91522,Ansbach,BY,DE,3,2005-08-06,,true
ADR-00000786,PTR-00000633,WOHNSITZ,Kalkstraße,75,61169,Friedberg (Hessen),HE,DE,3,2003-05-19,2024-08-24,false
ADR-00000787,PTR-00000633,WOHNSITZ,Korngasse,70,91522,Ansbach,BY,DE,3,2024-08-25,,true
ADR-00000788,PTR-00000634,WOHNSITZ,Korngasse,70,91522,Ansbach,BY,DE,3,1998-05-09,,true
ADR-00000789,PTR-00000635,WOHNSITZ,Korngasse,70,91522,Ansbach,BY,DE,3,2012-11-10,,true
ADR-00000790,PTR-00000636,WOHNSITZ,Frühlingsweg,32,24534,Neumünster,SH,DE,3,2001-08-24,2022-05-28,false
ADR-00000791,PTR-00000636,WOHNSITZ,Wagnerstraße,23,99706,Sondershausen,TH,DE,3,2022-05-29,,true
ADR-00000792,PTR-00000637,WOHNSITZ,Steinring,180,68159,Mannheim,BW,DE,2,2007-07-29,,true
ADR-00000793,PTR-00000638,WOHNSITZ,Entenhof,80,45127,Essen,NW,DE,2,2021-12-01,2022-01-11,false
ADR-00000794,PTR-00000638,WOHNSITZ,Steinring,180,68159,Mannheim,BW,DE,2,2022-01-12,,true
ADR-00000795,PTR-00000639,WOHNSITZ,Hirschdamm,53,85049,Ingolstadt,BY,DE,2,2009-01-27,2024-10-21,false
ADR-00000796,PTR-00000639,WOHNSITZ,Steinring,180,68159,Mannheim,BW,DE,2,2024-10-22,,true
ADR-00000797,PTR-00000640,WOHNSITZ,Eisenring,133,4542,Luterbach,SO,CH,2,2022-08-26,,true
ADR-00000798,PTR-00000641,WOHNSITZ,Sonnenacker,154b,8050,Zürich,ZH,CH,1,2002-02-17,2025-05-12,false
ADR-00000799,PTR-00000641,WOHNSITZ,Eisenring,133,4542,Luterbach,SO,CH,2,2025-05-13,,true
ADR-00000800,PTR-00000642,WOHNSITZ,Seekamp,180,02625,Bautzen,SN,DE,3,2021-01-30,,true
ADR-00000801,PTR-00000643,WOHNSITZ,Tonweg,25,61118,Bad Vilbel,HE,DE,3,2004-01-29,,true
ADR-00000802,PTR-00000644,WOHNSITZ,Gerstenweg,88,12157,Berlin,BE,DE,1,2008-11-30,2022-08-25,false
ADR-00000803,PTR-00000644,WOHNSITZ,Tonweg,25,61118,Bad Vilbel,HE,DE,3,2022-08-26,,true
ADR-00000804,PTR-00000645,WOHNSITZ,Kiesweg,50,79098,Freiburg im Breisgau,BW,DE,2,2010-05-25,2023-10-12,false
ADR-00000805,PTR-00000645,WOHNSITZ,Tonweg,25,61118,Bad Vilbel,HE,DE,3,2023-10-13,,true
ADR-00000806,PTR-00000646,WOHNSITZ,Tonweg,25,61118,Bad Vilbel,HE,DE,3,2011-03-28,,true
ADR-00000807,PTR-00000647,WOHNSITZ,Mühlenplatz,76,8640,Rapperswil-Jona,SG,CH,2,2008-09-08,,true
ADR-00000808,PTR-00000648,WOHNSITZ,Adlergasse,2,55116,Mainz,RP,DE,2,1997-01-24,,true
ADR-00000809,PTR-00000649,WOHNSITZ,Lerchenhof,24,46045,Oberhausen,NW,DE,2,2019-12-12,2023-06-17,false
ADR-00000810,PTR-00000649,WOHNSITZ,Adlergasse,2,55116,Mainz,RP,DE,2,2023-06-18,,true
ADR-00000811,PTR-00000650,WOHNSITZ,Ostallee,78,26382,Wilhelmshaven,NI,DE,3,2018-11-30,,true
ADR-00000812,PTR-00000651,WOHNSITZ,Färberplatz,60,33602,Bielefeld,NW,DE,2,2016-12-20,2025-07-23,false
ADR-00000813,PTR-00000651,WOHNSITZ,Weidenring,174,71634,Ludwigsburg,BW,DE,3,2025-07-24,,true
ADR-00000814,PTR-00000652,WOHNSITZ,Place des Îles,137,1218,Le Grand-Saconnex,GE,CH,1,2010-05-15,,true
ADR-00000815,PTR-00000653,GESCHAEFTSSITZ,Abendrain,180,5430,Wettingen,AG,CH,2,2016-01-01,,true
ADR-00000816,PTR-00000654,WOHNSITZ,Allée des Tisserands,52,3960,Sierre,VS,CH,3,2018-05-02,,true
ADR-00000817,PTR-00000655,WOHNSITZ,Weiherstraße,125,45657,Recklinghausen,NW,DE,2,2008-08-17,2025-06-22,false
ADR-00000818,PTR-00000655,WOHNSITZ,Goldkamp,3,45468,Mülheim an der Ruhr,NW,DE,2,2025-06-23,,true
ADR-00000819,PTR-00000656,GESCHAEFTSSITZ,Westweg,64,76133,Karlsruhe,BW,DE,2,2012-04-01,,true
ADR-00000820,PTR-00000657,WOHNSITZ,Entenrain,132b,8212,Neuhausen am Rheinfall,SH,CH,2,2010-06-07,2025-09-02,false
ADR-00000821,PTR-00000657,WOHNSITZ,Nelkengasse,110,8400,Winterthur,ZH,CH,1,2025-09-03,,true
ADR-00000822,PTR-00000658,WOHNSITZ,Nelkengasse,110,8400,Winterthur,ZH,CH,1,2024-10-08,,true
ADR-00000823,PTR-00000659,WOHNSITZ,Nelkengasse,110,8400,Winterthur,ZH,CH,1,2018-12-26,,true
ADR-00000824,PTR-00000660,WOHNSITZ,Müllerstraße,133,36251,Bad Hersfeld,HE,DE,3,2001-09-15,,true
ADR-00000825,PTR-00000661,WOHNSITZ,Flussplatz,26a,3000,Bern,BE,CH,1,2000-04-28,,true
ADR-00000826,PTR-00000662,WOHNSITZ,Flussplatz,26a,3000,Bern,BE,CH,1,2020-02-02,,true
ADR-00000827,PTR-00000663,WOHNSITZ,Forellenacker,51,5620,Bremgarten AG,AG,CH,2,2000-11-27,,true
ADR-00000828,PTR-00000664,GESCHAEFTSSITZ,Roggenhof,57,8001,Zürich,ZH,CH,1,2002-03-01,,true
ADR-00000829,PTR-00000665,WOHNSITZ,Kirschweg,15,9500,Wil SG,SG,CH,2,2004-07-09,,true
ADR-00000830,PTR-00000666,WOHNSITZ,Mühlenstrasse,129,4710,Balsthal,SO,CH,2,2010-06-16,2022-02-15,false
ADR-00000831,PTR-00000666,WOHNSITZ,Kirschweg,15,9500,Wil SG,SG,CH,2,2022-02-16,,true
ADR-00000832,PTR-00000667,WOHNSITZ,Kirschweg,15,9500,Wil SG,SG,CH,2,2014-11-19,,true
ADR-00000833,PTR-00000668,WOHNSITZ,Kirschweg,15,9500,Wil SG,SG,CH,2,2018-12-06,,true
ADR-00000834,PTR-00000669,WOHNSITZ,Kirschweg,15,9500,Wil SG,SG,CH,2,2023-09-14,,true
ADR-00000835,PTR-00000670,WOHNSITZ,Reiherhalde,130,2540,Grenchen,SO,CH,2,2006-06-05,,true
ADR-00000836,PTR-00000671,WOHNSITZ,Reiherhalde,130,2540,Grenchen,SO,CH,2,1998-11-20,,true
ADR-00000837,PTR-00000672,WOHNSITZ,Reiherhalde,130,2540,Grenchen,SO,CH,2,2004-06-16,,true
ADR-00000838,PTR-00000673,WOHNSITZ,Reiherhalde,130,2540,Grenchen,SO,CH,2,2012-05-17,,true
ADR-00000839,PTR-00000674,WOHNSITZ,Reiherhalde,130,2540,Grenchen,SO,CH,2,2008-04-20,,true
ADR-00000840,PTR-00000675,WOHNSITZ,Inselring,142,8400,Winterthur,ZH,CH,1,2017-01-16,,true
ADR-00000841,PTR-00000676,GESCHAEFTSSITZ,Posthof,71,60311,Frankfurt am Main,HE,DE,1,1997-02-01,,true
ADR-00000842,PTR-00000677,WOHNSITZ,Nelkensteig,23,46236,Bottrop,NW,DE,2,2008-11-02,,true
ADR-00000843,PTR-00000678,WOHNSITZ,Fichtenrain,169a,8001,Zürich,ZH,CH,1,2021-09-29,,true
ADR-00000844,PTR-00000679,WOHNSITZ,Hechtstraße,138c,81241,München,BY,DE,1,2001-09-10,,true
ADR-00000845,PTR-00000680,WOHNSITZ,Hechtstraße,138c,81241,München,BY,DE,1,2003-08-29,,true
ADR-00000846,PTR-00000681,WOHNSITZ,Hechtstraße,138c,81241,München,BY,DE,1,1999-08-26,,true
ADR-00000847,PTR-00000682,WOHNSITZ,Hechtstraße,138c,81241,München,BY,DE,1,2015-12-25,,true
ADR-00000848,PTR-00000683,WOHNSITZ,Brunnengasse,153,17489,Greifswald,MV,DE,3,2025-06-26,,true
ADR-00000849,PTR-00000684,WOHNSITZ,Alpenrosensteig,44a,14806,Bad Belzig,BB,DE,3,2009-04-02,,true
ADR-00000850,PTR-00000685,WOHNSITZ,Weidenweg,55,8001,Zürich,ZH,CH,1,2007-02-27,2023-10-24,false
ADR-00000851,PTR-00000685,WOHNSITZ,Tonring,139,3904,Naters,VS,CH,3,2023-10-25,,true
ADR-00000852,PTR-00000686,WOHNSITZ,Kornhof,99,8001,Zürich,ZH,CH,1,2013-01-02,2024-08-07,false
ADR-00000853,PTR-00000686,WOHNSITZ,Tonring,139,3904,Naters,VS,CH,3,2024-08-08,,true
ADR-00000854,PTR-00000687,WOHNSITZ,Tonring,139,3904,Naters,VS,CH,3,1996-07-01,,true
ADR-00000855,PTR-00000688,WOHNSITZ,Bärengasse,54,8750,Glarus,GL,CH,3,2009-11-08,,true
ADR-00000856,PTR-00000689,WOHNSITZ,Bärengasse,54,8750,Glarus,GL,CH,3,1999-12-17,,true
ADR-00000857,PTR-00000690,WOHNSITZ,Bergring,86c,10405,Berlin,BE,DE,1,2021-06-30,2025-11-27,false
ADR-00000858,PTR-00000690,WOHNSITZ,Föhrenpfad,62,93047,Regensburg,BY,DE,2,2025-11-28,,true
ADR-00000859,PTR-00000691,WOHNSITZ,Föhrenpfad,62,93047,Regensburg,BY,DE,2,2020-06-05,,true
ADR-00000860,PTR-00000692,WOHNSITZ,Wintergasse,179,64720,Michelstadt,HE,DE,3,2020-03-17,2024-07-16,false
ADR-00000861,PTR-00000692,WOHNSITZ,Nelkenring,72,06108,Halle (Saale),ST,DE,2,2024-07-17,,true
ADR-00000862,PTR-00000693,WOHNSITZ,Holundergasse,157,38440,Wolfsburg,NI,DE,2,2013-06-15,,true
ADR-00000863,PTR-00000694,GESCHAEFTSSITZ,Zunftallee,72,53111,Bonn,NW,DE,2,1991-07-01,,true
ADR-00000864,PTR-00000695,WOHNSITZ,Lerchenring,106,4058,Basel,BS,CH,1,2002-11-23,,true
ADR-00000865,PTR-00000696,WOHNSITZ,Flussallee,63b,85049,Ingolstadt,BY,DE,2,2014-06-22,,true
ADR-00000866,PTR-00000697,WOHNSITZ,Marktallee,132,91052,Erlangen,BY,DE,2,2015-03-28,,true
ADR-00000867,PTR-00000698,WOHNSITZ,Marktallee,132,91052,Erlangen,BY,DE,2,2000-12-08,,true
ADR-00000868,PTR-00000699,WOHNSITZ,Brunnenplatz,139b,01067,Dresden,SN,DE,2,1998-02-11,,true
ADR-00000869,PTR-00000700,WOHNSITZ,Traubenhof,25,8001,Zürich,ZH,CH,1,2021-09-17,,true
ADR-00000870,PTR-00000701,GESCHAEFTSSITZ,Wagnerweg,53,6312,Steinhausen,ZG,CH,1,1985-04-01,,true
ADR-00000871,PTR-00000702,WOHNSITZ,Eisenplatz,19,33330,Gütersloh,NW,DE,2,2019-02-13,2023-11-02,false
ADR-00000872,PTR-00000702,WOHNSITZ,Schwanengasse,108,48143,Münster,NW,DE,2,2023-11-03,,true
ADR-00000873,PTR-00000703,WOHNSITZ,Birkenallee,58,25746,Heide,SH,DE,3,2013-09-13,,true
ADR-00000874,PTR-00000704,WOHNSITZ,Gartenrain,64,2500,Biel/Bienne,BE,CH,1,1996-12-10,,true
ADR-00000875,PTR-00000705,GESCHAEFTSSITZ,Steggasse,128,8880,Walenstadt,SG,CH,2,2021-12-01,,true
ADR-00000876,PTR-00000706,WOHNSITZ,Bärenstraße,156,34117,Kassel,HE,DE,2,2013-11-05,,true
ADR-00000877,PTR-00000707,GESCHAEFTSSITZ,Rehkamp,34,50667,Köln,NW,DE,1,1995-10-01,,true
ADR-00000878,PTR-00000708,WOHNSITZ,Tonplatz,92,63065,Offenbach am Main,HE,DE,2,2022-04-15,,true
ADR-00000879,PTR-00000709,WOHNSITZ,Haferplatz,92,16303,Schwedt/Oder,BB,DE,3,2018-05-08,2022-10-21,false
ADR-00000880,PTR-00000709,WOHNSITZ,Tonplatz,92,63065,Offenbach am Main,HE,DE,2,2022-10-22,,true
ADR-00000881,PTR-00000710,WOHNSITZ,Tonplatz,92,63065,Offenbach am Main,HE,DE,2,2005-11-24,,true
ADR-00000882,PTR-00000711,WOHNSITZ,Bienenplatz,111,04600,Altenburg,TH,DE,3,2019-10-20,,true
ADR-00000883,PTR-00000712,WOHNSITZ,Rehgasse,149,86150,Augsburg,BY,DE,2,2001-08-29,,true
ADR-00000884,PTR-00000713,WOHNSITZ,Rehgasse,149,86150,Augsburg,BY,DE,2,2006-11-26,,true
ADR-00000885,PTR-00000714,WOHNSITZ,Tannenstraße,171c,16515,Oranienburg,BB,DE,3,2011-04-15,2025-02-27,false
ADR-00000886,PTR-00000714,WOHNSITZ,Rehgasse,149,86150,Augsburg,BY,DE,2,2025-02-28,,true
ADR-00000887,PTR-00000715,WOHNSITZ,Osthof,116,8304,Wallisellen,ZH,CH,2,2006-12-26,,true
ADR-00000888,PTR-00000716,WOHNSITZ,Osthof,116,8304,Wallisellen,ZH,CH,2,2018-06-25,,true
ADR-00000889,PTR-00000717,WOHNSITZ,Meisengasse,81,10585,Berlin,BE,DE,1,2001-05-25,,true
ADR-00000890,PTR-00000718,WOHNSITZ,Sommerkamp,30,47051,Duisburg,NW,DE,2,2003-08-22,2025-09-06,false
ADR-00000891,PTR-00000718,WOHNSITZ,Seeweg,150,22525,Hamburg,HH,DE,1,2025-09-07,,true
ADR-00000892,PTR-00000719,WOHNSITZ,Seeweg,150,22525,Hamburg,HH,DE,1,2010-04-27,,true
ADR-00000893,PTR-00000720,WOHNSITZ,Flachskamp,164,40213,Düsseldorf,NW,DE,1,2005-03-10,,true
ADR-00000894,PTR-00000721,WOHNSITZ,Flachskamp,164,40213,Düsseldorf,NW,DE,1,2014-04-10,,true
ADR-00000895,PTR-00000722,WOHNSITZ,Flachskamp,164,40213,Düsseldorf,NW,DE,1,1996-08-28,,true
ADR-00000896,PTR-00000723,WOHNSITZ,Hügelacker,26,8004,Zürich,ZH,CH,1,2025-06-15,,true
ADR-00000897,PTR-00000724,WOHNSITZ,Hügelacker,26,8004,Zürich,ZH,CH,1,2008-01-27,,true
ADR-00000898,PTR-00000725,WOHNSITZ,Ackerring,162,8001,Zürich,ZH,CH,1,2019-11-05,2022-10-21,false
ADR-00000899,PTR-00000725,WOHNSITZ,Hügelacker,26,8004,Zürich,ZH,CH,1,2022-10-22,,true
ADR-00000900,PTR-00000726,WOHNSITZ,Eschenhof,111,70435,Stuttgart,BW,DE,1,2003-06-09,,true
ADR-00000901,PTR-00000727,WOHNSITZ,Seesteig,50,44135,Dortmund,NW,DE,2,2022-01-28,,true
ADR-00000902,PTR-00000728,WOHNSITZ,Steinsteig,34,82256,Fürstenfeldbruck,BY,DE,3,2011-02-25,2025-01-01,false
ADR-00000903,PTR-00000728,WOHNSITZ,Ackerweg,52,81241,München,BY,DE,1,2025-01-02,,true
ADR-00000904,PTR-00000729,GESCHAEFTSSITZ,Steinweg,165,97070,Würzburg,BY,DE,2,1985-02-01,,true
ADR-00000905,PTR-00000730,WOHNSITZ,Rue des Papillons,9,1907,Saxon,VS,CH,3,1996-07-01,,true
ADR-00000906,PTR-00000731,WOHNSITZ,Schwanengasse,156,8610,Uster,ZH,CH,2,2008-12-29,,true
ADR-00000907,PTR-00000732,WOHNSITZ,Roggenallee,58,74321,Bietigheim-Bissingen,BW,DE,3,2009-02-11,,true
ADR-00000908,PTR-00000733,WOHNSITZ,Roggenallee,58,74321,Bietigheim-Bissingen,BW,DE,3,2009-11-18,,true
ADR-00000909,PTR-00000734,WOHNSITZ,Schulhof,58,4657,Dulliken,SO,CH,2,2014-11-13,2024-04-17,false
ADR-00000910,PTR-00000734,WOHNSITZ,Tulpenhof,23,3600,Thun,BE,CH,2,2024-04-18,,true
ADR-00000911,PTR-00000735,WOHNSITZ,Hügelmatte,179,4632,Trimbach,SO,CH,2,2000-10-21,,true
ADR-00000912,PTR-00000736,WOHNSITZ,Nordsteig,62,13593,Berlin,BE,DE,1,2008-12-30,2022-11-11,false
ADR-00000913,PTR-00000736,WOHNSITZ,Fuchsweg,93c,17489,Greifswald,MV,DE,3,2022-11-12,,true
ADR-00000914,PTR-00000737,WOHNSITZ,Eschengasse,113b,5430,Wettingen,AG,CH,2,2004-11-30,2022-07-27,false
ADR-00000915,PTR-00000737,WOHNSITZ,Apfelstrasse,14,3053,Münchenbuchsee,BE,CH,2,2022-07-28,,true
ADR-00000916,PTR-00000738,WOHNSITZ,Schmetterlingsrain,21,8600,Dübendorf,ZH,CH,2,2013-06-08,2023-12-01,false
ADR-00000917,PTR-00000738,WOHNSITZ,Apfelstrasse,14,3053,Münchenbuchsee,BE,CH,2,2023-12-02,,true
ADR-00000918,PTR-00000739,WOHNSITZ,Felsstraße,84c,85049,Ingolstadt,BY,DE,2,2022-03-18,,true
ADR-00000919,PTR-00000740,WOHNSITZ,Abendring,160,85049,Ingolstadt,BY,DE,2,2002-10-23,2025-04-12,false
ADR-00000920,PTR-00000740,WOHNSITZ,Felsstraße,84c,85049,Ingolstadt,BY,DE,2,2025-04-13,,true
ADR-00000921,PTR-00000741,WOHNSITZ,Kupferweg,22,50823,Köln,NW,DE,1,2017-09-03,,true
ADR-00000922,PTR-00000742,WOHNSITZ,Birkensteig,52,47798,Krefeld,NW,DE,2,2014-01-19,2023-07-26,false
ADR-00000923,PTR-00000742,WOHNSITZ,Kupferweg,22,50823,Köln,NW,DE,1,2023-07-27,,true
ADR-00000924,PTR-00000743,WOHNSITZ,Kastanienkamp,117,77933,Lahr,BW,DE,3,2004-11-11,,true
ADR-00000925,PTR-00000744,WOHNSITZ,Kastanienkamp,117,77933,Lahr,BW,DE,3,2009-02-20,,true
ADR-00000926,PTR-00000745,WOHNSITZ,Sonnenplatz,141,76829,Landau in der Pfalz,RP,DE,3,2001-09-14,2023-03-06,false
ADR-00000927,PTR-00000745,WOHNSITZ,Kastanienkamp,117,77933,Lahr,BW,DE,3,2023-03-07,,true
ADR-00000928,PTR-00000746,WOHNSITZ,Falkenhof,52,3098,Köniz,BE,CH,2,2015-04-29,,true
ADR-00000929,PTR-00000747,WOHNSITZ,Falkenhof,52,3098,Köniz,BE,CH,2,2015-11-07,,true
ADR-00000930,PTR-00000748,WOHNSITZ,Farngasse,48,4051,Basel,BS,CH,1,2000-09-21,,true
ADR-00000931,PTR-00000749,WOHNSITZ,Farngasse,48,4051,Basel,BS,CH,1,2021-05-25,,true
ADR-00000932,PTR-00000750,WOHNSITZ,Farngasse,48,4051,Basel,BS,CH,1,2018-11-24,,true
ADR-00000933,PTR-00000751,WOHNSITZ,Gerberweg,153,8355,Aadorf,TG,CH,2,2019-03-02,2024-12-08,false
ADR-00000934,PTR-00000751,WOHNSITZ,Farngasse,48,4051,Basel,BS,CH,1,2024-12-09,,true
ADR-00000935,PTR-00000752,WOHNSITZ,Höhenplatz,79,36037,Fulda,HE,DE,3,1999-10-22,,true
ADR-00000936,PTR-00000753,WOHNSITZ,Kalkring,122,8590,Romanshorn,TG,CH,2,2008-02-15,,true
ADR-00000937,PTR-00000754,WOHNSITZ,Finkenrain,117,4051,Basel,BS,CH,1,2021-06-18,2025-03-19,false
ADR-00000938,PTR-00000754,WOHNSITZ,Kalkring,122,8590,Romanshorn,TG,CH,2,2025-03-20,,true
ADR-00000939,PTR-00000755,WOHNSITZ,Sternengasse,43,55543,Bad Kreuznach,RP,DE,3,2007-12-24,,true
ADR-00000940,PTR-00000756,WOHNSITZ,Ackerpfad,49,48431,Rheine,NW,DE,3,1999-06-10,,true
ADR-00000941,PTR-00000757,WOHNSITZ,Farnallee,4,74653,Künzelsau,BW,DE,3,2012-10-04,,true
ADR-00000942,PTR-00000758,WOHNSITZ,Tulpenplatz,60,15230,Frankfurt (Oder),BB,DE,3,2012-11-18,,true
ADR-00000943,PTR-00000759,WOHNSITZ,Tulpenplatz,60,15230,Frankfurt (Oder),BB,DE,3,2011-10-07,,true
ADR-00000944,PTR-00000760,WOHNSITZ,Tulpenplatz,60,15230,Frankfurt (Oder),BB,DE,3,2011-07-07,,true
ADR-00000945,PTR-00000761,WOHNSITZ,Ahornring,61,27574,Bremerhaven,HB,DE,2,2003-03-01,2025-04-21,false
ADR-00000946,PTR-00000761,WOHNSITZ,Westpfad,80,41061,Mönchengladbach,NW,DE,2,2025-04-22,,true
ADR-00000947,PTR-00000762,WOHNSITZ,Westpfad,80,41061,Mönchengladbach,NW,DE,2,2005-11-07,,true
ADR-00000948,PTR-00000763,WOHNSITZ,Alpenrosenallee,130,70199,Stuttgart,BW,DE,1,2000-11-30,,true
ADR-00000949,PTR-00000764,GESCHAEFTSSITZ,Wiesensteig,109,09405,Zschopau,SN,DE,3,1983-12-01,,true
ADR-00000950,PTR-00000765,WOHNSITZ,Eisenring,157,75172,Pforzheim,BW,DE,2,2009-04-12,,true
ADR-00000951,PTR-00000766,WOHNSITZ,Eisenring,157,75172,Pforzheim,BW,DE,2,2019-10-15,,true
ADR-00000952,PTR-00000767,WOHNSITZ,Buchenweg,125,45879,Gelsenkirchen,NW,DE,2,2008-07-06,,true
ADR-00000953,PTR-00000768,WOHNSITZ,Hasenallee,108,09111,Chemnitz,SN,DE,2,2020-10-14,2022-12-18,false
ADR-00000954,PTR-00000768,WOHNSITZ,Erlenallee,89,12043,Berlin,BE,DE,1,2022-12-19,,true
ADR-00000955,PTR-00000769,WOHNSITZ,Traubengasse,116,61231,Bad Nauheim,HE,DE,3,2003-08-01,2023-08-23,false
ADR-00000956,PTR-00000769,WOHNSITZ,Hangweg,121,46483,Wesel,NW,DE,3,2023-08-24,,true
ADR-00000957,PTR-00000770,WOHNSITZ,Hangweg,121,46483,Wesel,NW,DE,3,2017-06-20,,true
ADR-00000958,PTR-00000771,WOHNSITZ,Tulpenring,158c,39218,Schönebeck (Elbe),ST,DE,3,2011-01-06,2024-02-12,false
ADR-00000959,PTR-00000771,WOHNSITZ,Flachskamp,39,01067,Dresden,SN,DE,2,2024-02-13,,true
ADR-00000960,PTR-00000772,WOHNSITZ,Flachskamp,39,01067,Dresden,SN,DE,2,2019-10-04,,true
ADR-00000961,PTR-00000773,WOHNSITZ,Ostweg,164,9230,Flawil,SG,CH,2,2006-04-20,2024-02-14,false
ADR-00000962,PTR-00000773,WOHNSITZ,Lehmsteig,77,3627,Heimberg,BE,CH,2,2024-02-15,,true
ADR-00000963,PTR-00000774,WOHNSITZ,Fuchsgasse,5,77694,Kehl,BW,DE,3,2022-06-02,,true
ADR-00000964,PTR-00000775,WOHNSITZ,Fuchsgasse,5,77694,Kehl,BW,DE,3,2012-07-11,,true
ADR-00000965,PTR-00000776,WOHNSITZ,Fuchsgasse,5,77694,Kehl,BW,DE,3,2002-03-27,,true
ADR-00000966,PTR-00000777,GESCHAEFTSSITZ,Avenue des Tilleuls,76,1870,Monthey,VS,CH,3,1986-04-01,,true
ADR-00000967,PTR-00000778,WOHNSITZ,Weidenacker,98,3600,Thun,BE,CH,2,2000-07-08,,true
ADR-00000968,PTR-00000779,WOHNSITZ,Reiherallee,19,42103,Wuppertal,NW,DE,2,2013-04-07,,true
ADR-00000969,PTR-00000780,GESCHAEFTSSITZ,Ahornstraße,179,45879,Gelsenkirchen,NW,DE,2,2019-05-01,,true
ADR-00000970,PTR-00000781,WOHNSITZ,Quellallee,123,71665,Vaihingen an der Enz,BW,DE,3,2019-03-26,2023-02-09,false
ADR-00000971,PTR-00000781,WOHNSITZ,Eichenpfad,118,02826,Görlitz,SN,DE,3,2023-02-10,,true
ADR-00000972,PTR-00000782,WOHNSITZ,Höhengasse,68,55543,Bad Kreuznach,RP,DE,3,2015-06-05,2025-11-03,false
ADR-00000973,PTR-00000782,WOHNSITZ,Eichenpfad,118,02826,Görlitz,SN,DE,3,2025-11-04,,true
ADR-00000974,PTR-00000783,WOHNSITZ,Eichenpfad,118,02826,Görlitz,SN,DE,3,2005-06-25,,true
ADR-00000975,PTR-00000784,WOHNSITZ,Rebstockhof,23c,4051,Basel,BS,CH,1,2023-05-07,,true
ADR-00000976,PTR-00000785,GESCHAEFTSSITZ,Hügelplatz,143,3550,Langnau im Emmental,BE,CH,2,2004-09-01,,true
ADR-00000977,PTR-00000786,WOHNSITZ,Vicolo dei Stagni,136,6900,Lugano,TI,CH,1,2015-07-16,,true
ADR-00000978,PTR-00000787,WOHNSITZ,Zunfthof,113,79098,Freiburg im Breisgau,BW,DE,2,1996-12-27,,true
ADR-00000979,PTR-00000788,GESCHAEFTSSITZ,Flachshof,101,10245,Berlin,BE,DE,1,2021-04-01,,true
ADR-00000980,PTR-00000789,WOHNSITZ,Tulpenhof,53,8810,Horgen,ZH,CH,2,2006-12-20,,true
ADR-00000981,PTR-00000790,WOHNSITZ,Weidenhalde,160,8001,Zürich,ZH,CH,1,2011-10-30,,true
ADR-00000982,PTR-00000791,GESCHAEFTSSITZ,Forellenstrasse,75,4051,Basel,BS,CH,1,2000-09-01,,true
ADR-00000983,PTR-00000792,WOHNSITZ,Hechtgasse,6,06108,Halle (Saale),ST,DE,2,2018-08-22,,true
ADR-00000984,PTR-00000793,GESCHAEFTSSITZ,Rehallee,135,95444,Bayreuth,BY,DE,3,2006-07-01,,true
ADR-00000985,PTR-00000794,WOHNSITZ,Ulmengasse,26,8400,Winterthur,ZH,CH,1,2016-06-03,,true
ADR-00000986,PTR-00000795,WOHNSITZ,Erlenhof,141,8032,Zürich,ZH,CH,1,2005-06-20,2022-01-02,false
ADR-00000987,PTR-00000795,WOHNSITZ,Ulmengasse,26,8400,Winterthur,ZH,CH,1,2022-01-03,,true
ADR-00000988,PTR-00000796,GESCHAEFTSSITZ,Höhenkamp,161c,10585,Berlin,BE,DE,1,2012-04-01,,true
ADR-00000989,PTR-00000797,WOHNSITZ,Bärenacker,176,8400,Winterthur,ZH,CH,1,2020-11-09,,true
ADR-00000990,PTR-00000798,GESCHAEFTSSITZ,Flachshof,157,6300,Zug,ZG,CH,1,1978-10-01,,true
ADR-00000991,PTR-00000799,WOHNSITZ,Ziegelhof,6,08056,Zwickau,SN,DE,3,2012-01-29,,true
ADR-00000992,PTR-00000800,WOHNSITZ,Ziegelhof,6,08056,Zwickau,SN,DE,3,2016-02-29,,true
ADR-00000993,PTR-00000801,WOHNSITZ,Bärensteig,4,92637,Weiden in der Oberpfalz,BY,DE,3,2023-01-29,,true
ADR-00000994,PTR-00000802,WOHNSITZ,Bärensteig,4,92637,Weiden in der Oberpfalz,BY,DE,3,2010-05-02,,true
ADR-00000995,PTR-00000803,WOHNSITZ,Bergacker,25,4528,Zuchwil,SO,CH,2,1999-01-13,,true
ADR-00000996,PTR-00000804,WOHNSITZ,Buchenacker,46c,6030,Ebikon,LU,CH,2,2021-06-25,2025-09-02,false
ADR-00000997,PTR-00000804,WOHNSITZ,Kirschplatz,133b,6005,Luzern,LU,CH,1,2025-09-03,,true
ADR-00000998,PTR-00000805,WOHNSITZ,Goldplatz,123,6010,Kriens,LU,CH,2,2009-07-08,2023-07-14,false
ADR-00000999,PTR-00000805,WOHNSITZ,Kirschplatz,133b,6005,Luzern,LU,CH,1,2023-07-15,,true
ADR-00001000,PTR-00000806,WOHNSITZ,Kirschplatz,133b,6005,Luzern,LU,CH,1,2018-11-28,,true
ADR-00001001,PTR-00000807,WOHNSITZ,Drosselgasse,68,3000,Bern,BE,CH,1,2009-11-04,2023-02-06,false
ADR-00001002,PTR-00000807,WOHNSITZ,Kirschplatz,133b,6005,Luzern,LU,CH,1,2023-02-07,,true
ADR-00001003,PTR-00000808,WOHNSITZ,Kirschplatz,133b,6005,Luzern,LU,CH,1,2023-12-30,,true
ADR-00001004,PTR-00000809,WOHNSITZ,Birkendamm,9,24103,Kiel,SH,DE,2,2009-09-20,,true
ADR-00001005,PTR-00000810,WOHNSITZ,Gartenrain,16,8001,Zürich,ZH,CH,1,2009-02-23,,true
ADR-00001006,PTR-00000811,WOHNSITZ,Edelweisssteig,166,8001,Zürich,ZH,CH,1,2010-08-19,,true
ADR-00001007,PTR-00000812,WOHNSITZ,Kirschgasse,11,4528,Zuchwil,SO,CH,2,2013-04-30,,true
ADR-00001008,PTR-00000813,WOHNSITZ,Weihersteig,10,77652,Offenburg,BW,DE,3,2024-10-17,,true
ADR-00001009,PTR-00000814,WOHNSITZ,Rathauskamp,167,73430,Aalen,BW,DE,3,2012-03-06,,true
ADR-00001010,PTR-00000815,WOHNSITZ,Rathauskamp,167,73430,Aalen,BW,DE,3,2010-12-21,,true
ADR-00001011,PTR-00000816,WOHNSITZ,Rathauskamp,167,73430,Aalen,BW,DE,3,1998-10-03,,true
ADR-00001012,PTR-00000817,WOHNSITZ,Sandsteig,149,4051,Basel,BS,CH,1,2003-04-04,,true
ADR-00001013,PTR-00000818,WOHNSITZ,Route des Aurores,21,1003,Lausanne,VD,CH,1,2015-04-25,2022-03-22,false
ADR-00001014,PTR-00000818,WOHNSITZ,Impasse des Vallons,131,1201,Genève,GE,CH,1,2022-03-23,,true
ADR-00001015,PTR-00000819,WOHNSITZ,Impasse des Vallons,131,1201,Genève,GE,CH,1,2009-01-24,,true
ADR-00001016,PTR-00000820,WOHNSITZ,Morgengasse,155,71229,Leonberg,BW,DE,3,2017-12-28,2024-09-17,false
ADR-00001017,PTR-00000820,WOHNSITZ,Erlengasse,114,88045,Friedrichshafen,BW,DE,3,2024-09-18,,true
ADR-00001018,PTR-00000821,WOHNSITZ,Erlengasse,114,88045,Friedrichshafen,BW,DE,3,2005-04-13,,true
ADR-00001019,PTR-00000822,WOHNSITZ,Erlengasse,114,88045,Friedrichshafen,BW,DE,3,2000-04-18,,true
ADR-00001020,PTR-00000823,WOHNSITZ,Allée des Aigles,66,3960,Sierre,VS,CH,3,1998-09-30,,true
ADR-00001021,PTR-00000824,WOHNSITZ,Weidenallee,142,16515,Oranienburg,BB,DE,3,2003-06-01,,true
ADR-00001022,PTR-00000825,WOHNSITZ,Lehmsteig,75,01309,Dresden,SN,DE,2,2013-10-25,,true
ADR-00001023,PTR-00000826,WOHNSITZ,Eschenpfad,133,29614,Soltau,NI,DE,3,2005-10-05,,true
ADR-00001024,PTR-00000827,WOHNSITZ,Kirschring,104,47051,Duisburg,NW,DE,2,2009-10-13,,true
ADR-00001025,PTR-00000828,WOHNSITZ,Brückenweg,153,4415,Lausen,BL,CH,2,2018-10-05,,true
ADR-00001026,PTR-00000829,WOHNSITZ,Talsteig,42,40213,Düsseldorf,NW,DE,1,2007-01-17,2024-11-28,false
ADR-00001027,PTR-00000829,WOHNSITZ,Färberhof,3,10245,Berlin,BE,DE,1,2024-11-29,,true
ADR-00001028,PTR-00000830,WOHNSITZ,Färberhof,3,10245,Berlin,BE,DE,1,1998-03-04,,true
ADR-00001029,PTR-00000831,WOHNSITZ,Adlerdamm,127,10999,Berlin,BE,DE,1,2006-07-18,,true
ADR-00001030,PTR-00000832,GESCHAEFTSSITZ,Westdamm,158,74653,Künzelsau,BW,DE,3,1999-03-01,,true
ADR-00001031,PTR-00000833,WOHNSITZ,Kupferweg,6,12555,Berlin,BE,DE,1,2000-10-15,,true
ADR-00001032,PTR-00000834,WOHNSITZ,Rosenstraße,73,42103,Wuppertal,NW,DE,2,2008-03-30,,true
ADR-00001033,PTR-00000835,WOHNSITZ,Rosenstraße,73,42103,Wuppertal,NW,DE,2,2018-05-03,,true
ADR-00001034,PTR-00000836,WOHNSITZ,Flachsstraße,95,55116,Mainz,RP,DE,2,2013-11-16,2024-03-04,false
ADR-00001035,PTR-00000836,WOHNSITZ,Abendgasse,1,81371,München,BY,DE,1,2024-03-05,,true
ADR-00001036,PTR-00000837,WOHNSITZ,Route des Chapelles,106,1201,Genève,GE,CH,1,2024-08-18,,true
ADR-00001037,PTR-00000838,WOHNSITZ,Erlenstrasse,152,4125,Riehen,BS,CH,1,2017-08-26,,true
ADR-00001038,PTR-00000839,WOHNSITZ,Mondrain,95,6330,Cham,ZG,CH,1,2005-11-09,2023-07-25,false
ADR-00001039,PTR-00000839,WOHNSITZ,Erlenstrasse,152,4125,Riehen,BS,CH,1,2023-07-26,,true
ADR-00001040,PTR-00000840,WOHNSITZ,Finkenweg,103,69115,Heidelberg,BW,DE,2,1997-06-14,,true
ADR-00001041,PTR-00000841,WOHNSITZ,Kirchring,67,72764,Reutlingen,BW,DE,2,1997-01-03,,true
ADR-00001042,PTR-00000842,WOHNSITZ,Gartenhalde,149,3000,Bern,BE,CH,1,2002-12-28,,true
ADR-00001043,PTR-00000843,WOHNSITZ,Nordhalde,25,3000,Bern,BE,CH,1,2001-10-10,,true
ADR-00001044,PTR-00000844,WOHNSITZ,Weidenplatz,51a,3904,Naters,VS,CH,3,2022-09-11,,true
ADR-00001045,PTR-00000845,WOHNSITZ,Hopfenstraße,20,28717,Bremen,HB,DE,2,2001-02-15,2025-03-25,false
ADR-00001046,PTR-00000845,WOHNSITZ,Mühledamm,10,31785,Hameln,NI,DE,3,2025-03-26,,true
ADR-00001047,PTR-00000846,WOHNSITZ,Mühledamm,10,31785,Hameln,NI,DE,3,2004-09-10,,true
ADR-00001048,PTR-00000847,WOHNSITZ,Frühlingsstraße,72,53111,Bonn,NW,DE,2,2010-12-02,2025-02-25,false
ADR-00001049,PTR-00000847,WOHNSITZ,Lehmkamp,121a,24937,Flensburg,SH,DE,3,2025-02-26,,true
ADR-00001050,PTR-00000848,WOHNSITZ,Erlenweg,93,59423,Unna,NW,DE,3,2007-01-08,,true
ADR-00001051,PTR-00000849,GESCHAEFTSSITZ,Schmiedering,154,69115,Heidelberg,BW,DE,2,2003-01-01,,true
ADR-00001052,PTR-00000850,WOHNSITZ,Sentier des Pierres,18,1228,Plan-les-Ouates,GE,CH,1,2012-04-01,2022-09-26,false
ADR-00001053,PTR-00000850,WOHNSITZ,Allée des Rochers,100,1201,Genève,GE,CH,1,2022-09-27,,true
ADR-00001054,PTR-00000851,WOHNSITZ,Erlenplatz,81,67346,Speyer,RP,DE,3,1997-08-31,,true
ADR-00001055,PTR-00000852,WOHNSITZ,Erlenplatz,81,67346,Speyer,RP,DE,3,2012-03-10,,true
ADR-00001056,PTR-00000853,WOHNSITZ,Haferstrasse,16,8604,Volketswil,ZH,CH,2,2006-05-14,2022-10-03,false
ADR-00001057,PTR-00000853,WOHNSITZ,Tannensteig,20,3000,Bern,BE,CH,1,2022-10-04,,true
ADR-00001058,PTR-00000854,WOHNSITZ,Traubenacker,36,5033,Buchs AG,AG,CH,2,2007-10-26,2025-11-09,false
ADR-00001059,PTR-00000854,WOHNSITZ,Tannensteig,20,3000,Bern,BE,CH,1,2025-11-10,,true
ADR-00001060,PTR-00000855,WOHNSITZ,Winterring,18,53757,Sankt Augustin,NW,DE,3,2013-01-28,2022-01-05,false
ADR-00001061,PTR-00000855,WOHNSITZ,Mühlendamm,47c,90402,Nürnberg,BY,DE,2,2022-01-06,,true
ADR-00001062,PTR-00000856,GESCHAEFTSSITZ,Lehmstraße,116,76133,Karlsruhe,BW,DE,2,2006-08-01,,true
ADR-00001063,PTR-00000857,WOHNSITZ,Impasse des Narcisses,14,1530,Payerne,VD,CH,2,1998-12-18,,true
ADR-00001064,PTR-00000858,GESCHAEFTSSITZ,Bärenring,66,3550,Langnau im Emmental,BE,CH,2,2021-08-01,,true
ADR-00001065,PTR-00000859,WOHNSITZ,Rue des Rives,105,2350,Saignelégier,JU,CH,3,1997-02-11,,true
ADR-00001066,PTR-00000860,WOHNSITZ,Fliedersteig,98,4053,Basel,BS,CH,1,2009-01-14,2022-03-03,false
ADR-00001067,PTR-00000860,WOHNSITZ,Rue des Rives,105,2350,Saignelégier,JU,CH,3,2022-03-04,,true
ADR-00001068,PTR-00000861,WOHNSITZ,Fichtenrain,161b,4632,Trimbach,SO,CH,2,2002-09-24,,true
ADR-00001069,PTR-00000862,WOHNSITZ,Webermatte,37,9000,St. Gallen,SG,CH,1,2008-02-11,2024-08-30,false
ADR-00001070,PTR-00000862,WOHNSITZ,Roggenhalde,96,9100,Herisau,AR,CH,3,2024-08-31,,true
ADR-00001071,PTR-00000863,WOHNSITZ,Roggenhalde,96,9100,Herisau,AR,CH,3,2001-01-23,,true
ADR-00001072,PTR-00000864,WOHNSITZ,Sternenpfad,53,22587,Hamburg,HH,DE,1,2018-06-10,,true
ADR-00001073,PTR-00000865,WOHNSITZ,Südacker,55,3000,Bern,BE,CH,1,2018-03-12,,true
ADR-00001074,PTR-00000866,WOHNSITZ,Flachshalde,109,3123,Belp,BE,CH,2,2017-05-22,2022-01-31,false
ADR-00001075,PTR-00000866,WOHNSITZ,Südacker,55,3000,Bern,BE,CH,1,2022-02-01,,true
ADR-00001076,PTR-00000867,WOHNSITZ,Hasenacker,20c,3123,Belp,BE,CH,2,2019-02-01,2022-04-07,false
ADR-00001077,PTR-00000867,WOHNSITZ,Südacker,55,3000,Bern,BE,CH,1,2022-04-08,,true
ADR-00001078,PTR-00000868,WOHNSITZ,Kapellenplatz,164,8304,Wallisellen,ZH,CH,2,2004-11-01,,true
ADR-00001079,PTR-00000869,WOHNSITZ,Pappelring,115,8001,Zürich,ZH,CH,1,2012-10-14,2022-07-31,false
ADR-00001080,PTR-00000869,WOHNSITZ,Kapellenplatz,164,8304,Wallisellen,ZH,CH,2,2022-08-01,,true
ADR-00001081,PTR-00000870,WOHNSITZ,Finkenstrasse,166,8005,Zürich,ZH,CH,1,2001-10-15,2023-04-19,false
ADR-00001082,PTR-00000870,WOHNSITZ,Kapellenplatz,164,8304,Wallisellen,ZH,CH,2,2023-04-20,,true
ADR-00001083,PTR-00000871,WOHNSITZ,Farnhof,70,6314,Unterägeri,ZG,CH,1,2021-05-30,2022-08-06,false
ADR-00001084,PTR-00000871,WOHNSITZ,Kapellenplatz,164,8304,Wallisellen,ZH,CH,2,2022-08-07,,true
ADR-00001085,PTR-00000872,WOHNSITZ,Gerstenpfad,31,40476,Düsseldorf,NW,DE,1,2019-07-20,,true
ADR-00001086,PTR-00000873,WOHNSITZ,Gerstenpfad,31,40476,Düsseldorf,NW,DE,1,2005-12-17,,true
ADR-00001087,PTR-00000874,WOHNSITZ,Gerstenpfad,31,40476,Düsseldorf,NW,DE,1,2023-02-19,,true
ADR-00001088,PTR-00000875,WOHNSITZ,Gerstenpfad,31,40476,Düsseldorf,NW,DE,1,1997-07-19,,true
ADR-00001089,PTR-00000876,WOHNSITZ,Gerstenpfad,31,40476,Düsseldorf,NW,DE,1,1998-08-21,,true
ADR-00001090,PTR-00000877,WOHNSITZ,Abendsteig,87,99423,Weimar,TH,DE,3,2005-05-25,,true
ADR-00001091,PTR-00000878,WOHNSITZ,Lehmstrasse,70,4600,Olten,SO,CH,2,2017-05-02,2025-09-02,false
ADR-00001092,PTR-00000878,WOHNSITZ,Fichtenhalde,52,6030,Ebikon,LU,CH,2,2025-09-03,,true
ADR-00001093,PTR-00000879,WOHNSITZ,Ahornhof,67,8400,Winterthur,ZH,CH,1,2012-12-03,,true
ADR-00001094,PTR-00000880,WOHNSITZ,Ahornhof,67,8400,Winterthur,ZH,CH,1,2004-01-09,,true
ADR-00001095,PTR-00000881,WOHNSITZ,Hirschpfad,152,88045,Friedrichshafen,BW,DE,3,1999-10-19,,true
ADR-00001096,PTR-00000882,WOHNSITZ,Westhof,71,55116,Mainz,RP,DE,2,2018-05-10,2025-10-24,false
ADR-00001097,PTR-00000882,WOHNSITZ,Hirschpfad,152,88045,Friedrichshafen,BW,DE,3,2025-10-25,,true
ADR-00001098,PTR-00000883,WOHNSITZ,Hirschpfad,152,88045,Friedrichshafen,BW,DE,3,2008-08-20,,true
ADR-00001099,PTR-00000884,WOHNSITZ,Mondpfad,55,71665,Vaihingen an der Enz,BW,DE,3,2002-03-09,2023-11-04,false
ADR-00001100,PTR-00000884,WOHNSITZ,Hirschpfad,152,88045,Friedrichshafen,BW,DE,3,2023-11-05,,true
ADR-00001101,PTR-00000885,WOHNSITZ,Hirschpfad,152,88045,Friedrichshafen,BW,DE,3,1999-10-18,,true
ADR-00001102,PTR-00000886,WOHNSITZ,Veilchenhalde,164,4500,Solothurn,SO,CH,2,2006-07-08,,true
ADR-00001103,PTR-00000887,WOHNSITZ,Heidering,76,76133,Karlsruhe,BW,DE,2,2007-07-19,,true
ADR-00001104,PTR-00000888,WOHNSITZ,Meisengasse,54,8400,Winterthur,ZH,CH,1,2011-05-04,,true
ADR-00001105,PTR-00000889,WOHNSITZ,Meisengasse,54,8400,Winterthur,ZH,CH,1,1996-12-28,,true
ADR-00001106,PTR-00000890,WOHNSITZ,Flussweg,35,41747,Viersen,NW,DE,3,2001-10-05,,true
ADR-00001107,PTR-00000891,WOHNSITZ,Flussweg,35,41747,Viersen,NW,DE,3,2012-11-15,,true
ADR-00001108,PTR-00000892,WOHNSITZ,Sonnenhalde,141,3600,Thun,BE,CH,2,2006-08-16,2023-06-07,false
ADR-00001109,PTR-00000892,WOHNSITZ,Wagnerstrasse,73,4153,Reinach BL,BL,CH,2,2023-06-08,,true
ADR-00001110,PTR-00000893,WOHNSITZ,Wagnerstrasse,73,4153,Reinach BL,BL,CH,2,2001-09-01,,true
ADR-00001111,PTR-00000894,WOHNSITZ,Wagnerstrasse,73,4153,Reinach BL,BL,CH,2,2012-12-23,,true
ADR-00001112,PTR-00000895,WOHNSITZ,Wagnerstrasse,73,4153,Reinach BL,BL,CH,2,2018-11-17,,true
ADR-00001113,PTR-00000896,WOHNSITZ,Kirschweg,176,4600,Olten,SO,CH,2,2018-10-15,2022-09-14,false
ADR-00001114,PTR-00000896,WOHNSITZ,Wagnerstrasse,73,4153,Reinach BL,BL,CH,2,2022-09-15,,true
ADR-00001115,PTR-00000897,WOHNSITZ,Wagneracker,83,3600,Thun,BE,CH,2,2001-09-30,,true
ADR-00001116,PTR-00000898,WOHNSITZ,Müllersteig,30,4600,Olten,SO,CH,2,2012-11-12,2025-01-05,false
ADR-00001117,PTR-00000898,WOHNSITZ,Wagneracker,83,3600,Thun,BE,CH,2,2025-01-06,,true
ADR-00001118,PTR-00000899,WOHNSITZ,Farnweg,164,53721,Siegburg,NW,DE,3,2006-01-25,2023-07-27,false
ADR-00001119,PTR-00000899,WOHNSITZ,Edelweissring,141,01309,Dresden,SN,DE,2,2023-07-28,,true
ADR-00001120,PTR-00000900,GESCHAEFTSSITZ,Morgendamm,150,67433,Neustadt an der Weinstraße,RP,DE,3,1985-09-01,,true
ADR-00001121,PTR-00000901,WOHNSITZ,Winterhof,48,46236,Bottrop,NW,DE,2,2019-08-04,2023-08-13,false
ADR-00001122,PTR-00000901,WOHNSITZ,Gartengasse,79a,44135,Dortmund,NW,DE,2,2023-08-14,,true
ADR-00001123,PTR-00000902,WOHNSITZ,Sonnenring,33,04357,Leipzig,SN,DE,2,2009-09-06,2025-08-17,false
ADR-00001124,PTR-00000902,WOHNSITZ,Metzgergasse,104,65183,Wiesbaden,HE,DE,2,2025-08-18,,true
ADR-00001125,PTR-00000903,WOHNSITZ,Metzgergasse,104,65183,Wiesbaden,HE,DE,2,2010-10-16,,true
ADR-00001126,PTR-00000904,WOHNSITZ,Stegdamm,71,71634,Ludwigsburg,BW,DE,3,2006-12-26,,true
ADR-00001127,PTR-00000905,GESCHAEFTSSITZ,Schwanensteig,156,12043,Berlin,BE,DE,1,2022-09-01,,true
ADR-00001128,PTR-00000906,WOHNSITZ,Silbergasse,143,50667,Köln,NW,DE,1,2012-10-11,,true
ADR-00001129,PTR-00000907,GESCHAEFTSSITZ,Hirschdamm,26,80331,München,BY,DE,1,1993-11-01,,true
ADR-00001130,PTR-00000908,WOHNSITZ,Allée des Écoles,21,1212,Grand-Lancy,GE,CH,1,2014-04-05,,true
ADR-00001131,PTR-00000909,GESCHAEFTSSITZ,Impasse des Merles,121,2740,Moutier,BE,CH,2,2009-07-01,,true
ADR-00001132,PTR-00000910,WOHNSITZ,Mondweg,14b,9108,Gonten,AI,CH,3,2022-01-04,,true
ADR-00001133,PTR-00000911,WOHNSITZ,Chemin des Boulangers,178,1201,Genève,GE,CH,1,2021-07-28,2023-01-07,false
ADR-00001134,PTR-00000911,WOHNSITZ,Route des Cyclamens,104,1003,Lausanne,VD,CH,1,2023-01-08,,true
ADR-00001135,PTR-00000912,WOHNSITZ,Route des Cyclamens,104,1003,Lausanne,VD,CH,1,2022-07-13,,true
ADR-00001136,PTR-00000913,WOHNSITZ,Flussgasse,179,01309,Dresden,SN,DE,2,1998-10-01,,true
ADR-00001137,PTR-00000914,WOHNSITZ,Flussgasse,179,01309,Dresden,SN,DE,2,2014-06-24,,true
ADR-00001138,PTR-00000915,WOHNSITZ,Flussgasse,179,01309,Dresden,SN,DE,2,2011-01-19,,true
ADR-00001139,PTR-00000916,WOHNSITZ,Höhenmatte,160,7500,St. Moritz,GR,CH,3,2002-02-19,,true
ADR-00001140,PTR-00000917,WOHNSITZ,Rebenplatz,42,10961,Berlin,BE,DE,1,2011-01-04,2024-11-06,false
ADR-00001141,PTR-00000917,WOHNSITZ,Schmiedegasse,171,19053,Schwerin,MV,DE,2,2024-11-07,,true
ADR-00001142,PTR-00000918,WOHNSITZ,Seeplatz,137,15711,Königs Wusterhausen,BB,DE,3,2011-12-28,2023-09-30,false
ADR-00001143,PTR-00000918,WOHNSITZ,Schmiedegasse,171,19053,Schwerin,MV,DE,2,2023-10-01,,true
ADR-00001144,PTR-00000919,WOHNSITZ,Sonnenpfad,20b,22041,Hamburg,HH,DE,1,2010-06-24,2025-01-17,false
ADR-00001145,PTR-00000919,WOHNSITZ,Bergkamp,92,18055,Rostock,MV,DE,2,2025-01-18,,true
ADR-00001146,PTR-00000920,WOHNSITZ,Impasse des Œillets,27,1003,Lausanne,VD,CH,1,2015-05-27,,true
ADR-00001147,PTR-00000921,WOHNSITZ,Seeplatz,8,12555,Berlin,BE,DE,1,2017-04-15,,true
ADR-00001148,PTR-00000922,WOHNSITZ,Seeplatz,8,12555,Berlin,BE,DE,1,2001-01-02,,true
ADR-00001149,PTR-00000923,WOHNSITZ,Seeplatz,8,12555,Berlin,BE,DE,1,2022-02-16,,true
ADR-00001150,PTR-00000924,WOHNSITZ,Veilchendamm,17,44575,Castrop-Rauxel,NW,DE,3,2002-12-21,,true
ADR-00001151,PTR-00000925,WOHNSITZ,Amselhof,101,04275,Leipzig,SN,DE,2,2021-05-11,2024-11-22,false
ADR-00001152,PTR-00000925,WOHNSITZ,Veilchendamm,17,44575,Castrop-Rauxel,NW,DE,3,2024-11-23,,true
ADR-00001153,PTR-00000926,GESCHAEFTSSITZ,Tulpenring,97,8640,Rapperswil-Jona,SG,CH,2,2015-10-01,,true
ADR-00001154,PTR-00000927,WOHNSITZ,Holunderweg,10,6460,Altdorf UR,UR,CH,3,2017-10-27,,true
ADR-00001155,PTR-00000928,WOHNSITZ,Holunderweg,10,6460,Altdorf UR,UR,CH,3,2020-01-19,,true
ADR-00001156,PTR-00000929,WOHNSITZ,Felssteig,106,3627,Heimberg,BE,CH,2,2016-03-05,,true
ADR-00001157,PTR-00000930,WOHNSITZ,Frühlingsrain,176,2500,Biel/Bienne,BE,CH,1,1999-09-21,,true
ADR-00001158,PTR-00000931,WOHNSITZ,Müllersteig,29,8708,Männedorf,ZH,CH,2,2001-08-18,,true
ADR-00001159,PTR-00000932,WOHNSITZ,Postplatz,51,4142,Münchenstein,BL,CH,2,1997-04-25,,true
ADR-00001160,PTR-00000933,WOHNSITZ,Hasensteig,12,9470,Buchs SG,SG,CH,2,2023-07-06,,true
ADR-00001161,PTR-00000934,WOHNSITZ,Eichenallee,70,47051,Duisburg,NW,DE,2,2001-06-04,2025-09-25,false
ADR-00001162,PTR-00000934,WOHNSITZ,Hügelkamp,60,50667,Köln,NW,DE,1,2025-09-26,,true
ADR-00001163,PTR-00000935,WOHNSITZ,Hügelkamp,60,50667,Köln,NW,DE,1,1999-10-12,,true
ADR-00001164,PTR-00000936,WOHNSITZ,Ackerring,169,36037,Fulda,HE,DE,3,2014-03-23,,true
ADR-00001165,PTR-00000937,WOHNSITZ,Hechthof,4b,9630,Wattwil,SG,CH,2,1998-02-18,,true
ADR-00001166,PTR-00000938,WOHNSITZ,Weststeig,136,4654,Lostorf,SO,CH,2,2009-10-21,2024-09-03,false
ADR-00001167,PTR-00000938,WOHNSITZ,Hechthof,4b,9630,Wattwil,SG,CH,2,2024-09-04,,true
ADR-00001168,PTR-00000939,WOHNSITZ,Tulpenpfad,33,65183,Wiesbaden,HE,DE,2,2003-03-04,,true
ADR-00001169,PTR-00000940,WOHNSITZ,Tulpenpfad,33,65183,Wiesbaden,HE,DE,2,2002-11-30,,true
ADR-00001170,PTR-00000941,WOHNSITZ,Tulpenpfad,33,65183,Wiesbaden,HE,DE,2,2024-02-25,,true
ADR-00001171,PTR-00000942,WOHNSITZ,Traubendamm,150,51643,Gummersbach,NW,DE,3,2022-01-27,,true
ADR-00001172,PTR-00000943,WOHNSITZ,Mühlenring,93,47798,Krefeld,NW,DE,2,2004-08-12,,true
ADR-00001173,PTR-00000944,WOHNSITZ,Mühlenring,93,47798,Krefeld,NW,DE,2,2001-10-23,,true
ADR-00001174,PTR-00000945,WOHNSITZ,Sommersteig,9,6004,Luzern,LU,CH,1,2001-06-17,2025-07-08,false
ADR-00001175,PTR-00000945,WOHNSITZ,Lindenweg,90,4051,Basel,BS,CH,1,2025-07-09,,true
ADR-00001176,PTR-00000946,WOHNSITZ,Lindenweg,90,4051,Basel,BS,CH,1,2010-06-05,,true
ADR-00001177,PTR-00000947,WOHNSITZ,Wiesenplatz,70,8134,Adliswil,ZH,CH,2,2001-08-24,2022-11-29,false
ADR-00001178,PTR-00000947,WOHNSITZ,Lindenweg,90,4051,Basel,BS,CH,1,2022-11-30,,true
ADR-00001179,PTR-00000948,WOHNSITZ,Weiherhof,95,4900,Langenthal,BE,CH,2,2010-03-04,,true
ADR-00001180,PTR-00000949,WOHNSITZ,Weiherhof,95,4900,Langenthal,BE,CH,2,1998-12-25,,true
ADR-00001181,PTR-00000950,WOHNSITZ,Roggenpfad,93b,65510,Idstein,HE,DE,3,2018-05-05,2022-04-17,false
ADR-00001182,PTR-00000950,WOHNSITZ,Storchendamm,63,44135,Dortmund,NW,DE,2,2022-04-18,,true
ADR-00001183,PTR-00000951,WOHNSITZ,Farnweg,52,96047,Bamberg,BY,DE,3,2013-08-05,2022-08-13,false
ADR-00001184,PTR-00000951,WOHNSITZ,Bachdamm,111a,04277,Leipzig,SN,DE,2,2022-08-14,,true
ADR-00001185,PTR-00000952,WOHNSITZ,Westweg,48,47051,Duisburg,NW,DE,2,2012-10-26,,true
ADR-00001186,PTR-00000953,WOHNSITZ,Bienenhof,137,78050,Villingen-Schwenningen,BW,DE,3,2010-07-21,2025-08-06,false
ADR-00001187,PTR-00000953,WOHNSITZ,Westweg,48,47051,Duisburg,NW,DE,2,2025-08-07,,true
ADR-00001188,PTR-00000954,WOHNSITZ,Birkenhof,134,29221,Celle,NI,DE,3,2003-05-09,2024-11-15,false
ADR-00001189,PTR-00000954,WOHNSITZ,Morgenweg,83,38100,Braunschweig,NI,DE,2,2024-11-16,,true
ADR-00001190,PTR-00000955,WOHNSITZ,Morgenweg,83,38100,Braunschweig,NI,DE,2,2025-04-22,,true
ADR-00001191,PTR-00000956,WOHNSITZ,Sommerallee,135,46236,Bottrop,NW,DE,2,2020-07-21,2022-09-27,false
ADR-00001192,PTR-00000956,WOHNSITZ,Morgenweg,83,38100,Braunschweig,NI,DE,2,2022-09-28,,true
ADR-00001193,PTR-00000957,WOHNSITZ,Morgenweg,83,38100,Braunschweig,NI,DE,2,2020-10-18,,true
ADR-00001194,PTR-00000958,WOHNSITZ,Morgenweg,83,38100,Braunschweig,NI,DE,2,2010-03-25,,true
ADR-00001195,PTR-00000959,WOHNSITZ,Buchengasse,147,6003,Luzern,LU,CH,1,2009-10-20,2022-10-18,false
ADR-00001196,PTR-00000959,WOHNSITZ,Moosweg,110,6003,Luzern,LU,CH,1,2022-10-19,,true
ADR-00001197,PTR-00000960,WOHNSITZ,Moosweg,110,6003,Luzern,LU,CH,1,2025-06-12,,true
ADR-00001198,PTR-00000961,WOHNSITZ,Moosweg,110,6003,Luzern,LU,CH,1,2015-03-09,,true
ADR-00001199,PTR-00000962,WOHNSITZ,Moosweg,110,6003,Luzern,LU,CH,1,1998-01-23,,true
ADR-00001200,PTR-00000963,WOHNSITZ,Moosweg,110,6003,Luzern,LU,CH,1,1997-02-02,,true
ADR-00001201,PTR-00000964,WOHNSITZ,Route des Violettes,129,1870,Monthey,VS,CH,3,2008-08-12,,true
ADR-00001202,PTR-00000965,WOHNSITZ,Wiesenhof,109,8500,Frauenfeld,TG,CH,2,2019-10-05,,true
ADR-00001203,PTR-00000966,WOHNSITZ,Nelkenmatte,79,6340,Baar,ZG,CH,1,2014-04-02,2023-04-27,false
ADR-00001204,PTR-00000966,WOHNSITZ,Wiesenhof,109,8500,Frauenfeld,TG,CH,2,2023-04-28,,true
ADR-00001205,PTR-00000967,WOHNSITZ,Wiesenhof,109,8500,Frauenfeld,TG,CH,2,1996-12-25,,true
ADR-00001206,PTR-00000968,WOHNSITZ,Feldrain,18,8712,Stäfa,ZH,CH,2,1997-03-24,,true
ADR-00001207,PTR-00000969,WOHNSITZ,Feldrain,18,8712,Stäfa,ZH,CH,2,2015-11-15,,true
ADR-00001208,PTR-00000970,WOHNSITZ,Lerchenmatte,42,6003,Luzern,LU,CH,1,2006-09-01,,true
ADR-00001209,PTR-00000971,WOHNSITZ,Lerchenmatte,42,6003,Luzern,LU,CH,1,2021-08-17,,true
ADR-00001210,PTR-00000972,WOHNSITZ,Zunftacker,81a,6020,Emmenbrücke,LU,CH,2,2014-07-31,2022-09-19,false
ADR-00001211,PTR-00000972,WOHNSITZ,Ackerhalde,57,4600,Olten,SO,CH,2,2022-09-20,,true
ADR-00001212,PTR-00000973,WOHNSITZ,Kapellenhalde,96,9630,Wattwil,SG,CH,2,2020-02-25,,true
ADR-00001213,PTR-00000974,WOHNSITZ,Kapellenhalde,96,9630,Wattwil,SG,CH,2,2016-10-02,,true
ADR-00001214,PTR-00000975,WOHNSITZ,Brunnenkamp,19,31582,Nienburg (Weser),NI,DE,3,2009-09-04,2024-08-19,false
ADR-00001215,PTR-00000975,WOHNSITZ,Flachsring,29,76133,Karlsruhe,BW,DE,2,2024-08-20,,true
ADR-00001216,PTR-00000976,WOHNSITZ,Flachsring,29,76133,Karlsruhe,BW,DE,2,2017-05-18,,true
ADR-00001217,PTR-00000977,WOHNSITZ,Flachsring,29,76133,Karlsruhe,BW,DE,2,2014-09-16,,true
ADR-00001218,PTR-00000978,WOHNSITZ,Flachsring,29,76133,Karlsruhe,BW,DE,2,1997-06-27,,true
ADR-00001219,PTR-00000979,WOHNSITZ,Pappelsteig,28,16816,Neuruppin,BB,DE,3,2002-03-06,2024-08-10,false
ADR-00001220,PTR-00000979,WOHNSITZ,Postallee,83,39104,Magdeburg,ST,DE,2,2024-08-11,,true
ADR-00001221,PTR-00000980,WOHNSITZ,Silberstraße,160,60598,Frankfurt am Main,HE,DE,1,2013-12-14,2024-10-10,false
ADR-00001222,PTR-00000980,WOHNSITZ,Postallee,83,39104,Magdeburg,ST,DE,2,2024-10-11,,true
ADR-00001223,PTR-00000981,WOHNSITZ,Hügelallee,50a,84028,Landshut,BY,DE,3,2008-07-02,,true
ADR-00001224,PTR-00000982,GESCHAEFTSSITZ,Enzianstraße,8,39104,Magdeburg,ST,DE,2,2022-10-01,,true
ADR-00001225,PTR-00000983,WOHNSITZ,Färberhof,116,6300,Zug,ZG,CH,1,2008-10-25,,true
ADR-00001226,PTR-00000984,WOHNSITZ,Wiesenhof,15,99084,Erfurt,TH,DE,2,2007-01-06,2025-08-06,false
ADR-00001227,PTR-00000984,WOHNSITZ,Hangallee,57,93047,Regensburg,BY,DE,2,2025-08-07,,true
ADR-00001228,PTR-00000985,WOHNSITZ,Haferweg,166,51371,Leverkusen,NW,DE,2,2011-09-18,,true
ADR-00001229,PTR-00000986,WOHNSITZ,Bärenhof,49,41460,Neuss,NW,DE,2,2014-12-23,2025-05-05,false
ADR-00001230,PTR-00000986,WOHNSITZ,Haferweg,166,51371,Leverkusen,NW,DE,2,2025-05-06,,true
ADR-00001231,PTR-00000987,WOHNSITZ,Adlerweg,20,4625,Oberbuchsiten,SO,CH,2,1997-07-23,,true
ADR-00001232,PTR-00000988,WOHNSITZ,Adlerweg,20,4625,Oberbuchsiten,SO,CH,2,2009-05-15,,true
ADR-00001233,PTR-00000989,WOHNSITZ,Rehpfad,100,86720,Nördlingen,BY,DE,3,2015-11-26,2022-10-31,false
ADR-00001234,PTR-00000989,WOHNSITZ,Lindenweg,7,80331,München,BY,DE,1,2022-11-01,,true
ADR-00001235,PTR-00000990,WOHNSITZ,Ahorngasse,111,04229,Leipzig,SN,DE,2,2009-01-13,2024-04-01,false
ADR-00001236,PTR-00000990,WOHNSITZ,Lindenweg,7,80331,München,BY,DE,1,2024-04-02,,true
ADR-00001237,PTR-00000991,WOHNSITZ,Tulpensteig,168,99423,Weimar,TH,DE,3,2013-01-04,,true
ADR-00001238,PTR-00000992,WOHNSITZ,Metzgergasse,178,8400,Winterthur,ZH,CH,1,2020-05-03,2022-10-02,false
ADR-00001239,PTR-00000992,WOHNSITZ,Kirchgasse,90,8400,Winterthur,ZH,CH,1,2022-10-03,,true
ADR-00001240,PTR-00000993,WOHNSITZ,Kirchgasse,90,8400,Winterthur,ZH,CH,1,1996-03-10,,true
ADR-00001241,PTR-00000994,WOHNSITZ,Kirchgasse,90,8400,Winterthur,ZH,CH,1,2000-10-04,,true
ADR-00001242,PTR-00000995,WOHNSITZ,Eschenplatz,34,10585,Berlin,BE,DE,1,2015-03-21,2023-03-22,false
ADR-00001243,PTR-00000995,WOHNSITZ,Eisensteig,145,67346,Speyer,RP,DE,3,2023-03-23,,true
ADR-00001244,PTR-00000996,WOHNSITZ,Eisensteig,145,67346,Speyer,RP,DE,3,1997-03-07,,true
ADR-00001245,PTR-00000997,WOHNSITZ,Markthalde,117,8952,Schlieren,ZH,CH,2,2011-02-20,,true
ADR-00001246,PTR-00000998,WOHNSITZ,Markthalde,117,8952,Schlieren,ZH,CH,2,2002-05-06,,true
ADR-00001247,PTR-00000999,WOHNSITZ,Meisensteig,141,6340,Baar,ZG,CH,1,2018-02-17,2022-06-16,false
ADR-00001248,PTR-00000999,WOHNSITZ,Markthalde,117,8952,Schlieren,ZH,CH,2,2022-06-17,,true
ADR-00001249,PTR-00001000,WOHNSITZ,Sommerrain,168,8750,Glarus,GL,CH,3,2012-01-19,2025-02-11,false
ADR-00001250,PTR-00001000,WOHNSITZ,Falkenring,140,8001,Zürich,ZH,CH,1,2025-02-12,,true
