kontakt_id,partner_id,kontakt_typ,wert,ist_primaer
KON-00000001,PTR-00000001,EMAIL,simone.niederberger@mail.example,true
KON-00000002,PTR-00000001,TELEFON,+41 44 000 46 35,true
KON-00000003,PTR-00000002,EMAIL,jortlepp@post.example,true
KON-00000004,PTR-00000002,MOBIL,+49 152 28817 609,true
KON-00000005,PTR-00000003,TELEFON,+41 44 000 68 87,true
KON-00000006,PTR-00000004,TELEFON,+49 30 23125 951,true
KON-00000007,PTR-00000005,TELEFON,+41 44 000 43 29,true
KON-00000008,PTR-00000006,EMAIL,fnazari@bluemail.example,true
KON-00000009,PTR-00000006,TELEFON,+49 30 23125 927,true
KON-00000010,PTR-00000007,EMAIL,leon.waibel01@bluemail.example,true
KON-00000011,PTR-00000007,MOBIL,+41 44 000 99 73,true
KON-00000012,PTR-00000008,EMAIL,hpieper@bluemail.example,true
KON-00000013,PTR-00000008,TELEFON,+49 30 23125 614,true
KON-00000014,PTR-00000009,TELEFON,+49 30 23125 170,true
KON-00000015,PTR-00000010,EMAIL,nadia.ferreira-bucher@bluemail.example,true
KON-00000016,PTR-00000010,TELEFON,+41 44 000 24 08,true
KON-00000017,PTR-00000021,EMAIL,carlos.jovanovic72@web.example,true
KON-00000018,PTR-00000021,MOBIL,+49 152 28817 250,true
KON-00000019,PTR-00000022,EMAIL,birgit.jovanovic@web.example,true
KON-00000020,PTR-00000022,MOBIL,+49 152 28817 764,true
KON-00000021,PTR-00000023,EMAIL,pellegrini.alice@mail.example,true
KON-00000022,PTR-00000023,MOBIL,+41 44 000 43 24,true
KON-00000023,PTR-00000024,EMAIL,koehler.matthias@bluemail.example,true
KON-00000024,PTR-00000024,MOBIL,+49 152 28817 709,true
KON-00000025,PTR-00000025,EMAIL,silke.schmidt@post.example,true
KON-00000026,PTR-00000025,MOBIL,+49 152 28817 614,true
KON-00000027,PTR-00000026,EMAIL,priska.wyss@post.example,true
KON-00000028,PTR-00000026,MOBIL,+41 44 000 68 98,true
KON-00000029,PTR-00000027,EMAIL,lflueckiger@post.example,true
KON-00000030,PTR-00000027,MOBIL,+41 44 000 35 63,true
KON-00000031,PTR-00000028,EMAIL,maximilian.schubert84@mail.example,true
KON-00000032,PTR-00000028,MOBIL,+49 152 28817 761,true
KON-00000033,PTR-00000029,EMAIL,annika.arnold@post.example,true
KON-00000034,PTR-00000029,MOBIL,+49 152 28817 463,true
KON-00000035,PTR-00000030,EMAIL,henry74@bluemail.example,true
KON-00000036,PTR-00000030,MOBIL,+49 152 28817 663,true
KON-00000037,PTR-00000031,EMAIL,carla78@post.example,true
KON-00000038,PTR-00000031,MOBIL,+41 44 000 61 43,true
KON-00000039,PTR-00000032,EMAIL,lrouiller@bluemail.example,true
KON-00000040,PTR-00000032,MOBIL,+41 44 000 81 58,true
KON-00000041,PTR-00000033,EMAIL,pascal.rouiller@web.example,true
KON-00000042,PTR-00000033,MOBIL,+41 44 000 95 65,true
KON-00000043,PTR-00000034,EMAIL,stefanie82@web.example,true
KON-00000044,PTR-00000034,MOBIL,+49 152 28817 013,true
KON-00000045,PTR-00000035,EMAIL,moliveira@post.example,true
KON-00000046,PTR-00000035,MOBIL,+41 44 000 15 84,true
KON-00000047,PTR-00000036,EMAIL,oliveira.sandra@web.example,true
KON-00000048,PTR-00000036,MOBIL,+41 44 000 15 27,true
KON-00000049,PTR-00000037,EMAIL,reto.oliveira@web.example,true
KON-00000050,PTR-00000037,MOBIL,+41 44 000 67 52,true
KON-00000051,PTR-00000038,EMAIL,klein.torsten@post.example,true
KON-00000052,PTR-00000038,MOBIL,+49 152 28817 663,true
KON-00000053,PTR-00000039,EMAIL,jbecker@post.example,true
KON-00000054,PTR-00000039,MOBIL,+49 152 28817 447,true
KON-00000055,PTR-00000040,EMAIL,hanspeter.hunziker@bluemail.example,true
KON-00000056,PTR-00000040,MOBIL,+41 44 000 18 44,true
KON-00000057,PTR-00000041,EMAIL,yann.voisard69@post.example,true
KON-00000058,PTR-00000041,MOBIL,+41 44 000 14 43,true
KON-00000059,PTR-00000042,MOBIL,+41 44 000 63 41,true
KON-00000060,PTR-00000043,EMAIL,jan6@mail.example,true
KON-00000061,PTR-00000043,MOBIL,+41 44 000 57 43,true
KON-00000062,PTR-00000044,MOBIL,+41 44 000 28 13,true
KON-00000063,PTR-00000045,EMAIL,lena.baechtold07@web.example,true
KON-00000064,PTR-00000045,MOBIL,+41 44 000 51 23,true
KON-00000065,PTR-00000046,EMAIL,baechtold.livia@web.example,true
KON-00000066,PTR-00000046,MOBIL,+41 44 000 84 86,true
KON-00000067,PTR-00000047,EMAIL,jan.ernst82@web.example,true
KON-00000068,PTR-00000047,MOBIL,+49 152 28817 211,true
KON-00000069,PTR-00000048,EMAIL,ivana.ernst@mail.example,true
KON-00000070,PTR-00000048,MOBIL,+49 152 28817 974,true
KON-00000071,PTR-00000049,EMAIL,lschmidt@web.example,true
KON-00000072,PTR-00000049,MOBIL,+49 152 28817 817,true
KON-00000073,PTR-00000050,EMAIL,lina5@mail.example,true
KON-00000074,PTR-00000050,MOBIL,+49 152 28817 534,true
KON-00000075,PTR-00000051,MOBIL,+49 152 28817 327,true
KON-00000076,PTR-00000052,EMAIL,keller.luis@web.example,true
KON-00000077,PTR-00000052,MOBIL,+49 152 28817 742,true
KON-00000078,PTR-00000053,EMAIL,info@werra-dachdeckerei.example,true
KON-00000079,PTR-00000053,TELEFON,+49 30 23125 174,true
KON-00000080,PTR-00000054,MOBIL,+41 44 000 05 45,true
KON-00000081,PTR-00000055,MOBIL,+41 44 000 27 00,true
KON-00000082,PTR-00000056,EMAIL,bugnon.alice@mail.example,true
KON-00000083,PTR-00000056,MOBIL,+41 44 000 67 95,true
KON-00000084,PTR-00000057,EMAIL,bugnon.jade@post.example,true
KON-00000085,PTR-00000057,MOBIL,+41 44 000 00 67,true
KON-00000086,PTR-00000058,EMAIL,matthias44@bluemail.example,true
KON-00000087,PTR-00000058,MOBIL,+49 152 28817 792,true
KON-00000088,PTR-00000059,EMAIL,ute97@web.example,true
KON-00000089,PTR-00000059,MOBIL,+49 152 28817 147,true
KON-00000090,PTR-00000060,EMAIL,petra24@bluemail.example,true
KON-00000091,PTR-00000060,MOBIL,+49 152 28817 234,true
KON-00000092,PTR-00000061,EMAIL,ohoffmann@post.example,true
KON-00000093,PTR-00000061,MOBIL,+49 152 28817 575,true
KON-00000094,PTR-00000062,EMAIL,charlotte.hoffmann84@post.example,true
KON-00000095,PTR-00000062,MOBIL,+49 152 28817 177,true
KON-00000096,PTR-00000063,EMAIL,hoffmann.hanna@web.example,true
KON-00000097,PTR-00000063,MOBIL,+49 152 28817 363,true
KON-00000098,PTR-00000064,EMAIL,leon.hofmann07@bluemail.example,true
KON-00000099,PTR-00000064,MOBIL,+49 152 28817 643,true
KON-00000100,PTR-00000065,EMAIL,jan.graf@post.example,true
KON-00000101,PTR-00000065,MOBIL,+41 44 000 86 35,true
KON-00000102,PTR-00000066,EMAIL,thomas54@post.example,true
KON-00000103,PTR-00000066,MOBIL,+49 152 28817 124,true
KON-00000104,PTR-00000067,EMAIL,friedrich.svetlana@mail.example,true
KON-00000105,PTR-00000067,MOBIL,+49 152 28817 967,true
KON-00000106,PTR-00000068,MOBIL,+49 152 28817 139,true
KON-00000107,PTR-00000069,EMAIL,luis22@mail.example,true
KON-00000108,PTR-00000069,MOBIL,+49 152 28817 912,true
KON-00000109,PTR-00000070,MOBIL,+41 44 000 09 25,true
KON-00000110,PTR-00000071,EMAIL,patrick.chappuis@bluemail.example,true
KON-00000111,PTR-00000071,MOBIL,+41 44 000 47 10,true
KON-00000112,PTR-00000072,EMAIL,gillieron.antoine@web.example,true
KON-00000113,PTR-00000072,MOBIL,+41 44 000 85 17,true
KON-00000114,PTR-00000073,EMAIL,emma75@bluemail.example,true
KON-00000115,PTR-00000073,MOBIL,+41 44 000 97 30,true
KON-00000116,PTR-00000074,EMAIL,schneider.lina@mail.example,true
KON-00000117,PTR-00000074,MOBIL,+49 152 28817 623,true
KON-00000118,PTR-00000075,EMAIL,finn.schneider01@post.example,true
KON-00000119,PTR-00000075,MOBIL,+49 152 28817 112,true
KON-00000120,PTR-00000076,EMAIL,hanna.schneider@web.example,true
KON-00000121,PTR-00000076,MOBIL,+49 152 28817 455,true
KON-00000122,PTR-00000077,EMAIL,charlotte.schneider07@post.example,true
KON-00000123,PTR-00000077,MOBIL,+49 152 28817 812,true
KON-00000124,PTR-00000078,EMAIL,horn.stefanie@web.example,true
KON-00000125,PTR-00000078,MOBIL,+49 152 28817 726,true
KON-00000126,PTR-00000079,EMAIL,sarah.schaefer@bluemail.example,true
KON-00000127,PTR-00000079,MOBIL,+49 152 28817 719,true
KON-00000128,PTR-00000080,EMAIL,jonas14@bluemail.example,true
KON-00000129,PTR-00000080,MOBIL,+49 152 28817 774,true
KON-00000130,PTR-00000081,EMAIL,emil.schaefer@post.example,true
KON-00000131,PTR-00000081,MOBIL,+49 152 28817 578,true
KON-00000132,PTR-00000082,EMAIL,paul.schneider07@mail.example,true
KON-00000133,PTR-00000082,MOBIL,+49 152 28817 121,true
KON-00000134,PTR-00000083,EMAIL,imeier@web.example,true
KON-00000135,PTR-00000083,MOBIL,+41 44 000 02 28,true
KON-00000136,PTR-00000084,EMAIL,cedric43@web.example,true
KON-00000137,PTR-00000084,MOBIL,+41 44 000 01 12,true
KON-00000138,PTR-00000085,EMAIL,cmeyer@post.example,true
KON-00000139,PTR-00000085,MOBIL,+41 44 000 08 97,true
KON-00000140,PTR-00000086,EMAIL,ernst.florian@web.example,true
KON-00000141,PTR-00000086,MOBIL,+49 152 28817 839,true
KON-00000142,PTR-00000087,EMAIL,jessica84@bluemail.example,true
KON-00000143,PTR-00000087,MOBIL,+49 152 28817 039,true
KON-00000144,PTR-00000088,EMAIL,jgarcia@post.example,true
KON-00000145,PTR-00000088,MOBIL,+49 152 28817 032,true
KON-00000146,PTR-00000089,EMAIL,tgarcia@web.example,true
KON-00000147,PTR-00000089,MOBIL,+49 152 28817 278,true
KON-00000148,PTR-00000090,EMAIL,leon92@web.example,true
KON-00000149,PTR-00000090,MOBIL,+49 152 28817 704,true
KON-00000150,PTR-00000091,EMAIL,lkessler@bluemail.example,true
KON-00000151,PTR-00000091,MOBIL,+49 152 28817 418,true
KON-00000152,PTR-00000092,EMAIL,elena8@web.example,true
KON-00000153,PTR-00000092,MOBIL,+41 44 000 87 10,true
KON-00000154,PTR-00000093,EMAIL,sbeck@post.example,true
KON-00000155,PTR-00000093,MOBIL,+49 152 28817 496,true
KON-00000156,PTR-00000094,MOBIL,+49 152 28817 250,true
KON-00000157,PTR-00000095,EMAIL,notto@post.example,true
KON-00000158,PTR-00000095,MOBIL,+49 152 28817 503,true
KON-00000159,PTR-00000096,EMAIL,elke53@post.example,true
KON-00000160,PTR-00000096,MOBIL,+49 152 28817 487,true
KON-00000161,PTR-00000097,MOBIL,+41 44 000 03 25,true
KON-00000162,PTR-00000098,MOBIL,+41 44 000 37 83,true
KON-00000163,PTR-00000099,EMAIL,arthur5@post.example,true
KON-00000164,PTR-00000099,MOBIL,+41 44 000 31 54,true
KON-00000165,PTR-00000100,EMAIL,aurelie95@bluemail.example,true
KON-00000166,PTR-00000100,MOBIL,+41 44 000 01 11,true
KON-00000167,PTR-00000101,EMAIL,thomas.comte07@web.example,true
KON-00000168,PTR-00000101,MOBIL,+41 44 000 97 66,true
KON-00000169,PTR-00000102,EMAIL,schulte.matthias@web.example,true
KON-00000170,PTR-00000102,MOBIL,+49 152 28817 032,true
KON-00000171,PTR-00000103,EMAIL,bruno8@mail.example,true
KON-00000172,PTR-00000103,MOBIL,+41 44 000 99 78,true
KON-00000173,PTR-00000104,EMAIL,manon23@mail.example,true
KON-00000174,PTR-00000104,MOBIL,+41 44 000 40 80,true
KON-00000175,PTR-00000105,EMAIL,nicolas59@web.example,true
KON-00000176,PTR-00000105,MOBIL,+41 44 000 56 82,true
KON-00000177,PTR-00000106,EMAIL,juergen.baumann89@mail.example,true
KON-00000178,PTR-00000106,MOBIL,+49 152 28817 258,true
KON-00000179,PTR-00000107,EMAIL,wieczorek.laura@mail.example,true
KON-00000180,PTR-00000107,MOBIL,+49 152 28817 816,true
KON-00000181,PTR-00000108,EMAIL,twolff@web.example,true
KON-00000182,PTR-00000108,MOBIL,+49 152 28817 277,true
KON-00000183,PTR-00000109,EMAIL,voigt.andreas@post.example,true
KON-00000184,PTR-00000109,MOBIL,+49 152 28817 830,true
KON-00000185,PTR-00000110,EMAIL,akoehler@post.example,true
KON-00000186,PTR-00000110,MOBIL,+49 152 28817 301,true
KON-00000187,PTR-00000111,EMAIL,mkoehler@mail.example,true
KON-00000188,PTR-00000111,MOBIL,+49 152 28817 259,true
KON-00000189,PTR-00000112,EMAIL,mgruber@web.example,true
KON-00000190,PTR-00000112,MOBIL,+49 152 28817 896,true
KON-00000191,PTR-00000113,EMAIL,rboehm@bluemail.example,true
KON-00000192,PTR-00000113,MOBIL,+49 152 28817 596,true
KON-00000193,PTR-00000114,EMAIL,jennifer82@mail.example,true
KON-00000194,PTR-00000114,MOBIL,+49 152 28817 139,true
KON-00000195,PTR-00000115,EMAIL,holger.braun89@bluemail.example,true
KON-00000196,PTR-00000115,MOBIL,+49 152 28817 292,true
KON-00000197,PTR-00000116,EMAIL,dirk.frank@web.example,true
KON-00000198,PTR-00000116,MOBIL,+49 152 28817 134,true
KON-00000199,PTR-00000117,MOBIL,+41 44 000 80 22,true
KON-00000200,PTR-00000118,EMAIL,felix73@post.example,true
KON-00000201,PTR-00000118,TELEFON,+41 44 000 05 42,true
KON-00000202,PTR-00000119,EMAIL,fischer.milan@post.example,true
KON-00000203,PTR-00000119,MOBIL,+49 152 28817 812,true
KON-00000204,PTR-00000120,EMAIL,franziska.fischer@mail.example,true
KON-00000205,PTR-00000120,MOBIL,+49 152 28817 362,true
KON-00000206,PTR-00000121,EMAIL,dzimmermann@web.example,true
KON-00000207,PTR-00000121,MOBIL,+41 44 000 78 97,true
KON-00000208,PTR-00000122,EMAIL,schmidt.birgit@mail.example,true
KON-00000209,PTR-00000122,MOBIL,+49 152 28817 986,true
KON-00000210,PTR-00000123,EMAIL,elena7@bluemail.example,true
KON-00000211,PTR-00000123,MOBIL,+41 44 000 15 00,true
KON-00000212,PTR-00000124,EMAIL,patrick.hess@post.example,true
KON-00000213,PTR-00000124,MOBIL,+41 44 000 57 36,true
KON-00000214,PTR-00000125,EMAIL,sauer.sophia@post.example,true
KON-00000215,PTR-00000125,MOBIL,+49 152 28817 081,true
KON-00000216,PTR-00000126,EMAIL,jonas.sauer90@post.example,true
KON-00000217,PTR-00000126,MOBIL,+49 152 28817 423,true
KON-00000218,PTR-00000127,EMAIL,mmeier@bluemail.example,true
KON-00000219,PTR-00000127,MOBIL,+41 44 000 16 54,true
KON-00000220,PTR-00000128,EMAIL,mueller.sara@post.example,true
KON-00000221,PTR-00000128,MOBIL,+41 44 000 39 15,true
KON-00000222,PTR-00000129,EMAIL,cportmann@bluemail.example,true
KON-00000223,PTR-00000129,MOBIL,+41 44 000 58 76,true
KON-00000224,PTR-00000130,MOBIL,+49 152 28817 364,true
KON-00000225,PTR-00000131,EMAIL,jgraf@web.example,true
KON-00000226,PTR-00000131,MOBIL,+49 152 28817 976,true
KON-00000227,PTR-00000132,EMAIL,ldemir@post.example,true
KON-00000228,PTR-00000132,MOBIL,+49 152 28817 301,true
KON-00000229,PTR-00000133,EMAIL,ddogan@web.example,true
KON-00000230,PTR-00000133,MOBIL,+49 152 28817 928,true
KON-00000231,PTR-00000134,EMAIL,werner.suter@web.example,true
KON-00000232,PTR-00000134,TELEFON,+41 44 000 10 60,true
KON-00000233,PTR-00000135,EMAIL,carsten.brandt63@mail.example,true
KON-00000234,PTR-00000135,MOBIL,+49 152 28817 555,true
KON-00000235,PTR-00000136,EMAIL,anke94@web.example,true
KON-00000236,PTR-00000136,MOBIL,+49 152 28817 468,true
KON-00000237,PTR-00000137,EMAIL,info@taunus-zimmerei.example,true
KON-00000238,PTR-00000137,TELEFON,+49 30 23125 112,true
KON-00000239,PTR-00000138,EMAIL,katharina.rauch@mail.example,true
KON-00000240,PTR-00000138,MOBIL,+49 152 28817 589,true
KON-00000241,PTR-00000139,EMAIL,miguel94@web.example,true
KON-00000242,PTR-00000139,MOBIL,+49 152 28817 860,true
KON-00000243,PTR-00000140,EMAIL,sebastian.schneider73@post.example,true
KON-00000244,PTR-00000140,MOBIL,+49 152 28817 332,true
KON-00000245,PTR-00000141,EMAIL,martina.krause70@mail.example,true
KON-00000246,PTR-00000141,MOBIL,+49 152 28817 110,true
KON-00000247,PTR-00000142,EMAIL,moritz91@post.example,true
KON-00000248,PTR-00000142,MOBIL,+49 152 28817 939,true
KON-00000249,PTR-00000143,EMAIL,torsten.schneider97@mail.example,true
KON-00000250,PTR-00000143,MOBIL,+49 152 28817 711,true
KON-00000251,PTR-00000144,EMAIL,miguel31@mail.example,true
KON-00000252,PTR-00000144,MOBIL,+41 44 000 73 83,true
KON-00000253,PTR-00000145,EMAIL,karin.lehmann@mail.example,true
KON-00000254,PTR-00000145,MOBIL,+41 44 000 12 70,true
KON-00000255,PTR-00000146,EMAIL,lange.dagmar@web.example,true
KON-00000256,PTR-00000146,MOBIL,+49 152 28817 455,true
KON-00000257,PTR-00000147,EMAIL,moritz.pohl@mail.example,true
KON-00000258,PTR-00000147,MOBIL,+49 152 28817 748,true
KON-00000259,PTR-00000148,EMAIL,ali.mensah70@mail.example,true
KON-00000260,PTR-00000148,MOBIL,+41 44 000 98 31,true
KON-00000261,PTR-00000149,EMAIL,irene.eggenberger76@post.example,true
KON-00000262,PTR-00000149,MOBIL,+41 44 000 34 95,true
KON-00000263,PTR-00000150,EMAIL,melanie95@mail.example,true
KON-00000264,PTR-00000150,MOBIL,+49 152 28817 743,true
KON-00000265,PTR-00000151,EMAIL,michael.jaeger79@mail.example,true
KON-00000266,PTR-00000151,MOBIL,+49 152 28817 796,true
KON-00000267,PTR-00000152,EMAIL,mwerner@web.example,true
KON-00000268,PTR-00000152,MOBIL,+49 152 28817 118,true
KON-00000269,PTR-00000153,EMAIL,robert.daniel@bluemail.example,true
KON-00000270,PTR-00000153,MOBIL,+41 44 000 59 37,true
KON-00000271,PTR-00000154,EMAIL,vrobert@web.example,true
KON-00000272,PTR-00000154,MOBIL,+41 44 000 13 91,true
KON-00000273,PTR-00000155,EMAIL,jarslan@post.example,true
KON-00000274,PTR-00000155,MOBIL,+49 152 28817 560,true
KON-00000275,PTR-00000156,EMAIL,volker.schreiber68@bluemail.example,true
KON-00000276,PTR-00000156,MOBIL,+49 152 28817 711,true
KON-00000277,PTR-00000157,EMAIL,info@spree-planung.example,true
KON-00000278,PTR-00000157,TELEFON,+49 30 23125 560,true
KON-00000279,PTR-00000158,MOBIL,+49 152 28817 248,true
KON-00000280,PTR-00000159,MOBIL,+49 152 28817 201,true
KON-00000281,PTR-00000160,EMAIL,julia73@bluemail.example,true
KON-00000282,PTR-00000160,MOBIL,+49 152 28817 828,true
KON-00000283,PTR-00000161,EMAIL,eklein@post.example,true
KON-00000284,PTR-00000161,MOBIL,+49 152 28817 101,true
KON-00000285,PTR-00000162,EMAIL,lang.charlotte@web.example,true
KON-00000286,PTR-00000162,MOBIL,+49 152 28817 596,true
KON-00000287,PTR-00000163,EMAIL,weber.tim@web.example,true
KON-00000288,PTR-00000163,MOBIL,+49 152 28817 671,true
KON-00000289,PTR-00000164,EMAIL,markus58@mail.example,true
KON-00000290,PTR-00000164,MOBIL,+49 152 28817 357,true
KON-00000291,PTR-00000165,EMAIL,samuel75@web.example,true
KON-00000292,PTR-00000165,MOBIL,+41 44 000 74 26,true
KON-00000293,PTR-00000166,EMAIL,marcel87@bluemail.example,true
KON-00000294,PTR-00000166,MOBIL,+41 44 000 47 96,true
KON-00000295,PTR-00000167,EMAIL,franziska92@web.example,true
KON-00000296,PTR-00000167,TELEFON,+49 30 23125 063,true
KON-00000297,PTR-00000168,EMAIL,markus.klein87@post.example,true
KON-00000298,PTR-00000168,MOBIL,+49 152 28817 642,true
KON-00000299,PTR-00000169,EMAIL,lisa.klein@web.example,true
KON-00000300,PTR-00000169,MOBIL,+49 152 28817 876,true
KON-00000301,PTR-00000170,EMAIL,fabienne.schmid83@mail.example,true
KON-00000302,PTR-00000170,MOBIL,+41 44 000 75 47,true
KON-00000303,PTR-00000171,EMAIL,maria-jose.diallo@mail.example,true
KON-00000304,PTR-00000171,MOBIL,+41 44 000 85 40,true
KON-00000305,PTR-00000172,EMAIL,philipp13@bluemail.example,true
KON-00000306,PTR-00000172,MOBIL,+49 152 28817 937,true
KON-00000307,PTR-00000173,TELEFON,+41 44 000 49 03,true
KON-00000308,PTR-00000174,EMAIL,fatma98@post.example,true
KON-00000309,PTR-00000174,MOBIL,+41 44 000 08 47,true
KON-00000310,PTR-00000175,EMAIL,czbinden@bluemail.example,true
KON-00000311,PTR-00000175,MOBIL,+41 44 000 26 46,true
KON-00000312,PTR-00000176,EMAIL,weber.marcel@bluemail.example,true
KON-00000313,PTR-00000176,MOBIL,+41 44 000 77 98,true
KON-00000314,PTR-00000177,EMAIL,lehmann.oliver@post.example,true
KON-00000315,PTR-00000177,MOBIL,+49 152 28817 331,true
KON-00000316,PTR-00000178,EMAIL,christoph88@post.example,true
KON-00000317,PTR-00000178,MOBIL,+41 44 000 84 06,true
KON-00000318,PTR-00000179,EMAIL,hans-juergen.schmitt@web.example,true
KON-00000319,PTR-00000179,MOBIL,+49 152 28817 539,true
KON-00000320,PTR-00000180,EMAIL,schmitt.anke@mail.example,true
KON-00000321,PTR-00000180,MOBIL,+49 152 28817 761,true
KON-00000322,PTR-00000181,EMAIL,klaus.mueller69@web.example,true
KON-00000323,PTR-00000181,MOBIL,+49 152 28817 804,true
KON-00000324,PTR-00000182,EMAIL,mmueller@post.example,true
KON-00000325,PTR-00000182,MOBIL,+49 152 28817 417,true
KON-00000326,PTR-00000183,EMAIL,amir.mueller@post.example,true
KON-00000327,PTR-00000183,MOBIL,+49 152 28817 936,true
KON-00000328,PTR-00000184,EMAIL,tobias.schneider71@bluemail.example,true
KON-00000329,PTR-00000184,MOBIL,+49 152 28817 869,true
KON-00000330,PTR-00000185,EMAIL,bbaumann@web.example,true
KON-00000331,PTR-00000185,MOBIL,+49 152 28817 035,true
KON-00000332,PTR-00000186,EMAIL,eberisha@bluemail.example,true
KON-00000333,PTR-00000186,MOBIL,+49 152 28817 079,true
KON-00000334,PTR-00000187,EMAIL,bjoern31@web.example,true
KON-00000335,PTR-00000187,MOBIL,+49 152 28817 122,true
KON-00000336,PTR-00000188,EMAIL,elke.lindner@web.example,true
KON-00000337,PTR-00000188,MOBIL,+49 152 28817 050,true
KON-00000338,PTR-00000189,EMAIL,jennifer37@post.example,true
KON-00000339,PTR-00000189,MOBIL,+49 152 28817 532,true
KON-00000340,PTR-00000190,MOBIL,+49 152 28817 121,true
KON-00000341,PTR-00000191,EMAIL,lisa6@bluemail.example,true
KON-00000342,PTR-00000191,MOBIL,+49 152 28817 482,true
KON-00000343,PTR-00000192,EMAIL,urs.odermatt70@post.example,true
KON-00000344,PTR-00000192,MOBIL,+41 44 000 76 49,true
KON-00000345,PTR-00000193,EMAIL,vodermatt@bluemail.example,true
KON-00000346,PTR-00000193,TELEFON,+41 44 000 11 22,true
KON-00000347,PTR-00000194,EMAIL,srohrer@bluemail.example,true
KON-00000348,PTR-00000194,MOBIL,+41 44 000 52 07,true
KON-00000349,PTR-00000195,EMAIL,roger.graf@mail.example,true
KON-00000350,PTR-00000195,TELEFON,+41 44 000 05 27,true
KON-00000351,PTR-00000196,EMAIL,fgraf@web.example,true
KON-00000352,PTR-00000196,MOBIL,+41 44 000 44 29,true
KON-00000353,PTR-00000197,EMAIL,pohl.lisa@mail.example,true
KON-00000354,PTR-00000197,MOBIL,+49 152 28817 074,true
KON-00000355,PTR-00000198,EMAIL,marco7@post.example,true
KON-00000356,PTR-00000198,TELEFON,+49 30 23125 901,true
KON-00000357,PTR-00000199,MOBIL,+49 152 28817 334,true
KON-00000358,PTR-00000200,EMAIL,tanja.baumann80@web.example,true
KON-00000359,PTR-00000200,MOBIL,+49 152 28817 713,true
KON-00000360,PTR-00000201,EMAIL,corinne.hofer80@web.example,true
KON-00000361,PTR-00000201,MOBIL,+41 44 000 36 72,true
KON-00000362,PTR-00000202,EMAIL,meier.felix@post.example,true
KON-00000363,PTR-00000202,MOBIL,+41 44 000 06 03,true
KON-00000364,PTR-00000203,EMAIL,daniel.hofer@bluemail.example,true
KON-00000365,PTR-00000203,MOBIL,+41 44 000 28 18,true
KON-00000366,PTR-00000204,EMAIL,jonas.heinrich@post.example,true
KON-00000367,PTR-00000204,MOBIL,+49 152 28817 934,true
KON-00000368,PTR-00000205,EMAIL,murat17@web.example,true
KON-00000369,PTR-00000205,MOBIL,+49 152 28817 726,true
KON-00000370,PTR-00000206,EMAIL,andrea.da-silva75@web.example,true
KON-00000371,PTR-00000206,TELEFON,+49 30 23125 269,true
KON-00000372,PTR-00000207,EMAIL,seidel.paul@mail.example,true
KON-00000373,PTR-00000207,MOBIL,+49 152 28817 620,true
KON-00000374,PTR-00000208,EMAIL,greta.weber@post.example,true
KON-00000375,PTR-00000208,TELEFON,+49 30 23125 517,true
KON-00000376,PTR-00000209,EMAIL,ueli.meier@web.example,true
KON-00000377,PTR-00000209,MOBIL,+41 44 000 38 40,true
KON-00000378,PTR-00000210,EMAIL,lena.wenger@web.example,true
KON-00000379,PTR-00000210,MOBIL,+41 44 000 05 04,true
KON-00000380,PTR-00000211,EMAIL,berger.gian@bluemail.example,true
KON-00000381,PTR-00000211,MOBIL,+41 44 000 49 93,true
KON-00000382,PTR-00000212,EMAIL,roger49@web.example,true
KON-00000383,PTR-00000212,MOBIL,+41 44 000 07 47,true
KON-00000384,PTR-00000213,EMAIL,roth.nadine@mail.example,true
KON-00000385,PTR-00000213,MOBIL,+41 44 000 60 71,true
KON-00000386,PTR-00000214,EMAIL,roth.ladina@bluemail.example,true
KON-00000387,PTR-00000214,MOBIL,+41 44 000 91 94,true
KON-00000388,PTR-00000215,EMAIL,lena.roth@bluemail.example,true
KON-00000389,PTR-00000215,MOBIL,+41 44 000 79 22,true
KON-00000390,PTR-00000216,EMAIL,dragan.roth84@mail.example,true
KON-00000391,PTR-00000216,MOBIL,+41 44 000 91 09,true
KON-00000392,PTR-00000217,EMAIL,slorenz@mail.example,true
KON-00000393,PTR-00000217,MOBIL,+49 152 28817 373,true
KON-00000394,PTR-00000218,EMAIL,ute34@web.example,true
KON-00000395,PTR-00000218,MOBIL,+49 152 28817 709,true
KON-00000396,PTR-00000219,EMAIL,lorenz.elias@post.example,true
KON-00000397,PTR-00000219,MOBIL,+49 152 28817 905,true
KON-00000398,PTR-00000220,EMAIL,hans-juergen.wagner79@web.example,true
KON-00000399,PTR-00000220,TELEFON,+49 30 23125 130,true
KON-00000400,PTR-00000221,EMAIL,regula.brunner@bluemail.example,true
KON-00000401,PTR-00000221,MOBIL,+41 44 000 66 38,true
KON-00000402,PTR-00000222,EMAIL,rolf.brunner77@mail.example,true
KON-00000403,PTR-00000222,MOBIL,+41 44 000 42 52,true
KON-00000404,PTR-00000223,MOBIL,+41 44 000 87 07,true
KON-00000405,PTR-00000224,EMAIL,luis.schmidt03@mail.example,true
KON-00000406,PTR-00000224,MOBIL,+49 152 28817 707,true
KON-00000407,PTR-00000225,EMAIL,nschmidt@post.example,true
KON-00000408,PTR-00000225,MOBIL,+49 152 28817 930,true
KON-00000409,PTR-00000226,EMAIL,dwagner@post.example,true
KON-00000410,PTR-00000226,MOBIL,+49 152 28817 777,true
KON-00000411,PTR-00000227,EMAIL,buehler.verena@bluemail.example,true
KON-00000412,PTR-00000227,TELEFON,+41 44 000 87 86,true
KON-00000413,PTR-00000228,EMAIL,urs.buehler53@mail.example,true
KON-00000414,PTR-00000228,MOBIL,+41 44 000 65 47,true
KON-00000415,PTR-00000229,EMAIL,jschulze@bluemail.example,true
KON-00000416,PTR-00000229,MOBIL,+49 152 28817 905,true
KON-00000417,PTR-00000230,EMAIL,bjoern.winter@post.example,true
KON-00000418,PTR-00000230,MOBIL,+49 152 28817 596,true
KON-00000419,PTR-00000231,EMAIL,julia.hahn@web.example,true
KON-00000420,PTR-00000231,MOBIL,+49 152 28817 283,true
KON-00000421,PTR-00000232,EMAIL,stein.tim@mail.example,true
KON-00000422,PTR-00000232,MOBIL,+49 152 28817 050,true
KON-00000423,PTR-00000233,EMAIL,dmartinez@web.example,true
KON-00000424,PTR-00000233,TELEFON,+41 44 000 11 52,true
KON-00000425,PTR-00000234,EMAIL,info@wigger-gipserei.example,true
KON-00000426,PTR-00000234,TELEFON,+41 44 000 46 79,true
KON-00000427,PTR-00000235,EMAIL,amira.fernandes@mail.example,true
KON-00000428,PTR-00000235,MOBIL,+49 152 28817 661,true
KON-00000429,PTR-00000236,EMAIL,info@allgäu-digital.example,true
KON-00000430,PTR-00000236,TELEFON,+49 30 23125 734,true
KON-00000431,PTR-00000237,EMAIL,hoffmann.jonas@post.example,true
KON-00000432,PTR-00000237,MOBIL,+49 152 28817 088,true
KON-00000433,PTR-00000238,EMAIL,dragan.dogan@post.example,true
KON-00000434,PTR-00000238,MOBIL,+49 152 28817 704,true
KON-00000435,PTR-00000239,EMAIL,lina.schmidt75@post.example,true
KON-00000436,PTR-00000239,MOBIL,+49 152 28817 729,true
KON-00000437,PTR-00000240,EMAIL,fweiss@bluemail.example,true
KON-00000438,PTR-00000240,MOBIL,+49 152 28817 792,true
KON-00000439,PTR-00000241,EMAIL,kbaettig@bluemail.example,true
KON-00000440,PTR-00000241,MOBIL,+41 44 000 35 73,true
KON-00000441,PTR-00000242,EMAIL,daniel.baettig@bluemail.example,true
KON-00000442,PTR-00000242,MOBIL,+41 44 000 85 34,true
KON-00000443,PTR-00000243,EMAIL,info@harz-druck.example,true
KON-00000444,PTR-00000243,TELEFON,+49 30 23125 155,true
KON-00000445,PTR-00000244,EMAIL,martina.berger@web.example,true
KON-00000446,PTR-00000244,TELEFON,+49 30 23125 304,true
KON-00000447,PTR-00000245,MOBIL,+49 152 28817 468,true
KON-00000448,PTR-00000246,EMAIL,lfriedrich@post.example,true
KON-00000449,PTR-00000246,MOBIL,+49 152 28817 232,true
KON-00000450,PTR-00000247,EMAIL,patrick.gaillard@web.example,true
KON-00000451,PTR-00000247,MOBIL,+41 44 000 64 05,true
KON-00000452,PTR-00000248,EMAIL,lars.klein@web.example,true
KON-00000453,PTR-00000248,MOBIL,+49 152 28817 544,true
KON-00000454,PTR-00000249,EMAIL,margrit64@bluemail.example,true
KON-00000455,PTR-00000249,MOBIL,+41 44 000 74 03,true
KON-00000456,PTR-00000250,EMAIL,silvan6@bluemail.example,true
KON-00000457,PTR-00000250,MOBIL,+41 44 000 28 59,true
KON-00000458,PTR-00000251,EMAIL,markus54@bluemail.example,true
KON-00000459,PTR-00000251,TELEFON,+49 30 23125 669,true
KON-00000460,PTR-00000252,EMAIL,rscherrer@mail.example,true
KON-00000461,PTR-00000252,MOBIL,+41 44 000 07 94,true
KON-00000462,PTR-00000253,EMAIL,cscherrer@mail.example,true
KON-00000463,PTR-00000253,MOBIL,+41 44 000 71 13,true
KON-00000464,PTR-00000254,EMAIL,rosmarie.meier76@mail.example,true
KON-00000465,PTR-00000254,MOBIL,+41 44 000 13 55,true
KON-00000466,PTR-00000255,EMAIL,meier.silvan@web.example,true
KON-00000467,PTR-00000255,MOBIL,+41 44 000 24 54,true
KON-00000468,PTR-00000256,EMAIL,rajesh.meier@post.example,true
KON-00000469,PTR-00000256,MOBIL,+41 44 000 82 24,true
KON-00000470,PTR-00000257,MOBIL,+49 152 28817 938,true
KON-00000471,PTR-00000258,EMAIL,vetterli.daniel@mail.example,true
KON-00000472,PTR-00000258,MOBIL,+41 44 000 17 84,true
KON-00000473,PTR-00000259,EMAIL,info@sihl-gipserei.example,true
KON-00000474,PTR-00000259,TELEFON,+41 44 000 82 15,true
KON-00000475,PTR-00000260,EMAIL,mueller.birgit@mail.example,true
KON-00000476,PTR-00000260,MOBIL,+49 152 28817 780,true
KON-00000477,PTR-00000261,EMAIL,dennis.mueller83@post.example,true
KON-00000478,PTR-00000261,MOBIL,+49 152 28817 650,true
KON-00000479,PTR-00000262,EMAIL,heidi.zumstein@bluemail.example,true
KON-00000480,PTR-00000262,TELEFON,+41 44 000 63 69,true
KON-00000481,PTR-00000263,MOBIL,+41 44 000 36 77,true
KON-00000482,PTR-00000264,EMAIL,zumstein.simon@post.example,true
KON-00000483,PTR-00000264,TELEFON,+41 44 000 88 95,true
KON-00000484,PTR-00000265,EMAIL,celine.bovet69@post.example,true
KON-00000485,PTR-00000265,MOBIL,+41 44 000 44 26,true
KON-00000486,PTR-00000266,EMAIL,tbovet@mail.example,true
KON-00000487,PTR-00000266,MOBIL,+41 44 000 71 14,true
KON-00000488,PTR-00000267,EMAIL,schroeder.anke@web.example,true
KON-00000489,PTR-00000267,MOBIL,+49 152 28817 603,true
KON-00000490,PTR-00000268,EMAIL,bkrueger@web.example,true
KON-00000491,PTR-00000268,MOBIL,+49 152 28817 150,true
KON-00000492,PTR-00000269,EMAIL,info@hunsrück-zimmerei.example,true
KON-00000493,PTR-00000269,TELEFON,+49 30 23125 819,true
KON-00000494,PTR-00000270,EMAIL,tanja30@mail.example,true
KON-00000495,PTR-00000270,MOBIL,+49 152 28817 707,true
KON-00000496,PTR-00000271,EMAIL,sebastian76@mail.example,true
KON-00000497,PTR-00000271,MOBIL,+49 152 28817 395,true
KON-00000498,PTR-00000272,EMAIL,wessel.andrea@mail.example,true
KON-00000499,PTR-00000272,MOBIL,+49 152 28817 966,true
KON-00000500,PTR-00000273,EMAIL,lehmann.maren@mail.example,true
KON-00000501,PTR-00000273,TELEFON,+49 30 23125 906,true
KON-00000502,PTR-00000274,MOBIL,+49 152 28817 051,true
KON-00000503,PTR-00000275,EMAIL,patel.sebastian@mail.example,true
KON-00000504,PTR-00000275,MOBIL,+49 152 28817 159,true
KON-00000505,PTR-00000276,EMAIL,haenni.simon@post.example,true
KON-00000506,PTR-00000276,MOBIL,+41 44 000 14 38,true
KON-00000507,PTR-00000277,EMAIL,sandoz.aurelie@bluemail.example,true
KON-00000508,PTR-00000277,MOBIL,+41 44 000 12 06,true
KON-00000509,PTR-00000278,EMAIL,mathieu.sandoz74@mail.example,true
KON-00000510,PTR-00000278,MOBIL,+41 44 000 51 60,true
KON-00000511,PTR-00000279,EMAIL,raphael.iten@web.example,true
KON-00000512,PTR-00000279,MOBIL,+41 44 000 23 51,true
KON-00000513,PTR-00000280,EMAIL,silvia89@bluemail.example,true
KON-00000514,PTR-00000280,MOBIL,+41 44 000 93 97,true
KON-00000515,PTR-00000281,EMAIL,seraina.hess99@mail.example,true
KON-00000516,PTR-00000281,MOBIL,+41 44 000 63 40,true
KON-00000517,PTR-00000282,MOBIL,+41 44 000 12 03,true
KON-00000518,PTR-00000283,EMAIL,lnussbaumer@bluemail.example,true
KON-00000519,PTR-00000283,MOBIL,+41 44 000 16 44,true
KON-00000520,PTR-00000284,EMAIL,info@weissenstein-gartenbau.example,true
KON-00000521,PTR-00000284,TELEFON,+41 44 000 06 46,true
KON-00000522,PTR-00000285,EMAIL,info@wasserfallen-optik.example,true
KON-00000523,PTR-00000285,TELEFON,+41 44 000 69 43,true
KON-00000524,PTR-00000286,EMAIL,sandra.fischer@bluemail.example,true
KON-00000525,PTR-00000286,MOBIL,+41 44 000 43 50,true
KON-00000526,PTR-00000287,EMAIL,camille.jungo@web.example,true
KON-00000527,PTR-00000287,MOBIL,+41 44 000 57 01,true
KON-00000528,PTR-00000288,EMAIL,mustafa.jungo@bluemail.example,true
KON-00000529,PTR-00000288,MOBIL,+41 44 000 84 21,true
KON-00000530,PTR-00000289,EMAIL,oliver24@web.example,true
KON-00000531,PTR-00000289,MOBIL,+49 152 28817 292,true
KON-00000532,PTR-00000290,MOBIL,+41 44 000 06 65,true
KON-00000533,PTR-00000291,TELEFON,+41 44 000 22 79,true
KON-00000534,PTR-00000292,EMAIL,raphael.gasser@web.example,true
KON-00000535,PTR-00000292,MOBIL,+41 44 000 73 41,true
KON-00000536,PTR-00000293,EMAIL,mgasser@post.example,true
KON-00000537,PTR-00000293,MOBIL,+41 44 000 15 64,true
KON-00000538,PTR-00000294,EMAIL,david.schmid@post.example,true
KON-00000539,PTR-00000294,MOBIL,+41 44 000 66 16,true
KON-00000540,PTR-00000295,EMAIL,odermatt.martin@mail.example,true
KON-00000541,PTR-00000295,MOBIL,+41 44 000 80 25,true
KON-00000542,PTR-00000296,EMAIL,fatma.jovanovic@bluemail.example,true
KON-00000543,PTR-00000296,MOBIL,+41 44 000 84 81,true
KON-00000544,PTR-00000297,EMAIL,msahin@web.example,true
KON-00000545,PTR-00000297,MOBIL,+41 44 000 48 68,true
KON-00000546,PTR-00000298,EMAIL,sahin.samuel@post.example,true
KON-00000547,PTR-00000298,MOBIL,+41 44 000 02 73,true
KON-00000548,PTR-00000299,EMAIL,levin21@web.example,true
KON-00000549,PTR-00000299,MOBIL,+41 44 000 61 90,true
KON-00000550,PTR-00000300,EMAIL,lnikolic@web.example,true
KON-00000551,PTR-00000300,MOBIL,+41 44 000 59 85,true
KON-00000552,PTR-00000301,MOBIL,+41 44 000 66 75,true
KON-00000553,PTR-00000302,EMAIL,stefan.frei80@bluemail.example,true
KON-00000554,PTR-00000302,MOBIL,+41 44 000 55 77,true
KON-00000555,PTR-00000303,EMAIL,francesco97@bluemail.example,true
KON-00000556,PTR-00000303,MOBIL,+41 44 000 89 00,true
KON-00000557,PTR-00000304,EMAIL,aurora97@mail.example,true
KON-00000558,PTR-00000304,MOBIL,+41 44 000 03 28,true
KON-00000559,PTR-00000305,EMAIL,aylin70@mail.example,true
KON-00000560,PTR-00000305,MOBIL,+49 152 28817 329,true
KON-00000561,PTR-00000306,EMAIL,matthias52@post.example,true
KON-00000562,PTR-00000306,MOBIL,+41 44 000 67 97,true
KON-00000563,PTR-00000307,MOBIL,+41 44 000 80 56,true
KON-00000564,PTR-00000308,EMAIL,sghiringhelli@bluemail.example,true
KON-00000565,PTR-00000308,TELEFON,+41 44 000 06 84,true
KON-00000566,PTR-00000309,EMAIL,mdemir@mail.example,true
KON-00000567,PTR-00000309,MOBIL,+41 44 000 33 90,true
KON-00000568,PTR-00000310,EMAIL,info@léman-logistik.example,true
KON-00000569,PTR-00000310,TELEFON,+41 44 000 09 13,true
KON-00000570,PTR-00000311,EMAIL,tomasz30@bluemail.example,true
KON-00000571,PTR-00000311,MOBIL,+49 152 28817 903,true
KON-00000572,PTR-00000312,EMAIL,kowalczyk.renate@web.example,true
KON-00000573,PTR-00000312,MOBIL,+49 152 28817 763,true
KON-00000574,PTR-00000313,EMAIL,anke.wolf73@mail.example,true
KON-00000575,PTR-00000313,MOBIL,+49 152 28817 388,true
KON-00000576,PTR-00000314,EMAIL,info@ostsee-consulting.example,true
KON-00000577,PTR-00000314,TELEFON,+49 30 23125 716,true
KON-00000578,PTR-00000315,EMAIL,melanie42@web.example,true
KON-00000579,PTR-00000315,MOBIL,+49 152 28817 127,true
KON-00000580,PTR-00000316,EMAIL,janssen.tobias@bluemail.example,true
KON-00000581,PTR-00000316,MOBIL,+49 152 28817 817,true
KON-00000582,PTR-00000317,EMAIL,tobias.jung94@bluemail.example,true
KON-00000583,PTR-00000317,MOBIL,+49 152 28817 458,true
KON-00000584,PTR-00000318,MOBIL,+41 44 000 50 73,true
KON-00000585,PTR-00000319,EMAIL,martin.louis@post.example,true
KON-00000586,PTR-00000319,MOBIL,+41 44 000 67 32,true
KON-00000587,PTR-00000320,EMAIL,lars.sommer@mail.example,true
KON-00000588,PTR-00000320,MOBIL,+49 152 28817 900,true
KON-00000589,PTR-00000321,EMAIL,becker.philipp@mail.example,true
KON-00000590,PTR-00000321,MOBIL,+49 152 28817 215,true
KON-00000591,PTR-00000322,EMAIL,ayse92@post.example,true
KON-00000592,PTR-00000322,MOBIL,+49 152 28817 072,true
KON-00000593,PTR-00000323,EMAIL,anke44@web.example,true
KON-00000594,PTR-00000323,MOBIL,+49 152 28817 645,true
KON-00000595,PTR-00000324,EMAIL,philipp.ortlepp80@bluemail.example,true
KON-00000596,PTR-00000324,MOBIL,+49 152 28817 286,true
KON-00000597,PTR-00000325,EMAIL,daniel84@mail.example,true
KON-00000598,PTR-00000325,MOBIL,+49 152 28817 214,true
KON-00000599,PTR-00000326,EMAIL,info@aller-velo.example,true
KON-00000600,PTR-00000326,TELEFON,+49 30 23125 352,true
KON-00000601,PTR-00000327,EMAIL,dkuhn@web.example,true
KON-00000602,PTR-00000327,TELEFON,+49 30 23125 365,true
KON-00000603,PTR-00000328,MOBIL,+41 44 000 95 84,true
KON-00000604,PTR-00000329,EMAIL,nikola.roth78@web.example,true
KON-00000605,PTR-00000329,MOBIL,+41 44 000 33 47,true
KON-00000606,PTR-00000330,EMAIL,emma.roth@mail.example,true
KON-00000607,PTR-00000330,MOBIL,+41 44 000 87 35,true
KON-00000608,PTR-00000331,EMAIL,roth.patrick@bluemail.example,true
KON-00000609,PTR-00000331,MOBIL,+41 44 000 76 44,true
KON-00000610,PTR-00000332,EMAIL,stalder.tamara@post.example,true
KON-00000611,PTR-00000332,MOBIL,+41 44 000 33 65,true
KON-00000612,PTR-00000333,EMAIL,info@nordlicht-heizungsbau.example,true
KON-00000613,PTR-00000333,TELEFON,+49 30 23125 004,true
KON-00000614,PTR-00000334,EMAIL,nhofmann@bluemail.example,true
KON-00000615,PTR-00000334,MOBIL,+49 152 28817 950,true
KON-00000616,PTR-00000335,EMAIL,sebastian.hofmann@post.example,true
KON-00000617,PTR-00000335,MOBIL,+49 152 28817 812,true
KON-00000618,PTR-00000336,EMAIL,info@uetli-velo.example,true
KON-00000619,PTR-00000336,TELEFON,+41 44 000 58 90,true
KON-00000620,PTR-00000337,EMAIL,dragan.papadopoulos@web.example,true
KON-00000621,PTR-00000337,TELEFON,+41 44 000 37 99,true
KON-00000622,PTR-00000338,TELEFON,+41 44 000 46 75,true
KON-00000623,PTR-00000339,EMAIL,mottier.frederic@web.example,true
KON-00000624,PTR-00000339,MOBIL,+41 44 000 37 76,true
KON-00000625,PTR-00000340,EMAIL,alina16@post.example,true
KON-00000626,PTR-00000340,MOBIL,+41 44 000 54 29,true
KON-00000627,PTR-00000341,EMAIL,tgerber@bluemail.example,true
KON-00000628,PTR-00000341,MOBIL,+41 44 000 22 28,true
KON-00000629,PTR-00000342,EMAIL,laura.jaeger@post.example,true
KON-00000630,PTR-00000342,MOBIL,+49 152 28817 336,true
KON-00000631,PTR-00000343,EMAIL,anna62@post.example,true
KON-00000632,PTR-00000343,MOBIL,+41 44 000 72 61,true
KON-00000633,PTR-00000344,EMAIL,raphael.meyer79@web.example,true
KON-00000634,PTR-00000344,MOBIL,+41 44 000 29 54,true
KON-00000635,PTR-00000345,EMAIL,emeyer@post.example,true
KON-00000636,PTR-00000345,MOBIL,+41 44 000 66 07,true
KON-00000637,PTR-00000346,EMAIL,idemirci@post.example,true
KON-00000638,PTR-00000346,MOBIL,+41 44 000 20 64,true
KON-00000639,PTR-00000347,EMAIL,bettina44@web.example,true
KON-00000640,PTR-00000347,MOBIL,+41 44 000 90 41,true
KON-00000641,PTR-00000348,MOBIL,+49 152 28817 719,true
KON-00000642,PTR-00000349,MOBIL,+49 152 28817 624,true
KON-00000643,PTR-00000350,EMAIL,lbecker@post.example,true
KON-00000644,PTR-00000350,MOBIL,+49 152 28817 756,true
KON-00000645,PTR-00000351,MOBIL,+49 152 28817 716,true
KON-00000646,PTR-00000352,EMAIL,tbecker@bluemail.example,true
KON-00000647,PTR-00000352,MOBIL,+49 152 28817 983,true
KON-00000648,PTR-00000353,EMAIL,koebi.yilmaz@post.example,true
KON-00000649,PTR-00000353,MOBIL,+41 44 000 52 32,true
KON-00000650,PTR-00000354,EMAIL,hanspeter.sutter61@post.example,true
KON-00000651,PTR-00000354,MOBIL,+41 44 000 92 59,true
KON-00000652,PTR-00000355,EMAIL,bsutter@bluemail.example,true
KON-00000653,PTR-00000355,MOBIL,+41 44 000 40 16,true
KON-00000654,PTR-00000356,EMAIL,livia19@post.example,true
KON-00000655,PTR-00000356,MOBIL,+41 44 000 28 60,true
KON-00000656,PTR-00000357,EMAIL,sutter.emma@mail.example,true
KON-00000657,PTR-00000357,MOBIL,+41 44 000 90 71,true
KON-00000658,PTR-00000358,MOBIL,+49 152 28817 956,true
KON-00000659,PTR-00000359,EMAIL,info@mosel-gastro.example,true
KON-00000660,PTR-00000359,TELEFON,+49 30 23125 599,true
KON-00000661,PTR-00000360,EMAIL,bruno88@bluemail.example,true
KON-00000662,PTR-00000360,MOBIL,+41 44 000 88 09,true
KON-00000663,PTR-00000361,EMAIL,fabienne.roth@bluemail.example,true
KON-00000664,PTR-00000361,MOBIL,+41 44 000 39 59,true
KON-00000665,PTR-00000362,MOBIL,+41 44 000 12 70,true
KON-00000666,PTR-00000363,EMAIL,amir.suter96@mail.example,true
KON-00000667,PTR-00000363,MOBIL,+41 44 000 82 84,true
KON-00000668,PTR-00000364,EMAIL,kevin.baumann92@bluemail.example,true
KON-00000669,PTR-00000364,MOBIL,+49 152 28817 861,true
KON-00000670,PTR-00000365,EMAIL,marie.baumann@mail.example,true
KON-00000671,PTR-00000365,MOBIL,+49 152 28817 588,true
KON-00000672,PTR-00000366,EMAIL,haas.charlotte@post.example,true
KON-00000673,PTR-00000366,MOBIL,+49 152 28817 313,true
KON-00000674,PTR-00000367,EMAIL,info@mosel-ingenieure.example,true
KON-00000675,PTR-00000367,TELEFON,+49 30 23125 581,true
KON-00000676,PTR-00000368,EMAIL,vesna.hussain74@web.example,true
KON-00000677,PTR-00000368,MOBIL,+41 44 000 98 16,true
KON-00000678,PTR-00000369,EMAIL,philipp.meyer99@web.example,true
KON-00000679,PTR-00000369,MOBIL,+41 44 000 78 35,true
KON-00000680,PTR-00000370,EMAIL,oliver.beck73@bluemail.example,true
KON-00000681,PTR-00000370,MOBIL,+49 152 28817 874,true
KON-00000682,PTR-00000371,EMAIL,eleni.beck@bluemail.example,true
KON-00000683,PTR-00000371,MOBIL,+49 152 28817 854,true
KON-00000684,PTR-00000372,EMAIL,hpeters@web.example,true
KON-00000685,PTR-00000372,MOBIL,+49 152 28817 493,true
KON-00000686,PTR-00000373,EMAIL,speters@web.example,true
KON-00000687,PTR-00000373,MOBIL,+49 152 28817 460,true
KON-00000688,PTR-00000374,EMAIL,birgit.winter89@bluemail.example,true
KON-00000689,PTR-00000374,TELEFON,+49 30 23125 252,true
KON-00000690,PTR-00000375,EMAIL,winter.lina@web.example,true
KON-00000691,PTR-00000375,MOBIL,+49 152 28817 894,true
KON-00000692,PTR-00000376,EMAIL,egeorgiou@bluemail.example,true
KON-00000693,PTR-00000376,MOBIL,+41 44 000 57 07,true
KON-00000694,PTR-00000377,EMAIL,chiara.rossi86@mail.example,true
KON-00000695,PTR-00000377,MOBIL,+41 44 000 66 42,true
KON-00000696,PTR-00000378,EMAIL,info@furka-informatik.example,true
KON-00000697,PTR-00000378,TELEFON,+41 44 000 76 87,true
KON-00000698,PTR-00000379,EMAIL,mia.mueller@web.example,true
KON-00000699,PTR-00000379,MOBIL,+49 152 28817 196,true
KON-00000700,PTR-00000380,EMAIL,sigrist.karin@web.example,true
KON-00000701,PTR-00000380,MOBIL,+41 44 000 44 81,true
KON-00000702,PTR-00000381,EMAIL,ueli.sigrist@bluemail.example,true
KON-00000703,PTR-00000381,TELEFON,+41 44 000 53 11,true
KON-00000704,PTR-00000382,EMAIL,csigrist@web.example,true
KON-00000705,PTR-00000382,MOBIL,+41 44 000 09 19,true
KON-00000706,PTR-00000383,EMAIL,nils.sigrist92@post.example,true
KON-00000707,PTR-00000383,MOBIL,+41 44 000 93 32,true
KON-00000708,PTR-00000384,EMAIL,joel63@mail.example,true
KON-00000709,PTR-00000384,MOBIL,+41 44 000 81 70,true
KON-00000710,PTR-00000385,EMAIL,hansruedi.graf52@mail.example,true
KON-00000711,PTR-00000385,TELEFON,+41 44 000 38 58,true
KON-00000712,PTR-00000386,EMAIL,graf.ursula@bluemail.example,true
KON-00000713,PTR-00000386,MOBIL,+41 44 000 52 84,true
KON-00000714,PTR-00000387,EMAIL,lukas86@post.example,true
KON-00000715,PTR-00000387,MOBIL,+49 152 28817 787,true
KON-00000716,PTR-00000388,EMAIL,czappa@web.example,true
KON-00000717,PTR-00000388,MOBIL,+41 44 000 73 26,true
KON-00000718,PTR-00000389,TELEFON,+41 44 000 04 67,true
KON-00000719,PTR-00000390,EMAIL,giulia35@web.example,true
KON-00000720,PTR-00000390,MOBIL,+41 44 000 33 40,true
KON-00000721,PTR-00000391,EMAIL,giulia.zappa@bluemail.example,true
KON-00000722,PTR-00000391,MOBIL,+41 44 000 98 81,true
KON-00000723,PTR-00000392,MOBIL,+41 44 000 50 31,true
KON-00000724,PTR-00000393,EMAIL,moritz.wagner97@mail.example,true
KON-00000725,PTR-00000393,MOBIL,+49 152 28817 852,true
KON-00000726,PTR-00000394,EMAIL,sbaumann@web.example,true
KON-00000727,PTR-00000394,MOBIL,+49 152 28817 344,true
KON-00000728,PTR-00000395,EMAIL,wagner.ben@mail.example,true
KON-00000729,PTR-00000395,MOBIL,+49 152 28817 374,true
KON-00000730,PTR-00000396,EMAIL,emil.wagner@web.example,true
KON-00000731,PTR-00000396,MOBIL,+49 152 28817 141,true
KON-00000732,PTR-00000397,EMAIL,petra.ortlepp87@post.example,true
KON-00000733,PTR-00000397,MOBIL,+49 152 28817 331,true
KON-00000734,PTR-00000398,EMAIL,nowak.samuel@post.example,true
KON-00000735,PTR-00000398,MOBIL,+49 152 28817 450,true
KON-00000736,PTR-00000399,EMAIL,christina84@mail.example,true
KON-00000737,PTR-00000399,TELEFON,+49 30 23125 452,true
KON-00000738,PTR-00000400,EMAIL,michelle44@web.example,true
KON-00000739,PTR-00000400,MOBIL,+41 44 000 07 49,true
KON-00000740,PTR-00000401,EMAIL,matthias80@mail.example,true
KON-00000741,PTR-00000401,MOBIL,+49 152 28817 677,true
KON-00000742,PTR-00000402,EMAIL,nfiedler@bluemail.example,true
KON-00000743,PTR-00000402,MOBIL,+49 152 28817 901,true
KON-00000744,PTR-00000403,EMAIL,stefanie.schmitz@mail.example,true
KON-00000745,PTR-00000403,TELEFON,+49 30 23125 208,true
KON-00000746,PTR-00000404,MOBIL,+49 152 28817 351,true
KON-00000747,PTR-00000405,EMAIL,katrin.schmitz@web.example,true
KON-00000748,PTR-00000405,MOBIL,+49 152 28817 707,true
KON-00000749,PTR-00000406,EMAIL,matthias.schmitz85@post.example,true
KON-00000750,PTR-00000406,MOBIL,+49 152 28817 733,true
KON-00000751,PTR-00000407,TELEFON,+41 44 000 95 73,true
KON-00000752,PTR-00000408,EMAIL,info@limmat-apotheke.example,true
KON-00000753,PTR-00000408,TELEFON,+41 44 000 98 93,true
KON-00000754,PTR-00000409,EMAIL,kaufmann.seraina@post.example,true
KON-00000755,PTR-00000409,MOBIL,+41 44 000 05 86,true
KON-00000756,PTR-00000410,EMAIL,pereira.aylin@bluemail.example,true
KON-00000757,PTR-00000410,MOBIL,+49 152 28817 984,true
KON-00000758,PTR-00000411,EMAIL,christian.rudolf@web.example,true
KON-00000759,PTR-00000411,MOBIL,+41 44 000 86 96,true
KON-00000760,PTR-00000412,EMAIL,daniela.rudolf@post.example,true
KON-00000761,PTR-00000412,MOBIL,+41 44 000 07 19,true
KON-00000762,PTR-00000413,EMAIL,leila8@web.example,true
KON-00000763,PTR-00000413,MOBIL,+41 44 000 93 51,true
KON-00000764,PTR-00000414,EMAIL,thorvat@post.example,true
KON-00000765,PTR-00000414,MOBIL,+41 44 000 36 14,true
KON-00000766,PTR-00000415,EMAIL,ahorvat@web.example,true
KON-00000767,PTR-00000415,MOBIL,+41 44 000 88 27,true
KON-00000768,PTR-00000416,EMAIL,jbraun@post.example,true
KON-00000769,PTR-00000416,MOBIL,+49 152 28817 139,true
KON-00000770,PTR-00000417,EMAIL,mherrmann@mail.example,true
KON-00000771,PTR-00000417,MOBIL,+49 152 28817 555,true
KON-00000772,PTR-00000418,EMAIL,birgit52@bluemail.example,true
KON-00000773,PTR-00000418,MOBIL,+49 152 28817 297,true
KON-00000774,PTR-00000419,EMAIL,sahin.svetlana@bluemail.example,true
KON-00000775,PTR-00000419,MOBIL,+49 152 28817 367,true
KON-00000776,PTR-00000420,MOBIL,+49 152 28817 231,true
KON-00000777,PTR-00000421,EMAIL,leila.kowalczyk03@post.example,true
KON-00000778,PTR-00000421,MOBIL,+49 152 28817 388,true
KON-00000779,PTR-00000422,EMAIL,hans-juergen.fischer46@mail.example,true
KON-00000780,PTR-00000422,TELEFON,+49 30 23125 133,true
KON-00000781,PTR-00000423,EMAIL,marco.schmidt82@web.example,true
KON-00000782,PTR-00000423,MOBIL,+49 152 28817 684,true
KON-00000783,PTR-00000424,EMAIL,flurina.hauenstein@bluemail.example,true
KON-00000784,PTR-00000424,MOBIL,+41 44 000 29 41,true
KON-00000785,PTR-00000425,EMAIL,dimitrios.rodriguez68@mail.example,true
KON-00000786,PTR-00000425,MOBIL,+49 152 28817 783,true
KON-00000787,PTR-00000426,EMAIL,gisela.rodriguez@web.example,true
KON-00000788,PTR-00000426,MOBIL,+49 152 28817 106,true
KON-00000789,PTR-00000427,EMAIL,nrodriguez@web.example,true
KON-00000790,PTR-00000427,TELEFON,+49 30 23125 096,true
KON-00000791,PTR-00000428,EMAIL,leonie.rodriguez03@bluemail.example,true
KON-00000792,PTR-00000428,MOBIL,+49 152 28817 815,true
KON-00000793,PTR-00000429,MOBIL,+49 152 28817 913,true
KON-00000794,PTR-00000430,EMAIL,horvat.dimitrios@post.example,true
KON-00000795,PTR-00000430,MOBIL,+49 152 28817 769,true
KON-00000796,PTR-00000431,EMAIL,info@schwarzwald-autohaus.example,true
KON-00000797,PTR-00000431,TELEFON,+49 30 23125 530,true
KON-00000798,PTR-00000432,EMAIL,petrovic.carlos@post.example,true
KON-00000799,PTR-00000432,TELEFON,+49 30 23125 739,true
KON-00000800,PTR-00000433,EMAIL,vanessa.fuchs@web.example,true
KON-00000801,PTR-00000433,MOBIL,+49 152 28817 184,true
KON-00000802,PTR-00000434,MOBIL,+49 152 28817 357,true
KON-00000803,PTR-00000435,EMAIL,rajesh.okafor71@mail.example,true
KON-00000804,PTR-00000435,MOBIL,+49 152 28817 371,true
KON-00000805,PTR-00000436,EMAIL,yann22@mail.example,true
KON-00000806,PTR-00000436,MOBIL,+41 44 000 21 02,true
KON-00000807,PTR-00000437,EMAIL,info@pilatus-malerei.example,true
KON-00000808,PTR-00000437,TELEFON,+41 44 000 52 72,true
KON-00000809,PTR-00000438,MOBIL,+49 152 28817 258,true
KON-00000810,PTR-00000439,MOBIL,+49 152 28817 100,true
KON-00000811,PTR-00000440,EMAIL,mombelli.paolo@post.example,true
KON-00000812,PTR-00000440,TELEFON,+41 44 000 67 18,true
KON-00000813,PTR-00000441,MOBIL,+41 44 000 87 00,true
KON-00000814,PTR-00000442,MOBIL,+41 44 000 93 29,true
KON-00000815,PTR-00000443,EMAIL,ckunz@post.example,true
KON-00000816,PTR-00000443,TELEFON,+41 44 000 68 41,true
KON-00000817,PTR-00000444,EMAIL,samuel.kunz88@web.example,true
KON-00000818,PTR-00000444,MOBIL,+41 44 000 96 28,true
KON-00000819,PTR-00000445,EMAIL,jerome81@web.example,true
KON-00000820,PTR-00000445,TELEFON,+41 44 000 28 21,true
KON-00000821,PTR-00000446,EMAIL,christiane.moret@bluemail.example,true
KON-00000822,PTR-00000446,MOBIL,+41 44 000 21 71,true
KON-00000823,PTR-00000447,EMAIL,elke.huebner@post.example,true
KON-00000824,PTR-00000447,MOBIL,+49 152 28817 069,true
KON-00000825,PTR-00000448,MOBIL,+49 152 28817 101,true
KON-00000826,PTR-00000449,MOBIL,+49 152 28817 794,true
KON-00000827,PTR-00000450,EMAIL,dominik.frei@bluemail.example,true
KON-00000828,PTR-00000450,MOBIL,+41 44 000 26 74,true
KON-00000829,PTR-00000451,EMAIL,elisabeth.frei57@web.example,true
KON-00000830,PTR-00000451,MOBIL,+41 44 000 09 85,true
KON-00000831,PTR-00000452,EMAIL,mfrei@mail.example,true
KON-00000832,PTR-00000452,MOBIL,+41 44 000 15 79,true
KON-00000833,PTR-00000453,EMAIL,jessica91@mail.example,true
KON-00000834,PTR-00000453,MOBIL,+49 152 28817 526,true
KON-00000835,PTR-00000454,EMAIL,sebastian91@web.example,true
KON-00000836,PTR-00000454,MOBIL,+49 152 28817 525,true
KON-00000837,PTR-00000455,EMAIL,vanessa52@bluemail.example,true
KON-00000838,PTR-00000455,MOBIL,+49 152 28817 103,true
KON-00000839,PTR-00000456,EMAIL,philipp.moeller@bluemail.example,true
KON-00000840,PTR-00000456,MOBIL,+49 152 28817 897,true
KON-00000841,PTR-00000457,EMAIL,anke.fischer85@mail.example,true
KON-00000842,PTR-00000457,MOBIL,+49 152 28817 994,true
KON-00000843,PTR-00000458,EMAIL,tfischer@post.example,true
KON-00000844,PTR-00000458,MOBIL,+49 152 28817 131,true
KON-00000845,PTR-00000459,EMAIL,jonas89@web.example,true
KON-00000846,PTR-00000459,MOBIL,+49 152 28817 435,true
KON-00000847,PTR-00000460,EMAIL,noah.meier@post.example,true
KON-00000848,PTR-00000460,MOBIL,+49 152 28817 102,true
KON-00000849,PTR-00000461,EMAIL,meier.jana@web.example,true
KON-00000850,PTR-00000461,MOBIL,+49 152 28817 563,true
KON-00000851,PTR-00000462,EMAIL,frank.busch@web.example,true
KON-00000852,PTR-00000462,MOBIL,+49 152 28817 298,true
KON-00000853,PTR-00000463,EMAIL,becker.marco@bluemail.example,true
KON-00000854,PTR-00000463,MOBIL,+49 152 28817 356,true
KON-00000855,PTR-00000464,EMAIL,laura75@post.example,true
KON-00000856,PTR-00000464,MOBIL,+41 44 000 23 20,true
KON-00000857,PTR-00000465,MOBIL,+41 44 000 67 48,true
KON-00000858,PTR-00000466,EMAIL,roth.nils@post.example,true
KON-00000859,PTR-00000466,MOBIL,+41 44 000 04 48,true
KON-00000860,PTR-00000467,EMAIL,aisha40@bluemail.example,true
KON-00000861,PTR-00000467,MOBIL,+41 44 000 05 38,true
KON-00000862,PTR-00000468,EMAIL,anke.kuehn@post.example,true
KON-00000863,PTR-00000468,MOBIL,+49 152 28817 537,true
KON-00000864,PTR-00000469,EMAIL,finn83@mail.example,true
KON-00000865,PTR-00000469,MOBIL,+49 152 28817 064,true
KON-00000866,PTR-00000470,EMAIL,kevin.kuehn@post.example,true
KON-00000867,PTR-00000470,MOBIL,+49 152 28817 904,true
KON-00000868,PTR-00000471,EMAIL,gabriele.kuehn@mail.example,true
KON-00000869,PTR-00000471,MOBIL,+49 152 28817 837,true
KON-00000870,PTR-00000472,EMAIL,jana.schwarz80@web.example,true
KON-00000871,PTR-00000472,MOBIL,+49 152 28817 121,true
KON-00000872,PTR-00000473,EMAIL,dschwarz@mail.example,true
KON-00000873,PTR-00000473,MOBIL,+49 152 28817 987,true
KON-00000874,PTR-00000474,EMAIL,nicole.schwarz05@post.example,true
KON-00000875,PTR-00000474,MOBIL,+49 152 28817 865,true
KON-00000876,PTR-00000475,EMAIL,dietrich.charlotte@web.example,true
KON-00000877,PTR-00000475,MOBIL,+49 152 28817 222,true
KON-00000878,PTR-00000476,EMAIL,finn9@post.example,true
KON-00000879,PTR-00000476,MOBIL,+49 152 28817 335,true
KON-00000880,PTR-00000477,EMAIL,kevin.mueller@post.example,true
KON-00000881,PTR-00000477,MOBIL,+49 152 28817 129,true
KON-00000882,PTR-00000478,MOBIL,+49 152 28817 988,true
KON-00000883,PTR-00000479,EMAIL,oceane60@post.example,true
KON-00000884,PTR-00000479,MOBIL,+41 44 000 72 32,true
KON-00000885,PTR-00000480,EMAIL,ovonlanthen@web.example,true
KON-00000886,PTR-00000480,MOBIL,+41 44 000 11 15,true
KON-00000887,PTR-00000481,EMAIL,yhirt@post.example,true
KON-00000888,PTR-00000481,MOBIL,+41 44 000 57 78,true
KON-00000889,PTR-00000482,EMAIL,lisa.schmid00@web.example,true
KON-00000890,PTR-00000482,MOBIL,+49 152 28817 685,true
KON-00000891,PTR-00000483,EMAIL,dirk.schmid@bluemail.example,true
KON-00000892,PTR-00000483,MOBIL,+49 152 28817 070,true
KON-00000893,PTR-00000484,EMAIL,martin.schneider@web.example,true
KON-00000894,PTR-00000484,MOBIL,+41 44 000 31 03,true
KON-00000895,PTR-00000485,EMAIL,mhassan@post.example,true
KON-00000896,PTR-00000485,MOBIL,+41 44 000 03 95,true
KON-00000897,PTR-00000486,EMAIL,bettina.imhof@mail.example,true
KON-00000898,PTR-00000486,MOBIL,+41 44 000 23 43,true
KON-00000899,PTR-00000487,EMAIL,heike.werner@mail.example,true
KON-00000900,PTR-00000487,MOBIL,+49 152 28817 855,true
KON-00000901,PTR-00000488,EMAIL,info@aller-verwaltungs.example,true
KON-00000902,PTR-00000488,TELEFON,+49 30 23125 882,true
KON-00000903,PTR-00000489,EMAIL,fabian30@bluemail.example,true
KON-00000904,PTR-00000489,MOBIL,+41 44 000 14 28,true
KON-00000905,PTR-00000490,EMAIL,simon.burkhalter90@post.example,true
KON-00000906,PTR-00000490,MOBIL,+41 44 000 12 69,true
KON-00000907,PTR-00000491,MOBIL,+41 44 000 29 63,true
KON-00000908,PTR-00000492,EMAIL,burkhalter.patrick@bluemail.example,true
KON-00000909,PTR-00000492,MOBIL,+41 44 000 47 55,true
KON-00000910,PTR-00000493,MOBIL,+41 44 000 11 34,true
KON-00000911,PTR-00000494,EMAIL,samuel60@bluemail.example,true
KON-00000912,PTR-00000494,MOBIL,+41 44 000 01 78,true
KON-00000913,PTR-00000495,EMAIL,flurina.yilmaz@post.example,true
KON-00000914,PTR-00000495,MOBIL,+41 44 000 25 13,true
KON-00000915,PTR-00000496,MOBIL,+41 44 000 54 42,true
KON-00000916,PTR-00000497,EMAIL,aisha18@bluemail.example,true
KON-00000917,PTR-00000497,MOBIL,+41 44 000 50 90,true
KON-00000918,PTR-00000498,EMAIL,yilmaz.tim@mail.example,true
KON-00000919,PTR-00000498,MOBIL,+41 44 000 55 22,true
KON-00000920,PTR-00000499,EMAIL,levin84@web.example,true
KON-00000921,PTR-00000499,MOBIL,+41 44 000 22 54,true
KON-00000922,PTR-00000500,MOBIL,+49 152 28817 293,true
KON-00000923,PTR-00000501,EMAIL,bauer.lars@bluemail.example,true
KON-00000924,PTR-00000501,MOBIL,+49 152 28817 276,true
KON-00000925,PTR-00000502,EMAIL,fischer.reto@post.example,true
KON-00000926,PTR-00000502,MOBIL,+41 44 000 81 80,true
KON-00000927,PTR-00000503,EMAIL,meryem.fischer@post.example,true
KON-00000928,PTR-00000503,MOBIL,+41 44 000 04 34,true
KON-00000929,PTR-00000504,MOBIL,+41 44 000 60 25,true
KON-00000930,PTR-00000505,EMAIL,flurina31@bluemail.example,true
KON-00000931,PTR-00000505,TELEFON,+41 44 000 90 20,true
KON-00000932,PTR-00000506,MOBIL,+49 152 28817 794,true
KON-00000933,PTR-00000507,EMAIL,friedrich.sven@mail.example,true
KON-00000934,PTR-00000507,MOBIL,+49 152 28817 043,true
KON-00000935,PTR-00000508,EMAIL,juerg.schneider66@mail.example,true
KON-00000936,PTR-00000508,MOBIL,+41 44 000 17 90,true
KON-00000937,PTR-00000509,EMAIL,vreni42@mail.example,true
KON-00000938,PTR-00000509,MOBIL,+41 44 000 16 93,true
KON-00000939,PTR-00000510,EMAIL,nina13@mail.example,true
KON-00000940,PTR-00000510,MOBIL,+41 44 000 62 69,true
KON-00000941,PTR-00000511,MOBIL,+41 44 000 36 82,true
KON-00000942,PTR-00000512,EMAIL,marco.wagner70@web.example,true
KON-00000943,PTR-00000512,MOBIL,+49 152 28817 383,true
KON-00000944,PTR-00000513,EMAIL,tchristen@web.example,true
KON-00000945,PTR-00000513,MOBIL,+41 44 000 97 54,true
KON-00000946,PTR-00000514,EMAIL,katarzyna.christen68@web.example,true
KON-00000947,PTR-00000514,MOBIL,+41 44 000 28 00,true
KON-00000948,PTR-00000515,EMAIL,christen.nikola@mail.example,true
KON-00000949,PTR-00000515,MOBIL,+41 44 000 64 40,true
KON-00000950,PTR-00000516,EMAIL,lchristen@bluemail.example,true
KON-00000951,PTR-00000516,MOBIL,+41 44 000 41 10,true
KON-00000952,PTR-00000517,EMAIL,fischer.matthias@bluemail.example,true
KON-00000953,PTR-00000517,MOBIL,+49 152 28817 221,true
KON-00000954,PTR-00000518,EMAIL,info@donau-textil.example,true
KON-00000955,PTR-00000518,TELEFON,+49 30 23125 957,true
KON-00000956,PTR-00000519,EMAIL,ana.celik@bluemail.example,true
KON-00000957,PTR-00000519,MOBIL,+49 152 28817 536,true
KON-00000958,PTR-00000520,EMAIL,wagner.matthias@web.example,true
KON-00000959,PTR-00000520,MOBIL,+49 152 28817 486,true
KON-00000960,PTR-00000521,MOBIL,+49 152 28817 759,true
KON-00000961,PTR-00000522,EMAIL,lorenz.jana@mail.example,true
KON-00000962,PTR-00000522,MOBIL,+49 152 28817 203,true
KON-00000963,PTR-00000523,EMAIL,lorenz.michael@mail.example,true
KON-00000964,PTR-00000523,MOBIL,+49 152 28817 275,true
KON-00000965,PTR-00000524,EMAIL,peter.pascal@post.example,true
KON-00000966,PTR-00000524,MOBIL,+41 44 000 75 35,true
KON-00000967,PTR-00000525,EMAIL,goran46@mail.example,true
KON-00000968,PTR-00000525,MOBIL,+49 152 28817 087,true
KON-00000969,PTR-00000526,EMAIL,info@havelland-kinderkrippe.example,true
KON-00000970,PTR-00000526,TELEFON,+49 30 23125 752,true
KON-00000971,PTR-00000527,EMAIL,thommen.anna@web.example,true
KON-00000972,PTR-00000527,MOBIL,+41 44 000 63 79,true
KON-00000973,PTR-00000528,EMAIL,mthommen@mail.example,true
KON-00000974,PTR-00000528,MOBIL,+41 44 000 19 13,true
KON-00000975,PTR-00000529,EMAIL,nthommen@bluemail.example,true
KON-00000976,PTR-00000529,MOBIL,+41 44 000 45 25,true
KON-00000977,PTR-00000530,EMAIL,andrea.schmid@web.example,true
KON-00000978,PTR-00000530,MOBIL,+49 152 28817 875,true
KON-00000979,PTR-00000531,EMAIL,fabienne86@web.example,true
KON-00000980,PTR-00000531,MOBIL,+41 44 000 67 71,true
KON-00000981,PTR-00000532,MOBIL,+41 44 000 49 83,true
KON-00000982,PTR-00000533,EMAIL,thomas89@bluemail.example,true
KON-00000983,PTR-00000533,TELEFON,+49 30 23125 044,true
KON-00000984,PTR-00000534,EMAIL,pape.julia@bluemail.example,true
KON-00000985,PTR-00000534,MOBIL,+49 152 28817 844,true
KON-00000986,PTR-00000535,EMAIL,murat.rodriguez@web.example,true
KON-00000987,PTR-00000535,MOBIL,+41 44 000 52 51,true
KON-00000988,PTR-00000536,EMAIL,claude.rodriguez49@mail.example,true
KON-00000989,PTR-00000536,TELEFON,+41 44 000 55 72,true
KON-00000990,PTR-00000537,EMAIL,hwagner@bluemail.example,true
KON-00000991,PTR-00000537,MOBIL,+49 152 28817 019,true
KON-00000992,PTR-00000538,EMAIL,mmorel@post.example,true
KON-00000993,PTR-00000538,MOBIL,+41 44 000 87 80,true
KON-00000994,PTR-00000539,EMAIL,laura94@bluemail.example,true
KON-00000995,PTR-00000539,MOBIL,+41 44 000 15 62,true
KON-00000996,PTR-00000540,EMAIL,anke49@mail.example,true
KON-00000997,PTR-00000540,MOBIL,+49 152 28817 566,true
KON-00000998,PTR-00000541,EMAIL,info@ostsee-garage.example,true
KON-00000999,PTR-00000541,TELEFON,+49 30 23125 709,true
KON-00001000,PTR-00000542,EMAIL,luca.meyer@mail.example,true
KON-00001001,PTR-00000542,MOBIL,+41 44 000 43 37,true
KON-00001002,PTR-00000543,EMAIL,norbert12@web.example,true
KON-00001003,PTR-00000543,MOBIL,+49 152 28817 052,true
KON-00001004,PTR-00000544,EMAIL,melanie.beck@post.example,true
KON-00001005,PTR-00000544,MOBIL,+49 152 28817 607,true
KON-00001006,PTR-00000545,EMAIL,info@isar-treuhand.example,true
KON-00001007,PTR-00000545,TELEFON,+49 30 23125 306,true
KON-00001008,PTR-00000546,EMAIL,fontannaz.sebastien@post.example,true
KON-00001009,PTR-00000546,MOBIL,+41 44 000 06 22,true
KON-00001010,PTR-00000547,EMAIL,theo.fontannaz76@post.example,true
KON-00001011,PTR-00000547,MOBIL,+41 44 000 12 98,true
KON-00001012,PTR-00000548,EMAIL,jfontannaz@post.example,true
KON-00001013,PTR-00000548,MOBIL,+41 44 000 07 50,true
KON-00001014,PTR-00000549,EMAIL,roman.rohrer84@post.example,true
KON-00001015,PTR-00000549,MOBIL,+41 44 000 69 98,true
KON-00001016,PTR-00000550,MOBIL,+41 44 000 03 64,true
KON-00001017,PTR-00000551,EMAIL,nina.rohrer07@bluemail.example,true
KON-00001018,PTR-00000551,MOBIL,+41 44 000 46 77,true
KON-00001019,PTR-00000552,EMAIL,fabienne.rohrer07@post.example,true
KON-00001020,PTR-00000552,MOBIL,+41 44 000 45 86,true
KON-00001021,PTR-00000553,EMAIL,stran@web.example,true
KON-00001022,PTR-00000553,MOBIL,+41 44 000 60 76,true
KON-00001023,PTR-00000554,EMAIL,huber.philipp@post.example,true
KON-00001024,PTR-00000554,TELEFON,+41 44 000 17 86,true
KON-00001025,PTR-00000555,EMAIL,shuber@bluemail.example,true
KON-00001026,PTR-00000555,MOBIL,+41 44 000 51 38,true
KON-00001027,PTR-00000556,EMAIL,pascal89@post.example,true
KON-00001028,PTR-00000556,MOBIL,+41 44 000 75 37,true
KON-00001029,PTR-00000557,EMAIL,ejung@web.example,true
KON-00001030,PTR-00000557,MOBIL,+49 152 28817 510,true
KON-00001031,PTR-00000558,EMAIL,lwolf@web.example,true
KON-00001032,PTR-00000558,MOBIL,+49 152 28817 096,true
KON-00001033,PTR-00000559,EMAIL,finn.wolf@mail.example,true
KON-00001034,PTR-00000559,MOBIL,+49 152 28817 803,true
KON-00001035,PTR-00000560,EMAIL,mmayer@post.example,true
KON-00001036,PTR-00000560,MOBIL,+49 152 28817 681,true
KON-00001037,PTR-00000561,EMAIL,jerome.nicolet75@bluemail.example,true
KON-00001038,PTR-00000561,MOBIL,+41 44 000 41 83,true
KON-00001039,PTR-00000562,EMAIL,mmermoud@bluemail.example,true
KON-00001040,PTR-00000562,MOBIL,+41 44 000 28 89,true
KON-00001041,PTR-00000563,TELEFON,+49 30 23125 967,true
KON-00001042,PTR-00000564,EMAIL,katrin.kraus@web.example,true
KON-00001043,PTR-00000564,MOBIL,+49 152 28817 974,true
KON-00001044,PTR-00000565,EMAIL,christina.hansen@web.example,true
KON-00001045,PTR-00000565,MOBIL,+49 152 28817 788,true
KON-00001046,PTR-00000566,EMAIL,chassan@web.example,true
KON-00001047,PTR-00000566,MOBIL,+49 152 28817 203,true
KON-00001048,PTR-00000567,EMAIL,jonas80@bluemail.example,true
KON-00001049,PTR-00000567,MOBIL,+49 152 28817 261,true
KON-00001050,PTR-00000568,EMAIL,bhorvat@bluemail.example,true
KON-00001051,PTR-00000568,MOBIL,+41 44 000 68 60,true
KON-00001052,PTR-00000569,EMAIL,beat.horvat68@post.example,true
KON-00001053,PTR-00000569,MOBIL,+41 44 000 88 04,true
KON-00001054,PTR-00000570,EMAIL,andreas.schulz88@web.example,true
KON-00001055,PTR-00000570,MOBIL,+49 152 28817 033,true
KON-00001056,PTR-00000571,EMAIL,berthoud.hugo@mail.example,true
KON-00001057,PTR-00000571,TELEFON,+41 44 000 24 84,true
KON-00001058,PTR-00000572,EMAIL,isabelle98@mail.example,true
KON-00001059,PTR-00000572,MOBIL,+41 44 000 38 93,true
KON-00001060,PTR-00000573,EMAIL,koch.priska@post.example,true
KON-00001061,PTR-00000573,MOBIL,+41 44 000 95 85,true
KON-00001062,PTR-00000574,EMAIL,lukas53@web.example,true
KON-00001063,PTR-00000574,MOBIL,+41 44 000 84 82,true
KON-00001064,PTR-00000575,EMAIL,dirk.hoffmann60@post.example,true
KON-00001065,PTR-00000575,TELEFON,+49 30 23125 890,true
KON-00001066,PTR-00000576,EMAIL,info@rhein-garage.example,true
KON-00001067,PTR-00000576,TELEFON,+49 30 23125 889,true
KON-00001068,PTR-00000577,EMAIL,jonas.schumacher86@mail.example,true
KON-00001069,PTR-00000577,MOBIL,+49 152 28817 150,true
KON-00001070,PTR-00000578,EMAIL,thomas88@bluemail.example,true
KON-00001071,PTR-00000578,MOBIL,+41 44 000 69 15,true
KON-00001072,PTR-00000579,EMAIL,info@wasserfallen-physiotherapie.example,true
KON-00001073,PTR-00000579,TELEFON,+41 44 000 83 27,true
KON-00001074,PTR-00000580,EMAIL,florian.guenther@bluemail.example,true
KON-00001075,PTR-00000580,MOBIL,+49 152 28817 735,true
KON-00001076,PTR-00000581,EMAIL,annika91@web.example,true
KON-00001077,PTR-00000581,MOBIL,+49 152 28817 236,true
KON-00001078,PTR-00000582,EMAIL,thomas2@post.example,true
KON-00001079,PTR-00000582,TELEFON,+49 30 23125 232,true
KON-00001080,PTR-00000583,EMAIL,droz.frederic@web.example,true
KON-00001081,PTR-00000583,MOBIL,+41 44 000 34 51,true
KON-00001082,PTR-00000584,EMAIL,oceane.droz@bluemail.example,true
KON-00001083,PTR-00000584,MOBIL,+41 44 000 70 68,true
KON-00001084,PTR-00000585,EMAIL,nathalie85@web.example,true
KON-00001085,PTR-00000585,MOBIL,+41 44 000 68 39,true
KON-00001086,PTR-00000586,EMAIL,matthey.thomas@mail.example,true
KON-00001087,PTR-00000586,MOBIL,+41 44 000 31 12,true
KON-00001088,PTR-00000587,EMAIL,sspoerri@post.example,true
KON-00001089,PTR-00000587,MOBIL,+41 44 000 23 44,true
KON-00001090,PTR-00000588,EMAIL,info@mittelland-metzgerei.example,true
KON-00001091,PTR-00000588,TELEFON,+41 44 000 41 90,true
KON-00001092,PTR-00000589,EMAIL,anke.krueger78@mail.example,true
KON-00001093,PTR-00000589,MOBIL,+49 152 28817 623,true
KON-00001094,PTR-00000590,EMAIL,info@taunus-kinderkrippe.example,true
KON-00001095,PTR-00000590,TELEFON,+49 30 23125 543,true
KON-00001096,PTR-00000591,EMAIL,chloe.blanc77@web.example,true
KON-00001097,PTR-00000591,TELEFON,+41 44 000 68 54,true
KON-00001098,PTR-00000592,EMAIL,cblanc@bluemail.example,true
KON-00001099,PTR-00000592,MOBIL,+41 44 000 06 52,true
KON-00001100,PTR-00000593,EMAIL,tblanc@post.example,true
KON-00001101,PTR-00000593,MOBIL,+41 44 000 73 32,true
KON-00001102,PTR-00000594,EMAIL,cbovet@bluemail.example,true
KON-00001103,PTR-00000594,MOBIL,+41 44 000 20 49,true
KON-00001104,PTR-00000595,EMAIL,nadine49@bluemail.example,true
KON-00001105,PTR-00000595,MOBIL,+49 152 28817 813,true
KON-00001106,PTR-00000596,EMAIL,elias.lorenz@web.example,true
KON-00001107,PTR-00000596,MOBIL,+49 152 28817 440,true
KON-00001108,PTR-00000597,EMAIL,plorenz@bluemail.example,true
KON-00001109,PTR-00000597,MOBIL,+49 152 28817 065,true
KON-00001110,PTR-00000598,EMAIL,niklas8@bluemail.example,true
KON-00001111,PTR-00000598,MOBIL,+49 152 28817 389,true
KON-00001112,PTR-00000599,EMAIL,agnieszka59@post.example,true
KON-00001113,PTR-00000599,MOBIL,+41 44 000 98 07,true
KON-00001114,PTR-00000600,EMAIL,sara.rudolf65@web.example,true
KON-00001115,PTR-00000600,MOBIL,+41 44 000 97 58,true
KON-00001116,PTR-00000601,EMAIL,rbader@post.example,true
KON-00001117,PTR-00000601,MOBIL,+41 44 000 60 42,true
KON-00001118,PTR-00000602,EMAIL,david.rudolf@post.example,true
KON-00001119,PTR-00000602,MOBIL,+41 44 000 77 33,true
KON-00001120,PTR-00000603,MOBIL,+41 44 000 04 95,true
KON-00001121,PTR-00000604,MOBIL,+41 44 000 93 30,true
KON-00001122,PTR-00000605,EMAIL,selina.gerber@mail.example,true
KON-00001123,PTR-00000605,MOBIL,+41 44 000 66 62,true
KON-00001124,PTR-00000606,EMAIL,kevin49@mail.example,true
KON-00001125,PTR-00000606,MOBIL,+49 152 28817 867,true
KON-00001126,PTR-00000607,EMAIL,astoll@web.example,true
KON-00001127,PTR-00000607,MOBIL,+41 44 000 59 97,true
KON-00001128,PTR-00000608,EMAIL,fgolay@post.example,true
KON-00001129,PTR-00000608,MOBIL,+41 44 000 42 90,true
KON-00001130,PTR-00000609,EMAIL,sandrine.golay70@bluemail.example,true
KON-00001131,PTR-00000609,MOBIL,+41 44 000 73 02,true
KON-00001132,PTR-00000610,EMAIL,brigitte97@post.example,true
KON-00001133,PTR-00000610,MOBIL,+49 152 28817 395,true
KON-00001134,PTR-00000611,EMAIL,esther.fischer@web.example,true
KON-00001135,PTR-00000611,MOBIL,+41 44 000 53 36,true
KON-00001136,PTR-00000612,EMAIL,hanspeter.brunner63@post.example,true
KON-00001137,PTR-00000612,MOBIL,+41 44 000 59 62,true
KON-00001138,PTR-00000613,EMAIL,jmermoud@post.example,true
KON-00001139,PTR-00000613,MOBIL,+41 44 000 07 48,true
KON-00001140,PTR-00000614,MOBIL,+41 44 000 52 37,true
KON-00001141,PTR-00000615,EMAIL,fournier.maxime@post.example,true
KON-00001142,PTR-00000615,MOBIL,+41 44 000 74 40,true
KON-00001143,PTR-00000616,EMAIL,hess.regula@bluemail.example,true
KON-00001144,PTR-00000616,MOBIL,+41 44 000 17 16,true
KON-00001145,PTR-00000617,EMAIL,lena.heiniger86@mail.example,true
KON-00001146,PTR-00000617,MOBIL,+41 44 000 58 47,true
KON-00001147,PTR-00000618,EMAIL,info@limmat-apotheke.example,true
KON-00001148,PTR-00000618,TELEFON,+41 44 000 86 56,true
KON-00001149,PTR-00000619,MOBIL,+41 44 000 64 33,true
KON-00001150,PTR-00000620,EMAIL,frei.corinne@mail.example,true
KON-00001151,PTR-00000620,MOBIL,+41 44 000 48 82,true
KON-00001152,PTR-00000621,EMAIL,frei.yannick@bluemail.example,true
KON-00001153,PTR-00000621,MOBIL,+41 44 000 10 23,true
KON-00001154,PTR-00000622,EMAIL,cyrill.kuhn92@post.example,true
KON-00001155,PTR-00000622,MOBIL,+41 44 000 62 83,true
KON-00001156,PTR-00000623,EMAIL,noah.keller@mail.example,true
KON-00001157,PTR-00000623,MOBIL,+41 44 000 72 81,true
KON-00001158,PTR-00000624,EMAIL,carlos11@mail.example,true
KON-00001159,PTR-00000624,MOBIL,+41 44 000 99 29,true
KON-00001160,PTR-00000625,EMAIL,henchoz.oceane@web.example,true
KON-00001161,PTR-00000625,MOBIL,+41 44 000 57 58,true
KON-00001162,PTR-00000626,EMAIL,fabienne.lehmann@bluemail.example,true
KON-00001163,PTR-00000626,MOBIL,+41 44 000 55 94,true
KON-00001164,PTR-00000627,EMAIL,koehler.daniel@mail.example,true
KON-00001165,PTR-00000627,MOBIL,+49 152 28817 692,true
KON-00001166,PTR-00000628,EMAIL,katharina11@mail.example,true
KON-00001167,PTR-00000628,MOBIL,+49 152 28817 315,true
KON-00001168,PTR-00000629,MOBIL,+49 152 28817 151,true
KON-00001169,PTR-00000630,EMAIL,sebastian.wegner@bluemail.example,true
KON-00001170,PTR-00000630,MOBIL,+49 152 28817 474,true
KON-00001171,PTR-00000631,EMAIL,volker.pape@mail.example,true
KON-00001172,PTR-00000631,MOBIL,+49 152 28817 662,true
KON-00001173,PTR-00000632,EMAIL,schreiber.christina@post.example,true
KON-00001174,PTR-00000632,MOBIL,+49 152 28817 622,true
KON-00001175,PTR-00000633,EMAIL,bschreiber@mail.example,true
KON-00001176,PTR-00000633,MOBIL,+49 152 28817 029,true
KON-00001177,PTR-00000634,EMAIL,hanna93@bluemail.example,true
KON-00001178,PTR-00000634,MOBIL,+49 152 28817 528,true
KON-00001179,PTR-00000635,EMAIL,noah.schreiber06@mail.example,true
KON-00001180,PTR-00000635,MOBIL,+49 152 28817 657,true
KON-00001181,PTR-00000636,EMAIL,sabine.schulze@mail.example,true
KON-00001182,PTR-00000636,TELEFON,+49 30 23125 155,true
KON-00001183,PTR-00000637,EMAIL,jessica.schmid@post.example,true
KON-00001184,PTR-00000637,MOBIL,+49 152 28817 773,true
KON-00001185,PTR-00000638,EMAIL,holger.hoffmann@bluemail.example,true
KON-00001186,PTR-00000638,MOBIL,+49 152 28817 628,true
KON-00001187,PTR-00000639,EMAIL,nschmid@post.example,true
KON-00001188,PTR-00000639,MOBIL,+49 152 28817 480,true
KON-00001189,PTR-00000640,EMAIL,bruno.marbach@post.example,true
KON-00001190,PTR-00000640,MOBIL,+41 44 000 20 22,true
KON-00001191,PTR-00000641,EMAIL,vmarbach@post.example,true
KON-00001192,PTR-00000641,MOBIL,+41 44 000 08 31,true
KON-00001193,PTR-00000642,TELEFON,+49 30 23125 599,true
KON-00001194,PTR-00000643,EMAIL,jennifer.schulze86@bluemail.example,true
KON-00001195,PTR-00000643,MOBIL,+49 152 28817 471,true
KON-00001196,PTR-00000644,MOBIL,+49 152 28817 645,true
KON-00001197,PTR-00000645,MOBIL,+49 152 28817 070,true
KON-00001198,PTR-00000646,EMAIL,schulze.paul@mail.example,true
KON-00001199,PTR-00000646,MOBIL,+49 152 28817 704,true
KON-00001200,PTR-00000647,EMAIL,rudolf.lea@mail.example,true
KON-00001201,PTR-00000647,MOBIL,+41 44 000 59 97,true
KON-00001202,PTR-00000648,EMAIL,anja.wolf@web.example,true
KON-00001203,PTR-00000648,MOBIL,+49 152 28817 995,true
KON-00001204,PTR-00000649,EMAIL,susanne59@bluemail.example,true
KON-00001205,PTR-00000649,MOBIL,+49 152 28817 864,true
KON-00001206,PTR-00000650,EMAIL,amansour@mail.example,true
KON-00001207,PTR-00000650,MOBIL,+49 152 28817 907,true
KON-00001208,PTR-00000651,EMAIL,heike.lehmann@web.example,true
KON-00001209,PTR-00000651,MOBIL,+49 152 28817 304,true
KON-00001210,PTR-00000652,EMAIL,frederic.rey63@web.example,true
KON-00001211,PTR-00000652,MOBIL,+41 44 000 01 55,true
KON-00001212,PTR-00000653,EMAIL,info@solothurn-west-zimmerei.example,true
KON-00001213,PTR-00000653,TELEFON,+41 44 000 85 14,true
KON-00001214,PTR-00000654,EMAIL,frederic.cuendet89@post.example,true
KON-00001215,PTR-00000654,MOBIL,+41 44 000 44 26,true
KON-00001216,PTR-00000655,EMAIL,gabriele.schmitt@web.example,true
KON-00001217,PTR-00000655,MOBIL,+49 152 28817 590,true
KON-00001218,PTR-00000656,EMAIL,info@rhein-gastro.example,true
KON-00001219,PTR-00000656,TELEFON,+49 30 23125 516,true
KON-00001220,PTR-00000657,EMAIL,moser.simone@post.example,true
KON-00001221,PTR-00000657,MOBIL,+41 44 000 07 31,true
KON-00001222,PTR-00000658,EMAIL,david.moser@web.example,true
KON-00001223,PTR-00000658,MOBIL,+41 44 000 56 61,true
KON-00001224,PTR-00000659,EMAIL,noemi34@web.example,true
KON-00001225,PTR-00000659,MOBIL,+41 44 000 19 38,true
KON-00001226,PTR-00000660,EMAIL,ute.wieczorek@bluemail.example,true
KON-00001227,PTR-00000660,MOBIL,+49 152 28817 452,true
KON-00001228,PTR-00000661,EMAIL,ftanner@post.example,true
KON-00001229,PTR-00000661,MOBIL,+41 44 000 45 68,true
KON-00001230,PTR-00000662,EMAIL,david.amrein@bluemail.example,true
KON-00001231,PTR-00000662,MOBIL,+41 44 000 13 66,true
KON-00001232,PTR-00000663,EMAIL,kspoerri@bluemail.example,true
KON-00001233,PTR-00000663,MOBIL,+41 44 000 28 10,true
KON-00001234,PTR-00000664,EMAIL,info@jura-beratung.example,true
KON-00001235,PTR-00000664,TELEFON,+41 44 000 79 32,true
KON-00001236,PTR-00000665,EMAIL,laura.kaya83@web.example,true
KON-00001237,PTR-00000665,MOBIL,+41 44 000 69 49,true
KON-00001238,PTR-00000666,EMAIL,koch.fabienne@mail.example,true
KON-00001239,PTR-00000666,MOBIL,+41 44 000 02 60,true
KON-00001240,PTR-00000667,MOBIL,+41 44 000 72 49,true
KON-00001241,PTR-00000668,EMAIL,ben45@post.example,true
KON-00001242,PTR-00000668,MOBIL,+41 44 000 32 90,true
KON-00001243,PTR-00000669,MOBIL,+41 44 000 60 44,true
KON-00001244,PTR-00000670,EMAIL,bhofer@web.example,true
KON-00001245,PTR-00000670,MOBIL,+41 44 000 98 18,true
KON-00001246,PTR-00000671,EMAIL,larissa.hofer89@mail.example,true
KON-00001247,PTR-00000671,MOBIL,+41 44 000 90 25,true
KON-00001248,PTR-00000672,EMAIL,chofer@mail.example,true
KON-00001249,PTR-00000672,TELEFON,+41 44 000 60 62,true
KON-00001250,PTR-00000673,MOBIL,+41 44 000 65 19,true
KON-00001251,PTR-00000674,EMAIL,ngraf@mail.example,true
KON-00001252,PTR-00000674,MOBIL,+41 44 000 85 67,true
KON-00001253,PTR-00000675,EMAIL,david1@mail.example,true
KON-00001254,PTR-00000675,MOBIL,+41 44 000 00 10,true
KON-00001255,PTR-00000676,EMAIL,info@aller-autohaus.example,true
KON-00001256,PTR-00000676,TELEFON,+49 30 23125 637,true
KON-00001257,PTR-00000677,EMAIL,tanja17@post.example,true
KON-00001258,PTR-00000677,MOBIL,+49 152 28817 792,true
KON-00001259,PTR-00000678,EMAIL,tmeyer@web.example,true
KON-00001260,PTR-00000678,MOBIL,+41 44 000 67 63,true
KON-00001261,PTR-00000679,EMAIL,svetlana.berisha@bluemail.example,true
KON-00001262,PTR-00000679,MOBIL,+49 152 28817 753,true
KON-00001263,PTR-00000680,EMAIL,sebastian.weiss82@mail.example,true
KON-00001264,PTR-00000680,MOBIL,+49 152 28817 121,true
KON-00001265,PTR-00000681,EMAIL,berisha.lukas@bluemail.example,true
KON-00001266,PTR-00000681,MOBIL,+49 152 28817 274,true
KON-00001267,PTR-00000682,EMAIL,ali.berisha@post.example,true
KON-00001268,PTR-00000682,TELEFON,+49 30 23125 473,true
KON-00001269,PTR-00000683,EMAIL,stefan93@mail.example,true
KON-00001270,PTR-00000683,MOBIL,+49 152 28817 583,true
KON-00001271,PTR-00000684,EMAIL,nschmidt@post.example,true
KON-00001272,PTR-00000684,MOBIL,+49 152 28817 526,true
KON-00001273,PTR-00000685,EMAIL,carlos92@mail.example,true
KON-00001274,PTR-00000685,MOBIL,+41 44 000 39 32,true
KON-00001275,PTR-00000686,EMAIL,akeller@bluemail.example,true
KON-00001276,PTR-00000686,TELEFON,+41 44 000 90 27,true
KON-00001277,PTR-00000687,MOBIL,+41 44 000 94 99,true
KON-00001278,PTR-00000688,EMAIL,jan.roth@web.example,true
KON-00001279,PTR-00000688,MOBIL,+41 44 000 23 25,true
KON-00001280,PTR-00000689,EMAIL,froth@web.example,true
KON-00001281,PTR-00000689,MOBIL,+41 44 000 90 58,true
KON-00001282,PTR-00000690,EMAIL,tim51@post.example,true
KON-00001283,PTR-00000690,MOBIL,+49 152 28817 410,true
KON-00001284,PTR-00000691,EMAIL,lkrause@mail.example,true
KON-00001285,PTR-00000691,MOBIL,+49 152 28817 704,true
KON-00001286,PTR-00000692,EMAIL,vesna.novak@mail.example,true
KON-00001287,PTR-00000692,MOBIL,+49 152 28817 708,true
KON-00001288,PTR-00000693,EMAIL,kraemer.thomas@mail.example,true
KON-00001289,PTR-00000693,MOBIL,+49 152 28817 700,true
KON-00001290,PTR-00000694,EMAIL,info@donau-hotel.example,true
KON-00001291,PTR-00000694,TELEFON,+49 30 23125 256,true
KON-00001292,PTR-00000695,EMAIL,alocher@post.example,true
KON-00001293,PTR-00000695,MOBIL,+41 44 000 74 18,true
KON-00001294,PTR-00000696,EMAIL,sabine47@post.example,true
KON-00001295,PTR-00000696,MOBIL,+49 152 28817 509,true
KON-00001296,PTR-00000697,EMAIL,fpetrovic@bluemail.example,true
KON-00001297,PTR-00000697,MOBIL,+49 152 28817 772,true
KON-00001298,PTR-00000698,EMAIL,dirk.petrovic@bluemail.example,true
KON-00001299,PTR-00000698,MOBIL,+49 152 28817 802,true
KON-00001300,PTR-00000699,EMAIL,moritz.pohl@bluemail.example,true
KON-00001301,PTR-00000699,MOBIL,+49 152 28817 573,true
KON-00001302,PTR-00000700,EMAIL,corinne33@bluemail.example,true
KON-00001303,PTR-00000700,MOBIL,+41 44 000 18 62,true
KON-00001304,PTR-00000701,EMAIL,info@hasli-gastro.example,true
KON-00001305,PTR-00000701,TELEFON,+41 44 000 89 82,true
KON-00001306,PTR-00000702,EMAIL,dos-santos.svetlana@mail.example,true
KON-00001307,PTR-00000702,MOBIL,+49 152 28817 800,true
KON-00001308,PTR-00000703,EMAIL,lina.klein91@bluemail.example,true
KON-00001309,PTR-00000703,MOBIL,+49 152 28817 584,true
KON-00001310,PTR-00000704,EMAIL,felix97@post.example,true
KON-00001311,PTR-00000704,MOBIL,+41 44 000 56 99,true
KON-00001312,PTR-00000705,EMAIL,info@rigi-systems.example,true
KON-00001313,PTR-00000705,TELEFON,+41 44 000 88 96,true
KON-00001314,PTR-00000706,EMAIL,reinhard.schmid@web.example,true
KON-00001315,PTR-00000706,TELEFON,+49 30 23125 863,true
KON-00001316,PTR-00000707,EMAIL,info@erzgebirge-hotel.example,true
KON-00001317,PTR-00000707,TELEFON,+49 30 23125 483,true
KON-00001318,PTR-00000708,EMAIL,vogel.susanne@bluemail.example,true
KON-00001319,PTR-00000708,MOBIL,+49 152 28817 542,true
KON-00001320,PTR-00000709,EMAIL,mschmitz@post.example,true
KON-00001321,PTR-00000709,MOBIL,+49 152 28817 400,true
KON-00001322,PTR-00000710,EMAIL,moritz.scholz06@web.example,true
KON-00001323,PTR-00000710,MOBIL,+49 152 28817 851,true
KON-00001324,PTR-00000711,EMAIL,bwagner@web.example,true
KON-00001325,PTR-00000711,MOBIL,+49 152 28817 640,true
KON-00001326,PTR-00000712,EMAIL,nbergmann@post.example,true
KON-00001327,PTR-00000712,MOBIL,+49 152 28817 330,true
KON-00001328,PTR-00000713,EMAIL,jaeger.katarzyna@bluemail.example,true
KON-00001329,PTR-00000713,MOBIL,+49 152 28817 789,true
KON-00001330,PTR-00000714,EMAIL,bergmann.ralf@web.example,true
KON-00001331,PTR-00000714,MOBIL,+49 152 28817 915,true
KON-00001332,PTR-00000715,EMAIL,eggenberger.lara@mail.example,true
KON-00001333,PTR-00000715,MOBIL,+41 44 000 58 52,true
KON-00001334,PTR-00000716,EMAIL,leggenberger@post.example,true
KON-00001335,PTR-00000716,MOBIL,+41 44 000 46 17,true
KON-00001336,PTR-00000717,EMAIL,maren29@web.example,true
KON-00001337,PTR-00000717,MOBIL,+49 152 28817 212,true
KON-00001338,PTR-00000718,EMAIL,hoffmann.thomas@bluemail.example,true
KON-00001339,PTR-00000718,MOBIL,+49 152 28817 415,true
KON-00001340,PTR-00000719,EMAIL,stefanie.hoffmann@mail.example,true
KON-00001341,PTR-00000719,MOBIL,+49 152 28817 978,true
KON-00001342,PTR-00000720,EMAIL,carsten75@web.example,true
KON-00001343,PTR-00000720,MOBIL,+49 152 28817 536,true
KON-00001344,PTR-00000721,EMAIL,wagner.leila@post.example,true
KON-00001345,PTR-00000721,MOBIL,+49 152 28817 441,true
KON-00001346,PTR-00000722,EMAIL,leonie.klein07@post.example,true
KON-00001347,PTR-00000722,MOBIL,+49 152 28817 014,true
KON-00001348,PTR-00000723,EMAIL,matthias56@web.example,true
KON-00001349,PTR-00000723,MOBIL,+41 44 000 99 58,true
KON-00001350,PTR-00000724,EMAIL,manuela79@mail.example,true
KON-00001351,PTR-00000724,MOBIL,+41 44 000 01 17,true
KON-00001352,PTR-00000725,TELEFON,+41 44 000 80 68,true
KON-00001353,PTR-00000726,EMAIL,mayer.luis@mail.example,true
KON-00001354,PTR-00000726,MOBIL,+49 152 28817 696,true
KON-00001355,PTR-00000727,EMAIL,matthias.schulze83@post.example,true
KON-00001356,PTR-00000727,MOBIL,+49 152 28817 065,true
KON-00001357,PTR-00000728,EMAIL,susanne.meyer57@web.example,true
KON-00001358,PTR-00000728,TELEFON,+49 30 23125 918,true
KON-00001359,PTR-00000729,EMAIL,info@main-textil.example,true
KON-00001360,PTR-00000729,TELEFON,+49 30 23125 321,true
KON-00001361,PTR-00000730,EMAIL,michaud.guillaume@post.example,true
KON-00001362,PTR-00000730,MOBIL,+41 44 000 60 14,true
KON-00001363,PTR-00000731,EMAIL,brigitte25@web.example,true
KON-00001364,PTR-00000731,MOBIL,+41 44 000 52 04,true
KON-00001365,PTR-00000732,EMAIL,mschmitt@mail.example,true
KON-00001366,PTR-00000732,MOBIL,+49 152 28817 921,true
KON-00001367,PTR-00000733,EMAIL,torsten29@bluemail.example,true
KON-00001368,PTR-00000733,MOBIL,+49 152 28817 500,true
KON-00001369,PTR-00000734,EMAIL,flurin.hess@post.example,true
KON-00001370,PTR-00000734,MOBIL,+41 44 000 95 40,true
KON-00001371,PTR-00000735,EMAIL,widmer.urs@bluemail.example,true
KON-00001372,PTR-00000735,TELEFON,+41 44 000 94 87,true
KON-00001373,PTR-00000736,EMAIL,ben.schwarz07@web.example,true
KON-00001374,PTR-00000736,MOBIL,+49 152 28817 079,true
KON-00001375,PTR-00000737,EMAIL,fabienne.keller@web.example,true
KON-00001376,PTR-00000737,MOBIL,+41 44 000 21 50,true
KON-00001377,PTR-00000738,EMAIL,christian.keller@post.example,true
KON-00001378,PTR-00000738,MOBIL,+41 44 000 18 73,true
KON-00001379,PTR-00000739,EMAIL,marco.braun@web.example,true
KON-00001380,PTR-00000739,MOBIL,+49 152 28817 482,true
KON-00001381,PTR-00000740,EMAIL,abraun@bluemail.example,true
KON-00001382,PTR-00000740,MOBIL,+49 152 28817 220,true
KON-00001383,PTR-00000741,EMAIL,bernd.gruber69@web.example,true
KON-00001384,PTR-00000741,MOBIL,+49 152 28817 470,true
KON-00001385,PTR-00000742,EMAIL,sommer.katrin@web.example,true
KON-00001386,PTR-00000742,MOBIL,+49 152 28817 830,true
KON-00001387,PTR-00000743,EMAIL,rajesh.arslan@web.example,true
KON-00001388,PTR-00000743,MOBIL,+49 152 28817 404,true
KON-00001389,PTR-00000744,EMAIL,jarslan@bluemail.example,true
KON-00001390,PTR-00000744,MOBIL,+49 152 28817 564,true
KON-00001391,PTR-00000745,EMAIL,lukas.arslan@web.example,true
KON-00001392,PTR-00000745,MOBIL,+49 152 28817 432,true
KON-00001393,PTR-00000746,MOBIL,+41 44 000 35 36,true
KON-00001394,PTR-00000747,EMAIL,matthias.brunner@post.example,true
KON-00001395,PTR-00000747,MOBIL,+41 44 000 45 71,true
KON-00001396,PTR-00000748,EMAIL,simone16@web.example,true
KON-00001397,PTR-00000748,MOBIL,+41 44 000 74 61,true
KON-00001398,PTR-00000749,EMAIL,fweber@bluemail.example,true
KON-00001399,PTR-00000749,MOBIL,+41 44 000 49 25,true
KON-00001400,PTR-00000750,EMAIL,nico.weber07@post.example,true
KON-00001401,PTR-00000750,MOBIL,+41 44 000 32 93,true
KON-00001402,PTR-00000751,EMAIL,lhaas@post.example,true
KON-00001403,PTR-00000751,MOBIL,+41 44 000 95 21,true
KON-00001404,PTR-00000752,MOBIL,+49 152 28817 735,true
KON-00001405,PTR-00000753,EMAIL,graf.jasmin@post.example,true
KON-00001406,PTR-00000753,MOBIL,+41 44 000 52 16,true
KON-00001407,PTR-00000754,EMAIL,felix.graf90@post.example,true
KON-00001408,PTR-00000754,MOBIL,+41 44 000 76 57,true
KON-00001409,PTR-00000755,EMAIL,fschulze@mail.example,true
KON-00001410,PTR-00000755,MOBIL,+49 152 28817 063,true
KON-00001411,PTR-00000756,EMAIL,felix23@post.example,true
KON-00001412,PTR-00000756,MOBIL,+49 152 28817 306,true
KON-00001413,PTR-00000757,EMAIL,frank53@web.example,true
KON-00001414,PTR-00000757,MOBIL,+49 152 28817 633,true
KON-00001415,PTR-00000758,EMAIL,nhofmann@bluemail.example,true
KON-00001416,PTR-00000758,MOBIL,+49 152 28817 845,true
KON-00001417,PTR-00000759,EMAIL,dirk.hartmann71@web.example,true
KON-00001418,PTR-00000759,TELEFON,+49 30 23125 988,true
KON-00001419,PTR-00000760,EMAIL,mia.becker@bluemail.example,true
KON-00001420,PTR-00000760,MOBIL,+49 152 28817 436,true
KON-00001421,PTR-00000761,MOBIL,+49 152 28817 173,true
KON-00001422,PTR-00000762,MOBIL,+49 152 28817 901,true
KON-00001423,PTR-00000763,EMAIL,uwe.lorenz@mail.example,true
KON-00001424,PTR-00000763,MOBIL,+49 152 28817 231,true
KON-00001425,PTR-00000764,EMAIL,info@taunus-informatik.example,true
KON-00001426,PTR-00000764,TELEFON,+49 30 23125 214,true
KON-00001427,PTR-00000765,EMAIL,christina.schroeder@post.example,true
KON-00001428,PTR-00000765,MOBIL,+49 152 28817 195,true
KON-00001429,PTR-00000766,EMAIL,ralf.hoffmann70@web.example,true
KON-00001430,PTR-00000766,MOBIL,+49 152 28817 273,true
KON-00001431,PTR-00000767,EMAIL,cbecker@web.example,true
KON-00001432,PTR-00000767,TELEFON,+49 30 23125 190,true
KON-00001433,PTR-00000768,EMAIL,asilva@bluemail.example,true
KON-00001434,PTR-00000768,MOBIL,+49 152 28817 027,true
KON-00001435,PTR-00000769,EMAIL,zeller.nadine@mail.example,true
KON-00001436,PTR-00000769,MOBIL,+49 152 28817 154,true
KON-00001437,PTR-00000770,EMAIL,holger.zeller@web.example,true
KON-00001438,PTR-00000770,MOBIL,+49 152 28817 830,true
KON-00001439,PTR-00000771,EMAIL,torsten.simon68@mail.example,true
KON-00001440,PTR-00000771,MOBIL,+49 152 28817 130,true
KON-00001441,PTR-00000772,EMAIL,simon.ute@post.example,true
KON-00001442,PTR-00000772,MOBIL,+49 152 28817 287,true
KON-00001443,PTR-00000773,EMAIL,doris.suter@mail.example,true
KON-00001444,PTR-00000773,MOBIL,+41 44 000 64 53,true
KON-00001445,PTR-00000774,EMAIL,lina9@post.example,true
KON-00001446,PTR-00000774,MOBIL,+49 152 28817 127,true
KON-00001447,PTR-00000775,EMAIL,haas.paul@bluemail.example,true
KON-00001448,PTR-00000775,MOBIL,+49 152 28817 396,true
KON-00001449,PTR-00000776,EMAIL,greta.richter07@mail.example,true
KON-00001450,PTR-00000776,MOBIL,+49 152 28817 569,true
KON-00001451,PTR-00000777,EMAIL,info@napf-druck.example,true
KON-00001452,PTR-00000777,TELEFON,+41 44 000 27 54,true
KON-00001453,PTR-00000778,EMAIL,daniel86@post.example,true
KON-00001454,PTR-00000778,MOBIL,+41 44 000 97 16,true
KON-00001455,PTR-00000779,EMAIL,angelika.wolf66@post.example,true
KON-00001456,PTR-00000779,MOBIL,+49 152 28817 525,true
KON-00001457,PTR-00000780,EMAIL,info@ostsee-kinderkrippe.example,true
KON-00001458,PTR-00000780,TELEFON,+49 30 23125 547,true
KON-00001459,PTR-00000781,MOBIL,+49 152 28817 951,true
KON-00001460,PTR-00000782,EMAIL,andreas.strobel57@web.example,true
KON-00001461,PTR-00000782,TELEFON,+49 30 23125 738,true
KON-00001462,PTR-00000783,EMAIL,jessica17@bluemail.example,true
KON-00001463,PTR-00000783,MOBIL,+49 152 28817 327,true
KON-00001464,PTR-00000784,EMAIL,christine.ziegler@web.example,true
KON-00001465,PTR-00000784,TELEFON,+41 44 000 74 11,true
KON-00001466,PTR-00000785,EMAIL,info@albula-pflege.example,true
KON-00001467,PTR-00000785,TELEFON,+41 44 000 79 25,true
KON-00001468,PTR-00000786,EMAIL,dgianella@mail.example,true
KON-00001469,PTR-00000786,MOBIL,+41 44 000 12 69,true
KON-00001470,PTR-00000787,EMAIL,agnieszka.garcia83@mail.example,true
KON-00001471,PTR-00000787,MOBIL,+49 152 28817 989,true
KON-00001472,PTR-00000788,EMAIL,info@spessart-planung.example,true
KON-00001473,PTR-00000788,TELEFON,+49 30 23125 710,true
KON-00001474,PTR-00000789,EMAIL,daniela33@web.example,true
KON-00001475,PTR-00000789,MOBIL,+41 44 000 61 91,true
KON-00001476,PTR-00000790,EMAIL,rolf.marbach@bluemail.example,true
KON-00001477,PTR-00000790,MOBIL,+41 44 000 62 34,true
KON-00001478,PTR-00000791,EMAIL,info@reuss-digital.example,true
KON-00001479,PTR-00000791,TELEFON,+41 44 000 16 25,true
KON-00001480,PTR-00000792,EMAIL,jonas.lorenz84@web.example,true
KON-00001481,PTR-00000792,MOBIL,+49 152 28817 624,true
KON-00001482,PTR-00000793,EMAIL,info@allgäu-elektro.example,true
KON-00001483,PTR-00000793,TELEFON,+49 30 23125 297,true
KON-00001484,PTR-00000794,EMAIL,jan.wyss@mail.example,true
KON-00001485,PTR-00000794,MOBIL,+41 44 000 30 04,true
KON-00001486,PTR-00000795,EMAIL,wyss.michelle@mail.example,true
KON-00001487,PTR-00000795,TELEFON,+41 44 000 19 11,true
KON-00001488,PTR-00000796,EMAIL,info@uckermark-event.example,true
KON-00001489,PTR-00000796,TELEFON,+49 30 23125 449,true
KON-00001490,PTR-00000797,EMAIL,livia51@post.example,true
KON-00001491,PTR-00000797,MOBIL,+41 44 000 73 09,true
KON-00001492,PTR-00000798,EMAIL,info@alpina-fahrschule.example,true
KON-00001493,PTR-00000798,TELEFON,+41 44 000 36 05,true
KON-00001494,PTR-00000799,EMAIL,fatma39@bluemail.example,true
KON-00001495,PTR-00000799,MOBIL,+49 152 28817 097,true
KON-00001496,PTR-00000800,MOBIL,+49 152 28817 299,true
KON-00001497,PTR-00000801,EMAIL,mlang@bluemail.example,true
KON-00001498,PTR-00000801,MOBIL,+49 152 28817 950,true
KON-00001499,PTR-00000802,EMAIL,walter.waltraud@post.example,true
KON-00001500,PTR-00000802,TELEFON,+49 30 23125 489,true
KON-00001501,PTR-00000803,EMAIL,adrian26@bluemail.example,true
KON-00001502,PTR-00000803,MOBIL,+41 44 000 72 35,true
KON-00001503,PTR-00000804,EMAIL,piotr.oeztuerk91@bluemail.example,true
KON-00001504,PTR-00000804,MOBIL,+41 44 000 55 17,true
KON-00001505,PTR-00000805,EMAIL,noemi.oeztuerk@bluemail.example,true
KON-00001506,PTR-00000805,MOBIL,+41 44 000 55 08,true
KON-00001507,PTR-00000806,EMAIL,dominik.fischer@post.example,true
KON-00001508,PTR-00000806,MOBIL,+41 44 000 35 50,true
KON-00001509,PTR-00000807,EMAIL,esharma@mail.example,true
KON-00001510,PTR-00000807,MOBIL,+41 44 000 23 71,true
KON-00001511,PTR-00000808,EMAIL,oeztuerk.felix@bluemail.example,true
KON-00001512,PTR-00000808,MOBIL,+41 44 000 48 44,true
KON-00001513,PTR-00000809,EMAIL,franziska.schneider@post.example,true
KON-00001514,PTR-00000809,MOBIL,+49 152 28817 783,true
KON-00001515,PTR-00000810,TELEFON,+41 44 000 41 01,true
KON-00001516,PTR-00000811,EMAIL,raphael.christen@post.example,true
KON-00001517,PTR-00000811,MOBIL,+41 44 000 94 64,true
KON-00001518,PTR-00000812,EMAIL,bda-silva@bluemail.example,true
KON-00001519,PTR-00000812,TELEFON,+41 44 000 99 63,true
KON-00001520,PTR-00000813,EMAIL,guenter.otto@web.example,true
KON-00001521,PTR-00000813,MOBIL,+49 152 28817 371,true
KON-00001522,PTR-00000814,MOBIL,+49 152 28817 910,true
KON-00001523,PTR-00000815,EMAIL,cmaier@bluemail.example,true
KON-00001524,PTR-00000815,MOBIL,+49 152 28817 239,true
KON-00001525,PTR-00000816,EMAIL,nikola.wisniewski@post.example,true
KON-00001526,PTR-00000816,MOBIL,+49 152 28817 112,true
KON-00001527,PTR-00000817,MOBIL,+41 44 000 96 81,true
KON-00001528,PTR-00000818,EMAIL,stephanie44@mail.example,true
KON-00001529,PTR-00000818,MOBIL,+41 44 000 88 09,true
KON-00001530,PTR-00000819,EMAIL,gabriel.henchoz@post.example,true
KON-00001531,PTR-00000819,MOBIL,+41 44 000 56 68,true
KON-00001532,PTR-00000820,EMAIL,christian.schmidt@web.example,true
KON-00001533,PTR-00000820,MOBIL,+49 152 28817 610,true
KON-00001534,PTR-00000821,EMAIL,birgit.schmidt@bluemail.example,true
KON-00001535,PTR-00000821,MOBIL,+49 152 28817 758,true
KON-00001536,PTR-00000822,EMAIL,chuber@web.example,true
KON-00001537,PTR-00000822,MOBIL,+49 152 28817 843,true
KON-00001538,PTR-00000823,EMAIL,cmembrez@mail.example,true
KON-00001539,PTR-00000823,MOBIL,+41 44 000 69 04,true
KON-00001540,PTR-00000824,TELEFON,+49 30 23125 015,true
KON-00001541,PTR-00000825,EMAIL,fpeters@web.example,true
KON-00001542,PTR-00000825,MOBIL,+49 152 28817 687,true
KON-00001543,PTR-00000826,EMAIL,bpeters@web.example,true
KON-00001544,PTR-00000826,MOBIL,+49 152 28817 663,true
KON-00001545,PTR-00000827,EMAIL,volker.vogel71@web.example,true
KON-00001546,PTR-00000827,MOBIL,+49 152 28817 998,true
KON-00001547,PTR-00000828,EMAIL,gubler.larissa@post.example,true
KON-00001548,PTR-00000828,MOBIL,+41 44 000 24 01,true
KON-00001549,PTR-00000829,EMAIL,ahussain@bluemail.example,true
KON-00001550,PTR-00000829,MOBIL,+49 152 28817 989,true
KON-00001551,PTR-00000830,EMAIL,anke.koenig@mail.example,true
KON-00001552,PTR-00000830,MOBIL,+49 152 28817 007,true
KON-00001553,PTR-00000831,EMAIL,dkowalczyk@bluemail.example,true
KON-00001554,PTR-00000831,MOBIL,+49 152 28817 110,true
KON-00001555,PTR-00000832,EMAIL,info@nordsee-garage.example,true
KON-00001556,PTR-00000832,TELEFON,+49 30 23125 111,true
KON-00001557,PTR-00000833,EMAIL,haddad.igor@post.example,true
KON-00001558,PTR-00000833,MOBIL,+49 152 28817 774,true
KON-00001559,PTR-00000834,EMAIL,mschmitz@web.example,true
KON-00001560,PTR-00000834,MOBIL,+49 152 28817 102,true
KON-00001561,PTR-00000835,MOBIL,+49 152 28817 063,true
KON-00001562,PTR-00000836,EMAIL,felix.schubert@web.example,true
KON-00001563,PTR-00000836,MOBIL,+49 152 28817 185,true
KON-00001564,PTR-00000837,EMAIL,emoret@post.example,true
KON-00001565,PTR-00000837,MOBIL,+41 44 000 73 99,true
KON-00001566,PTR-00000838,EMAIL,kohler.sara@post.example,true
KON-00001567,PTR-00000838,MOBIL,+41 44 000 22 29,true
KON-00001568,PTR-00000839,EMAIL,nkohler@bluemail.example,true
KON-00001569,PTR-00000839,MOBIL,+41 44 000 04 89,true
KON-00001570,PTR-00000840,EMAIL,torsten.jaeger@mail.example,true
KON-00001571,PTR-00000840,TELEFON,+49 30 23125 422,true
KON-00001572,PTR-00000841,EMAIL,dimitrios6@web.example,true
KON-00001573,PTR-00000841,MOBIL,+49 152 28817 745,true
KON-00001574,PTR-00000842,EMAIL,garcia.dragana@mail.example,true
KON-00001575,PTR-00000842,MOBIL,+41 44 000 17 23,true
KON-00001576,PTR-00000843,EMAIL,leon.mueller82@post.example,true
KON-00001577,PTR-00000843,MOBIL,+41 44 000 05 13,true
KON-00001578,PTR-00000844,TELEFON,+41 44 000 01 55,true
KON-00001579,PTR-00000845,EMAIL,stefan34@bluemail.example,true
KON-00001580,PTR-00000845,MOBIL,+49 152 28817 842,true
KON-00001581,PTR-00000846,EMAIL,lars.loeffler73@mail.example,true
KON-00001582,PTR-00000846,MOBIL,+49 152 28817 752,true
KON-00001583,PTR-00000847,EMAIL,jonas.fischer@web.example,true
KON-00001584,PTR-00000847,MOBIL,+49 152 28817 737,true
KON-00001585,PTR-00000848,MOBIL,+49 152 28817 225,true
KON-00001586,PTR-00000849,EMAIL,info@uckermark-textil.example,true
KON-00001587,PTR-00000849,TELEFON,+49 30 23125 964,true
KON-00001588,PTR-00000850,EMAIL,michaud.alexandre@bluemail.example,true
KON-00001589,PTR-00000850,MOBIL,+41 44 000 86 68,true
KON-00001590,PTR-00000851,EMAIL,kevin.schmidt84@web.example,true
KON-00001591,PTR-00000851,MOBIL,+49 152 28817 111,true
KON-00001592,PTR-00000852,EMAIL,aschmidt@post.example,true
KON-00001593,PTR-00000852,MOBIL,+49 152 28817 480,true
KON-00001594,PTR-00000853,EMAIL,tobias.fischer@post.example,true
KON-00001595,PTR-00000853,MOBIL,+41 44 000 61 06,true
KON-00001596,PTR-00000854,EMAIL,yvonne.fischer@post.example,true
KON-00001597,PTR-00000854,MOBIL,+41 44 000 11 34,true
KON-00001598,PTR-00000855,EMAIL,wessel.florian@web.example,true
KON-00001599,PTR-00000855,MOBIL,+49 152 28817 220,true
KON-00001600,PTR-00000856,EMAIL,info@harz-bäckerei.example,true
KON-00001601,PTR-00000856,TELEFON,+49 30 23125 803,true
KON-00001602,PTR-00000857,EMAIL,loic.gaillard86@web.example,true
KON-00001603,PTR-00000857,MOBIL,+41 44 000 78 82,true
KON-00001604,PTR-00000858,EMAIL,info@napf-elektro.example,true
KON-00001605,PTR-00000858,TELEFON,+41 44 000 87 32,true
KON-00001606,PTR-00000859,EMAIL,valerie17@mail.example,true
KON-00001607,PTR-00000859,MOBIL,+41 44 000 73 83,true
KON-00001608,PTR-00000860,EMAIL,guillaume76@web.example,true
KON-00001609,PTR-00000860,MOBIL,+41 44 000 79 48,true
KON-00001610,PTR-00000861,EMAIL,moser.christian@web.example,true
KON-00001611,PTR-00000861,MOBIL,+41 44 000 98 05,true
KON-00001612,PTR-00000862,EMAIL,ndietiker@post.example,true
KON-00001613,PTR-00000862,MOBIL,+41 44 000 73 06,true
KON-00001614,PTR-00000863,EMAIL,lena86@bluemail.example,true
KON-00001615,PTR-00000863,MOBIL,+41 44 000 86 57,true
KON-00001616,PTR-00000864,EMAIL,yannis10@post.example,true
KON-00001617,PTR-00000864,MOBIL,+49 152 28817 572,true
KON-00001618,PTR-00000865,EMAIL,schaffner.roman@post.example,true
KON-00001619,PTR-00000865,MOBIL,+41 44 000 60 60,true
KON-00001620,PTR-00000866,EMAIL,eschaffner@post.example,true
KON-00001621,PTR-00000866,MOBIL,+41 44 000 06 46,true
KON-00001622,PTR-00000867,EMAIL,leon45@bluemail.example,true
KON-00001623,PTR-00000867,MOBIL,+41 44 000 04 23,true
KON-00001624,PTR-00000868,EMAIL,tschudi.gian@bluemail.example,true
KON-00001625,PTR-00000868,MOBIL,+41 44 000 59 07,true
KON-00001626,PTR-00000869,EMAIL,jtschudi@web.example,true
KON-00001627,PTR-00000869,MOBIL,+41 44 000 64 42,true
KON-00001628,PTR-00000870,EMAIL,jasmin.weber07@web.example,true
KON-00001629,PTR-00000870,MOBIL,+41 44 000 18 72,true
KON-00001630,PTR-00000871,EMAIL,sbaumann@bluemail.example,true
KON-00001631,PTR-00000871,MOBIL,+41 44 000 55 96,true
KON-00001632,PTR-00000872,EMAIL,beck.volker@bluemail.example,true
KON-00001633,PTR-00000872,MOBIL,+49 152 28817 605,true
KON-00001634,PTR-00000873,EMAIL,jung.christa@bluemail.example,true
KON-00001635,PTR-00000873,MOBIL,+49 152 28817 355,true
KON-00001636,PTR-00000874,EMAIL,tbeck@web.example,true
KON-00001637,PTR-00000874,MOBIL,+49 152 28817 402,true
KON-00001638,PTR-00000875,EMAIL,thomas.beck@post.example,true
KON-00001639,PTR-00000875,MOBIL,+49 152 28817 911,true
KON-00001640,PTR-00000876,EMAIL,lbeck@web.example,true
KON-00001641,PTR-00000876,MOBIL,+49 152 28817 145,true
KON-00001642,PTR-00000877,MOBIL,+49 152 28817 113,true
KON-00001643,PTR-00000878,EMAIL,aylin34@bluemail.example,true
KON-00001644,PTR-00000878,MOBIL,+41 44 000 44 89,true
KON-00001645,PTR-00000879,EMAIL,anna.jenni92@mail.example,true
KON-00001646,PTR-00000879,MOBIL,+41 44 000 42 17,true
KON-00001647,PTR-00000880,EMAIL,cyrill89@web.example,true
KON-00001648,PTR-00000880,MOBIL,+41 44 000 46 90,true
KON-00001649,PTR-00000881,EMAIL,katharina.mueller@web.example,true
KON-00001650,PTR-00000881,MOBIL,+49 152 28817 348,true
KON-00001651,PTR-00000882,EMAIL,mmueller@mail.example,true
KON-00001652,PTR-00000882,MOBIL,+49 152 28817 644,true
KON-00001653,PTR-00000883,EMAIL,niklas.mueller07@bluemail.example,true
KON-00001654,PTR-00000883,MOBIL,+49 152 28817 106,true
KON-00001655,PTR-00000884,MOBIL,+49 152 28817 845,true
KON-00001656,PTR-00000885,MOBIL,+49 152 28817 837,true
KON-00001657,PTR-00000886,EMAIL,schlaefli.flurina@mail.example,true
KON-00001658,PTR-00000886,MOBIL,+41 44 000 46 73,true
KON-00001659,PTR-00000887,EMAIL,dirk.bauer84@post.example,true
KON-00001660,PTR-00000887,MOBIL,+49 152 28817 346,true
KON-00001661,PTR-00000888,EMAIL,levin.portmann@post.example,true
KON-00001662,PTR-00000888,MOBIL,+41 44 000 42 84,true
KON-00001663,PTR-00000889,EMAIL,elena.portmann@bluemail.example,true
KON-00001664,PTR-00000889,MOBIL,+41 44 000 14 99,true
KON-00001665,PTR-00000890,EMAIL,wagner.franziska@post.example,true
KON-00001666,PTR-00000890,MOBIL,+49 152 28817 560,true
KON-00001667,PTR-00000891,EMAIL,thomas.wagner72@web.example,true
KON-00001668,PTR-00000891,MOBIL,+49 152 28817 383,true
KON-00001669,PTR-00000892,EMAIL,jkaufmann@post.example,true
KON-00001670,PTR-00000892,MOBIL,+41 44 000 87 95,true
KON-00001671,PTR-00000893,EMAIL,elif.kaufmann91@mail.example,true
KON-00001672,PTR-00000893,MOBIL,+41 44 000 24 70,true
KON-00001673,PTR-00000894,EMAIL,kaufmann.luca@post.example,true
KON-00001674,PTR-00000894,MOBIL,+41 44 000 65 28,true
KON-00001675,PTR-00000895,EMAIL,ali.kaufmann@bluemail.example,true
KON-00001676,PTR-00000895,MOBIL,+41 44 000 29 03,true
KON-00001677,PTR-00000896,EMAIL,yannick55@post.example,true
KON-00001678,PTR-00000896,MOBIL,+41 44 000 61 14,true
KON-00001679,PTR-00000897,EMAIL,markus59@web.example,true
KON-00001680,PTR-00000897,MOBIL,+41 44 000 01 84,true
KON-00001681,PTR-00000898,EMAIL,bolliger.silvan@bluemail.example,true
KON-00001682,PTR-00000898,MOBIL,+41 44 000 77 52,true
KON-00001683,PTR-00000899,EMAIL,volker62@post.example,true
KON-00001684,PTR-00000899,MOBIL,+49 152 28817 641,true
KON-00001685,PTR-00000900,EMAIL,info@taunus-bäckerei.example,true
KON-00001686,PTR-00000900,TELEFON,+49 30 23125 497,true
KON-00001687,PTR-00000901,EMAIL,ivana44@bluemail.example,true
KON-00001688,PTR-00000901,TELEFON,+49 30 23125 933,true
KON-00001689,PTR-00000902,EMAIL,helga.mueller@bluemail.example,true
KON-00001690,PTR-00000902,MOBIL,+49 152 28817 718,true
KON-00001691,PTR-00000903,EMAIL,mueller.jana@post.example,true
KON-00001692,PTR-00000903,MOBIL,+49 152 28817 520,true
KON-00001693,PTR-00000904,EMAIL,thomas64@post.example,true
KON-00001694,PTR-00000904,MOBIL,+49 152 28817 654,true
KON-00001695,PTR-00000905,EMAIL,info@vogtland-autohaus.example,true
KON-00001696,PTR-00000905,TELEFON,+49 30 23125 590,true
KON-00001697,PTR-00000906,EMAIL,hofmann.felix@mail.example,true
KON-00001698,PTR-00000906,MOBIL,+49 152 28817 529,true
KON-00001699,PTR-00000907,EMAIL,info@inn-bauunternehmung.example,true
KON-00001700,PTR-00000907,TELEFON,+49 30 23125 819,true
KON-00001701,PTR-00000908,MOBIL,+41 44 000 40 66,true
KON-00001702,PTR-00000909,EMAIL,info@suhre-dachdeckerei.example,true
KON-00001703,PTR-00000909,TELEFON,+41 44 000 45 44,true
KON-00001704,PTR-00000910,EMAIL,emmenegger.ueli@web.example,true
KON-00001705,PTR-00000910,MOBIL,+41 44 000 41 09,true
KON-00001706,PTR-00000911,EMAIL,pascal.cornu@post.example,true
KON-00001707,PTR-00000911,MOBIL,+41 44 000 34 93,true
KON-00001708,PTR-00000912,EMAIL,cornu.svetlana@web.example,true
KON-00001709,PTR-00000912,MOBIL,+41 44 000 76 49,true
KON-00001710,PTR-00000913,EMAIL,philipp3@mail.example,true
KON-00001711,PTR-00000913,MOBIL,+49 152 28817 062,true
KON-00001712,PTR-00000914,EMAIL,vanessa.zander@mail.example,true
KON-00001713,PTR-00000914,MOBIL,+49 152 28817 285,true
KON-00001714,PTR-00000915,EMAIL,hofmann.lisa@mail.example,true
KON-00001715,PTR-00000915,MOBIL,+49 152 28817 352,true
KON-00001716,PTR-00000916,EMAIL,tim.oeztuerk@bluemail.example,true
KON-00001717,PTR-00000916,MOBIL,+41 44 000 06 83,true
KON-00001718,PTR-00000917,EMAIL,kuhn.dirk@web.example,true
KON-00001719,PTR-00000917,MOBIL,+49 152 28817 019,true
KON-00001720,PTR-00000918,EMAIL,martina2@mail.example,true
KON-00001721,PTR-00000918,MOBIL,+49 152 28817 991,true
KON-00001722,PTR-00000919,MOBIL,+49 152 28817 445,true
KON-00001723,PTR-00000920,EMAIL,ines.bonvin87@post.example,true
KON-00001724,PTR-00000920,MOBIL,+41 44 000 29 76,true
KON-00001725,PTR-00000921,EMAIL,kolbe.annika@web.example,true
KON-00001726,PTR-00000921,MOBIL,+49 152 28817 905,true
KON-00001727,PTR-00000922,EMAIL,daniel78@post.example,true
KON-00001728,PTR-00000922,MOBIL,+49 152 28817 154,true
KON-00001729,PTR-00000923,EMAIL,maier.sabine@bluemail.example,true
KON-00001730,PTR-00000923,MOBIL,+49 152 28817 034,true
KON-00001731,PTR-00000924,EMAIL,holger.brandt60@post.example,true
KON-00001732,PTR-00000924,TELEFON,+49 30 23125 724,true
KON-00001733,PTR-00000925,EMAIL,bbrandt@web.example,true
KON-00001734,PTR-00000925,MOBIL,+49 152 28817 761,true
KON-00001735,PTR-00000926,EMAIL,info@wasserfallen-kinderkrippe.example,true
KON-00001736,PTR-00000926,TELEFON,+41 44 000 15 10,true
KON-00001737,PTR-00000927,EMAIL,reto.bieri80@web.example,true
KON-00001738,PTR-00000927,MOBIL,+41 44 000 16 27,true
KON-00001739,PTR-00000928,EMAIL,selina1@bluemail.example,true
KON-00001740,PTR-00000928,MOBIL,+41 44 000 61 42,true
KON-00001741,PTR-00000929,EMAIL,senn.anna@mail.example,true
KON-00001742,PTR-00000929,MOBIL,+41 44 000 25 50,true
KON-00001743,PTR-00000930,EMAIL,abaumann@mail.example,true
KON-00001744,PTR-00000930,TELEFON,+41 44 000 14 72,true
KON-00001745,PTR-00000931,EMAIL,mueller.markus@web.example,true
KON-00001746,PTR-00000931,MOBIL,+41 44 000 31 64,true
KON-00001747,PTR-00000932,EMAIL,elias41@mail.example,true
KON-00001748,PTR-00000932,MOBIL,+41 44 000 59 95,true
KON-00001749,PTR-00000933,EMAIL,gluethi@web.example,true
KON-00001750,PTR-00000933,MOBIL,+41 44 000 72 35,true
KON-00001751,PTR-00000934,EMAIL,pschmitz@mail.example,true
KON-00001752,PTR-00000934,MOBIL,+49 152 28817 543,true
KON-00001753,PTR-00000935,MOBIL,+49 152 28817 936,true
KON-00001754,PTR-00000936,EMAIL,meyer.melanie@bluemail.example,true
KON-00001755,PTR-00000936,MOBIL,+49 152 28817 231,true
KON-00001756,PTR-00000937,EMAIL,christine23@post.example,true
KON-00001757,PTR-00000937,MOBIL,+41 44 000 66 32,true
KON-00001758,PTR-00000938,EMAIL,uzuercher@post.example,true
KON-00001759,PTR-00000938,MOBIL,+41 44 000 88 16,true
KON-00001760,PTR-00000939,EMAIL,eleni.diallo79@web.example,true
KON-00001761,PTR-00000939,MOBIL,+49 152 28817 277,true
KON-00001762,PTR-00000940,EMAIL,ndiallo@mail.example,true
KON-00001763,PTR-00000940,MOBIL,+49 152 28817 009,true
KON-00001764,PTR-00000941,EMAIL,lukas.diallo07@web.example,true
KON-00001765,PTR-00000941,MOBIL,+49 152 28817 313,true
KON-00001766,PTR-00000942,EMAIL,carsten.becker@post.example,true
KON-00001767,PTR-00000942,MOBIL,+49 152 28817 984,true
KON-00001768,PTR-00000943,EMAIL,orevic.samuel@post.example,true
KON-00001769,PTR-00000943,MOBIL,+49 152 28817 291,true
KON-00001770,PTR-00000944,EMAIL,svenja13@mail.example,true
KON-00001771,PTR-00000944,TELEFON,+49 30 23125 264,true
KON-00001772,PTR-00000945,EMAIL,matthias.keller@bluemail.example,true
KON-00001773,PTR-00000945,MOBIL,+41 44 000 44 89,true
KON-00001774,PTR-00000946,EMAIL,sandra.keller@bluemail.example,true
KON-00001775,PTR-00000946,MOBIL,+41 44 000 36 19,true
KON-00001776,PTR-00000947,EMAIL,anna.haas@web.example,true
KON-00001777,PTR-00000947,TELEFON,+41 44 000 72 47,true
KON-00001778,PTR-00000948,EMAIL,christian24@mail.example,true
KON-00001779,PTR-00000948,MOBIL,+41 44 000 59 57,true
KON-00001780,PTR-00000949,EMAIL,karin.hess@post.example,true
KON-00001781,PTR-00000949,MOBIL,+41 44 000 99 69,true
KON-00001782,PTR-00000950,MOBIL,+49 152 28817 003,true
KON-00001783,PTR-00000951,EMAIL,sofia48@web.example,true
KON-00001784,PTR-00000951,MOBIL,+49 152 28817 677,true
KON-00001785,PTR-00000952,EMAIL,nguenther@bluemail.example,true
KON-00001786,PTR-00000952,MOBIL,+49 152 28817 851,true
KON-00001787,PTR-00000953,EMAIL,yannis.guenther71@web.example,true
KON-00001788,PTR-00000953,MOBIL,+49 152 28817 855,true
KON-00001789,PTR-00000954,EMAIL,maren.becker@bluemail.example,true
KON-00001790,PTR-00000954,MOBIL,+49 152 28817 749,true
KON-00001791,PTR-00000955,EMAIL,yannis.arslan@mail.example,true
KON-00001792,PTR-00000955,MOBIL,+49 152 28817 828,true
KON-00001793,PTR-00000956,MOBIL,+49 152 28817 333,true
KON-00001794,PTR-00000957,EMAIL,samuel.becker@bluemail.example,true
KON-00001795,PTR-00000957,MOBIL,+49 152 28817 896,true
KON-00001796,PTR-00000958,EMAIL,paul.becker@post.example,true
KON-00001797,PTR-00000958,MOBIL,+49 152 28817 894,true
KON-00001798,PTR-00000959,MOBIL,+41 44 000 47 52,true
KON-00001799,PTR-00000960,EMAIL,fabienne.zehnder85@web.example,true
KON-00001800,PTR-00000960,MOBIL,+41 44 000 93 17,true
KON-00001801,PTR-00000961,EMAIL,zehnder.nils@bluemail.example,true
KON-00001802,PTR-00000961,MOBIL,+41 44 000 44 27,true
KON-00001803,PTR-00000962,MOBIL,+41 44 000 42 93,true
KON-00001804,PTR-00000963,EMAIL,simone.zehnder@mail.example,true
KON-00001805,PTR-00000963,MOBIL,+41 44 000 82 81,true
KON-00001806,PTR-00000964,EMAIL,christiane22@mail.example,true
KON-00001807,PTR-00000964,MOBIL,+41 44 000 00 24,true
KON-00001808,PTR-00000965,MOBIL,+41 44 000 08 61,true
KON-00001809,PTR-00000966,EMAIL,bnussbaumer@post.example,true
KON-00001810,PTR-00000966,MOBIL,+41 44 000 97 97,true
KON-00001811,PTR-00000967,EMAIL,dnussbaumer@web.example,true
KON-00001812,PTR-00000967,MOBIL,+41 44 000 39 63,true
KON-00001813,PTR-00000968,EMAIL,jweber@post.example,true
KON-00001814,PTR-00000968,MOBIL,+41 44 000 02 55,true
KON-00001815,PTR-00000969,EMAIL,simone75@post.example,true
KON-00001816,PTR-00000969,MOBIL,+41 44 000 27 93,true
KON-00001817,PTR-00000970,EMAIL,yannick.gerber@bluemail.example,true
KON-00001818,PTR-00000970,MOBIL,+41 44 000 57 94,true
KON-00001819,PTR-00000971,EMAIL,jonas.schlaefli94@mail.example,true
KON-00001820,PTR-00000971,MOBIL,+41 44 000 69 72,true
KON-00001821,PTR-00000972,EMAIL,nadine.amstutz72@web.example,true
KON-00001822,PTR-00000972,MOBIL,+41 44 000 54 76,true
KON-00001823,PTR-00000973,EMAIL,dragan.papadopoulos60@bluemail.example,true
KON-00001824,PTR-00000973,TELEFON,+41 44 000 29 17,true
KON-00001825,PTR-00000974,EMAIL,marbach.daniela@bluemail.example,true
KON-00001826,PTR-00000974,TELEFON,+41 44 000 43 54,true
KON-00001827,PTR-00000975,EMAIL,emilia.hoffmann@bluemail.example,true
KON-00001828,PTR-00000975,TELEFON,+49 30 23125 950,true
KON-00001829,PTR-00000976,EMAIL,ralf.jung@web.example,true
KON-00001830,PTR-00000976,MOBIL,+49 152 28817 998,true
KON-00001831,PTR-00000977,EMAIL,lukas.hoffmann05@post.example,true
KON-00001832,PTR-00000977,MOBIL,+49 152 28817 968,true
KON-00001833,PTR-00000978,EMAIL,emil.hoffmann@mail.example,true
KON-00001834,PTR-00000978,MOBIL,+49 152 28817 595,true
KON-00001835,PTR-00000979,EMAIL,ralf.klein@bluemail.example,true
KON-00001836,PTR-00000979,MOBIL,+49 152 28817 699,true
KON-00001837,PTR-00000980,EMAIL,jacobs.jennifer@bluemail.example,true
KON-00001838,PTR-00000980,MOBIL,+49 152 28817 103,true
KON-00001839,PTR-00000981,EMAIL,schubert.daniel@post.example,true
KON-00001840,PTR-00000981,MOBIL,+49 152 28817 158,true
KON-00001841,PTR-00000982,EMAIL,info@lahn-systems.example,true
KON-00001842,PTR-00000982,TELEFON,+49 30 23125 155,true
KON-00001843,PTR-00000983,EMAIL,cfischer@mail.example,true
KON-00001844,PTR-00000983,MOBIL,+41 44 000 88 73,true
KON-00001845,PTR-00000984,EMAIL,klein.nadine@web.example,true
KON-00001846,PTR-00000984,MOBIL,+49 152 28817 828,true
KON-00001847,PTR-00000985,EMAIL,piotr.petrovic@bluemail.example,true
KON-00001848,PTR-00000985,MOBIL,+49 152 28817 420,true
KON-00001849,PTR-00000986,EMAIL,katrin.weiss97@mail.example,true
KON-00001850,PTR-00000986,MOBIL,+49 152 28817 585,true
KON-00001851,PTR-00000987,EMAIL,bbieri@bluemail.example,true
KON-00001852,PTR-00000987,MOBIL,+41 44 000 50 70,true
KON-00001853,PTR-00000988,EMAIL,ayse.bieri@bluemail.example,true
KON-00001854,PTR-00000988,MOBIL,+41 44 000 79 11,true
KON-00001855,PTR-00000989,EMAIL,ana.sahin53@post.example,true
KON-00001856,PTR-00000989,MOBIL,+49 152 28817 914,true
KON-00001857,PTR-00000990,EMAIL,stefan.sahin@bluemail.example,true
KON-00001858,PTR-00000990,MOBIL,+49 152 28817 790,true
KON-00001859,PTR-00000991,EMAIL,stefan.mueller@web.example,true
KON-00001860,PTR-00000991,MOBIL,+49 152 28817 622,true
KON-00001861,PTR-00000992,EMAIL,steiner.philipp@post.example,true
KON-00001862,PTR-00000992,MOBIL,+41 44 000 84 09,true
KON-00001863,PTR-00000993,EMAIL,priska.berger@bluemail.example,true
KON-00001864,PTR-00000993,MOBIL,+41 44 000 68 54,true
KON-00001865,PTR-00000994,EMAIL,steiner.gian@web.example,true
KON-00001866,PTR-00000994,MOBIL,+41 44 000 14 84,true
KON-00001867,PTR-00000995,MOBIL,+49 152 28817 241,true
KON-00001868,PTR-00000996,EMAIL,hmeyer@post.example,true
KON-00001869,PTR-00000996,MOBIL,+49 152 28817 393,true
KON-00001870,PTR-00000997,MOBIL,+41 44 000 25 14,true
KON-00001871,PTR-00000998,EMAIL,michel.maria-jose@post.example,true
KON-00001872,PTR-00000998,MOBIL,+41 44 000 55 36,true
KON-00001873,PTR-00000999,EMAIL,franziska46@mail.example,true
KON-00001874,PTR-00000999,MOBIL,+41 44 000 51 95,true
KON-00001875,PTR-00001000,EMAIL,andreas93@mail.example,true
KON-00001876,PTR-00001000,TELEFON,+41 44 000 32 67,true
