vertrag_id,partner_id,rolle,anteil_pct
VTR-00000101,PTR-00000001,VERSICHERUNGSNEHMER,
VTR-00000101,PTR-00000011,MITVERSICHERT,
VTR-00000101,PTR-00000019,MITVERSICHERT,
VTR-00000101,PTR-00000020,MITVERSICHERT,
VTR-00000102,PTR-00000001,VERSICHERUNGSNEHMER,
VTR-00000102,PTR-00000001,VERSICHERTE_PERSON,
VTR-00000102,PTR-00000011,BEGUENSTIGT,50.0
VTR-00000102,PTR-00000019,BEGUENSTIGT,25.0
VTR-00000102,PTR-00000020,BEGUENSTIGT,25.0
VTR-00000103,PTR-00000011,VERSICHERUNGSNEHMER,
VTR-00000103,PTR-00000011,VERSICHERTE_PERSON,
VTR-00000103,,BEGUENSTIGT_GESETZLICHE_ERBEN,100.0
VTR-00000104,PTR-00000001,VERSICHERUNGSNEHMER,
VTR-00000104,PTR-00000001,VERSICHERTE_PERSON,
VTR-00000104,PTR-00000011,BEGUENSTIGT,50.0
VTR-00000104,PTR-00000019,BEGUENSTIGT,25.0
VTR-00000104,PTR-00000020,BEGUENSTIGT,25.0
VTR-00000201,PTR-00000002,VERSICHERUNGSNEHMER,
VTR-00000202,PTR-00000002,VERSICHERUNGSNEHMER,
VTR-00000202,PTR-00000002,VERSICHERTE_PERSON,
VTR-00000202,,BEGUENSTIGT_GESETZLICHE_ERBEN,100.0
VTR-00000203,PTR-00000002,VERSICHERUNGSNEHMER,
VTR-00000301,PTR-00000003,VERSICHERUNGSNEHMER,
VTR-00000302,PTR-00000003,VERSICHERUNGSNEHMER,
VTR-00000302,PTR-00000012,VERSICHERTE_PERSON,
VTR-00000302,,BEGUENSTIGT_GESETZLICHE_ERBEN,100.0
VTR-00000401,PTR-00000004,VERSICHERUNGSNEHMER,
VTR-00000402,PTR-00000014,VERSICHERUNGSNEHMER,
VTR-00000402,PTR-00000014,VERSICHERTE_PERSON,
VTR-00000402,,BEGUENSTIGT_GESETZLICHE_ERBEN,100.0
VTR-00000501,PTR-00000005,VERSICHERUNGSNEHMER,
VTR-00000501,PTR-00000005,VERSICHERTE_PERSON,
VTR-00000501,PTR-00000015,BEGUENSTIGT,100.0
VTR-00000502,PTR-00000005,VERSICHERUNGSNEHMER,
VTR-00000502,PTR-00000005,VERSICHERTE_PERSON,
VTR-00000502,PTR-00000015,BEGUENSTIGT,100.0
VTR-00000503,PTR-00000005,VERSICHERUNGSNEHMER,
VTR-00000503,PTR-00000015,MITVERSICHERT,
VTR-00000601,PTR-00000006,VERSICHERUNGSNEHMER,
VTR-00000601,PTR-00000006,VERSICHERTE_PERSON,
VTR-00000601,PTR-00000016,BEGUENSTIGT,100.0
VTR-00000602,PTR-00000006,VERSICHERUNGSNEHMER,
VTR-00000602,PTR-00000006,VERSICHERTE_PERSON,
VTR-00000602,PTR-00000016,BEGUENSTIGT,100.0
VTR-00000701,PTR-00000007,VERSICHERUNGSNEHMER,
VTR-00000702,PTR-00000007,VERSICHERUNGSNEHMER,
VTR-00000702,PTR-00000007,VERSICHERTE_PERSON,
VTR-00000702,,BEGUENSTIGT_GESETZLICHE_ERBEN,100.0
VTR-00000801,PTR-00000008,VERSICHERUNGSNEHMER,
VTR-00000901,PTR-00000009,VERSICHERUNGSNEHMER,
VTR-00000902,PTR-00000017,VERSICHERUNGSNEHMER,
VTR-00001001,PTR-00000010,VERSICHERUNGSNEHMER,
VTR-00001001,PTR-00000010,VERSICHERTE_PERSON,
VTR-00001001,PTR-00000018,BEGUENSTIGT,100.0
VTR-00002001,PTR-00000862,VERSICHERUNGSNEHMER,
VTR-00002001,PTR-00000863,MITVERSICHERT,
VTR-00002002,PTR-00000510,VERSICHERUNGSNEHMER,
VTR-00002002,PTR-00000511,MITVERSICHERT,
VTR-00002003,PTR-00000757,VERSICHERUNGSNEHMER,
VTR-00002004,PTR-00000400,VERSICHERUNGSNEHMER,
VTR-00002005,PTR-00000104,VERSICHERUNGSNEHMER,
VTR-00002005,PTR-00000105,MITVERSICHERT,
VTR-00002006,PTR-00000342,VERSICHERUNGSNEHMER,
VTR-00002007,PTR-00000204,VERSICHERUNGSNEHMER,
VTR-00002008,PTR-00000407,VERSICHERUNGSNEHMER,
VTR-00002009,PTR-00000029,VERSICHERUNGSNEHMER,
VTR-00002010,PTR-00000543,VERSICHERUNGSNEHMER,
VTR-00002010,PTR-00000544,MITVERSICHERT,
VTR-00002011,PTR-00000245,VERSICHERUNGSNEHMER,
VTR-00002011,PTR-00000246,MITVERSICHERT,
VTR-00002012,PTR-00000468,VERSICHERUNGSNEHMER,
VTR-00002012,PTR-00000469,MITVERSICHERT,
VTR-00002012,PTR-00000470,MITVERSICHERT,
VTR-00002012,PTR-00000471,MITVERSICHERT,
VTR-00002013,PTR-00000675,VERSICHERUNGSNEHMER,
VTR-00002014,PTR-00000308,VERSICHERUNGSNEHMER,
VTR-00002015,PTR-00000413,VERSICHERUNGSNEHMER,
VTR-00002015,PTR-00000414,MITVERSICHERT,
VTR-00002015,PTR-00000415,MITVERSICHERT,
VTR-00002016,PTR-00000554,VERSICHERUNGSNEHMER,
VTR-00002016,PTR-00000555,MITVERSICHERT,
VTR-00002017,PTR-00000859,VERSICHERUNGSNEHMER,
VTR-00002017,PTR-00000860,MITVERSICHERT,
VTR-00002018,PTR-00000685,VERSICHERUNGSNEHMER,
VTR-00002018,PTR-00000686,MITVERSICHERT,
VTR-00002018,PTR-00000687,MITVERSICHERT,
VTR-00002019,PTR-00000553,VERSICHERUNGSNEHMER,
VTR-00002020,PTR-00000380,VERSICHERUNGSNEHMER,
VTR-00002020,PTR-00000381,MITVERSICHERT,
VTR-00002020,PTR-00000382,MITVERSICHERT,
VTR-00002020,PTR-00000383,MITVERSICHERT,
VTR-00002021,PTR-00000290,VERSICHERUNGSNEHMER,
VTR-00002021,PTR-00000291,MITVERSICHERT,
VTR-00002021,PTR-00000292,MITVERSICHERT,
VTR-00002021,PTR-00000293,MITVERSICHERT,
VTR-00002021,PTR-00000294,MITVERSICHERT,
VTR-00002022,PTR-00000122,VERSICHERUNGSNEHMER,
VTR-00002023,PTR-00000238,VERSICHERUNGSNEHMER,
VTR-00002023,PTR-00000239,MITVERSICHERT,
VTR-00002023,PTR-00000240,MITVERSICHERT,
VTR-00002024,PTR-00000096,VERSICHERUNGSNEHMER,
VTR-00002025,PTR-00000168,VERSICHERUNGSNEHMER,
VTR-00002025,PTR-00000169,MITVERSICHERT,
VTR-00002026,PTR-00000210,VERSICHERUNGSNEHMER,
VTR-00002026,PTR-00000211,MITVERSICHERT,
VTR-00002027,PTR-00000387,VERSICHERUNGSNEHMER,
VTR-00002028,PTR-00000257,VERSICHERUNGSNEHMER,
VTR-00002029,PTR-00000756,VERSICHERUNGSNEHMER,
VTR-00002030,PTR-00001000,VERSICHERUNGSNEHMER,
VTR-00002031,PTR-00000591,VERSICHERUNGSNEHMER,
VTR-00002031,PTR-00000592,MITVERSICHERT,
VTR-00002031,PTR-00000593,MITVERSICHERT,
VTR-00002032,PTR-00000270,VERSICHERUNGSNEHMER,
VTR-00002033,PTR-00000195,VERSICHERUNGSNEHMER,
VTR-00002033,PTR-00000196,MITVERSICHERT,
VTR-00002034,PTR-00000460,VERSICHERUNGSNEHMER,
VTR-00002034,PTR-00000461,MITVERSICHERT,
VTR-00002034,PTR-00000462,MITVERSICHERT,
VTR-00002035,PTR-00000748,VERSICHERUNGSNEHMER,
VTR-00002035,PTR-00000749,MITVERSICHERT,
VTR-00002035,PTR-00000750,MITVERSICHERT,
VTR-00002035,PTR-00000751,MITVERSICHERT,
VTR-00002036,PTR-00000321,VERSICHERUNGSNEHMER,
VTR-00002036,PTR-00000322,MITVERSICHERT,
VTR-00002037,PTR-00000453,VERSICHERUNGSNEHMER,
VTR-00002037,PTR-00000454,MITVERSICHERT,
VTR-00002038,PTR-00000134,VERSICHERUNGSNEHMER,
VTR-00002039,PTR-00000082,VERSICHERUNGSNEHMER,
VTR-00002040,PTR-00000767,VERSICHERUNGSNEHMER,
VTR-00002041,PTR-00000185,VERSICHERUNGSNEHMER,
VTR-00002041,PTR-00000186,MITVERSICHERT,
VTR-00002042,PTR-00000450,VERSICHERUNGSNEHMER,
VTR-00002042,PTR-00000451,MITVERSICHERT,
VTR-00002042,PTR-00000452,MITVERSICHERT,
VTR-00002043,PTR-00000425,VERSICHERUNGSNEHMER,
VTR-00002043,PTR-00000426,MITVERSICHERT,
VTR-00002043,PTR-00000427,MITVERSICHERT,
VTR-00002043,PTR-00000428,MITVERSICHERT,
VTR-00002043,PTR-00000429,MITVERSICHERT,
VTR-00002044,PTR-00000102,VERSICHERUNGSNEHMER,
VTR-00002045,PTR-00000879,VERSICHERUNGSNEHMER,
VTR-00002045,PTR-00000880,MITVERSICHERT,
VTR-00002046,PTR-00000403,VERSICHERUNGSNEHMER,
VTR-00002046,PTR-00000404,MITVERSICHERT,
VTR-00002046,PTR-00000405,MITVERSICHERT,
VTR-00002046,PTR-00000406,MITVERSICHERT,
VTR-00002047,PTR-00000723,VERSICHERUNGSNEHMER,
VTR-00002047,PTR-00000724,MITVERSICHERT,
VTR-00002047,PTR-00000725,MITVERSICHERT,
VTR-00002048,PTR-00000911,VERSICHERUNGSNEHMER,
VTR-00002048,PTR-00000912,MITVERSICHERT,
VTR-00002049,PTR-00000401,VERSICHERUNGSNEHMER,
VTR-00002049,PTR-00000402,MITVERSICHERT,
VTR-00002050,PTR-00000812,VERSICHERUNGSNEHMER,
VTR-00002051,PTR-00000283,VERSICHERUNGSNEHMER,
VTR-00002052,PTR-00000568,VERSICHERUNGSNEHMER,
VTR-00002052,PTR-00000569,MITVERSICHERT,
VTR-00002053,PTR-00000065,VERSICHERUNGSNEHMER,
VTR-00002054,PTR-00000248,VERSICHERUNGSNEHMER,
VTR-00002055,PTR-00000083,VERSICHERUNGSNEHMER,
VTR-00002056,PTR-00000028,VERSICHERUNGSNEHMER,
VTR-00002057,PTR-00000818,VERSICHERUNGSNEHMER,
VTR-00002057,PTR-00000819,MITVERSICHERT,
VTR-00002058,PTR-00000872,VERSICHERUNGSNEHMER,
VTR-00002058,PTR-00000873,MITVERSICHERT,
VTR-00002058,PTR-00000874,MITVERSICHERT,
VTR-00002058,PTR-00000875,MITVERSICHERT,
VTR-00002058,PTR-00000876,MITVERSICHERT,
VTR-00002059,PTR-00000613,VERSICHERUNGSNEHMER,
VTR-00002059,PTR-00000614,MITVERSICHERT,
VTR-00002059,PTR-00000615,MITVERSICHERT,
VTR-00002060,PTR-00000486,VERSICHERUNGSNEHMER,
VTR-00002061,PTR-00000273,VERSICHERUNGSNEHMER,
VTR-00002062,PTR-00000167,VERSICHERUNGSNEHMER,
VTR-00002063,PTR-00000247,VERSICHERUNGSNEHMER,
VTR-00002064,PTR-00000181,VERSICHERUNGSNEHMER,
VTR-00002064,PTR-00000182,MITVERSICHERT,
VTR-00002064,PTR-00000183,MITVERSICHERT,
VTR-00002065,PTR-00000385,VERSICHERUNGSNEHMER,
VTR-00002065,PTR-00000386,MITVERSICHERT,
VTR-00002066,PTR-00000519,VERSICHERUNGSNEHMER,
VTR-00002067,PTR-00000249,VERSICHERUNGSNEHMER,
VTR-00002067,PTR-00000250,MITVERSICHERT,
VTR-00002068,PTR-00000327,VERSICHERUNGSNEHMER,
VTR-00002069,PTR-00000888,VERSICHERUNGSNEHMER,
VTR-00002069,PTR-00000889,MITVERSICHERT,
VTR-00002070,PTR-00000231,VERSICHERUNGSNEHMER,
VTR-00002071,PTR-00000561,VERSICHERUNGSNEHMER,
VTR-00002071,PTR-00000562,MITVERSICHERT,
VTR-00002072,PTR-00000606,VERSICHERUNGSNEHMER,
VTR-00002073,PTR-00000741,VERSICHERUNGSNEHMER,
VTR-00002073,PTR-00000742,MITVERSICHERT,
VTR-00002074,PTR-00000043,VERSICHERUNGSNEHMER,
VTR-00002074,PTR-00000044,MITVERSICHERT,
VTR-00002074,PTR-00000045,MITVERSICHERT,
VTR-00002074,PTR-00000046,MITVERSICHERT,
VTR-00002075,PTR-00000582,VERSICHERUNGSNEHMER,
VTR-00002076,PTR-00000482,VERSICHERUNGSNEHMER,
VTR-00002076,PTR-00000483,MITVERSICHERT,
VTR-00002077,PTR-00000985,VERSICHERUNGSNEHMER,
VTR-00002077,PTR-00000986,MITVERSICHERT,
VTR-00002078,PTR-00000828,VERSICHERUNGSNEHMER,
VTR-00002079,PTR-00000790,VERSICHERUNGSNEHMER,
VTR-00002080,PTR-00000320,VERSICHERUNGSNEHMER,
VTR-00002081,PTR-00000517,VERSICHERUNGSNEHMER,
VTR-00002082,PTR-00000690,VERSICHERUNGSNEHMER,
VTR-00002082,PTR-00000691,MITVERSICHERT,
VTR-00002083,PTR-00000637,VERSICHERUNGSNEHMER,
VTR-00002083,PTR-00000638,MITVERSICHERT,
VTR-00002083,PTR-00000639,MITVERSICHERT,
VTR-00002084,PTR-00000274,VERSICHERUNGSNEHMER,
VTR-00002084,PTR-00000275,MITVERSICHERT,
VTR-00002085,PTR-00000730,VERSICHERUNGSNEHMER,
VTR-00002086,PTR-00000934,VERSICHERUNGSNEHMER,
VTR-00002086,PTR-00000935,MITVERSICHERT,
VTR-00002087,PTR-00000328,VERSICHERUNGSNEHMER,
VTR-00002087,PTR-00000329,MITVERSICHERT,
VTR-00002087,PTR-00000330,MITVERSICHERT,
VTR-00002087,PTR-00000331,MITVERSICHERT,
VTR-00002087,PTR-00000332,MITVERSICHERT,
VTR-00002088,PTR-00000024,VERSICHERUNGSNEHMER,
VTR-00002088,PTR-00000025,MITVERSICHERT,
VTR-00002089,PTR-00000153,VERSICHERUNGSNEHMER,
VTR-00002089,PTR-00000154,MITVERSICHERT,
VTR-00002090,PTR-00000078,VERSICHERUNGSNEHMER,
VTR-00002091,PTR-00000230,VERSICHERUNGSNEHMER,
VTR-00002092,PTR-00000334,VERSICHERUNGSNEHMER,
VTR-00002092,PTR-00000335,MITVERSICHERT,
VTR-00002093,PTR-00000306,VERSICHERUNGSNEHMER,
VTR-00002093,PTR-00000307,MITVERSICHERT,
VTR-00002094,PTR-00000755,VERSICHERUNGSNEHMER,
VTR-00002095,PTR-00000524,VERSICHERUNGSNEHMER,
VTR-00002096,PTR-00000809,VERSICHERUNGSNEHMER,
VTR-00002097,PTR-00000627,VERSICHERUNGSNEHMER,
VTR-00002097,PTR-00000628,MITVERSICHERT,
VTR-00002098,PTR-00000877,VERSICHERUNGSNEHMER,
VTR-00002099,PTR-00000720,VERSICHERUNGSNEHMER,
VTR-00002099,PTR-00000721,MITVERSICHERT,
VTR-00002099,PTR-00000722,MITVERSICHERT,
VTR-00002100,PTR-00000731,VERSICHERUNGSNEHMER,
VTR-00002101,PTR-00000932,VERSICHERUNGSNEHMER,
VTR-00002102,PTR-00000794,VERSICHERUNGSNEHMER,
VTR-00002102,PTR-00000795,MITVERSICHERT,
VTR-00002103,PTR-00000034,VERSICHERUNGSNEHMER,
VTR-00002104,PTR-00000241,VERSICHERUNGSNEHMER,
VTR-00002104,PTR-00000242,MITVERSICHERT,
VTR-00002105,PTR-00000542,VERSICHERUNGSNEHMER,
VTR-00002106,PTR-00000841,VERSICHERUNGSNEHMER,
VTR-00002107,PTR-00000220,VERSICHERUNGSNEHMER,
VTR-00002108,PTR-00000315,VERSICHERUNGSNEHMER,
VTR-00002108,PTR-00000316,MITVERSICHERT,
VTR-00002109,PTR-00000630,VERSICHERUNGSNEHMER,
VTR-00002109,PTR-00000631,MITVERSICHERT,
VTR-00002110,PTR-00000711,VERSICHERUNGSNEHMER,
VTR-00002111,PTR-00000607,VERSICHERUNGSNEHMER,
VTR-00002112,PTR-00000708,VERSICHERUNGSNEHMER,
VTR-00002112,PTR-00000709,MITVERSICHERT,
VTR-00002112,PTR-00000710,MITVERSICHERT,
VTR-00002113,PTR-00000238,VERSICHERUNGSNEHMER,
VTR-00002113,PTR-00000239,MITVERSICHERT,
VTR-00002113,PTR-00000240,MITVERSICHERT,
VTR-00002114,PTR-00000432,VERSICHERUNGSNEHMER,
VTR-00002115,PTR-00000172,VERSICHERUNGSNEHMER,
VTR-00002116,PTR-00000677,VERSICHERUNGSNEHMER,
VTR-00002117,PTR-00000305,VERSICHERUNGSNEHMER,
VTR-00002118,PTR-00000500,VERSICHERUNGSNEHMER,
VTR-00002118,PTR-00000501,MITVERSICHERT,
VTR-00002119,PTR-00000424,VERSICHERUNGSNEHMER,
VTR-00002120,PTR-00000533,VERSICHERUNGSNEHMER,
VTR-00002121,PTR-00000447,VERSICHERUNGSNEHMER,
VTR-00002121,PTR-00000448,MITVERSICHERT,
VTR-00002121,PTR-00000449,MITVERSICHERT,
VTR-00002122,PTR-00000917,VERSICHERUNGSNEHMER,
VTR-00002122,PTR-00000918,MITVERSICHERT,
VTR-00002123,PTR-00000824,VERSICHERUNGSNEHMER,
VTR-00002124,PTR-00000187,VERSICHERUNGSNEHMER,
VTR-00002124,PTR-00000188,MITVERSICHERT,
VTR-00002125,PTR-00000258,VERSICHERUNGSNEHMER,
VTR-00002126,PTR-00000704,VERSICHERUNGSNEHMER,
VTR-00002127,PTR-00000522,VERSICHERUNGSNEHMER,
VTR-00002127,PTR-00000523,MITVERSICHERT,
VTR-00002128,PTR-00000318,VERSICHERUNGSNEHMER,
VTR-00002128,PTR-00000319,MITVERSICHERT,
VTR-00002129,PTR-00000508,VERSICHERUNGSNEHMER,
VTR-00002129,PTR-00000509,MITVERSICHERT,
VTR-00002130,PTR-00000629,VERSICHERUNGSNEHMER,
VTR-00002131,PTR-00000761,VERSICHERUNGSNEHMER,
VTR-00002131,PTR-00000762,MITVERSICHERT,
VTR-00002132,PTR-00000560,VERSICHERUNGSNEHMER,
VTR-00002133,PTR-00000148,VERSICHERUNGSNEHMER,
VTR-00002133,PTR-00000149,MITVERSICHERT,
VTR-00002134,PTR-00000558,VERSICHERUNGSNEHMER,
VTR-00002134,PTR-00000559,MITVERSICHERT,
VTR-00002135,PTR-00000276,VERSICHERUNGSNEHMER,
VTR-00002136,PTR-00000201,VERSICHERUNGSNEHMER,
VTR-00002136,PTR-00000202,MITVERSICHERT,
VTR-00002136,PTR-00000203,MITVERSICHERT,
VTR-00002137,PTR-00000254,VERSICHERUNGSNEHMER,
VTR-00002137,PTR-00000255,MITVERSICHERT,
VTR-00002137,PTR-00000256,MITVERSICHERT,
VTR-00002138,PTR-00000842,VERSICHERUNGSNEHMER,
VTR-00002139,PTR-00000224,VERSICHERUNGSNEHMER,
VTR-00002139,PTR-00000225,MITVERSICHERT,
VTR-00002140,PTR-00000374,VERSICHERUNGSNEHMER,
VTR-00002140,PTR-00000375,MITVERSICHERT,
VTR-00002141,PTR-00000768,VERSICHERUNGSNEHMER,
VTR-00002142,PTR-00000116,VERSICHERUNGSNEHMER,
VTR-00002143,PTR-00000931,VERSICHERUNGSNEHMER,
VTR-00002144,PTR-00000085,VERSICHERUNGSNEHMER,
VTR-00002145,PTR-00000773,VERSICHERUNGSNEHMER,
VTR-00002146,PTR-00000244,VERSICHERUNGSNEHMER,
VTR-00002147,PTR-00000811,VERSICHERUNGSNEHMER,
VTR-00002148,PTR-00000179,VERSICHERUNGSNEHMER,
VTR-00002148,PTR-00000180,MITVERSICHERT,
VTR-00002149,PTR-00000463,VERSICHERUNGSNEHMER,
VTR-00002150,PTR-00000535,VERSICHERUNGSNEHMER,
VTR-00002150,PTR-00000536,MITVERSICHERT,
VTR-00002151,PTR-00000636,VERSICHERUNGSNEHMER,
VTR-00002152,PTR-00000845,VERSICHERUNGSNEHMER,
VTR-00002152,PTR-00000846,MITVERSICHERT,
VTR-00002153,PTR-00000097,VERSICHERUNGSNEHMER,
VTR-00002153,PTR-00000098,MITVERSICHERT,
VTR-00002154,PTR-00000964,VERSICHERUNGSNEHMER,
VTR-00002155,PTR-00000703,VERSICHERUNGSNEHMER,
VTR-00002156,PTR-00000397,VERSICHERUNGSNEHMER,
VTR-00002156,PTR-00000398,MITVERSICHERT,
VTR-00002156,PTR-00000399,MITVERSICHERT,
VTR-00002157,PTR-00000040,VERSICHERUNGSNEHMER,
VTR-00002158,PTR-00000084,VERSICHERUNGSNEHMER,
VTR-00002159,PTR-00000112,VERSICHERUNGSNEHMER,
VTR-00002159,PTR-00000113,MITVERSICHERT,
VTR-00002160,PTR-00000919,VERSICHERUNGSNEHMER,
VTR-00002161,PTR-00000929,VERSICHERUNGSNEHMER,
VTR-00002162,PTR-00000512,VERSICHERUNGSNEHMER,
VTR-00002163,PTR-00000324,VERSICHERUNGSNEHMER,
VTR-00002164,PTR-00000110,VERSICHERUNGSNEHMER,
VTR-00002164,PTR-00000111,MITVERSICHERT,
VTR-00002165,PTR-00000574,VERSICHERUNGSNEHMER,
VTR-00002166,PTR-00000049,VERSICHERUNGSNEHMER,
VTR-00002167,PTR-00000679,VERSICHERUNGSNEHMER,
VTR-00002167,PTR-00000680,MITVERSICHERT,
VTR-00002167,PTR-00000681,MITVERSICHERT,
VTR-00002167,PTR-00000682,MITVERSICHERT,
VTR-00002168,PTR-00000128,VERSICHERUNGSNEHMER,
VTR-00002168,PTR-00000129,MITVERSICHERT,
VTR-00002169,PTR-00000109,VERSICHERUNGSNEHMER,
VTR-00002170,PTR-00000205,VERSICHERUNGSNEHMER,
VTR-00002170,PTR-00000206,MITVERSICHERT,
VTR-00002170,PTR-00000207,MITVERSICHERT,
VTR-00002171,PTR-00000208,VERSICHERUNGSNEHMER,
VTR-00002172,PTR-00000916,VERSICHERUNGSNEHMER,
VTR-00002173,PTR-00000718,VERSICHERUNGSNEHMER,
VTR-00002173,PTR-00000719,MITVERSICHERT,
VTR-00002174,PTR-00000968,VERSICHERUNGSNEHMER,
VTR-00002174,PTR-00000969,MITVERSICHERT,
VTR-00002175,PTR-00000295,VERSICHERUNGSNEHMER,
VTR-00002175,PTR-00000296,MITVERSICHERT,
VTR-00002176,PTR-00000563,VERSICHERUNGSNEHMER,
VTR-00002176,PTR-00000564,MITVERSICHERT,
VTR-00002176,PTR-00000565,MITVERSICHERT,
VTR-00002177,PTR-00000984,VERSICHERUNGSNEHMER,
VTR-00002178,PTR-00000702,VERSICHERUNGSNEHMER,
VTR-00002179,PTR-00000486,VERSICHERUNGSNEHMER,
VTR-00002180,PTR-00000353,VERSICHERUNGSNEHMER,
VTR-00002181,PTR-00000739,VERSICHERUNGSNEHMER,
VTR-00002181,PTR-00000740,MITVERSICHERT,
VTR-00002182,PTR-00000221,VERSICHERUNGSNEHMER,
VTR-00002182,PTR-00000222,MITVERSICHERT,
VTR-00002182,PTR-00000223,MITVERSICHERT,
VTR-00002183,PTR-00000932,VERSICHERUNGSNEHMER,
VTR-00002184,PTR-00000820,VERSICHERUNGSNEHMER,
VTR-00002184,PTR-00000821,MITVERSICHERT,
VTR-00002184,PTR-00000822,MITVERSICHERT,
VTR-00002185,PTR-00000826,VERSICHERUNGSNEHMER,
VTR-00002186,PTR-00000457,VERSICHERUNGSNEHMER,
VTR-00002186,PTR-00000458,MITVERSICHERT,
VTR-00002186,PTR-00000459,MITVERSICHERT,
VTR-00002187,PTR-00000416,VERSICHERUNGSNEHMER,
VTR-00002187,PTR-00000417,MITVERSICHERT,
VTR-00002188,PTR-00000262,VERSICHERUNGSNEHMER,
VTR-00002188,PTR-00000263,MITVERSICHERT,
VTR-00002188,PTR-00000264,MITVERSICHERT,
VTR-00002189,PTR-00000736,VERSICHERUNGSNEHMER,
VTR-00002190,PTR-00000594,VERSICHERUNGSNEHMER,
VTR-00002191,PTR-00000138,VERSICHERUNGSNEHMER,
VTR-00002191,PTR-00000139,MITVERSICHERT,
VTR-00002192,PTR-00000920,VERSICHERUNGSNEHMER,
VTR-00002193,PTR-00000865,VERSICHERUNGSNEHMER,
VTR-00002193,PTR-00000866,MITVERSICHERT,
VTR-00002193,PTR-00000867,MITVERSICHERT,
VTR-00002194,PTR-00000021,VERSICHERUNGSNEHMER,
VTR-00002194,PTR-00000022,MITVERSICHERT,
VTR-00002195,PTR-00000901,VERSICHERUNGSNEHMER,
VTR-00002196,PTR-00000814,VERSICHERUNGSNEHMER,
VTR-00002196,PTR-00000815,MITVERSICHERT,
VTR-00002196,PTR-00000816,MITVERSICHERT,
VTR-00002197,PTR-00000376,VERSICHERUNGSNEHMER,
VTR-00002198,PTR-00000061,VERSICHERUNGSNEHMER,
VTR-00002198,PTR-00000062,MITVERSICHERT,
VTR-00002198,PTR-00000063,MITVERSICHERT,
VTR-00002198,PTR-00000064,MITVERSICHERT,
VTR-00002199,PTR-00000577,VERSICHERUNGSNEHMER,
VTR-00002200,PTR-00000837,VERSICHERUNGSNEHMER,
VTR-00002201,PTR-00000648,VERSICHERUNGSNEHMER,
VTR-00002201,PTR-00000649,MITVERSICHERT,
VTR-00002202,PTR-00000626,VERSICHERUNGSNEHMER,
VTR-00002203,PTR-00000817,VERSICHERUNGSNEHMER,
VTR-00002204,PTR-00000086,VERSICHERUNGSNEHMER,
VTR-00002204,PTR-00000087,MITVERSICHERT,
VTR-00002205,PTR-00000360,VERSICHERUNGSNEHMER,
VTR-00002205,PTR-00000361,MITVERSICHERT,
VTR-00002206,PTR-00000951,VERSICHERUNGSNEHMER,
VTR-00002207,PTR-00000643,VERSICHERUNGSNEHMER,
VTR-00002207,PTR-00000644,MITVERSICHERT,
VTR-00002207,PTR-00000645,MITVERSICHERT,
VTR-00002207,PTR-00000646,MITVERSICHERT,
VTR-00002208,PTR-00000624,VERSICHERUNGSNEHMER,
VTR-00002208,PTR-00000625,MITVERSICHERT,
VTR-00002209,PTR-00000972,VERSICHERUNGSNEHMER,
VTR-00002210,PTR-00000825,VERSICHERUNGSNEHMER,
VTR-00002211,PTR-00000267,VERSICHERUNGSNEHMER,
VTR-00002212,PTR-00000347,VERSICHERUNGSNEHMER,
VTR-00002213,PTR-00000060,VERSICHERUNGSNEHMER,
VTR-00002214,PTR-00000991,VERSICHERUNGSNEHMER,
VTR-00002215,PTR-00000479,VERSICHERUNGSNEHMER,
VTR-00002215,PTR-00000480,MITVERSICHERT,
VTR-00002216,PTR-00000299,VERSICHERUNGSNEHMER,
VTR-00002216,PTR-00000300,MITVERSICHERT,
VTR-00002217,PTR-00000792,VERSICHERUNGSNEHMER,
VTR-00002218,PTR-00000743,VERSICHERUNGSNEHMER,
VTR-00002218,PTR-00000744,MITVERSICHERT,
VTR-00002218,PTR-00000745,MITVERSICHERT,
VTR-00002219,PTR-00000943,VERSICHERUNGSNEHMER,
VTR-00002219,PTR-00000944,MITVERSICHERT,
VTR-00002220,PTR-00000173,VERSICHERUNGSNEHMER,
VTR-00002220,PTR-00000174,MITVERSICHERT,
VTR-00002220,PTR-00000175,MITVERSICHERT,
VTR-00002220,PTR-00000176,MITVERSICHERT,
VTR-00002221,PTR-00000853,VERSICHERUNGSNEHMER,
VTR-00002221,PTR-00000854,MITVERSICHERT,
VTR-00002222,PTR-00000277,VERSICHERUNGSNEHMER,
VTR-00002222,PTR-00000278,MITVERSICHERT,
VTR-00002223,PTR-00000746,VERSICHERUNGSNEHMER,
VTR-00002223,PTR-00000747,MITVERSICHERT,
VTR-00002224,PTR-00000224,VERSICHERUNGSNEHMER,
VTR-00002224,PTR-00000225,MITVERSICHERT,
VTR-00002225,PTR-00000093,VERSICHERUNGSNEHMER,
VTR-00002225,PTR-00000094,MITVERSICHERT,
VTR-00002225,PTR-00000095,MITVERSICHERT,
VTR-00002226,PTR-00000661,VERSICHERUNGSNEHMER,
VTR-00002226,PTR-00000662,MITVERSICHERT,
VTR-00002227,PTR-00000041,VERSICHERUNGSNEHMER,
VTR-00002227,PTR-00000042,MITVERSICHERT,
VTR-00002228,PTR-00000038,VERSICHERUNGSNEHMER,
VTR-00002228,PTR-00000039,MITVERSICHERT,
VTR-00002229,PTR-00000527,VERSICHERUNGSNEHMER,
VTR-00002229,PTR-00000528,MITVERSICHERT,
VTR-00002229,PTR-00000529,MITVERSICHERT,
VTR-00002230,PTR-00000823,VERSICHERUNGSNEHMER,
VTR-00002231,PTR-00000393,VERSICHERUNGSNEHMER,
VTR-00002231,PTR-00000394,MITVERSICHERT,
VTR-00002231,PTR-00000395,MITVERSICHERT,
VTR-00002231,PTR-00000396,MITVERSICHERT,
VTR-00002232,PTR-00000035,VERSICHERUNGSNEHMER,
VTR-00002232,PTR-00000036,MITVERSICHERT,
VTR-00002232,PTR-00000037,MITVERSICHERT,
VTR-00002233,PTR-00000619,VERSICHERUNGSNEHMER,
VTR-00002233,PTR-00000620,MITVERSICHERT,
VTR-00002233,PTR-00000621,MITVERSICHERT,
VTR-00002233,PTR-00000622,MITVERSICHERT,
VTR-00002233,PTR-00000623,MITVERSICHERT,
VTR-00002234,PTR-00000769,VERSICHERUNGSNEHMER,
VTR-00002234,PTR-00000770,MITVERSICHERT,
VTR-00002235,PTR-00000217,VERSICHERUNGSNEHMER,
VTR-00002235,PTR-00000218,MITVERSICHERT,
VTR-00002235,PTR-00000219,MITVERSICHERT,
VTR-00002236,PTR-00000692,VERSICHERUNGSNEHMER,
VTR-00002237,PTR-00000790,VERSICHERUNGSNEHMER,
VTR-00002238,PTR-00000477,VERSICHERUNGSNEHMER,
VTR-00002238,PTR-00000478,MITVERSICHERT,
VTR-00002239,PTR-00000610,VERSICHERUNGSNEHMER,
VTR-00002240,PTR-00000573,VERSICHERUNGSNEHMER,
VTR-00002241,PTR-00000695,VERSICHERUNGSNEHMER,
VTR-00002242,PTR-00000813,VERSICHERUNGSNEHMER,
VTR-00002243,PTR-00000774,VERSICHERUNGSNEHMER,
VTR-00002243,PTR-00000775,MITVERSICHERT,
VTR-00002243,PTR-00000776,MITVERSICHERT,
VTR-00002244,PTR-00000117,VERSICHERUNGSNEHMER,
VTR-00002244,PTR-00000118,MITVERSICHERT,
VTR-00002245,PTR-00000170,VERSICHERUNGSNEHMER,
VTR-00002246,PTR-00000771,VERSICHERUNGSNEHMER,
VTR-00002246,PTR-00000772,MITVERSICHERT,
VTR-00002247,PTR-00000369,VERSICHERUNGSNEHMER,
VTR-00002248,PTR-00000803,VERSICHERUNGSNEHMER,
VTR-00002249,PTR-00000850,VERSICHERUNGSNEHMER,
VTR-00002250,PTR-00000364,VERSICHERUNGSNEHMER,
VTR-00002250,PTR-00000365,MITVERSICHERT,
VTR-00002251,PTR-00000023,VERSICHERUNGSNEHMER,
VTR-00002252,PTR-00000531,VERSICHERUNGSNEHMER,
VTR-00002252,PTR-00000532,MITVERSICHERT,
VTR-00002253,PTR-00000520,VERSICHERUNGSNEHMER,
VTR-00002253,PTR-00000521,MITVERSICHERT,
VTR-00002254,PTR-00000897,VERSICHERUNGSNEHMER,
VTR-00002254,PTR-00000898,MITVERSICHERT,
VTR-00002255,PTR-00000696,VERSICHERUNGSNEHMER,
VTR-00002256,PTR-00000755,VERSICHERUNGSNEHMER,
VTR-00002257,PTR-00000286,VERSICHERUNGSNEHMER,
VTR-00002258,PTR-00000463,VERSICHERUNGSNEHMER,
VTR-00002259,PTR-00000688,VERSICHERUNGSNEHMER,
VTR-00002259,PTR-00000689,MITVERSICHERT,
VTR-00002260,PTR-00000489,VERSICHERUNGSNEHMER,
VTR-00002261,PTR-00000538,VERSICHERUNGSNEHMER,
VTR-00002262,PTR-00000927,VERSICHERUNGSNEHMER,
VTR-00002262,PTR-00000928,MITVERSICHERT,
VTR-00002263,PTR-00000301,VERSICHERUNGSNEHMER,
VTR-00002263,PTR-00000302,MITVERSICHERT,
VTR-00002264,PTR-00000366,VERSICHERUNGSNEHMER,
VTR-00002265,PTR-00000983,VERSICHERUNGSNEHMER,
VTR-00002266,PTR-00000103,VERSICHERUNGSNEHMER,
VTR-00002267,PTR-00000311,VERSICHERUNGSNEHMER,
VTR-00002267,PTR-00000312,MITVERSICHERT,
VTR-00002268,PTR-00000530,VERSICHERUNGSNEHMER,
VTR-00002269,PTR-00000456,VERSICHERUNGSNEHMER,
VTR-00002270,PTR-00000490,VERSICHERUNGSNEHMER,
VTR-00002270,PTR-00000491,MITVERSICHERT,
VTR-00002270,PTR-00000492,MITVERSICHERT,
VTR-00002270,PTR-00000493,MITVERSICHERT,
VTR-00002270,PTR-00000494,MITVERSICHERT,
VTR-00002271,PTR-00000605,VERSICHERUNGSNEHMER,
VTR-00002272,PTR-00000054,VERSICHERUNGSNEHMER,
VTR-00002272,PTR-00000055,MITVERSICHERT,
VTR-00002272,PTR-00000056,MITVERSICHERT,
VTR-00002272,PTR-00000057,MITVERSICHERT,
VTR-00002273,PTR-00000939,VERSICHERUNGSNEHMER,
VTR-00002273,PTR-00000940,MITVERSICHERT,
VTR-00002273,PTR-00000941,MITVERSICHERT,
VTR-00002274,PTR-00000734,VERSICHERUNGSNEHMER,
VTR-00002275,PTR-00000200,VERSICHERUNGSNEHMER,
VTR-00002276,PTR-00000758,VERSICHERUNGSNEHMER,
VTR-00002276,PTR-00000759,MITVERSICHERT,
VTR-00002276,PTR-00000760,MITVERSICHERT,
VTR-00002277,PTR-00000379,VERSICHERUNGSNEHMER,
VTR-00002278,PTR-00000921,VERSICHERUNGSNEHMER,
VTR-00002278,PTR-00000922,MITVERSICHERT,
VTR-00002278,PTR-00000923,MITVERSICHERT,
VTR-00002279,PTR-00000189,VERSICHERUNGSNEHMER,
VTR-00002279,PTR-00000190,MITVERSICHERT,
VTR-00002279,PTR-00000191,MITVERSICHERT,
VTR-00002280,PTR-00000804,VERSICHERUNGSNEHMER,
VTR-00002280,PTR-00000805,MITVERSICHERT,
VTR-00002280,PTR-00000806,MITVERSICHERT,
VTR-00002280,PTR-00000807,MITVERSICHERT,
VTR-00002280,PTR-00000808,MITVERSICHERT,
VTR-00002281,PTR-00000388,VERSICHERUNGSNEHMER,
VTR-00002281,PTR-00000389,MITVERSICHERT,
VTR-00002281,PTR-00000390,MITVERSICHERT,
VTR-00002281,PTR-00000391,MITVERSICHERT,
VTR-00002281,PTR-00000392,MITVERSICHERT,
VTR-00002282,PTR-00000650,VERSICHERUNGSNEHMER,
VTR-00002283,PTR-00000616,VERSICHERUNGSNEHMER,
VTR-00002284,PTR-00000753,VERSICHERUNGSNEHMER,
VTR-00002284,PTR-00000754,MITVERSICHERT,
VTR-00002285,PTR-00000539,VERSICHERUNGSNEHMER,
VTR-00002286,PTR-00000513,VERSICHERUNGSNEHMER,
VTR-00002286,PTR-00000514,MITVERSICHERT,
VTR-00002286,PTR-00000515,MITVERSICHERT,
VTR-00002286,PTR-00000516,MITVERSICHERT,
VTR-00002287,PTR-00000166,VERSICHERUNGSNEHMER,
VTR-00002288,PTR-00000611,VERSICHERUNGSNEHMER,
VTR-00002288,PTR-00000612,MITVERSICHERT,
VTR-00002289,PTR-00000121,VERSICHERUNGSNEHMER,
VTR-00002290,PTR-00000088,VERSICHERUNGSNEHMER,
VTR-00002290,PTR-00000089,MITVERSICHERT,
VTR-00002290,PTR-00000090,MITVERSICHERT,
VTR-00002291,PTR-00000838,VERSICHERUNGSNEHMER,
VTR-00002291,PTR-00000839,MITVERSICHERT,
VTR-00002292,PTR-00000952,VERSICHERUNGSNEHMER,
VTR-00002292,PTR-00000953,MITVERSICHERT,
VTR-00002293,PTR-00000252,VERSICHERUNGSNEHMER,
VTR-00002293,PTR-00000253,MITVERSICHERT,
VTR-00002294,PTR-00000657,VERSICHERUNGSNEHMER,
VTR-00002294,PTR-00000658,MITVERSICHERT,
VTR-00002294,PTR-00000659,MITVERSICHERT,
VTR-00002295,PTR-00000265,VERSICHERUNGSNEHMER,
VTR-00002295,PTR-00000266,MITVERSICHERT,
VTR-00002296,PTR-00000945,VERSICHERUNGSNEHMER,
VTR-00002296,PTR-00000946,MITVERSICHERT,
VTR-00002296,PTR-00000947,MITVERSICHERT,
VTR-00002297,PTR-00000886,VERSICHERUNGSNEHMER,
VTR-00002298,PTR-00000047,VERSICHERUNGSNEHMER,
VTR-00002298,PTR-00000048,MITVERSICHERT,
VTR-00002299,PTR-00000537,VERSICHERUNGSNEHMER,
VTR-00002300,PTR-00000950,VERSICHERUNGSNEHMER,
VTR-00002301,PTR-00000184,VERSICHERUNGSNEHMER,
VTR-00002302,PTR-00000735,VERSICHERUNGSNEHMER,
VTR-00002303,PTR-00000260,VERSICHERUNGSNEHMER,
VTR-00002303,PTR-00000261,MITVERSICHERT,
VTR-00002304,PTR-00000400,VERSICHERUNGSNEHMER,
VTR-00002305,PTR-00000801,VERSICHERUNGSNEHMER,
VTR-00002305,PTR-00000802,MITVERSICHERT,
VTR-00002306,PTR-00000786,VERSICHERUNGSNEHMER,
VTR-00002307,PTR-00000712,VERSICHERUNGSNEHMER,
VTR-00002307,PTR-00000713,MITVERSICHERT,
VTR-00002307,PTR-00000714,MITVERSICHERT,
VTR-00002308,PTR-00000348,VERSICHERUNGSNEHMER,
VTR-00002308,PTR-00000349,MITVERSICHERT,
VTR-00002308,PTR-00000350,MITVERSICHERT,
VTR-00002308,PTR-00000351,MITVERSICHERT,
VTR-00002308,PTR-00000352,MITVERSICHERT,
VTR-00002309,PTR-00000683,VERSICHERUNGSNEHMER,
VTR-00002310,PTR-00000902,VERSICHERUNGSNEHMER,
VTR-00002310,PTR-00000903,MITVERSICHERT,
VTR-00002311,PTR-00000987,VERSICHERUNGSNEHMER,
VTR-00002311,PTR-00000988,MITVERSICHERT,
VTR-00002312,PTR-00000506,VERSICHERUNGSNEHMER,
VTR-00002312,PTR-00000507,MITVERSICHERT,
VTR-00002313,PTR-00000781,VERSICHERUNGSNEHMER,
VTR-00002313,PTR-00000782,MITVERSICHERT,
VTR-00002313,PTR-00000783,MITVERSICHERT,
VTR-00002314,PTR-00000229,VERSICHERUNGSNEHMER,
VTR-00002315,PTR-00000859,VERSICHERUNGSNEHMER,
VTR-00002315,PTR-00000860,MITVERSICHERT,
VTR-00002316,PTR-00000917,VERSICHERUNGSNEHMER,
VTR-00002316,PTR-00000918,MITVERSICHERT,
VTR-00002317,PTR-00000177,VERSICHERUNGSNEHMER,
VTR-00002318,PTR-00000824,VERSICHERUNGSNEHMER,
VTR-00002319,PTR-00000913,VERSICHERUNGSNEHMER,
VTR-00002319,PTR-00000914,MITVERSICHERT,
VTR-00002319,PTR-00000915,MITVERSICHERT,
VTR-00002320,PTR-00000678,VERSICHERUNGSNEHMER,
VTR-00002321,PTR-00000820,VERSICHERUNGSNEHMER,
VTR-00002321,PTR-00000821,MITVERSICHERT,
VTR-00002321,PTR-00000822,MITVERSICHERT,
VTR-00002322,PTR-00000697,VERSICHERUNGSNEHMER,
VTR-00002322,PTR-00000698,MITVERSICHERT,
VTR-00002323,PTR-00000910,VERSICHERUNGSNEHMER,
VTR-00002324,PTR-00000930,VERSICHERUNGSNEHMER,
VTR-00002325,PTR-00000954,VERSICHERUNGSNEHMER,
VTR-00002325,PTR-00000955,MITVERSICHERT,
VTR-00002325,PTR-00000956,MITVERSICHERT,
VTR-00002325,PTR-00000957,MITVERSICHERT,
VTR-00002325,PTR-00000958,MITVERSICHERT,
VTR-00002326,PTR-00000685,VERSICHERUNGSNEHMER,
VTR-00002326,PTR-00000686,MITVERSICHERT,
VTR-00002326,PTR-00000687,MITVERSICHERT,
VTR-00002327,PTR-00000409,VERSICHERUNGSNEHMER,
VTR-00002328,PTR-00000581,VERSICHERUNGSNEHMER,
VTR-00002329,PTR-00000608,VERSICHERUNGSNEHMER,
VTR-00002329,PTR-00000609,MITVERSICHERT,
VTR-00002330,PTR-00000583,VERSICHERUNGSNEHMER,
VTR-00002330,PTR-00000584,MITVERSICHERT,
VTR-00002330,PTR-00000585,MITVERSICHERT,
VTR-00002330,PTR-00000586,MITVERSICHERT,
VTR-00002331,PTR-00000908,VERSICHERUNGSNEHMER,
VTR-00002332,PTR-00000370,VERSICHERUNGSNEHMER,
VTR-00002332,PTR-00000371,MITVERSICHERT,
VTR-00002333,PTR-00000948,VERSICHERUNGSNEHMER,
VTR-00002333,PTR-00000949,MITVERSICHERT,
VTR-00002334,PTR-00000580,VERSICHERUNGSNEHMER,
VTR-00002335,PTR-00000726,VERSICHERUNGSNEHMER,
VTR-00002336,PTR-00000244,VERSICHERUNGSNEHMER,
VTR-00002337,PTR-00000778,VERSICHERUNGSNEHMER,
VTR-00002338,PTR-00000752,VERSICHERUNGSNEHMER,
VTR-00002339,PTR-00000192,VERSICHERUNGSNEHMER,
VTR-00002339,PTR-00000193,MITVERSICHERT,
VTR-00002339,PTR-00000194,MITVERSICHERT,
VTR-00002340,PTR-00000197,VERSICHERUNGSNEHMER,
VTR-00002340,PTR-00000198,MITVERSICHERT,
VTR-00002340,PTR-00000199,MITVERSICHERT,
VTR-00002341,PTR-00000843,VERSICHERUNGSNEHMER,
VTR-00002342,PTR-00000167,VERSICHERUNGSNEHMER,
VTR-00002343,PTR-00000438,VERSICHERUNGSNEHMER,
VTR-00002343,PTR-00000439,MITVERSICHERT,
VTR-00002344,PTR-00000699,VERSICHERUNGSNEHMER,
VTR-00002345,PTR-00000942,VERSICHERUNGSNEHMER,
VTR-00002346,PTR-00000140,VERSICHERUNGSNEHMER,
VTR-00002346,PTR-00000141,MITVERSICHERT,
VTR-00002346,PTR-00000142,MITVERSICHERT,
VTR-00002346,PTR-00000143,MITVERSICHERT,
VTR-00002347,PTR-00000031,VERSICHERUNGSNEHMER,
VTR-00002348,PTR-00000226,VERSICHERUNGSNEHMER,
VTR-00002349,PTR-00000433,VERSICHERUNGSNEHMER,
VTR-00002349,PTR-00000434,MITVERSICHERT,
VTR-00002350,PTR-00000851,VERSICHERUNGSNEHMER,
VTR-00002350,PTR-00000852,MITVERSICHERT,
VTR-00002351,PTR-00000150,VERSICHERUNGSNEHMER,
VTR-00002351,PTR-00000151,MITVERSICHERT,
VTR-00002352,PTR-00000495,VERSICHERUNGSNEHMER,
VTR-00002352,PTR-00000496,MITVERSICHERT,
VTR-00002352,PTR-00000497,MITVERSICHERT,
VTR-00002352,PTR-00000498,MITVERSICHERT,
VTR-00002353,PTR-00000803,VERSICHERUNGSNEHMER,
VTR-00002354,PTR-00000410,VERSICHERUNGSNEHMER,
VTR-00002355,PTR-00000679,VERSICHERUNGSNEHMER,
VTR-00002355,PTR-00000680,MITVERSICHERT,
VTR-00002355,PTR-00000681,MITVERSICHERT,
VTR-00002355,PTR-00000682,MITVERSICHERT,
VTR-00002356,PTR-00000936,VERSICHERUNGSNEHMER,
VTR-00002357,PTR-00000158,VERSICHERUNGSNEHMER,
VTR-00002357,PTR-00000159,MITVERSICHERT,
VTR-00002357,PTR-00000160,MITVERSICHERT,
VTR-00002357,PTR-00000161,MITVERSICHERT,
VTR-00002357,PTR-00000162,MITVERSICHERT,
VTR-00002358,PTR-00000642,VERSICHERUNGSNEHMER,
VTR-00002359,PTR-00000119,VERSICHERUNGSNEHMER,
VTR-00002359,PTR-00000120,MITVERSICHERT,
VTR-00002360,PTR-00000650,VERSICHERUNGSNEHMER,
VTR-00002361,PTR-00000877,VERSICHERUNGSNEHMER,
VTR-00002362,PTR-00000127,VERSICHERUNGSNEHMER,
VTR-00002363,PTR-00000881,VERSICHERUNGSNEHMER,
VTR-00002363,PTR-00000882,MITVERSICHERT,
VTR-00002363,PTR-00000883,MITVERSICHERT,
VTR-00002363,PTR-00000884,MITVERSICHERT,
VTR-00002363,PTR-00000885,MITVERSICHERT,
VTR-00002364,PTR-00000323,VERSICHERUNGSNEHMER,
VTR-00002365,PTR-00000829,VERSICHERUNGSNEHMER,
VTR-00002365,PTR-00000830,MITVERSICHERT,
VTR-00002366,PTR-00000324,VERSICHERUNGSNEHMER,
VTR-00002367,PTR-00000864,VERSICHERUNGSNEHMER,
VTR-00002368,PTR-00000411,VERSICHERUNGSNEHMER,
VTR-00002368,PTR-00000412,MITVERSICHERT,
VTR-00002369,PTR-00000070,VERSICHERUNGSNEHMER,
VTR-00002369,PTR-00000071,MITVERSICHERT,
VTR-00002369,PTR-00000072,MITVERSICHERT,
VTR-00002369,PTR-00000073,MITVERSICHERT,
VTR-00002370,PTR-00000068,VERSICHERUNGSNEHMER,
VTR-00002370,PTR-00000069,MITVERSICHERT,
VTR-00002371,PTR-00000372,VERSICHERUNGSNEHMER,
VTR-00002371,PTR-00000373,MITVERSICHERT,
VTR-00002372,PTR-00000092,VERSICHERUNGSNEHMER,
VTR-00002373,PTR-00000600,VERSICHERUNGSNEHMER,
VTR-00002373,PTR-00000601,MITVERSICHERT,
VTR-00002373,PTR-00000602,MITVERSICHERT,
VTR-00002373,PTR-00000603,MITVERSICHERT,
VTR-00002374,PTR-00000343,VERSICHERUNGSNEHMER,
VTR-00002374,PTR-00000344,MITVERSICHERT,
VTR-00002374,PTR-00000345,MITVERSICHERT,
VTR-00002375,PTR-00000050,VERSICHERUNGSNEHMER,
VTR-00002375,PTR-00000051,MITVERSICHERT,
VTR-00002376,PTR-00000128,VERSICHERUNGSNEHMER,
VTR-00002376,PTR-00000129,MITVERSICHERT,
VTR-00002377,PTR-00000502,VERSICHERUNGSNEHMER,
VTR-00002377,PTR-00000503,MITVERSICHERT,
VTR-00002377,PTR-00000504,MITVERSICHERT,
VTR-00002377,PTR-00000505,MITVERSICHERT,
VTR-00002378,PTR-00000937,VERSICHERUNGSNEHMER,
VTR-00002378,PTR-00000938,MITVERSICHERT,
VTR-00002379,PTR-00000973,VERSICHERUNGSNEHMER,
VTR-00002379,PTR-00000974,MITVERSICHERT,
VTR-00002380,PTR-00000079,VERSICHERUNGSNEHMER,
VTR-00002380,PTR-00000080,MITVERSICHERT,
VTR-00002380,PTR-00000081,MITVERSICHERT,
VTR-00002381,PTR-00000130,VERSICHERUNGSNEHMER,
VTR-00002381,PTR-00000131,MITVERSICHERT,
VTR-00002381,PTR-00000132,MITVERSICHERT,
VTR-00002381,PTR-00000133,MITVERSICHERT,
VTR-00002382,PTR-00000801,VERSICHERUNGSNEHMER,
VTR-00002382,PTR-00000802,MITVERSICHERT,
VTR-00002383,PTR-00000155,VERSICHERUNGSNEHMER,
VTR-00002384,PTR-00000542,VERSICHERUNGSNEHMER,
VTR-00002385,PTR-00000165,VERSICHERUNGSNEHMER,
VTR-00002386,PTR-00000727,VERSICHERUNGSNEHMER,
VTR-00002387,PTR-00000546,VERSICHERUNGSNEHMER,
VTR-00002387,PTR-00000547,MITVERSICHERT,
VTR-00002387,PTR-00000548,MITVERSICHERT,
VTR-00002388,PTR-00000566,VERSICHERUNGSNEHMER,
VTR-00002388,PTR-00000567,MITVERSICHERT,
VTR-00002389,PTR-00000303,VERSICHERUNGSNEHMER,
VTR-00002389,PTR-00000304,MITVERSICHERT,
VTR-00002390,PTR-00000058,VERSICHERUNGSNEHMER,
VTR-00002390,PTR-00000059,MITVERSICHERT,
VTR-00002391,PTR-00000227,VERSICHERUNGSNEHMER,
VTR-00002391,PTR-00000228,MITVERSICHERT,
VTR-00002392,PTR-00000595,VERSICHERUNGSNEHMER,
VTR-00002392,PTR-00000596,MITVERSICHERT,
VTR-00002392,PTR-00000597,MITVERSICHERT,
VTR-00002392,PTR-00000598,MITVERSICHERT,
VTR-00002393,PTR-00000368,VERSICHERUNGSNEHMER,
VTR-00002394,PTR-00000765,VERSICHERUNGSNEHMER,
VTR-00002394,PTR-00000766,MITVERSICHERT,
VTR-00002395,PTR-00000445,VERSICHERUNGSNEHMER,
VTR-00002395,PTR-00000446,MITVERSICHERT,
VTR-00002396,PTR-00000030,VERSICHERUNGSNEHMER,
VTR-00002397,PTR-00000052,VERSICHERUNGSNEHMER,
VTR-00002398,PTR-00000146,VERSICHERUNGSNEHMER,
VTR-00002398,PTR-00000147,MITVERSICHERT,
VTR-00002399,PTR-00000092,VERSICHERUNGSNEHMER,
VTR-00002400,PTR-00000556,VERSICHERUNGSNEHMER,
VTR-00002401,PTR-00000810,VERSICHERUNGSNEHMER,
VTR-00002402,PTR-00000604,VERSICHERUNGSNEHMER,
VTR-00002403,PTR-00000144,VERSICHERUNGSNEHMER,
VTR-00002403,PTR-00000145,MITVERSICHERT,
VTR-00002404,PTR-00000455,VERSICHERUNGSNEHMER,
VTR-00002405,PTR-00000570,VERSICHERUNGSNEHMER,
VTR-00002406,PTR-00000354,VERSICHERUNGSNEHMER,
VTR-00002406,PTR-00000355,MITVERSICHERT,
VTR-00002406,PTR-00000356,MITVERSICHERT,
VTR-00002406,PTR-00000357,MITVERSICHERT,
VTR-00002407,PTR-00000890,VERSICHERUNGSNEHMER,
VTR-00002407,PTR-00000891,MITVERSICHERT,
VTR-00002408,PTR-00000708,VERSICHERUNGSNEHMER,
VTR-00002408,PTR-00000709,MITVERSICHERT,
VTR-00002408,PTR-00000710,MITVERSICHERT,
VTR-00002409,PTR-00000385,VERSICHERUNGSNEHMER,
VTR-00002409,PTR-00000386,MITVERSICHERT,
VTR-00002410,PTR-00000549,VERSICHERUNGSNEHMER,
VTR-00002410,PTR-00000550,MITVERSICHERT,
VTR-00002410,PTR-00000551,MITVERSICHERT,
VTR-00002410,PTR-00000552,MITVERSICHERT,
VTR-00002411,PTR-00000887,VERSICHERUNGSNEHMER,
VTR-00002412,PTR-00000995,VERSICHERUNGSNEHMER,
VTR-00002412,PTR-00000996,MITVERSICHERT,
VTR-00002413,PTR-00000753,VERSICHERUNGSNEHMER,
VTR-00002413,PTR-00000754,MITVERSICHERT,
VTR-00002414,PTR-00000325,VERSICHERUNGSNEHMER,
VTR-00002415,PTR-00000021,VERSICHERUNGSNEHMER,
VTR-00002415,PTR-00000022,MITVERSICHERT,
VTR-00002416,PTR-00000135,VERSICHERUNGSNEHMER,
VTR-00002417,PTR-00000632,VERSICHERUNGSNEHMER,
VTR-00002417,PTR-00000633,MITVERSICHERT,
VTR-00002417,PTR-00000634,MITVERSICHERT,
VTR-00002417,PTR-00000635,MITVERSICHERT,
VTR-00002418,PTR-00000340,VERSICHERUNGSNEHMER,
VTR-00002418,PTR-00000341,MITVERSICHERT,
VTR-00002419,PTR-00000163,VERSICHERUNGSNEHMER,
VTR-00002419,PTR-00000164,MITVERSICHERT,
VTR-00002420,PTR-00000435,VERSICHERUNGSNEHMER,
VTR-00002421,PTR-00000287,VERSICHERUNGSNEHMER,
VTR-00002421,PTR-00000288,MITVERSICHERT,
VTR-00002422,PTR-00000106,VERSICHERUNGSNEHMER,
VTR-00002422,PTR-00000107,MITVERSICHERT,
VTR-00002422,PTR-00000108,MITVERSICHERT,
VTR-00002423,PTR-00000847,VERSICHERUNGSNEHMER,
VTR-00002424,PTR-00000423,VERSICHERUNGSNEHMER,
VTR-00002425,PTR-00000582,VERSICHERUNGSNEHMER,
VTR-00002426,PTR-00000640,VERSICHERUNGSNEHMER,
VTR-00002426,PTR-00000641,MITVERSICHERT,
VTR-00002427,PTR-00000499,VERSICHERUNGSNEHMER,
VTR-00002428,PTR-00000279,VERSICHERUNGSNEHMER,
VTR-00002428,PTR-00000280,MITVERSICHERT,
VTR-00002428,PTR-00000281,MITVERSICHERT,
VTR-00002428,PTR-00000282,MITVERSICHERT,
VTR-00002429,PTR-00000209,VERSICHERUNGSNEHMER,
VTR-00002430,PTR-00000274,VERSICHERUNGSNEHMER,
VTR-00002430,PTR-00000275,MITVERSICHERT,
VTR-00002431,PTR-00000251,VERSICHERUNGSNEHMER,
VTR-00002432,PTR-00000421,VERSICHERUNGSNEHMER,
VTR-00002433,PTR-00000024,VERSICHERUNGSNEHMER,
VTR-00002433,PTR-00000025,MITVERSICHERT,
VTR-00002434,PTR-00000032,VERSICHERUNGSNEHMER,
VTR-00002434,PTR-00000033,MITVERSICHERT,
VTR-00002435,PTR-00000930,VERSICHERUNGSNEHMER,
VTR-00002436,PTR-00000464,VERSICHERUNGSNEHMER,
VTR-00002436,PTR-00000465,MITVERSICHERT,
VTR-00002436,PTR-00000466,MITVERSICHERT,
VTR-00002436,PTR-00000467,MITVERSICHERT,
VTR-00002437,PTR-00000654,VERSICHERUNGSNEHMER,
VTR-00002438,PTR-00000684,VERSICHERUNGSNEHMER,
VTR-00002439,PTR-00000443,VERSICHERUNGSNEHMER,
VTR-00002439,PTR-00000444,MITVERSICHERT,
VTR-00002440,PTR-00000992,VERSICHERUNGSNEHMER,
VTR-00002440,PTR-00000993,MITVERSICHERT,
VTR-00002440,PTR-00000994,MITVERSICHERT,
VTR-00002441,PTR-00000632,VERSICHERUNGSNEHMER,
VTR-00002441,PTR-00000633,MITVERSICHERT,
VTR-00002441,PTR-00000634,MITVERSICHERT,
VTR-00002441,PTR-00000635,MITVERSICHERT,
VTR-00002442,PTR-00000337,VERSICHERUNGSNEHMER,
VTR-00002442,PTR-00000338,MITVERSICHERT,
VTR-00002443,PTR-00000979,VERSICHERUNGSNEHMER,
VTR-00002443,PTR-00000980,MITVERSICHERT,
VTR-00002444,PTR-00000091,VERSICHERUNGSNEHMER,
VTR-00002445,PTR-00000833,VERSICHERUNGSNEHMER,
VTR-00002446,PTR-00000840,VERSICHERUNGSNEHMER,
VTR-00002447,PTR-00000660,VERSICHERUNGSNEHMER,
VTR-00002448,PTR-00000965,VERSICHERUNGSNEHMER,
VTR-00002448,PTR-00000966,MITVERSICHERT,
VTR-00002448,PTR-00000967,MITVERSICHERT,
VTR-00002449,PTR-00000421,VERSICHERUNGSNEHMER,
VTR-00002450,PTR-00000997,VERSICHERUNGSNEHMER,
VTR-00002450,PTR-00000998,MITVERSICHERT,
VTR-00002450,PTR-00000999,MITVERSICHERT,
VTR-00002451,PTR-00000861,VERSICHERUNGSNEHMER,
VTR-00002452,PTR-00000074,VERSICHERUNGSNEHMER,
VTR-00002452,PTR-00000075,MITVERSICHERT,
VTR-00002452,PTR-00000076,MITVERSICHERT,
VTR-00002452,PTR-00000077,MITVERSICHERT,
VTR-00002453,PTR-00000717,VERSICHERUNGSNEHMER,
VTR-00002454,PTR-00000123,VERSICHERUNGSNEHMER,
VTR-00002454,PTR-00000124,MITVERSICHERT,
VTR-00002455,PTR-00000026,VERSICHERUNGSNEHMER,
VTR-00002455,PTR-00000027,MITVERSICHERT,
VTR-00002456,PTR-00000440,VERSICHERUNGSNEHMER,
VTR-00002456,PTR-00000441,MITVERSICHERT,
VTR-00002456,PTR-00000442,MITVERSICHERT,
VTR-00002457,PTR-00000099,VERSICHERUNGSNEHMER,
VTR-00002457,PTR-00000100,MITVERSICHERT,
VTR-00002457,PTR-00000101,MITVERSICHERT,
VTR-00002458,PTR-00000943,VERSICHERUNGSNEHMER,
VTR-00002458,PTR-00000944,MITVERSICHERT,
VTR-00002459,PTR-00000557,VERSICHERUNGSNEHMER,
VTR-00002460,PTR-00000599,VERSICHERUNGSNEHMER,
VTR-00002461,PTR-00000973,VERSICHERUNGSNEHMER,
VTR-00002461,PTR-00000974,MITVERSICHERT,
VTR-00002462,PTR-00000952,VERSICHERUNGSNEHMER,
VTR-00002462,PTR-00000953,MITVERSICHERT,
VTR-00002463,PTR-00000959,VERSICHERUNGSNEHMER,
VTR-00002463,PTR-00000960,MITVERSICHERT,
VTR-00002463,PTR-00000961,MITVERSICHERT,
VTR-00002463,PTR-00000962,MITVERSICHERT,
VTR-00002463,PTR-00000963,MITVERSICHERT,
VTR-00002464,PTR-00000208,VERSICHERUNGSNEHMER,
VTR-00002465,PTR-00000114,VERSICHERUNGSNEHMER,
VTR-00002465,PTR-00000115,MITVERSICHERT,
VTR-00002466,PTR-00000892,VERSICHERUNGSNEHMER,
VTR-00002466,PTR-00000893,MITVERSICHERT,
VTR-00002466,PTR-00000894,MITVERSICHERT,
VTR-00002466,PTR-00000895,MITVERSICHERT,
VTR-00002466,PTR-00000896,MITVERSICHERT,
VTR-00002467,PTR-00000419,VERSICHERUNGSNEHMER,
VTR-00002467,PTR-00000420,MITVERSICHERT,
VTR-00002468,PTR-00000152,VERSICHERUNGSNEHMER,
VTR-00002469,PTR-00000737,VERSICHERUNGSNEHMER,
VTR-00002469,PTR-00000738,MITVERSICHERT,
VTR-00002470,PTR-00000924,VERSICHERUNGSNEHMER,
VTR-00002470,PTR-00000925,MITVERSICHERT,
VTR-00002471,PTR-00000848,VERSICHERUNGSNEHMER,
VTR-00002472,PTR-00000422,VERSICHERUNGSNEHMER,
VTR-00002473,PTR-00000732,VERSICHERUNGSNEHMER,
VTR-00002473,PTR-00000733,MITVERSICHERT,
VTR-00002474,PTR-00000297,VERSICHERUNGSNEHMER,
VTR-00002474,PTR-00000298,MITVERSICHERT,
VTR-00002475,PTR-00000254,VERSICHERUNGSNEHMER,
VTR-00002475,PTR-00000255,MITVERSICHERT,
VTR-00002475,PTR-00000256,MITVERSICHERT,
VTR-00002476,PTR-00000975,VERSICHERUNGSNEHMER,
VTR-00002476,PTR-00000976,MITVERSICHERT,
VTR-00002476,PTR-00000977,MITVERSICHERT,
VTR-00002476,PTR-00000978,MITVERSICHERT,
VTR-00002477,PTR-00000774,VERSICHERUNGSNEHMER,
VTR-00002477,PTR-00000775,MITVERSICHERT,
VTR-00002477,PTR-00000776,MITVERSICHERT,
VTR-00002478,PTR-00000481,VERSICHERUNGSNEHMER,
VTR-00002479,PTR-00000799,VERSICHERUNGSNEHMER,
VTR-00002479,PTR-00000800,MITVERSICHERT,
VTR-00002480,PTR-00000991,VERSICHERUNGSNEHMER,
VTR-00002481,PTR-00000581,VERSICHERUNGSNEHMER,
VTR-00002482,PTR-00000945,VERSICHERUNGSNEHMER,
VTR-00002482,PTR-00000946,MITVERSICHERT,
VTR-00002482,PTR-00000947,MITVERSICHERT,
VTR-00002483,PTR-00000066,VERSICHERUNGSNEHMER,
VTR-00002483,PTR-00000067,MITVERSICHERT,
VTR-00002484,PTR-00000557,VERSICHERUNGSNEHMER,
VTR-00002485,PTR-00000675,VERSICHERUNGSNEHMER,
VTR-00002486,PTR-00000229,VERSICHERUNGSNEHMER,
VTR-00002487,PTR-00000836,VERSICHERUNGSNEHMER,
VTR-00002488,PTR-00000138,VERSICHERUNGSNEHMER,
VTR-00002488,PTR-00000139,MITVERSICHERT,
VTR-00002489,PTR-00000670,VERSICHERUNGSNEHMER,
VTR-00002489,PTR-00000671,MITVERSICHERT,
VTR-00002489,PTR-00000672,MITVERSICHERT,
VTR-00002489,PTR-00000673,MITVERSICHERT,
VTR-00002489,PTR-00000674,MITVERSICHERT,
VTR-00002490,PTR-00000715,VERSICHERUNGSNEHMER,
VTR-00002490,PTR-00000716,MITVERSICHERT,
VTR-00002491,PTR-00000665,VERSICHERUNGSNEHMER,
VTR-00002491,PTR-00000666,MITVERSICHERT,
VTR-00002491,PTR-00000667,MITVERSICHERT,
VTR-00002491,PTR-00000668,MITVERSICHERT,
VTR-00002491,PTR-00000669,MITVERSICHERT,
VTR-00002492,PTR-00000384,VERSICHERUNGSNEHMER,
VTR-00002493,PTR-00000608,VERSICHERUNGSNEHMER,
VTR-00002493,PTR-00000609,MITVERSICHERT,
VTR-00002494,PTR-00000933,VERSICHERUNGSNEHMER,
VTR-00002495,PTR-00000178,VERSICHERUNGSNEHMER,
VTR-00002496,PTR-00000703,VERSICHERUNGSNEHMER,
VTR-00002497,PTR-00000289,VERSICHERUNGSNEHMER,
VTR-00002498,PTR-00000212,VERSICHERUNGSNEHMER,
VTR-00002498,PTR-00000213,MITVERSICHERT,
VTR-00002498,PTR-00000214,MITVERSICHERT,
VTR-00002498,PTR-00000215,MITVERSICHERT,
VTR-00002498,PTR-00000216,MITVERSICHERT,
VTR-00002499,PTR-00000571,VERSICHERUNGSNEHMER,
VTR-00002499,PTR-00000572,MITVERSICHERT,
VTR-00002500,PTR-00000834,VERSICHERUNGSNEHMER,
VTR-00002500,PTR-00000835,MITVERSICHERT,
VTR-00002501,PTR-00000837,VERSICHERUNGSNEHMER,
VTR-00002502,PTR-00000135,VERSICHERUNGSNEHMER,
VTR-00002503,PTR-00000737,VERSICHERUNGSNEHMER,
VTR-00002503,PTR-00000738,MITVERSICHERT,
VTR-00002504,PTR-00000403,VERSICHERUNGSNEHMER,
VTR-00002504,PTR-00000404,MITVERSICHERT,
VTR-00002504,PTR-00000405,MITVERSICHERT,
VTR-00002504,PTR-00000406,MITVERSICHERT,
VTR-00002505,PTR-00000844,VERSICHERUNGSNEHMER,
VTR-00002506,PTR-00000317,VERSICHERUNGSNEHMER,
VTR-00002507,PTR-00000771,VERSICHERUNGSNEHMER,
VTR-00002507,PTR-00000772,MITVERSICHERT,
VTR-00002508,PTR-00000122,VERSICHERUNGSNEHMER,
VTR-00002509,PTR-00000789,VERSICHERUNGSNEHMER,
VTR-00002510,PTR-00000181,VERSICHERUNGSNEHMER,
VTR-00002510,PTR-00000182,MITVERSICHERT,
VTR-00002510,PTR-00000183,MITVERSICHERT,
VTR-00002511,PTR-00000717,VERSICHERUNGSNEHMER,
VTR-00002512,PTR-00000271,VERSICHERUNGSNEHMER,
VTR-00002512,PTR-00000272,MITVERSICHERT,
VTR-00002513,PTR-00000125,VERSICHERUNGSNEHMER,
VTR-00002513,PTR-00000126,MITVERSICHERT,
VTR-00002514,PTR-00000410,VERSICHERUNGSNEHMER,
VTR-00002515,PTR-00000499,VERSICHERUNGSNEHMER,
VTR-00002516,PTR-00000418,VERSICHERUNGSNEHMER,
VTR-00002517,PTR-00000346,VERSICHERUNGSNEHMER,
VTR-00002518,PTR-00000362,VERSICHERUNGSNEHMER,
VTR-00002518,PTR-00000363,MITVERSICHERT,
VTR-00002519,PTR-00000534,VERSICHERUNGSNEHMER,
VTR-00002520,PTR-00000647,VERSICHERUNGSNEHMER,
VTR-00002521,PTR-00000520,VERSICHERUNGSNEHMER,
VTR-00002521,PTR-00000521,MITVERSICHERT,
VTR-00002522,PTR-00000814,VERSICHERUNGSNEHMER,
VTR-00002522,PTR-00000815,MITVERSICHERT,
VTR-00002522,PTR-00000816,MITVERSICHERT,
VTR-00002523,PTR-00000647,VERSICHERUNGSNEHMER,
VTR-00002524,PTR-00000343,VERSICHERUNGSNEHMER,
VTR-00002524,PTR-00000344,MITVERSICHERT,
VTR-00002524,PTR-00000345,MITVERSICHERT,
VTR-00002525,PTR-00000472,VERSICHERUNGSNEHMER,
VTR-00002525,PTR-00000473,MITVERSICHERT,
VTR-00002525,PTR-00000474,MITVERSICHERT,
VTR-00002525,PTR-00000475,MITVERSICHERT,
VTR-00002525,PTR-00000476,MITVERSICHERT,
VTR-00002526,PTR-00000934,VERSICHERUNGSNEHMER,
VTR-00002526,PTR-00000935,MITVERSICHERT,
VTR-00002527,PTR-00000984,VERSICHERUNGSNEHMER,
VTR-00002528,PTR-00000110,VERSICHERUNGSNEHMER,
VTR-00002528,PTR-00000111,MITVERSICHERT,
VTR-00002529,PTR-00000761,VERSICHERUNGSNEHMER,
VTR-00002529,PTR-00000762,MITVERSICHERT,
VTR-00002530,PTR-00000484,VERSICHERUNGSNEHMER,
VTR-00002530,PTR-00000485,MITVERSICHERT,
VTR-00002531,PTR-00000970,VERSICHERUNGSNEHMER,
VTR-00002531,PTR-00000971,MITVERSICHERT,
VTR-00002532,PTR-00000334,VERSICHERUNGSNEHMER,
VTR-00002532,PTR-00000335,MITVERSICHERT,
VTR-00002533,PTR-00000651,VERSICHERUNGSNEHMER,
VTR-00002534,PTR-00000457,VERSICHERUNGSNEHMER,
VTR-00002534,PTR-00000458,MITVERSICHERT,
VTR-00002534,PTR-00000459,MITVERSICHERT,
VTR-00002535,PTR-00000563,VERSICHERUNGSNEHMER,
VTR-00002535,PTR-00000564,MITVERSICHERT,
VTR-00002535,PTR-00000565,MITVERSICHERT,
VTR-00002536,PTR-00000339,VERSICHERUNGSNEHMER,
VTR-00002537,PTR-00000066,VERSICHERUNGSNEHMER,
VTR-00002537,PTR-00000067,MITVERSICHERT,
VTR-00002538,PTR-00000237,VERSICHERUNGSNEHMER,
VTR-00002539,PTR-00000580,VERSICHERUNGSNEHMER,
VTR-00002540,PTR-00000688,VERSICHERUNGSNEHMER,
VTR-00002540,PTR-00000689,MITVERSICHERT,
VTR-00002541,PTR-00000172,VERSICHERUNGSNEHMER,
VTR-00002542,PTR-00000556,VERSICHERUNGSNEHMER,
VTR-00002543,PTR-00000727,VERSICHERUNGSNEHMER,
VTR-00002544,PTR-00000627,VERSICHERUNGSNEHMER,
VTR-00002544,PTR-00000628,MITVERSICHERT,
VTR-00002545,PTR-00000171,VERSICHERUNGSNEHMER,
VTR-00002546,PTR-00000354,VERSICHERUNGSNEHMER,
VTR-00002546,PTR-00000355,MITVERSICHERT,
VTR-00002546,PTR-00000356,MITVERSICHERT,
VTR-00002546,PTR-00000357,MITVERSICHERT,
VTR-00002547,PTR-00000919,VERSICHERUNGSNEHMER,
VTR-00002548,PTR-00000630,VERSICHERUNGSNEHMER,
VTR-00002548,PTR-00000631,MITVERSICHERT,
VTR-00002549,PTR-00000034,VERSICHERUNGSNEHMER,
VTR-00002550,PTR-00000768,VERSICHERUNGSNEHMER,
VTR-00002551,PTR-00000573,VERSICHERUNGSNEHMER,
VTR-00002552,PTR-00000286,VERSICHERUNGSNEHMER,
VTR-00002553,PTR-00000079,VERSICHERUNGSNEHMER,
VTR-00002553,PTR-00000080,MITVERSICHERT,
VTR-00002553,PTR-00000081,MITVERSICHERT,
VTR-00002554,PTR-00000106,VERSICHERUNGSNEHMER,
VTR-00002554,PTR-00000107,MITVERSICHERT,
VTR-00002554,PTR-00000108,MITVERSICHERT,
VTR-00002555,PTR-00000432,VERSICHERUNGSNEHMER,
VTR-00002556,PTR-00000804,VERSICHERUNGSNEHMER,
VTR-00002556,PTR-00000805,MITVERSICHERT,
VTR-00002556,PTR-00000806,MITVERSICHERT,
VTR-00002556,PTR-00000807,MITVERSICHERT,
VTR-00002556,PTR-00000808,MITVERSICHERT,
VTR-00002557,PTR-00000083,VERSICHERUNGSNEHMER,
VTR-00002558,PTR-00000570,VERSICHERUNGSNEHMER,
VTR-00002559,PTR-00000868,VERSICHERUNGSNEHMER,
VTR-00002559,PTR-00000869,MITVERSICHERT,
VTR-00002559,PTR-00000870,MITVERSICHERT,
VTR-00002559,PTR-00000871,MITVERSICHERT,
VTR-00002560,PTR-00000910,VERSICHERUNGSNEHMER,
VTR-00002561,PTR-00000613,VERSICHERUNGSNEHMER,
VTR-00002561,PTR-00000614,MITVERSICHERT,
VTR-00002561,PTR-00000615,MITVERSICHERT,
VTR-00002562,PTR-00000097,VERSICHERUNGSNEHMER,
VTR-00002562,PTR-00000098,MITVERSICHERT,
VTR-00002563,PTR-00000864,VERSICHERUNGSNEHMER,
VTR-00002564,PTR-00000989,VERSICHERUNGSNEHMER,
VTR-00002564,PTR-00000990,MITVERSICHERT,
VTR-00002565,PTR-00000774,VERSICHERUNGSNEHMER,
VTR-00002565,PTR-00000775,MITVERSICHERT,
VTR-00002565,PTR-00000776,MITVERSICHERT,
VTR-00002566,PTR-00000660,VERSICHERUNGSNEHMER,
VTR-00002567,PTR-00000065,VERSICHERUNGSNEHMER,
VTR-00002568,PTR-00000327,VERSICHERUNGSNEHMER,
VTR-00002569,PTR-00000158,VERSICHERUNGSNEHMER,
VTR-00002569,PTR-00000159,MITVERSICHERT,
VTR-00002569,PTR-00000160,MITVERSICHERT,
VTR-00002569,PTR-00000161,MITVERSICHERT,
VTR-00002569,PTR-00000162,MITVERSICHERT,
VTR-00002570,PTR-00000756,VERSICHERUNGSNEHMER,
VTR-00002571,PTR-00000502,VERSICHERUNGSNEHMER,
VTR-00002571,PTR-00000503,MITVERSICHERT,
VTR-00002571,PTR-00000504,MITVERSICHERT,
VTR-00002571,PTR-00000505,MITVERSICHERT,
VTR-00002572,PTR-00000937,VERSICHERUNGSNEHMER,
VTR-00002572,PTR-00000938,MITVERSICHERT,
VTR-00002573,PTR-00000435,VERSICHERUNGSNEHMER,
VTR-00002574,PTR-00000271,VERSICHERUNGSNEHMER,
VTR-00002574,PTR-00000272,MITVERSICHERT,
VTR-00002575,PTR-00000879,VERSICHERUNGSNEHMER,
VTR-00002575,PTR-00000880,MITVERSICHERT,
VTR-00002576,PTR-00000888,VERSICHERUNGSNEHMER,
VTR-00002576,PTR-00000889,MITVERSICHERT,
VTR-00002577,PTR-00000834,VERSICHERUNGSNEHMER,
VTR-00002577,PTR-00000835,MITVERSICHERT,
VTR-00002578,PTR-00000995,VERSICHERUNGSNEHMER,
VTR-00002578,PTR-00000996,MITVERSICHERT,
VTR-00002579,PTR-00000267,VERSICHERUNGSNEHMER,
VTR-00002580,PTR-00000082,VERSICHERUNGSNEHMER,
VTR-00002581,PTR-00000827,VERSICHERUNGSNEHMER,
VTR-00002582,PTR-00000975,VERSICHERUNGSNEHMER,
VTR-00002582,PTR-00000976,MITVERSICHERT,
VTR-00002582,PTR-00000977,MITVERSICHERT,
VTR-00002582,PTR-00000978,MITVERSICHERT,
VTR-00002583,PTR-00000964,VERSICHERUNGSNEHMER,
VTR-00002584,PTR-00000342,VERSICHERUNGSNEHMER,
VTR-00002585,PTR-00000605,VERSICHERUNGSNEHMER,
VTR-00002586,PTR-00000794,VERSICHERUNGSNEHMER,
VTR-00002586,PTR-00000795,MITVERSICHERT,
VTR-00002587,PTR-00000746,VERSICHERUNGSNEHMER,
VTR-00002587,PTR-00000747,MITVERSICHERT,
VTR-00002588,PTR-00000637,VERSICHERUNGSNEHMER,
VTR-00002588,PTR-00000638,MITVERSICHERT,
VTR-00002588,PTR-00000639,MITVERSICHERT,
VTR-00002589,PTR-00000868,VERSICHERUNGSNEHMER,
VTR-00002589,PTR-00000869,MITVERSICHERT,
VTR-00002589,PTR-00000870,MITVERSICHERT,
VTR-00002589,PTR-00000871,MITVERSICHERT,
VTR-00002590,PTR-00000244,VERSICHERUNGSNEHMER,
VTR-00002591,PTR-00000248,VERSICHERUNGSNEHMER,
VTR-00002592,PTR-00000360,VERSICHERUNGSNEHMER,
VTR-00002592,PTR-00000361,MITVERSICHERT,
VTR-00002593,PTR-00000481,VERSICHERUNGSNEHMER,
VTR-00002594,PTR-00000626,VERSICHERUNGSNEHMER,
VTR-00002595,PTR-00000237,VERSICHERUNGSNEHMER,
VTR-00002596,PTR-00000560,VERSICHERUNGSNEHMER,
VTR-00002597,PTR-00000987,VERSICHERUNGSNEHMER,
VTR-00002597,PTR-00000988,MITVERSICHERT,
VTR-00002598,PTR-00000959,VERSICHERUNGSNEHMER,
VTR-00002598,PTR-00000960,MITVERSICHERT,
VTR-00002598,PTR-00000961,MITVERSICHERT,
VTR-00002598,PTR-00000962,MITVERSICHERT,
VTR-00002598,PTR-00000963,MITVERSICHERT,
VTR-00002599,PTR-00000340,VERSICHERUNGSNEHMER,
VTR-00002599,PTR-00000341,MITVERSICHERT,
VTR-00002600,PTR-00000311,VERSICHERUNGSNEHMER,
VTR-00002600,PTR-00000312,MITVERSICHERT,
VTR-00002601,PTR-00000826,VERSICHERUNGSNEHMER,
VTR-00002602,PTR-00000482,VERSICHERUNGSNEHMER,
VTR-00002602,PTR-00000483,MITVERSICHERT,
VTR-00002603,PTR-00000060,VERSICHERUNGSNEHMER,
VTR-00002604,PTR-00000568,VERSICHERUNGSNEHMER,
VTR-00002604,PTR-00000569,MITVERSICHERT,
VTR-00002605,PTR-00000533,VERSICHERUNGSNEHMER,
VTR-00002606,PTR-00000416,VERSICHERUNGSNEHMER,
VTR-00002606,PTR-00000417,MITVERSICHERT,
VTR-00002607,PTR-00000220,VERSICHERUNGSNEHMER,
VTR-00002608,PTR-00000616,VERSICHERUNGSNEHMER,
VTR-00002609,PTR-00000841,VERSICHERUNGSNEHMER,
VTR-00002610,PTR-00000817,VERSICHERUNGSNEHMER,
VTR-00002611,PTR-00000245,VERSICHERUNGSNEHMER,
VTR-00002611,PTR-00000246,MITVERSICHERT,
VTR-00002612,PTR-00000522,VERSICHERUNGSNEHMER,
VTR-00002612,PTR-00000523,MITVERSICHERT,
VTR-00002613,PTR-00000328,VERSICHERUNGSNEHMER,
VTR-00002613,PTR-00000329,MITVERSICHERT,
VTR-00002613,PTR-00000330,MITVERSICHERT,
VTR-00002613,PTR-00000331,MITVERSICHERT,
VTR-00002613,PTR-00000332,MITVERSICHERT,
VTR-00002614,PTR-00000678,VERSICHERUNGSNEHMER,
VTR-00002615,PTR-00000752,VERSICHERUNGSNEHMER,
VTR-00002616,PTR-00000732,VERSICHERUNGSNEHMER,
VTR-00002616,PTR-00000733,MITVERSICHERT,
VTR-00002617,PTR-00000810,VERSICHERUNGSNEHMER,
VTR-00002618,PTR-00000948,VERSICHERUNGSNEHMER,
VTR-00002618,PTR-00000949,MITVERSICHERT,
VTR-00002619,PTR-00000035,VERSICHERUNGSNEHMER,
VTR-00002619,PTR-00000036,MITVERSICHERT,
VTR-00002619,PTR-00000037,MITVERSICHERT,
VTR-00002620,PTR-00000247,VERSICHERUNGSNEHMER,
VTR-00002621,PTR-00000696,VERSICHERUNGSNEHMER,
VTR-00002622,PTR-00000818,VERSICHERUNGSNEHMER,
VTR-00002622,PTR-00000819,MITVERSICHERT,
VTR-00002623,PTR-00000661,VERSICHERUNGSNEHMER,
VTR-00002623,PTR-00000662,MITVERSICHERT,
VTR-00002624,PTR-00000924,VERSICHERUNGSNEHMER,
VTR-00002624,PTR-00000925,MITVERSICHERT,
VTR-00002625,PTR-00000306,VERSICHERUNGSNEHMER,
VTR-00002625,PTR-00000307,MITVERSICHERT,
VTR-00002626,PTR-00000965,VERSICHERUNGSNEHMER,
VTR-00002626,PTR-00000966,MITVERSICHERT,
VTR-00002626,PTR-00000967,MITVERSICHERT,
VTR-00002627,PTR-00000826,VERSICHERUNGSNEHMER,
VTR-00002628,PTR-00000047,VERSICHERUNGSNEHMER,
VTR-00002628,PTR-00000048,MITVERSICHERT,
VTR-00002629,PTR-00000561,VERSICHERUNGSNEHMER,
VTR-00002629,PTR-00000562,MITVERSICHERT,
VTR-00002630,PTR-00000683,VERSICHERUNGSNEHMER,
VTR-00002631,PTR-00000670,VERSICHERUNGSNEHMER,
VTR-00002631,PTR-00000671,MITVERSICHERT,
VTR-00002631,PTR-00000672,MITVERSICHERT,
VTR-00002631,PTR-00000673,MITVERSICHERT,
VTR-00002631,PTR-00000674,MITVERSICHERT,
VTR-00002632,PTR-00000508,VERSICHERUNGSNEHMER,
VTR-00002632,PTR-00000509,MITVERSICHERT,
VTR-00002633,PTR-00000109,VERSICHERUNGSNEHMER,
VTR-00002634,PTR-00000192,VERSICHERUNGSNEHMER,
VTR-00002634,PTR-00000193,MITVERSICHERT,
VTR-00002634,PTR-00000194,MITVERSICHERT,
VTR-00002635,PTR-00000325,VERSICHERUNGSNEHMER,
VTR-00002636,PTR-00000200,VERSICHERUNGSNEHMER,
VTR-00002637,PTR-00000665,VERSICHERUNGSNEHMER,
VTR-00002637,PTR-00000666,MITVERSICHERT,
VTR-00002637,PTR-00000667,MITVERSICHERT,
VTR-00002637,PTR-00000668,MITVERSICHERT,
VTR-00002637,PTR-00000669,MITVERSICHERT,
VTR-00002638,PTR-00000117,VERSICHERUNGSNEHMER,
VTR-00002638,PTR-00000118,MITVERSICHERT,
VTR-00002639,PTR-00000517,VERSICHERUNGSNEHMER,
VTR-00002640,PTR-00000092,VERSICHERUNGSNEHMER,
VTR-00002641,PTR-00000606,VERSICHERUNGSNEHMER,
VTR-00002642,PTR-00000611,VERSICHERUNGSNEHMER,
VTR-00002642,PTR-00000612,MITVERSICHERT,
VTR-00002643,PTR-00000204,VERSICHERUNGSNEHMER,
VTR-00002644,PTR-00000370,VERSICHERUNGSNEHMER,
VTR-00002644,PTR-00000371,MITVERSICHERT,
VTR-00002645,PTR-00000168,VERSICHERUNGSNEHMER,
VTR-00002645,PTR-00000169,MITVERSICHERT,
VTR-00002646,PTR-00000379,VERSICHERUNGSNEHMER,
VTR-00002647,PTR-00000543,VERSICHERUNGSNEHMER,
VTR-00002647,PTR-00000544,MITVERSICHERT,
VTR-00002648,PTR-00000684,VERSICHERUNGSNEHMER,
VTR-00002649,PTR-00000624,VERSICHERUNGSNEHMER,
VTR-00002649,PTR-00000625,MITVERSICHERT,
VTR-00002650,PTR-00000692,VERSICHERUNGSNEHMER,
VTR-00002651,PTR-00000972,VERSICHERUNGSNEHMER,
VTR-00002652,PTR-00000769,VERSICHERUNGSNEHMER,
VTR-00002652,PTR-00000770,MITVERSICHERT,
VTR-00002653,PTR-00000251,VERSICHERUNGSNEHMER,
VTR-00002654,PTR-00000778,VERSICHERUNGSNEHMER,
VTR-00002655,PTR-00000401,VERSICHERUNGSNEHMER,
VTR-00002655,PTR-00000402,MITVERSICHERT,
VTR-00002656,PTR-00000741,VERSICHERUNGSNEHMER,
VTR-00002656,PTR-00000742,MITVERSICHERT,
VTR-00002657,PTR-00000212,VERSICHERUNGSNEHMER,
VTR-00002657,PTR-00000213,MITVERSICHERT,
VTR-00002657,PTR-00000214,MITVERSICHERT,
VTR-00002657,PTR-00000215,MITVERSICHERT,
VTR-00002657,PTR-00000216,MITVERSICHERT,
VTR-00002658,PTR-00000506,VERSICHERUNGSNEHMER,
VTR-00002658,PTR-00000507,MITVERSICHERT,
VTR-00002659,PTR-00000317,VERSICHERUNGSNEHMER,
VTR-00002660,PTR-00000125,VERSICHERUNGSNEHMER,
VTR-00002660,PTR-00000126,MITVERSICHERT,
VTR-00002661,PTR-00000851,VERSICHERUNGSNEHMER,
VTR-00002661,PTR-00000852,MITVERSICHERT,
VTR-00002662,PTR-00000554,VERSICHERUNGSNEHMER,
VTR-00002662,PTR-00000555,MITVERSICHERT,
VTR-00002663,PTR-00000184,VERSICHERUNGSNEHMER,
VTR-00002664,PTR-00000600,VERSICHERUNGSNEHMER,
VTR-00002664,PTR-00000601,MITVERSICHERT,
VTR-00002664,PTR-00000602,MITVERSICHERT,
VTR-00002664,PTR-00000603,MITVERSICHERT,
VTR-00002665,PTR-00000595,VERSICHERUNGSNEHMER,
VTR-00002665,PTR-00000596,MITVERSICHERT,
VTR-00002665,PTR-00000597,MITVERSICHERT,
VTR-00002665,PTR-00000598,MITVERSICHERT,
VTR-00002666,PTR-00000393,VERSICHERUNGSNEHMER,
VTR-00002666,PTR-00000394,MITVERSICHERT,
VTR-00002666,PTR-00000395,MITVERSICHERT,
VTR-00002666,PTR-00000396,MITVERSICHERT,
VTR-00002667,PTR-00000440,VERSICHERUNGSNEHMER,
VTR-00002667,PTR-00000441,MITVERSICHERT,
VTR-00002667,PTR-00000442,MITVERSICHERT,
VTR-00002668,PTR-00000320,VERSICHERUNGSNEHMER,
VTR-00002669,PTR-00000252,VERSICHERUNGSNEHMER,
VTR-00002669,PTR-00000253,MITVERSICHERT,
VTR-00002670,PTR-00000362,VERSICHERUNGSNEHMER,
VTR-00002670,PTR-00000363,MITVERSICHERT,
VTR-00002671,PTR-00000929,VERSICHERUNGSNEHMER,
VTR-00002672,PTR-00000230,VERSICHERUNGSNEHMER,
VTR-00002673,PTR-00000040,VERSICHERUNGSNEHMER,
VTR-00002674,PTR-00000050,VERSICHERUNGSNEHMER,
VTR-00002674,PTR-00000051,MITVERSICHERT,
VTR-00002675,PTR-00000538,VERSICHERUNGSNEHMER,
VTR-00002676,PTR-00000088,VERSICHERUNGSNEHMER,
VTR-00002676,PTR-00000089,MITVERSICHERT,
VTR-00002676,PTR-00000090,MITVERSICHERT,
VTR-00002677,PTR-00000553,VERSICHERUNGSNEHMER,
VTR-00002678,PTR-00000058,VERSICHERUNGSNEHMER,
VTR-00002678,PTR-00000059,MITVERSICHERT,
VTR-00002679,PTR-00000823,VERSICHERUNGSNEHMER,
VTR-00002680,PTR-00000773,VERSICHERUNGSNEHMER,
VTR-00002681,PTR-00000023,VERSICHERUNGSNEHMER,
VTR-00002682,PTR-00000121,VERSICHERUNGSNEHMER,
VTR-00002683,PTR-00000262,VERSICHERUNGSNEHMER,
VTR-00002683,PTR-00000263,MITVERSICHERT,
VTR-00002683,PTR-00000264,MITVERSICHERT,
VTR-00002684,PTR-00000607,VERSICHERUNGSNEHMER,
VTR-00002685,PTR-00000812,VERSICHERUNGSNEHMER,
VTR-00002686,PTR-00000201,VERSICHERUNGSNEHMER,
VTR-00002686,PTR-00000202,MITVERSICHERT,
VTR-00002686,PTR-00000203,MITVERSICHERT,
VTR-00002687,PTR-00000524,VERSICHERUNGSNEHMER,
VTR-00002688,PTR-00000636,VERSICHERUNGSNEHMER,
VTR-00002689,PTR-00000720,VERSICHERUNGSNEHMER,
VTR-00002689,PTR-00000721,MITVERSICHERT,
VTR-00002689,PTR-00000722,MITVERSICHERT,
VTR-00002690,PTR-00000723,VERSICHERUNGSNEHMER,
VTR-00002690,PTR-00000724,MITVERSICHERT,
VTR-00002690,PTR-00000725,MITVERSICHERT,
VTR-00002691,PTR-00000489,VERSICHERUNGSNEHMER,
VTR-00002692,PTR-00000374,VERSICHERUNGSNEHMER,
VTR-00002692,PTR-00000375,MITVERSICHERT,
VTR-00002693,PTR-00000166,VERSICHERUNGSNEHMER,
VTR-00002694,PTR-00000123,VERSICHERUNGSNEHMER,
VTR-00002694,PTR-00000124,MITVERSICHERT,
VTR-00002695,PTR-00000283,VERSICHERUNGSNEHMER,
VTR-00002696,PTR-00000104,VERSICHERUNGSNEHMER,
VTR-00002696,PTR-00000105,MITVERSICHERT,
VTR-00002697,PTR-00000902,VERSICHERUNGSNEHMER,
VTR-00002697,PTR-00000903,MITVERSICHERT,
VTR-00002698,PTR-00000853,VERSICHERUNGSNEHMER,
VTR-00002698,PTR-00000854,MITVERSICHERT,
VTR-00002699,PTR-00000690,VERSICHERUNGSNEHMER,
VTR-00002699,PTR-00000691,MITVERSICHERT,
VTR-00002700,PTR-00000975,VERSICHERUNGSNEHMER,
VTR-00002700,PTR-00000976,MITVERSICHERT,
VTR-00002700,PTR-00000977,MITVERSICHERT,
VTR-00002700,PTR-00000978,MITVERSICHERT,
VTR-00002701,PTR-00000028,VERSICHERUNGSNEHMER,
VTR-00002702,PTR-00000116,VERSICHERUNGSNEHMER,
VTR-00002703,PTR-00000032,VERSICHERUNGSNEHMER,
VTR-00002703,PTR-00000033,MITVERSICHERT,
VTR-00002704,PTR-00000527,VERSICHERUNGSNEHMER,
VTR-00002704,PTR-00000528,MITVERSICHERT,
VTR-00002704,PTR-00000529,MITVERSICHERT,
VTR-00002705,PTR-00000258,VERSICHERUNGSNEHMER,
VTR-00002706,PTR-00000270,VERSICHERUNGSNEHMER,
VTR-00002707,PTR-00000425,VERSICHERUNGSNEHMER,
VTR-00002707,PTR-00000426,MITVERSICHERT,
VTR-00002707,PTR-00000427,MITVERSICHERT,
VTR-00002707,PTR-00000428,MITVERSICHERT,
VTR-00002707,PTR-00000429,MITVERSICHERT,
VTR-00002708,PTR-00000366,VERSICHERUNGSNEHMER,
VTR-00002709,PTR-00000931,VERSICHERUNGSNEHMER,
VTR-00002710,PTR-00000825,VERSICHERUNGSNEHMER,
VTR-00002711,PTR-00000838,VERSICHERUNGSNEHMER,
VTR-00002711,PTR-00000839,MITVERSICHERT,
VTR-00002712,PTR-00000847,VERSICHERUNGSNEHMER,
VTR-00002713,PTR-00000734,VERSICHERUNGSNEHMER,
VTR-00002714,PTR-00000347,VERSICHERUNGSNEHMER,
VTR-00002715,PTR-00000484,VERSICHERUNGSNEHMER,
VTR-00002715,PTR-00000485,MITVERSICHERT,
VTR-00002716,PTR-00000049,VERSICHERUNGSNEHMER,
VTR-00002717,PTR-00000372,VERSICHERUNGSNEHMER,
VTR-00002717,PTR-00000373,MITVERSICHERT,
VTR-00002718,PTR-00000811,VERSICHERUNGSNEHMER,
VTR-00002719,PTR-00000833,VERSICHERUNGSNEHMER,
VTR-00002720,PTR-00000970,VERSICHERUNGSNEHMER,
VTR-00002720,PTR-00000971,MITVERSICHERT,
VTR-00002721,PTR-00000031,VERSICHERUNGSNEHMER,
VTR-00002722,PTR-00000513,VERSICHERUNGSNEHMER,
VTR-00002722,PTR-00000514,MITVERSICHERT,
VTR-00002722,PTR-00000515,MITVERSICHERT,
VTR-00002722,PTR-00000516,MITVERSICHERT,
VTR-00002723,PTR-00000173,VERSICHERUNGSNEHMER,
VTR-00002723,PTR-00000174,MITVERSICHERT,
VTR-00002723,PTR-00000175,MITVERSICHERT,
VTR-00002723,PTR-00000176,MITVERSICHERT,
VTR-00002724,PTR-00000861,VERSICHERUNGSNEHMER,
VTR-00002725,PTR-00000574,VERSICHERUNGSNEHMER,
VTR-00002726,PTR-00000881,VERSICHERUNGSNEHMER,
VTR-00002726,PTR-00000882,MITVERSICHERT,
VTR-00002726,PTR-00000883,MITVERSICHERT,
VTR-00002726,PTR-00000884,MITVERSICHERT,
VTR-00002726,PTR-00000885,MITVERSICHERT,
VTR-00002727,PTR-00000549,VERSICHERUNGSNEHMER,
VTR-00002727,PTR-00000550,MITVERSICHERT,
VTR-00002727,PTR-00000551,MITVERSICHERT,
VTR-00002727,PTR-00000552,MITVERSICHERT,
VTR-00002728,PTR-00000979,VERSICHERUNGSNEHMER,
VTR-00002728,PTR-00000980,MITVERSICHERT,
VTR-00002729,PTR-00000813,VERSICHERUNGSNEHMER,
VTR-00002730,PTR-00000920,VERSICHERUNGSNEHMER,
VTR-00002731,PTR-00000265,VERSICHERUNGSNEHMER,
VTR-00002731,PTR-00000266,MITVERSICHERT,
VTR-00002732,PTR-00000534,VERSICHERUNGSNEHMER,
VTR-00002733,PTR-00000112,VERSICHERUNGSNEHMER,
VTR-00002733,PTR-00000113,MITVERSICHERT,
VTR-00002734,PTR-00000954,VERSICHERUNGSNEHMER,
VTR-00002734,PTR-00000955,MITVERSICHERT,
VTR-00002734,PTR-00000956,MITVERSICHERT,
VTR-00002734,PTR-00000957,MITVERSICHERT,
VTR-00002734,PTR-00000958,MITVERSICHERT,
VTR-00002735,PTR-00000758,VERSICHERUNGSNEHMER,
VTR-00002735,PTR-00000759,MITVERSICHERT,
VTR-00002735,PTR-00000760,MITVERSICHERT,
VTR-00002736,PTR-00000438,VERSICHERUNGSNEHMER,
VTR-00002736,PTR-00000439,MITVERSICHERT,
VTR-00002737,PTR-00000170,VERSICHERUNGSNEHMER,
VTR-00002738,PTR-00000411,VERSICHERUNGSNEHMER,
VTR-00002738,PTR-00000412,MITVERSICHERT,
VTR-00002739,PTR-00000102,VERSICHERUNGSNEHMER,
VTR-00002740,PTR-00000397,VERSICHERUNGSNEHMER,
VTR-00002740,PTR-00000398,MITVERSICHERT,
VTR-00002740,PTR-00000399,MITVERSICHERT,
VTR-00002741,PTR-00000942,VERSICHERUNGSNEHMER,
VTR-00002742,PTR-00000227,VERSICHERUNGSNEHMER,
VTR-00002742,PTR-00000228,MITVERSICHERT,
VTR-00002743,PTR-00000372,VERSICHERUNGSNEHMER,
VTR-00002743,PTR-00000373,MITVERSICHERT,
VTR-00002744,PTR-00000490,VERSICHERUNGSNEHMER,
VTR-00002744,PTR-00000491,MITVERSICHERT,
VTR-00002744,PTR-00000492,MITVERSICHERT,
VTR-00002744,PTR-00000493,MITVERSICHERT,
VTR-00002744,PTR-00000494,MITVERSICHERT,
VTR-00002745,PTR-00000643,VERSICHERUNGSNEHMER,
VTR-00002745,PTR-00000644,MITVERSICHERT,
VTR-00002745,PTR-00000645,MITVERSICHERT,
VTR-00002745,PTR-00000646,MITVERSICHERT,
VTR-00002746,PTR-00000472,VERSICHERUNGSNEHMER,
VTR-00002746,PTR-00000473,MITVERSICHERT,
VTR-00002746,PTR-00000474,MITVERSICHERT,
VTR-00002746,PTR-00000475,MITVERSICHERT,
VTR-00002746,PTR-00000476,MITVERSICHERT,
VTR-00002747,PTR-00000879,VERSICHERUNGSNEHMER,
VTR-00002747,PTR-00000880,MITVERSICHERT,
VTR-00002748,PTR-00000155,VERSICHERUNGSNEHMER,
VTR-00002749,PTR-00000068,VERSICHERUNGSNEHMER,
VTR-00002749,PTR-00000069,MITVERSICHERT,
VTR-00002750,PTR-00000152,VERSICHERUNGSNEHMER,
VTR-00002751,PTR-00000583,VERSICHERUNGSNEHMER,
VTR-00002751,PTR-00000584,MITVERSICHERT,
VTR-00002751,PTR-00000585,MITVERSICHERT,
VTR-00002751,PTR-00000586,MITVERSICHERT,
VTR-00002752,PTR-00000290,VERSICHERUNGSNEHMER,
VTR-00002752,PTR-00000291,MITVERSICHERT,
VTR-00002752,PTR-00000292,MITVERSICHERT,
VTR-00002752,PTR-00000293,MITVERSICHERT,
VTR-00002752,PTR-00000294,MITVERSICHERT,
VTR-00002753,PTR-00000951,VERSICHERUNGSNEHMER,
VTR-00002754,PTR-00000380,VERSICHERUNGSNEHMER,
VTR-00002754,PTR-00000381,MITVERSICHERT,
VTR-00002754,PTR-00000382,MITVERSICHERT,
VTR-00002754,PTR-00000383,MITVERSICHERT,
VTR-00002755,PTR-00000273,VERSICHERUNGSNEHMER,
VTR-00002756,PTR-00000043,VERSICHERUNGSNEHMER,
VTR-00002756,PTR-00000044,MITVERSICHERT,
VTR-00002756,PTR-00000045,MITVERSICHERT,
VTR-00002756,PTR-00000046,MITVERSICHERT,
VTR-00002757,PTR-00000897,VERSICHERUNGSNEHMER,
VTR-00002757,PTR-00000898,MITVERSICHERT,
VTR-00002758,PTR-00000217,VERSICHERUNGSNEHMER,
VTR-00002758,PTR-00000218,MITVERSICHERT,
VTR-00002758,PTR-00000219,MITVERSICHERT,
VTR-00002759,PTR-00000767,VERSICHERUNGSNEHMER,
VTR-00002760,PTR-00000096,VERSICHERUNGSNEHMER,
VTR-00002761,PTR-00000788,VERSICHERUNGSNEHMER,
VTR-00002762,PTR-00000907,VERSICHERUNGSNEHMER,
VTR-00002763,PTR-00000858,VERSICHERUNGSNEHMER,
VTR-00002764,PTR-00000326,VERSICHERUNGSNEHMER,
VTR-00002765,PTR-00000653,VERSICHERUNGSNEHMER,
VTR-00002766,PTR-00000909,VERSICHERUNGSNEHMER,
VTR-00002767,PTR-00000793,VERSICHERUNGSNEHMER,
VTR-00002768,PTR-00000676,VERSICHERUNGSNEHMER,
VTR-00002769,PTR-00000707,VERSICHERUNGSNEHMER,
VTR-00002770,PTR-00000982,VERSICHERUNGSNEHMER,
VTR-00002771,PTR-00000856,VERSICHERUNGSNEHMER,
VTR-00002772,PTR-00000310,VERSICHERUNGSNEHMER,
VTR-00002773,PTR-00000694,VERSICHERUNGSNEHMER,
VTR-00002774,PTR-00000359,VERSICHERUNGSNEHMER,
VTR-00002775,PTR-00000541,VERSICHERUNGSNEHMER,
VTR-00002776,PTR-00000982,VERSICHERUNGSNEHMER,
VTR-00002777,PTR-00000437,VERSICHERUNGSNEHMER,
VTR-00002778,PTR-00000053,VERSICHERUNGSNEHMER,
VTR-00002779,PTR-00000378,VERSICHERUNGSNEHMER,
VTR-00002780,PTR-00000518,VERSICHERUNGSNEHMER,
VTR-00002781,PTR-00000907,VERSICHERUNGSNEHMER,
VTR-00002782,PTR-00000664,VERSICHERUNGSNEHMER,
VTR-00002783,PTR-00000526,VERSICHERUNGSNEHMER,
VTR-00002784,PTR-00000590,VERSICHERUNGSNEHMER,
VTR-00002785,PTR-00000518,VERSICHERUNGSNEHMER,
VTR-00002786,PTR-00000326,VERSICHERUNGSNEHMER,
VTR-00002787,PTR-00000926,VERSICHERUNGSNEHMER,
VTR-00002788,PTR-00000545,VERSICHERUNGSNEHMER,
VTR-00002789,PTR-00000701,VERSICHERUNGSNEHMER,
VTR-00002790,PTR-00000579,VERSICHERUNGSNEHMER,
VTR-00002791,PTR-00000729,VERSICHERUNGSNEHMER,
VTR-00002792,PTR-00000236,VERSICHERUNGSNEHMER,
VTR-00002793,PTR-00000234,VERSICHERUNGSNEHMER,
VTR-00002794,PTR-00000656,VERSICHERUNGSNEHMER,
VTR-00002795,PTR-00000590,VERSICHERUNGSNEHMER,
VTR-00002796,PTR-00000053,VERSICHERUNGSNEHMER,
VTR-00002797,PTR-00000701,VERSICHERUNGSNEHMER,
VTR-00002798,PTR-00000793,VERSICHERUNGSNEHMER,
VTR-00002799,PTR-00000618,VERSICHERUNGSNEHMER,
VTR-00002800,PTR-00000791,VERSICHERUNGSNEHMER,
VTR-00002801,PTR-00000576,VERSICHERUNGSNEHMER,
VTR-00002802,PTR-00000137,VERSICHERUNGSNEHMER,
VTR-00002803,PTR-00000780,VERSICHERUNGSNEHMER,
VTR-00002804,PTR-00000269,VERSICHERUNGSNEHMER,
VTR-00002805,PTR-00000705,VERSICHERUNGSNEHMER,
VTR-00002806,PTR-00000785,VERSICHERUNGSNEHMER,
VTR-00002807,PTR-00000285,VERSICHERUNGSNEHMER,
VTR-00002808,PTR-00000780,VERSICHERUNGSNEHMER,
VTR-00002809,PTR-00000656,VERSICHERUNGSNEHMER,
VTR-00002810,PTR-00000234,VERSICHERUNGSNEHMER,
VTR-00002811,PTR-00000849,VERSICHERUNGSNEHMER,
VTR-00002812,PTR-00000905,VERSICHERUNGSNEHMER,
VTR-00002813,PTR-00000336,VERSICHERUNGSNEHMER,
VTR-00002814,PTR-00000909,VERSICHERUNGSNEHMER,
VTR-00002815,PTR-00000856,VERSICHERUNGSNEHMER,
VTR-00002816,PTR-00000488,VERSICHERUNGSNEHMER,
VTR-00002817,PTR-00000664,VERSICHERUNGSNEHMER,
VTR-00002818,PTR-00000431,VERSICHERUNGSNEHMER,
VTR-00002819,PTR-00000849,VERSICHERUNGSNEHMER,
VTR-00002820,PTR-00000408,VERSICHERUNGSNEHMER,
VTR-00002821,PTR-00000798,VERSICHERUNGSNEHMER,
VTR-00002822,PTR-00000982,VERSICHERUNGSNEHMER,
VTR-00002823,PTR-00000926,VERSICHERUNGSNEHMER,
VTR-00002824,PTR-00000367,VERSICHERUNGSNEHMER,
VTR-00002825,PTR-00000856,VERSICHERUNGSNEHMER,
VTR-00002826,PTR-00000243,VERSICHERUNGSNEHMER,
VTR-00002827,PTR-00000764,VERSICHERUNGSNEHMER,
VTR-00002828,PTR-00000858,VERSICHERUNGSNEHMER,
VTR-00002829,PTR-00000314,VERSICHERUNGSNEHMER,
VTR-00002830,PTR-00000788,VERSICHERUNGSNEHMER,
VTR-00002831,PTR-00000259,VERSICHERUNGSNEHMER,
VTR-00002832,PTR-00000777,VERSICHERUNGSNEHMER,
VTR-00002833,PTR-00000707,VERSICHERUNGSNEHMER,
VTR-00002834,PTR-00000269,VERSICHERUNGSNEHMER,
VTR-00002835,PTR-00000545,VERSICHERUNGSNEHMER,
VTR-00002836,PTR-00000900,VERSICHERUNGSNEHMER,
VTR-00002837,PTR-00000777,VERSICHERUNGSNEHMER,
VTR-00002838,PTR-00000437,VERSICHERUNGSNEHMER,
VTR-00002839,PTR-00000796,VERSICHERUNGSNEHMER,
VTR-00002840,PTR-00000798,VERSICHERUNGSNEHMER,
VTR-00002841,PTR-00000437,VERSICHERUNGSNEHMER,
VTR-00002842,PTR-00000526,VERSICHERUNGSNEHMER,
VTR-00002843,PTR-00000333,VERSICHERUNGSNEHMER,
VTR-00002844,PTR-00000284,VERSICHERUNGSNEHMER,
VTR-00002845,PTR-00000518,VERSICHERUNGSNEHMER,
VTR-00002846,PTR-00000653,VERSICHERUNGSNEHMER,
VTR-00002847,PTR-00000518,VERSICHERUNGSNEHMER,
VTR-00002848,PTR-00000588,VERSICHERUNGSNEHMER,
VTR-00002849,PTR-00000858,VERSICHERUNGSNEHMER,
VTR-00002850,PTR-00000618,VERSICHERUNGSNEHMER,
VTR-00002851,PTR-00000243,VERSICHERUNGSNEHMER,
VTR-00002852,PTR-00000310,VERSICHERUNGSNEHMER,
VTR-00002853,PTR-00000367,VERSICHERUNGSNEHMER,
VTR-00002854,PTR-00000832,VERSICHERUNGSNEHMER,
VTR-00002855,PTR-00000588,VERSICHERUNGSNEHMER,
VTR-00002856,PTR-00000236,VERSICHERUNGSNEHMER,
VTR-00002857,PTR-00000314,VERSICHERUNGSNEHMER,
VTR-00002858,PTR-00000590,VERSICHERUNGSNEHMER,
VTR-00002859,PTR-00000157,VERSICHERUNGSNEHMER,
VTR-00002860,PTR-00000541,VERSICHERUNGSNEHMER,
VTR-00002861,PTR-00000359,VERSICHERUNGSNEHMER,
VTR-00002862,PTR-00000284,VERSICHERUNGSNEHMER,
VTR-00002863,PTR-00000157,VERSICHERUNGSNEHMER,
VTR-00002864,PTR-00000285,VERSICHERUNGSNEHMER,
VTR-00002865,PTR-00000791,VERSICHERUNGSNEHMER,
VTR-00002866,PTR-00000367,VERSICHERUNGSNEHMER,
VTR-00002867,PTR-00000408,VERSICHERUNGSNEHMER,
VTR-00002868,PTR-00000431,VERSICHERUNGSNEHMER,
VTR-00002869,PTR-00000791,VERSICHERUNGSNEHMER,
VTR-00002870,PTR-00000798,VERSICHERUNGSNEHMER,
VTR-00002871,PTR-00000705,VERSICHERUNGSNEHMER,
VTR-00002872,PTR-00000541,VERSICHERUNGSNEHMER,
VTR-00002873,PTR-00000780,VERSICHERUNGSNEHMER,
VTR-00002874,PTR-00000336,VERSICHERUNGSNEHMER,
VTR-00002875,PTR-00000764,VERSICHERUNGSNEHMER,
VTR-00002876,PTR-00000590,VERSICHERUNGSNEHMER,
VTR-00002877,PTR-00000526,VERSICHERUNGSNEHMER,
VTR-00002878,PTR-00000909,VERSICHERUNGSNEHMER,
VTR-00002879,PTR-00000832,VERSICHERUNGSNEHMER,
VTR-00002880,PTR-00000053,VERSICHERUNGSNEHMER,
VTR-00002881,PTR-00000285,VERSICHERUNGSNEHMER,
VTR-00002882,PTR-00000576,VERSICHERUNGSNEHMER,
VTR-00002883,PTR-00000269,VERSICHERUNGSNEHMER,
VTR-00002884,PTR-00000982,VERSICHERUNGSNEHMER,
VTR-00002885,PTR-00000975,VERSICHERUNGSNEHMER,
VTR-00002886,PTR-00000035,VERSICHERUNGSNEHMER,
VTR-00002887,PTR-00000591,VERSICHERUNGSNEHMER,
VTR-00002888,PTR-00000729,VERSICHERUNGSNEHMER,
VTR-00002889,PTR-00000334,VERSICHERUNGSNEHMER,
VTR-00002890,PTR-00000305,VERSICHERUNGSNEHMER,
VTR-00002891,PTR-00000777,VERSICHERUNGSNEHMER,
VTR-00002892,PTR-00000815,VERSICHERUNGSNEHMER,
VTR-00002893,PTR-00000356,VERSICHERUNGSNEHMER,
VTR-00002894,PTR-00000845,VERSICHERUNGSNEHMER,
VTR-00002895,PTR-00000431,VERSICHERUNGSNEHMER,
VTR-00002896,PTR-00000473,VERSICHERUNGSNEHMER,
VTR-00002897,PTR-00000215,VERSICHERUNGSNEHMER,
VTR-00002898,PTR-00000879,VERSICHERUNGSNEHMER,
VTR-00002899,PTR-00000959,VERSICHERUNGSNEHMER,
VTR-00002900,PTR-00000890,VERSICHERUNGSNEHMER,
VTR-00002901,PTR-00000703,VERSICHERUNGSNEHMER,
VTR-00002901,PTR-00000703,VERSICHERTE_PERSON,
VTR-00002901,,BEGUENSTIGT_GESETZLICHE_ERBEN,100.0
VTR-00002902,PTR-00000925,VERSICHERUNGSNEHMER,
VTR-00002902,PTR-00000925,VERSICHERTE_PERSON,
VTR-00002902,,BEGUENSTIGT_GESETZLICHE_ERBEN,100.0
VTR-00002904,PTR-00000771,VERSICHERUNGSNEHMER,
VTR-00002904,PTR-00000771,VERSICHERTE_PERSON,
VTR-00002904,PTR-00000772,BEGUENSTIGT,100.0
VTR-00002906,PTR-00000128,VERSICHERUNGSNEHMER,
VTR-00002906,PTR-00000128,VERSICHERTE_PERSON,
VTR-00002906,PTR-00000129,BEGUENSTIGT,100.0
VTR-00002907,PTR-00000807,VERSICHERUNGSNEHMER,
VTR-00002907,PTR-00000807,VERSICHERTE_PERSON,
VTR-00002907,,BEGUENSTIGT_GESETZLICHE_ERBEN,100.0
VTR-00002908,PTR-00000839,VERSICHERUNGSNEHMER,
VTR-00002908,PTR-00000839,VERSICHERTE_PERSON,
VTR-00002908,,BEGUENSTIGT_GESETZLICHE_ERBEN,100.0
VTR-00002909,PTR-00000767,VERSICHERUNGSNEHMER,
VTR-00002909,PTR-00000767,VERSICHERTE_PERSON,
VTR-00002909,,BEGUENSTIGT_GESETZLICHE_ERBEN,100.0
VTR-00002910,PTR-00000950,VERSICHERUNGSNEHMER,
VTR-00002910,PTR-00000950,VERSICHERTE_PERSON,
VTR-00002910,,BEGUENSTIGT_GESETZLICHE_ERBEN,100.0
VTR-00002911,PTR-00000715,VERSICHERUNGSNEHMER,
VTR-00002911,PTR-00000715,VERSICHERTE_PERSON,
VTR-00002911,PTR-00000716,BEGUENSTIGT,100.0
VTR-00002913,PTR-00000671,VERSICHERUNGSNEHMER,
VTR-00002913,PTR-00000671,VERSICHERTE_PERSON,
VTR-00002913,,BEGUENSTIGT_GESETZLICHE_ERBEN,100.0
VTR-00002914,PTR-00000315,VERSICHERUNGSNEHMER,
VTR-00002914,PTR-00000315,VERSICHERTE_PERSON,
VTR-00002914,PTR-00000316,BEGUENSTIGT,100.0
VTR-00002915,PTR-00000901,VERSICHERUNGSNEHMER,
VTR-00002915,PTR-00000901,VERSICHERTE_PERSON,
VTR-00002915,,BEGUENSTIGT_GESETZLICHE_ERBEN,100.0
VTR-00002916,PTR-00000081,VERSICHERUNGSNEHMER,
VTR-00002916,PTR-00000081,VERSICHERTE_PERSON,
VTR-00002916,,BEGUENSTIGT_GESETZLICHE_ERBEN,100.0
VTR-00002917,PTR-00000069,VERSICHERUNGSNEHMER,
VTR-00002917,PTR-00000069,VERSICHERTE_PERSON,
VTR-00002917,,BEGUENSTIGT_GESETZLICHE_ERBEN,100.0
VTR-00002918,PTR-00000862,VERSICHERUNGSNEHMER,
VTR-00002918,PTR-00000862,VERSICHERTE_PERSON,
VTR-00002918,PTR-00000863,BEGUENSTIGT,100.0
VTR-00002919,PTR-00000395,VERSICHERUNGSNEHMER,
VTR-00002919,PTR-00000395,VERSICHERTE_PERSON,
VTR-00002919,,BEGUENSTIGT_GESETZLICHE_ERBEN,100.0
VTR-00002920,PTR-00000975,VERSICHERUNGSNEHMER,
VTR-00002920,PTR-00000975,VERSICHERTE_PERSON,
VTR-00002920,PTR-00000976,BEGUENSTIGT,50.0
VTR-00002920,PTR-00000977,BEGUENSTIGT,25.0
VTR-00002920,PTR-00000978,BEGUENSTIGT,25.0
VTR-00002921,PTR-00000073,VERSICHERUNGSNEHMER,
VTR-00002921,PTR-00000073,VERSICHERTE_PERSON,
VTR-00002921,,BEGUENSTIGT_GESETZLICHE_ERBEN,100.0
VTR-00002922,PTR-00000141,VERSICHERUNGSNEHMER,
VTR-00002922,PTR-00000141,VERSICHERTE_PERSON,
VTR-00002922,,BEGUENSTIGT_GESETZLICHE_ERBEN,100.0
VTR-00002923,PTR-00000781,VERSICHERUNGSNEHMER,
VTR-00002923,PTR-00000781,VERSICHERTE_PERSON,
VTR-00002923,PTR-00000782,BEGUENSTIGT,50.0
VTR-00002923,PTR-00000783,BEGUENSTIGT,50.0
VTR-00002924,PTR-00000597,VERSICHERUNGSNEHMER,
VTR-00002924,PTR-00000597,VERSICHERTE_PERSON,
VTR-00002924,,BEGUENSTIGT_GESETZLICHE_ERBEN,100.0
VTR-00002925,PTR-00000855,VERSICHERUNGSNEHMER,
VTR-00002925,PTR-00000855,VERSICHERTE_PERSON,
VTR-00002925,,BEGUENSTIGT_GESETZLICHE_ERBEN,100.0
VTR-00002926,PTR-00000217,VERSICHERUNGSNEHMER,
VTR-00002926,PTR-00000217,VERSICHERTE_PERSON,
VTR-00002926,PTR-00000218,BEGUENSTIGT,50.0
VTR-00002926,PTR-00000219,BEGUENSTIGT,50.0
VTR-00002927,PTR-00000703,VERSICHERUNGSNEHMER,
VTR-00002927,PTR-00000703,VERSICHERTE_PERSON,
VTR-00002927,,BEGUENSTIGT_GESETZLICHE_ERBEN,100.0
VTR-00002928,PTR-00000984,VERSICHERUNGSNEHMER,
VTR-00002928,PTR-00000984,VERSICHERTE_PERSON,
VTR-00002928,,BEGUENSTIGT_GESETZLICHE_ERBEN,100.0
VTR-00002929,PTR-00000025,VERSICHERUNGSNEHMER,
VTR-00002929,PTR-00000025,VERSICHERTE_PERSON,
VTR-00002929,,BEGUENSTIGT_GESETZLICHE_ERBEN,100.0
VTR-00002930,PTR-00000432,VERSICHERUNGSNEHMER,
VTR-00002930,PTR-00000432,VERSICHERTE_PERSON,
VTR-00002930,,BEGUENSTIGT_GESETZLICHE_ERBEN,100.0
VTR-00002931,PTR-00000444,VERSICHERUNGSNEHMER,
VTR-00002931,PTR-00000444,VERSICHERTE_PERSON,
VTR-00002931,,BEGUENSTIGT_GESETZLICHE_ERBEN,100.0
VTR-00002932,PTR-00000689,VERSICHERUNGSNEHMER,
VTR-00002932,PTR-00000689,VERSICHERTE_PERSON,
VTR-00002932,,BEGUENSTIGT_GESETZLICHE_ERBEN,100.0
VTR-00002933,PTR-00000560,VERSICHERUNGSNEHMER,
VTR-00002933,PTR-00000560,VERSICHERTE_PERSON,
VTR-00002933,,BEGUENSTIGT_GESETZLICHE_ERBEN,100.0
VTR-00002934,PTR-00000115,VERSICHERUNGSNEHMER,
VTR-00002934,PTR-00000115,VERSICHERTE_PERSON,
VTR-00002934,,BEGUENSTIGT_GESETZLICHE_ERBEN,100.0
VTR-00002935,PTR-00000903,VERSICHERUNGSNEHMER,
VTR-00002935,PTR-00000903,VERSICHERTE_PERSON,
VTR-00002935,,BEGUENSTIGT_GESETZLICHE_ERBEN,100.0
VTR-00002936,PTR-00000316,VERSICHERUNGSNEHMER,
VTR-00002936,PTR-00000316,VERSICHERTE_PERSON,
VTR-00002936,,BEGUENSTIGT_GESETZLICHE_ERBEN,100.0
VTR-00002937,PTR-00000027,VERSICHERUNGSNEHMER,
VTR-00002937,PTR-00000027,VERSICHERTE_PERSON,
VTR-00002937,,BEGUENSTIGT_GESETZLICHE_ERBEN,100.0
VTR-00002938,PTR-00000985,VERSICHERUNGSNEHMER,
VTR-00002938,PTR-00000985,VERSICHERTE_PERSON,
VTR-00002938,PTR-00000986,BEGUENSTIGT,100.0
VTR-00002939,PTR-00000589,VERSICHERUNGSNEHMER,
VTR-00002939,PTR-00000589,VERSICHERTE_PERSON,
VTR-00002939,,BEGUENSTIGT_GESETZLICHE_ERBEN,100.0
VTR-00002940,PTR-00000085,VERSICHERUNGSNEHMER,
VTR-00002940,PTR-00000085,VERSICHERTE_PERSON,
VTR-00002940,,BEGUENSTIGT_GESETZLICHE_ERBEN,100.0
VTR-00002941,PTR-00000573,VERSICHERUNGSNEHMER,
VTR-00002941,PTR-00000573,VERSICHERTE_PERSON,
VTR-00002941,,BEGUENSTIGT_GESETZLICHE_ERBEN,100.0
VTR-00002942,PTR-00000339,VERSICHERUNGSNEHMER,
VTR-00002942,PTR-00000339,VERSICHERTE_PERSON,
VTR-00002942,,BEGUENSTIGT_GESETZLICHE_ERBEN,100.0
VTR-00002943,PTR-00000731,VERSICHERUNGSNEHMER,
VTR-00002943,PTR-00000731,VERSICHERTE_PERSON,
VTR-00002943,,BEGUENSTIGT_GESETZLICHE_ERBEN,100.0
VTR-00002944,PTR-00000075,VERSICHERUNGSNEHMER,
VTR-00002944,PTR-00000075,VERSICHERTE_PERSON,
VTR-00002944,,BEGUENSTIGT_GESETZLICHE_ERBEN,100.0
VTR-00002945,PTR-00000786,VERSICHERUNGSNEHMER,
VTR-00002945,PTR-00000786,VERSICHERTE_PERSON,
VTR-00002945,,BEGUENSTIGT_GESETZLICHE_ERBEN,100.0
VTR-00002946,PTR-00000328,VERSICHERUNGSNEHMER,
VTR-00002946,PTR-00000328,VERSICHERTE_PERSON,
VTR-00002946,PTR-00000329,BEGUENSTIGT,50.0
VTR-00002946,PTR-00000330,BEGUENSTIGT,16.67
VTR-00002946,PTR-00000331,BEGUENSTIGT,16.67
VTR-00002946,PTR-00000332,BEGUENSTIGT,16.67
VTR-00002947,PTR-00000586,VERSICHERUNGSNEHMER,
VTR-00002947,PTR-00000586,VERSICHERTE_PERSON,
VTR-00002947,,BEGUENSTIGT_GESETZLICHE_ERBEN,100.0
VTR-00002948,PTR-00000997,VERSICHERUNGSNEHMER,
VTR-00002948,PTR-00000997,VERSICHERTE_PERSON,
VTR-00002948,PTR-00000998,BEGUENSTIGT,50.0
VTR-00002948,PTR-00000999,BEGUENSTIGT,50.0
VTR-00002949,PTR-00000076,VERSICHERUNGSNEHMER,
VTR-00002949,PTR-00000076,VERSICHERTE_PERSON,
VTR-00002949,,BEGUENSTIGT_GESETZLICHE_ERBEN,100.0
VTR-00002950,PTR-00000309,VERSICHERUNGSNEHMER,
VTR-00002950,PTR-00000309,VERSICHERTE_PERSON,
VTR-00002950,,BEGUENSTIGT_GESETZLICHE_ERBEN,100.0
VTR-00002951,PTR-00000575,VERSICHERUNGSNEHMER,
VTR-00002951,PTR-00000575,VERSICHERTE_PERSON,
VTR-00002951,,BEGUENSTIGT_GESETZLICHE_ERBEN,100.0
VTR-00002952,PTR-00000469,VERSICHERUNGSNEHMER,
VTR-00002952,PTR-00000469,VERSICHERTE_PERSON,
VTR-00002952,,BEGUENSTIGT_GESETZLICHE_ERBEN,100.0
VTR-00002953,PTR-00000092,VERSICHERUNGSNEHMER,
VTR-00002953,PTR-00000092,VERSICHERTE_PERSON,
VTR-00002953,,BEGUENSTIGT_GESETZLICHE_ERBEN,100.0
VTR-00002954,PTR-00000998,VERSICHERUNGSNEHMER,
VTR-00002954,PTR-00000998,VERSICHERTE_PERSON,
VTR-00002954,,BEGUENSTIGT_GESETZLICHE_ERBEN,100.0
VTR-00002955,PTR-00000918,VERSICHERUNGSNEHMER,
VTR-00002955,PTR-00000918,VERSICHERTE_PERSON,
VTR-00002955,,BEGUENSTIGT_GESETZLICHE_ERBEN,100.0
VTR-00002956,PTR-00000081,VERSICHERUNGSNEHMER,
VTR-00002956,PTR-00000081,VERSICHERTE_PERSON,
VTR-00002956,,BEGUENSTIGT_GESETZLICHE_ERBEN,100.0
VTR-00002957,PTR-00000134,VERSICHERUNGSNEHMER,
VTR-00002957,PTR-00000134,VERSICHERTE_PERSON,
VTR-00002957,,BEGUENSTIGT_GESETZLICHE_ERBEN,100.0
VTR-00002958,PTR-00000913,VERSICHERUNGSNEHMER,
VTR-00002958,PTR-00000913,VERSICHERTE_PERSON,
VTR-00002958,PTR-00000914,BEGUENSTIGT,50.0
VTR-00002958,PTR-00000915,BEGUENSTIGT,50.0
VTR-00002959,PTR-00000608,VERSICHERUNGSNEHMER,
VTR-00002959,PTR-00000608,VERSICHERTE_PERSON,
VTR-00002959,PTR-00000609,BEGUENSTIGT,100.0
VTR-00002960,PTR-00000458,VERSICHERUNGSNEHMER,
VTR-00002960,PTR-00000458,VERSICHERTE_PERSON,
VTR-00002960,,BEGUENSTIGT_GESETZLICHE_ERBEN,100.0
VTR-00002961,PTR-00000136,VERSICHERUNGSNEHMER,
VTR-00002961,PTR-00000136,VERSICHERTE_PERSON,
VTR-00002961,,BEGUENSTIGT_GESETZLICHE_ERBEN,100.0
VTR-00002962,PTR-00000898,VERSICHERUNGSNEHMER,
VTR-00002962,PTR-00000898,VERSICHERTE_PERSON,
VTR-00002962,,BEGUENSTIGT_GESETZLICHE_ERBEN,100.0
VTR-00002963,PTR-00000876,VERSICHERUNGSNEHMER,
VTR-00002963,PTR-00000876,VERSICHERTE_PERSON,
VTR-00002963,,BEGUENSTIGT_GESETZLICHE_ERBEN,100.0
VTR-00002964,PTR-00000235,VERSICHERUNGSNEHMER,
VTR-00002964,PTR-00000235,VERSICHERTE_PERSON,
VTR-00002964,,BEGUENSTIGT_GESETZLICHE_ERBEN,100.0
VTR-00002965,PTR-00000421,VERSICHERUNGSNEHMER,
VTR-00002965,PTR-00000421,VERSICHERTE_PERSON,
VTR-00002965,,BEGUENSTIGT_GESETZLICHE_ERBEN,100.0
VTR-00002967,PTR-00000617,VERSICHERUNGSNEHMER,
VTR-00002967,PTR-00000617,VERSICHERTE_PERSON,
VTR-00002967,,BEGUENSTIGT_GESETZLICHE_ERBEN,100.0
VTR-00002968,PTR-00000312,VERSICHERUNGSNEHMER,
VTR-00002968,PTR-00000312,VERSICHERTE_PERSON,
VTR-00002968,,BEGUENSTIGT_GESETZLICHE_ERBEN,100.0
VTR-00002969,PTR-00000527,VERSICHERUNGSNEHMER,
VTR-00002969,PTR-00000527,VERSICHERTE_PERSON,
VTR-00002969,PTR-00000528,BEGUENSTIGT,50.0
VTR-00002969,PTR-00000529,BEGUENSTIGT,50.0
VTR-00002970,PTR-00000126,VERSICHERUNGSNEHMER,
VTR-00002970,PTR-00000126,VERSICHERTE_PERSON,
VTR-00002970,,BEGUENSTIGT_GESETZLICHE_ERBEN,100.0
VTR-00002971,PTR-00000212,VERSICHERUNGSNEHMER,
VTR-00002971,PTR-00000212,VERSICHERTE_PERSON,
VTR-00002971,PTR-00000213,BEGUENSTIGT,50.0
VTR-00002971,PTR-00000214,BEGUENSTIGT,16.67
VTR-00002971,PTR-00000215,BEGUENSTIGT,16.67
VTR-00002971,PTR-00000216,BEGUENSTIGT,16.67
VTR-00002972,PTR-00000619,VERSICHERUNGSNEHMER,
VTR-00002972,PTR-00000619,VERSICHERTE_PERSON,
VTR-00002972,PTR-00000620,BEGUENSTIGT,50.0
VTR-00002972,PTR-00000621,BEGUENSTIGT,16.67
VTR-00002972,PTR-00000622,BEGUENSTIGT,16.67
VTR-00002972,PTR-00000623,BEGUENSTIGT,16.67
VTR-00002973,PTR-00000829,VERSICHERUNGSNEHMER,
VTR-00002973,PTR-00000829,VERSICHERTE_PERSON,
VTR-00002973,PTR-00000830,BEGUENSTIGT,100.0
VTR-00002974,PTR-00000760,VERSICHERUNGSNEHMER,
VTR-00002974,PTR-00000760,VERSICHERTE_PERSON,
VTR-00002974,,BEGUENSTIGT_GESETZLICHE_ERBEN,100.0
VTR-00002975,PTR-00000761,VERSICHERUNGSNEHMER,
VTR-00002975,PTR-00000761,VERSICHERTE_PERSON,
VTR-00002975,PTR-00000762,BEGUENSTIGT,100.0
VTR-00002976,PTR-00000735,VERSICHERUNGSNEHMER,
VTR-00002976,PTR-00000735,VERSICHERTE_PERSON,
VTR-00002976,,BEGUENSTIGT_GESETZLICHE_ERBEN,100.0
VTR-00002977,PTR-00000196,VERSICHERUNGSNEHMER,
VTR-00002977,PTR-00000196,VERSICHERTE_PERSON,
VTR-00002977,,BEGUENSTIGT_GESETZLICHE_ERBEN,100.0
VTR-00002978,PTR-00000455,VERSICHERUNGSNEHMER,
VTR-00002978,PTR-00000455,VERSICHERTE_PERSON,
VTR-00002978,,BEGUENSTIGT_GESETZLICHE_ERBEN,100.0
VTR-00002979,PTR-00000919,VERSICHERUNGSNEHMER,
VTR-00002979,PTR-00000919,VERSICHERTE_PERSON,
VTR-00002979,,BEGUENSTIGT_GESETZLICHE_ERBEN,100.0
VTR-00002980,PTR-00000702,VERSICHERUNGSNEHMER,
VTR-00002980,PTR-00000702,VERSICHERTE_PERSON,
VTR-00002980,,BEGUENSTIGT_GESETZLICHE_ERBEN,100.0
VTR-00002981,PTR-00000663,VERSICHERUNGSNEHMER,
VTR-00002981,PTR-00000663,VERSICHERTE_PERSON,
VTR-00002981,,BEGUENSTIGT_GESETZLICHE_ERBEN,100.0
VTR-00002982,PTR-00000885,VERSICHERUNGSNEHMER,
VTR-00002982,PTR-00000885,VERSICHERTE_PERSON,
VTR-00002982,,BEGUENSTIGT_GESETZLICHE_ERBEN,100.0
VTR-00002983,PTR-00000830,VERSICHERUNGSNEHMER,
VTR-00002983,PTR-00000830,VERSICHERTE_PERSON,
VTR-00002983,,BEGUENSTIGT_GESETZLICHE_ERBEN,100.0
VTR-00002984,PTR-00000417,VERSICHERUNGSNEHMER,
VTR-00002984,PTR-00000417,VERSICHERTE_PERSON,
VTR-00002984,,BEGUENSTIGT_GESETZLICHE_ERBEN,100.0
VTR-00002985,PTR-00000852,VERSICHERUNGSNEHMER,
VTR-00002985,PTR-00000852,VERSICHERTE_PERSON,
VTR-00002985,,BEGUENSTIGT_GESETZLICHE_ERBEN,100.0
VTR-00002986,PTR-00000065,VERSICHERUNGSNEHMER,
VTR-00002986,PTR-00000065,VERSICHERTE_PERSON,
VTR-00002986,,BEGUENSTIGT_GESETZLICHE_ERBEN,100.0
VTR-00002987,PTR-00000315,VERSICHERUNGSNEHMER,
VTR-00002987,PTR-00000315,VERSICHERTE_PERSON,
VTR-00002987,PTR-00000316,BEGUENSTIGT,100.0
VTR-00002988,PTR-00000426,VERSICHERUNGSNEHMER,
VTR-00002988,PTR-00000426,VERSICHERTE_PERSON,
VTR-00002988,,BEGUENSTIGT_GESETZLICHE_ERBEN,100.0
VTR-00002989,PTR-00000270,VERSICHERUNGSNEHMER,
VTR-00002989,PTR-00000270,VERSICHERTE_PERSON,
VTR-00002989,,BEGUENSTIGT_GESETZLICHE_ERBEN,100.0
VTR-00002990,PTR-00000813,VERSICHERUNGSNEHMER,
VTR-00002990,PTR-00000813,VERSICHERTE_PERSON,
VTR-00002990,,BEGUENSTIGT_GESETZLICHE_ERBEN,100.0
VTR-00002991,PTR-00000867,VERSICHERUNGSNEHMER,
VTR-00002991,PTR-00000867,VERSICHERTE_PERSON,
VTR-00002991,,BEGUENSTIGT_GESETZLICHE_ERBEN,100.0
VTR-00002992,PTR-00000522,VERSICHERUNGSNEHMER,
VTR-00002992,PTR-00000522,VERSICHERTE_PERSON,
VTR-00002992,PTR-00000523,BEGUENSTIGT,100.0
VTR-00002993,PTR-00000808,VERSICHERUNGSNEHMER,
VTR-00002993,PTR-00000808,VERSICHERTE_PERSON,
VTR-00002993,,BEGUENSTIGT_GESETZLICHE_ERBEN,100.0
VTR-00002994,PTR-00000624,VERSICHERUNGSNEHMER,
VTR-00002994,PTR-00000624,VERSICHERTE_PERSON,
VTR-00002994,PTR-00000625,BEGUENSTIGT,100.0
VTR-00002995,PTR-00000851,VERSICHERUNGSNEHMER,
VTR-00002995,PTR-00000851,VERSICHERTE_PERSON,
VTR-00002995,PTR-00000852,BEGUENSTIGT,100.0
VTR-00002996,PTR-00000110,VERSICHERUNGSNEHMER,
VTR-00002996,PTR-00000110,VERSICHERTE_PERSON,
VTR-00002996,PTR-00000111,BEGUENSTIGT,100.0
VTR-00002997,PTR-00000813,VERSICHERUNGSNEHMER,
VTR-00002997,PTR-00000813,VERSICHERTE_PERSON,
VTR-00002997,,BEGUENSTIGT_GESETZLICHE_ERBEN,100.0
VTR-00002998,PTR-00000554,VERSICHERUNGSNEHMER,
VTR-00002998,PTR-00000554,VERSICHERTE_PERSON,
VTR-00002998,PTR-00000555,BEGUENSTIGT,100.0
VTR-00002999,PTR-00000472,VERSICHERUNGSNEHMER,
VTR-00002999,PTR-00000472,VERSICHERTE_PERSON,
VTR-00002999,PTR-00000473,BEGUENSTIGT,50.0
VTR-00002999,PTR-00000474,BEGUENSTIGT,16.67
VTR-00002999,PTR-00000475,BEGUENSTIGT,16.67
VTR-00002999,PTR-00000476,BEGUENSTIGT,16.67
VTR-00003000,PTR-00000717,VERSICHERUNGSNEHMER,
VTR-00003000,PTR-00000717,VERSICHERTE_PERSON,
VTR-00003000,,BEGUENSTIGT_GESETZLICHE_ERBEN,100.0
VTR-00003001,PTR-00000300,VERSICHERUNGSNEHMER,
VTR-00003001,PTR-00000300,VERSICHERTE_PERSON,
VTR-00003001,,BEGUENSTIGT_GESETZLICHE_ERBEN,100.0
VTR-00003002,PTR-00000414,VERSICHERUNGSNEHMER,
VTR-00003002,PTR-00000414,VERSICHERTE_PERSON,
VTR-00003002,,BEGUENSTIGT_GESETZLICHE_ERBEN,100.0
VTR-00003003,PTR-00000786,VERSICHERUNGSNEHMER,
VTR-00003003,PTR-00000786,VERSICHERTE_PERSON,
VTR-00003003,,BEGUENSTIGT_GESETZLICHE_ERBEN,100.0
VTR-00003004,PTR-00000872,VERSICHERUNGSNEHMER,
VTR-00003004,PTR-00000872,VERSICHERTE_PERSON,
VTR-00003004,PTR-00000873,BEGUENSTIGT,50.0
VTR-00003004,PTR-00000874,BEGUENSTIGT,16.67
VTR-00003004,PTR-00000875,BEGUENSTIGT,16.67
VTR-00003004,PTR-00000876,BEGUENSTIGT,16.67
VTR-00003005,PTR-00000573,VERSICHERUNGSNEHMER,
VTR-00003005,PTR-00000573,VERSICHERTE_PERSON,
VTR-00003005,,BEGUENSTIGT_GESETZLICHE_ERBEN,100.0
VTR-00003006,PTR-00000194,VERSICHERUNGSNEHMER,
VTR-00003006,PTR-00000194,VERSICHERTE_PERSON,
VTR-00003006,,BEGUENSTIGT_GESETZLICHE_ERBEN,100.0
VTR-00003007,PTR-00000850,VERSICHERUNGSNEHMER,
VTR-00003007,PTR-00000850,VERSICHERTE_PERSON,
VTR-00003007,,BEGUENSTIGT_GESETZLICHE_ERBEN,100.0
VTR-00003008,PTR-00000118,VERSICHERUNGSNEHMER,
VTR-00003008,PTR-00000118,VERSICHERTE_PERSON,
VTR-00003008,,BEGUENSTIGT_GESETZLICHE_ERBEN,100.0
VTR-00003009,PTR-00000312,VERSICHERUNGSNEHMER,
VTR-00003009,PTR-00000312,VERSICHERTE_PERSON,
VTR-00003009,,BEGUENSTIGT_GESETZLICHE_ERBEN,100.0
VTR-00003010,PTR-00000182,VERSICHERUNGSNEHMER,
VTR-00003010,PTR-00000182,VERSICHERTE_PERSON,
VTR-00003010,,BEGUENSTIGT_GESETZLICHE_ERBEN,100.0
VTR-00003013,PTR-00000658,VERSICHERUNGSNEHMER,
VTR-00003013,PTR-00000658,VERSICHERTE_PERSON,
VTR-00003013,,BEGUENSTIGT_GESETZLICHE_ERBEN,100.0
VTR-00003014,PTR-00000904,VERSICHERUNGSNEHMER,
VTR-00003014,PTR-00000904,VERSICHERTE_PERSON,
VTR-00003014,,BEGUENSTIGT_GESETZLICHE_ERBEN,100.0
VTR-00003015,PTR-00000166,VERSICHERUNGSNEHMER,
VTR-00003015,PTR-00000166,VERSICHERTE_PERSON,
VTR-00003015,,BEGUENSTIGT_GESETZLICHE_ERBEN,100.0
VTR-00003017,PTR-00000028,VERSICHERUNGSNEHMER,
VTR-00003017,PTR-00000028,VERSICHERTE_PERSON,
VTR-00003017,,BEGUENSTIGT_GESETZLICHE_ERBEN,100.0
VTR-00003018,PTR-00000470,VERSICHERUNGSNEHMER,
VTR-00003018,PTR-00000470,VERSICHERTE_PERSON,
VTR-00003018,,BEGUENSTIGT_GESETZLICHE_ERBEN,100.0
VTR-00003019,PTR-00000094,VERSICHERUNGSNEHMER,
VTR-00003019,PTR-00000094,VERSICHERTE_PERSON,
VTR-00003019,,BEGUENSTIGT_GESETZLICHE_ERBEN,100.0
VTR-00003020,PTR-00000511,VERSICHERUNGSNEHMER,
VTR-00003020,PTR-00000511,VERSICHERTE_PERSON,
VTR-00003020,,BEGUENSTIGT_GESETZLICHE_ERBEN,100.0
VTR-00003022,PTR-00000992,VERSICHERUNGSNEHMER,
VTR-00003022,PTR-00000992,VERSICHERTE_PERSON,
VTR-00003022,PTR-00000993,BEGUENSTIGT,50.0
VTR-00003022,PTR-00000994,BEGUENSTIGT,50.0
VTR-00003023,PTR-00000906,VERSICHERUNGSNEHMER,
VTR-00003023,PTR-00000906,VERSICHERTE_PERSON,
VTR-00003023,,BEGUENSTIGT_GESETZLICHE_ERBEN,100.0
VTR-00003024,PTR-00000117,VERSICHERUNGSNEHMER,
VTR-00003024,PTR-00000117,VERSICHERTE_PERSON,
VTR-00003024,PTR-00000118,BEGUENSTIGT,100.0
VTR-00003025,PTR-00000802,VERSICHERUNGSNEHMER,
VTR-00003025,PTR-00000802,VERSICHERTE_PERSON,
VTR-00003025,,BEGUENSTIGT_GESETZLICHE_ERBEN,100.0
VTR-00003026,PTR-00000692,VERSICHERUNGSNEHMER,
VTR-00003026,PTR-00000692,VERSICHERTE_PERSON,
VTR-00003026,,BEGUENSTIGT_GESETZLICHE_ERBEN,100.0
VTR-00003027,PTR-00000602,VERSICHERUNGSNEHMER,
VTR-00003027,PTR-00000602,VERSICHERTE_PERSON,
VTR-00003027,,BEGUENSTIGT_GESETZLICHE_ERBEN,100.0
VTR-00003029,PTR-00000320,VERSICHERUNGSNEHMER,
VTR-00003029,PTR-00000320,VERSICHERTE_PERSON,
VTR-00003029,,BEGUENSTIGT_GESETZLICHE_ERBEN,100.0
VTR-00003031,PTR-00000968,VERSICHERUNGSNEHMER,
VTR-00003031,PTR-00000968,VERSICHERTE_PERSON,
VTR-00003031,PTR-00000969,BEGUENSTIGT,100.0
VTR-00003032,PTR-00000742,VERSICHERUNGSNEHMER,
VTR-00003032,PTR-00000742,VERSICHERTE_PERSON,
VTR-00003032,,BEGUENSTIGT_GESETZLICHE_ERBEN,100.0
VTR-00003033,PTR-00000174,VERSICHERUNGSNEHMER,
VTR-00003033,PTR-00000174,VERSICHERTE_PERSON,
VTR-00003033,,BEGUENSTIGT_GESETZLICHE_ERBEN,100.0
VTR-00003034,PTR-00000453,VERSICHERUNGSNEHMER,
VTR-00003034,PTR-00000453,VERSICHERTE_PERSON,
VTR-00003034,PTR-00000454,BEGUENSTIGT,100.0
VTR-00003035,PTR-00000204,VERSICHERUNGSNEHMER,
VTR-00003035,PTR-00000204,VERSICHERTE_PERSON,
VTR-00003035,,BEGUENSTIGT_GESETZLICHE_ERBEN,100.0
VTR-00003038,PTR-00000443,VERSICHERUNGSNEHMER,
VTR-00003038,PTR-00000443,VERSICHERTE_PERSON,
VTR-00003038,PTR-00000444,BEGUENSTIGT,100.0
VTR-00003039,PTR-00000899,VERSICHERUNGSNEHMER,
VTR-00003039,PTR-00000899,VERSICHERTE_PERSON,
VTR-00003039,,BEGUENSTIGT_GESETZLICHE_ERBEN,100.0
VTR-00003040,PTR-00000452,VERSICHERUNGSNEHMER,
VTR-00003040,PTR-00000452,VERSICHERTE_PERSON,
VTR-00003040,,BEGUENSTIGT_GESETZLICHE_ERBEN,100.0
VTR-00003041,PTR-00000462,VERSICHERUNGSNEHMER,
VTR-00003041,PTR-00000462,VERSICHERTE_PERSON,
VTR-00003041,,BEGUENSTIGT_GESETZLICHE_ERBEN,100.0
VTR-00003042,PTR-00000274,VERSICHERUNGSNEHMER,
VTR-00003042,PTR-00000274,VERSICHERTE_PERSON,
VTR-00003042,PTR-00000275,BEGUENSTIGT,100.0
VTR-00003043,PTR-00000770,VERSICHERUNGSNEHMER,
VTR-00003043,PTR-00000770,VERSICHERTE_PERSON,
VTR-00003043,,BEGUENSTIGT_GESETZLICHE_ERBEN,100.0
VTR-00003044,PTR-00000941,VERSICHERUNGSNEHMER,
VTR-00003044,PTR-00000941,VERSICHERTE_PERSON,
VTR-00003044,,BEGUENSTIGT_GESETZLICHE_ERBEN,100.0
VTR-00003045,PTR-00000665,VERSICHERUNGSNEHMER,
VTR-00003045,PTR-00000665,VERSICHERTE_PERSON,
VTR-00003045,PTR-00000666,BEGUENSTIGT,50.0
VTR-00003045,PTR-00000667,BEGUENSTIGT,16.67
VTR-00003045,PTR-00000668,BEGUENSTIGT,16.67
VTR-00003045,PTR-00000669,BEGUENSTIGT,16.67
VTR-00003046,PTR-00000110,VERSICHERUNGSNEHMER,
VTR-00003046,PTR-00000110,VERSICHERTE_PERSON,
VTR-00003046,PTR-00000111,BEGUENSTIGT,100.0
VTR-00003047,PTR-00000700,VERSICHERUNGSNEHMER,
VTR-00003047,PTR-00000700,VERSICHERTE_PERSON,
VTR-00003047,,BEGUENSTIGT_GESETZLICHE_ERBEN,100.0
VTR-00003048,PTR-00000046,VERSICHERUNGSNEHMER,
VTR-00003048,PTR-00000046,VERSICHERTE_PERSON,
VTR-00003048,,BEGUENSTIGT_GESETZLICHE_ERBEN,100.0
VTR-00003049,PTR-00000606,VERSICHERUNGSNEHMER,
VTR-00003049,PTR-00000606,VERSICHERTE_PERSON,
VTR-00003049,,BEGUENSTIGT_GESETZLICHE_ERBEN,100.0
VTR-00003050,PTR-00000711,VERSICHERUNGSNEHMER,
VTR-00003050,PTR-00000711,VERSICHERTE_PERSON,
VTR-00003050,,BEGUENSTIGT_GESETZLICHE_ERBEN,100.0
VTR-00003051,PTR-00000896,VERSICHERUNGSNEHMER,
VTR-00003051,PTR-00000896,VERSICHERTE_PERSON,
VTR-00003051,,BEGUENSTIGT_GESETZLICHE_ERBEN,100.0
VTR-00003053,PTR-00000360,VERSICHERUNGSNEHMER,
VTR-00003053,PTR-00000360,VERSICHERTE_PERSON,
VTR-00003053,PTR-00000361,BEGUENSTIGT,100.0
VTR-00003054,PTR-00000039,VERSICHERUNGSNEHMER,
VTR-00003054,PTR-00000039,VERSICHERTE_PERSON,
VTR-00003054,,BEGUENSTIGT_GESETZLICHE_ERBEN,100.0
VTR-00003055,PTR-00000640,VERSICHERUNGSNEHMER,
VTR-00003055,PTR-00000640,VERSICHERTE_PERSON,
VTR-00003055,PTR-00000641,BEGUENSTIGT,100.0
VTR-00003056,PTR-00000380,VERSICHERUNGSNEHMER,
VTR-00003056,PTR-00000380,VERSICHERTE_PERSON,
VTR-00003056,PTR-00000381,BEGUENSTIGT,50.0
VTR-00003056,PTR-00000382,BEGUENSTIGT,25.0
VTR-00003056,PTR-00000383,BEGUENSTIGT,25.0
VTR-00003057,PTR-00000105,VERSICHERUNGSNEHMER,
VTR-00003057,PTR-00000105,VERSICHERTE_PERSON,
VTR-00003057,,BEGUENSTIGT_GESETZLICHE_ERBEN,100.0
VTR-00003058,PTR-00000451,VERSICHERUNGSNEHMER,
VTR-00003058,PTR-00000451,VERSICHERTE_PERSON,
VTR-00003058,,BEGUENSTIGT_GESETZLICHE_ERBEN,100.0
VTR-00003059,PTR-00000231,VERSICHERUNGSNEHMER,
VTR-00003059,PTR-00000231,VERSICHERTE_PERSON,
VTR-00003059,,BEGUENSTIGT_GESETZLICHE_ERBEN,100.0
VTR-00003060,PTR-00000861,VERSICHERUNGSNEHMER,
VTR-00003060,PTR-00000861,VERSICHERTE_PERSON,
VTR-00003060,,BEGUENSTIGT_GESETZLICHE_ERBEN,100.0
VTR-00003061,PTR-00000784,VERSICHERUNGSNEHMER,
VTR-00003061,PTR-00000784,VERSICHERTE_PERSON,
VTR-00003061,,BEGUENSTIGT_GESETZLICHE_ERBEN,100.0
VTR-00003062,PTR-00000923,VERSICHERUNGSNEHMER,
VTR-00003062,PTR-00000923,VERSICHERTE_PERSON,
VTR-00003062,,BEGUENSTIGT_GESETZLICHE_ERBEN,100.0
VTR-00003063,PTR-00000686,VERSICHERUNGSNEHMER,
VTR-00003063,PTR-00000686,VERSICHERTE_PERSON,
VTR-00003063,,BEGUENSTIGT_GESETZLICHE_ERBEN,100.0
VTR-00003064,PTR-00000480,VERSICHERUNGSNEHMER,
VTR-00003064,PTR-00000480,VERSICHERTE_PERSON,
VTR-00003064,,BEGUENSTIGT_GESETZLICHE_ERBEN,100.0
VTR-00003065,PTR-00000580,VERSICHERUNGSNEHMER,
VTR-00003065,PTR-00000580,VERSICHERTE_PERSON,
VTR-00003065,,BEGUENSTIGT_GESETZLICHE_ERBEN,100.0
VTR-00003066,PTR-00000455,VERSICHERUNGSNEHMER,
VTR-00003066,PTR-00000455,VERSICHERTE_PERSON,
VTR-00003066,,BEGUENSTIGT_GESETZLICHE_ERBEN,100.0
VTR-00003067,PTR-00000100,VERSICHERUNGSNEHMER,
VTR-00003067,PTR-00000100,VERSICHERTE_PERSON,
VTR-00003067,,BEGUENSTIGT_GESETZLICHE_ERBEN,100.0
VTR-00003068,PTR-00000138,VERSICHERUNGSNEHMER,
VTR-00003068,PTR-00000138,VERSICHERTE_PERSON,
VTR-00003068,PTR-00000139,BEGUENSTIGT,100.0
VTR-00003069,PTR-00000776,VERSICHERUNGSNEHMER,
VTR-00003069,PTR-00000776,VERSICHERTE_PERSON,
VTR-00003069,,BEGUENSTIGT_GESETZLICHE_ERBEN,100.0
VTR-00003070,PTR-00000301,VERSICHERUNGSNEHMER,
VTR-00003070,PTR-00000301,VERSICHERTE_PERSON,
VTR-00003070,PTR-00000302,BEGUENSTIGT,100.0
VTR-00003071,PTR-00000173,VERSICHERUNGSNEHMER,
VTR-00003071,PTR-00000173,VERSICHERTE_PERSON,
VTR-00003071,PTR-00000174,BEGUENSTIGT,50.0
VTR-00003071,PTR-00000175,BEGUENSTIGT,25.0
VTR-00003071,PTR-00000176,BEGUENSTIGT,25.0
VTR-00003072,PTR-00000238,VERSICHERUNGSNEHMER,
VTR-00003072,PTR-00000238,VERSICHERTE_PERSON,
VTR-00003072,PTR-00000239,BEGUENSTIGT,50.0
VTR-00003072,PTR-00000240,BEGUENSTIGT,50.0
VTR-00003073,PTR-00000140,VERSICHERUNGSNEHMER,
VTR-00003073,PTR-00000140,VERSICHERTE_PERSON,
VTR-00003073,PTR-00000141,BEGUENSTIGT,50.0
VTR-00003073,PTR-00000142,BEGUENSTIGT,25.0
VTR-00003073,PTR-00000143,BEGUENSTIGT,25.0
VTR-00003074,PTR-00000247,VERSICHERUNGSNEHMER,
VTR-00003074,PTR-00000247,VERSICHERTE_PERSON,
VTR-00003074,,BEGUENSTIGT_GESETZLICHE_ERBEN,100.0
VTR-00003075,PTR-00000151,VERSICHERUNGSNEHMER,
VTR-00003075,PTR-00000151,VERSICHERTE_PERSON,
VTR-00003075,,BEGUENSTIGT_GESETZLICHE_ERBEN,100.0
VTR-00003076,PTR-00000103,VERSICHERUNGSNEHMER,
VTR-00003076,PTR-00000103,VERSICHERTE_PERSON,
VTR-00003076,,BEGUENSTIGT_GESETZLICHE_ERBEN,100.0
VTR-00003077,PTR-00000649,VERSICHERUNGSNEHMER,
VTR-00003077,PTR-00000649,VERSICHERTE_PERSON,
VTR-00003077,,BEGUENSTIGT_GESETZLICHE_ERBEN,100.0
VTR-00003078,PTR-00000402,VERSICHERUNGSNEHMER,
VTR-00003078,PTR-00000402,VERSICHERTE_PERSON,
VTR-00003078,,BEGUENSTIGT_GESETZLICHE_ERBEN,100.0
VTR-00003079,PTR-00000965,VERSICHERUNGSNEHMER,
VTR-00003079,PTR-00000965,VERSICHERTE_PERSON,
VTR-00003079,PTR-00000966,BEGUENSTIGT,50.0
VTR-00003079,PTR-00000967,BEGUENSTIGT,50.0
VTR-00003080,PTR-00000076,VERSICHERUNGSNEHMER,
VTR-00003080,PTR-00000076,VERSICHERTE_PERSON,
VTR-00003080,,BEGUENSTIGT_GESETZLICHE_ERBEN,100.0
VTR-00003081,PTR-00000598,VERSICHERUNGSNEHMER,
VTR-00003081,PTR-00000598,VERSICHERTE_PERSON,
VTR-00003081,,BEGUENSTIGT_GESETZLICHE_ERBEN,100.0
VTR-00003082,PTR-00000732,VERSICHERUNGSNEHMER,
VTR-00003082,PTR-00000732,VERSICHERTE_PERSON,
VTR-00003082,PTR-00000733,BEGUENSTIGT,100.0
VTR-00003083,PTR-00000529,VERSICHERUNGSNEHMER,
VTR-00003083,PTR-00000529,VERSICHERTE_PERSON,
VTR-00003083,,BEGUENSTIGT_GESETZLICHE_ERBEN,100.0
VTR-00003084,PTR-00000350,VERSICHERUNGSNEHMER,
VTR-00003084,PTR-00000350,VERSICHERTE_PERSON,
VTR-00003084,,BEGUENSTIGT_GESETZLICHE_ERBEN,100.0
VTR-00003085,PTR-00000611,VERSICHERUNGSNEHMER,
VTR-00003085,PTR-00000611,VERSICHERTE_PERSON,
VTR-00003085,PTR-00000612,BEGUENSTIGT,100.0
VTR-00003086,PTR-00000181,VERSICHERUNGSNEHMER,
VTR-00003086,PTR-00000181,VERSICHERTE_PERSON,
VTR-00003086,PTR-00000182,BEGUENSTIGT,50.0
VTR-00003086,PTR-00000183,BEGUENSTIGT,50.0
VTR-00003087,PTR-00000478,VERSICHERUNGSNEHMER,
VTR-00003087,PTR-00000478,VERSICHERTE_PERSON,
VTR-00003087,,BEGUENSTIGT_GESETZLICHE_ERBEN,100.0
VTR-00003088,PTR-00000352,VERSICHERUNGSNEHMER,
VTR-00003088,PTR-00000352,VERSICHERTE_PERSON,
VTR-00003088,,BEGUENSTIGT_GESETZLICHE_ERBEN,100.0
VTR-00003089,PTR-00000809,VERSICHERUNGSNEHMER,
VTR-00003089,PTR-00000809,VERSICHERTE_PERSON,
VTR-00003089,,BEGUENSTIGT_GESETZLICHE_ERBEN,100.0
VTR-00003090,PTR-00000696,VERSICHERUNGSNEHMER,
VTR-00003090,PTR-00000696,VERSICHERTE_PERSON,
VTR-00003090,,BEGUENSTIGT_GESETZLICHE_ERBEN,100.0
VTR-00003091,PTR-00000267,VERSICHERUNGSNEHMER,
VTR-00003091,PTR-00000267,VERSICHERTE_PERSON,
VTR-00003091,,BEGUENSTIGT_GESETZLICHE_ERBEN,100.0
VTR-00003092,PTR-00000364,VERSICHERUNGSNEHMER,
VTR-00003092,PTR-00000364,VERSICHERTE_PERSON,
VTR-00003092,PTR-00000365,BEGUENSTIGT,100.0
VTR-00003093,PTR-00000783,VERSICHERUNGSNEHMER,
VTR-00003093,PTR-00000783,VERSICHERTE_PERSON,
VTR-00003093,,BEGUENSTIGT_GESETZLICHE_ERBEN,100.0
VTR-00003094,PTR-00000293,VERSICHERUNGSNEHMER,
VTR-00003094,PTR-00000293,VERSICHERTE_PERSON,
VTR-00003094,,BEGUENSTIGT_GESETZLICHE_ERBEN,100.0
VTR-00003095,PTR-00000910,VERSICHERUNGSNEHMER,
VTR-00003095,PTR-00000910,VERSICHERTE_PERSON,
VTR-00003095,,BEGUENSTIGT_GESETZLICHE_ERBEN,100.0
VTR-00003096,PTR-00000086,VERSICHERUNGSNEHMER,
VTR-00003096,PTR-00000086,VERSICHERTE_PERSON,
VTR-00003096,PTR-00000087,BEGUENSTIGT,100.0
VTR-00003098,PTR-00000697,VERSICHERUNGSNEHMER,
VTR-00003098,PTR-00000697,VERSICHERTE_PERSON,
VTR-00003098,PTR-00000698,BEGUENSTIGT,100.0
VTR-00003099,PTR-00000562,VERSICHERUNGSNEHMER,
VTR-00003099,PTR-00000562,VERSICHERTE_PERSON,
VTR-00003099,,BEGUENSTIGT_GESETZLICHE_ERBEN,100.0
VTR-00003100,PTR-00000090,VERSICHERUNGSNEHMER,
VTR-00003100,PTR-00000090,VERSICHERTE_PERSON,
VTR-00003100,,BEGUENSTIGT_GESETZLICHE_ERBEN,100.0
VTR-00003101,PTR-00000276,VERSICHERUNGSNEHMER,
VTR-00003101,PTR-00000276,VERSICHERTE_PERSON,
VTR-00003101,,BEGUENSTIGT_GESETZLICHE_ERBEN,100.0
VTR-00003102,PTR-00000938,VERSICHERUNGSNEHMER,
VTR-00003102,PTR-00000938,VERSICHERTE_PERSON,
VTR-00003102,,BEGUENSTIGT_GESETZLICHE_ERBEN,100.0
VTR-00003103,PTR-00000381,VERSICHERUNGSNEHMER,
VTR-00003103,PTR-00000381,VERSICHERTE_PERSON,
VTR-00003103,,BEGUENSTIGT_GESETZLICHE_ERBEN,100.0
VTR-00003104,PTR-00000032,VERSICHERUNGSNEHMER,
VTR-00003104,PTR-00000032,VERSICHERTE_PERSON,
VTR-00003104,PTR-00000033,BEGUENSTIGT,100.0
VTR-00003105,PTR-00000852,VERSICHERUNGSNEHMER,
VTR-00003105,PTR-00000852,VERSICHERTE_PERSON,
VTR-00003105,,BEGUENSTIGT_GESETZLICHE_ERBEN,100.0
VTR-00003106,PTR-00000847,VERSICHERUNGSNEHMER,
VTR-00003106,PTR-00000847,VERSICHERTE_PERSON,
VTR-00003106,,BEGUENSTIGT_GESETZLICHE_ERBEN,100.0
VTR-00003107,PTR-00000724,VERSICHERUNGSNEHMER,
VTR-00003107,PTR-00000724,VERSICHERTE_PERSON,
VTR-00003107,,BEGUENSTIGT_GESETZLICHE_ERBEN,100.0
VTR-00003108,PTR-00000555,VERSICHERUNGSNEHMER,
VTR-00003108,PTR-00000555,VERSICHERTE_PERSON,
VTR-00003108,,BEGUENSTIGT_GESETZLICHE_ERBEN,100.0
VTR-00003109,PTR-00000264,VERSICHERUNGSNEHMER,
VTR-00003109,PTR-00000264,VERSICHERTE_PERSON,
VTR-00003109,,BEGUENSTIGT_GESETZLICHE_ERBEN,100.0
VTR-00003110,PTR-00000299,VERSICHERUNGSNEHMER,
VTR-00003110,PTR-00000299,VERSICHERTE_PERSON,
VTR-00003110,PTR-00000300,BEGUENSTIGT,100.0
VTR-00003111,PTR-00000420,VERSICHERUNGSNEHMER,
VTR-00003111,PTR-00000420,VERSICHERTE_PERSON,
VTR-00003111,,BEGUENSTIGT_GESETZLICHE_ERBEN,100.0
VTR-00003112,PTR-00000327,VERSICHERUNGSNEHMER,
VTR-00003112,PTR-00000327,VERSICHERTE_PERSON,
VTR-00003112,,BEGUENSTIGT_GESETZLICHE_ERBEN,100.0
VTR-00003113,PTR-00000797,VERSICHERUNGSNEHMER,
VTR-00003113,PTR-00000797,VERSICHERTE_PERSON,
VTR-00003113,,BEGUENSTIGT_GESETZLICHE_ERBEN,100.0
VTR-00003114,PTR-00000101,VERSICHERUNGSNEHMER,
VTR-00003114,PTR-00000101,VERSICHERTE_PERSON,
VTR-00003114,,BEGUENSTIGT_GESETZLICHE_ERBEN,100.0
VTR-00003115,PTR-00000268,VERSICHERUNGSNEHMER,
VTR-00003115,PTR-00000268,VERSICHERTE_PERSON,
VTR-00003115,,BEGUENSTIGT_GESETZLICHE_ERBEN,100.0
VTR-00003116,PTR-00000722,VERSICHERUNGSNEHMER,
VTR-00003116,PTR-00000722,VERSICHERTE_PERSON,
VTR-00003116,,BEGUENSTIGT_GESETZLICHE_ERBEN,100.0
VTR-00003117,PTR-00000612,VERSICHERUNGSNEHMER,
VTR-00003117,PTR-00000612,VERSICHERTE_PERSON,
VTR-00003117,,BEGUENSTIGT_GESETZLICHE_ERBEN,100.0
VTR-00003119,PTR-00000446,VERSICHERUNGSNEHMER,
VTR-00003119,PTR-00000446,VERSICHERTE_PERSON,
VTR-00003119,,BEGUENSTIGT_GESETZLICHE_ERBEN,100.0
VTR-00003120,PTR-00000912,VERSICHERUNGSNEHMER,
VTR-00003120,PTR-00000912,VERSICHERTE_PERSON,
VTR-00003120,,BEGUENSTIGT_GESETZLICHE_ERBEN,100.0
VTR-00003121,PTR-00000928,VERSICHERUNGSNEHMER,
VTR-00003121,PTR-00000928,VERSICHERTE_PERSON,
VTR-00003121,,BEGUENSTIGT_GESETZLICHE_ERBEN,100.0
VTR-00003122,PTR-00000131,VERSICHERUNGSNEHMER,
VTR-00003122,PTR-00000131,VERSICHERTE_PERSON,
VTR-00003122,,BEGUENSTIGT_GESETZLICHE_ERBEN,100.0
VTR-00003123,PTR-00000409,VERSICHERUNGSNEHMER,
VTR-00003123,PTR-00000409,VERSICHERTE_PERSON,
VTR-00003123,,BEGUENSTIGT_GESETZLICHE_ERBEN,100.0
VTR-00003124,PTR-00000339,VERSICHERUNGSNEHMER,
VTR-00003124,PTR-00000339,VERSICHERTE_PERSON,
VTR-00003124,,BEGUENSTIGT_GESETZLICHE_ERBEN,100.0
VTR-00003125,PTR-00000774,VERSICHERUNGSNEHMER,
VTR-00003125,PTR-00000774,VERSICHERTE_PERSON,
VTR-00003125,PTR-00000775,BEGUENSTIGT,50.0
VTR-00003125,PTR-00000776,BEGUENSTIGT,50.0
VTR-00003126,PTR-00000197,VERSICHERUNGSNEHMER,
VTR-00003126,PTR-00000197,VERSICHERTE_PERSON,
VTR-00003126,PTR-00000198,BEGUENSTIGT,50.0
VTR-00003126,PTR-00000199,BEGUENSTIGT,50.0
VTR-00003127,PTR-00000071,VERSICHERUNGSNEHMER,
VTR-00003127,PTR-00000071,VERSICHERTE_PERSON,
VTR-00003127,,BEGUENSTIGT_GESETZLICHE_ERBEN,100.0
VTR-00003128,PTR-00000689,VERSICHERUNGSNEHMER,
VTR-00003128,PTR-00000689,VERSICHERTE_PERSON,
VTR-00003128,,BEGUENSTIGT_GESETZLICHE_ERBEN,100.0
VTR-00003129,PTR-00000492,VERSICHERUNGSNEHMER,
VTR-00003129,PTR-00000492,VERSICHERTE_PERSON,
VTR-00003129,,BEGUENSTIGT_GESETZLICHE_ERBEN,100.0
VTR-00003130,PTR-00000364,VERSICHERUNGSNEHMER,
VTR-00003130,PTR-00000364,VERSICHERTE_PERSON,
VTR-00003130,PTR-00000365,BEGUENSTIGT,100.0
VTR-00003131,PTR-00000435,VERSICHERUNGSNEHMER,
VTR-00003131,PTR-00000435,VERSICHERTE_PERSON,
VTR-00003131,,BEGUENSTIGT_GESETZLICHE_ERBEN,100.0
VTR-00003132,PTR-00000753,VERSICHERUNGSNEHMER,
VTR-00003132,PTR-00000753,VERSICHERTE_PERSON,
VTR-00003132,PTR-00000754,BEGUENSTIGT,100.0
VTR-00003133,PTR-00000633,VERSICHERUNGSNEHMER,
VTR-00003133,PTR-00000633,VERSICHERTE_PERSON,
VTR-00003133,,BEGUENSTIGT_GESETZLICHE_ERBEN,100.0
VTR-00003134,PTR-00000808,VERSICHERUNGSNEHMER,
VTR-00003134,PTR-00000808,VERSICHERTE_PERSON,
VTR-00003134,,BEGUENSTIGT_GESETZLICHE_ERBEN,100.0
VTR-00003135,PTR-00000420,VERSICHERUNGSNEHMER,
VTR-00003135,PTR-00000420,VERSICHERTE_PERSON,
VTR-00003135,,BEGUENSTIGT_GESETZLICHE_ERBEN,100.0
VTR-00003136,PTR-00000804,VERSICHERUNGSNEHMER,
VTR-00003136,PTR-00000804,VERSICHERTE_PERSON,
VTR-00003136,PTR-00000805,BEGUENSTIGT,50.0
VTR-00003136,PTR-00000806,BEGUENSTIGT,16.67
VTR-00003136,PTR-00000807,BEGUENSTIGT,16.67
VTR-00003136,PTR-00000808,BEGUENSTIGT,16.67
VTR-00003137,PTR-00000194,VERSICHERUNGSNEHMER,
VTR-00003137,PTR-00000194,VERSICHERTE_PERSON,
VTR-00003137,,BEGUENSTIGT_GESETZLICHE_ERBEN,100.0
VTR-00003138,PTR-00000211,VERSICHERUNGSNEHMER,
VTR-00003138,PTR-00000211,VERSICHERTE_PERSON,
VTR-00003138,,BEGUENSTIGT_GESETZLICHE_ERBEN,100.0
VTR-00003139,PTR-00000515,VERSICHERUNGSNEHMER,
VTR-00003139,PTR-00000515,VERSICHERTE_PERSON,
VTR-00003139,,BEGUENSTIGT_GESETZLICHE_ERBEN,100.0
VTR-00003140,PTR-00000281,VERSICHERUNGSNEHMER,
VTR-00003140,PTR-00000281,VERSICHERTE_PERSON,
VTR-00003140,,BEGUENSTIGT_GESETZLICHE_ERBEN,100.0
VTR-00003142,PTR-00000786,VERSICHERUNGSNEHMER,
VTR-00003142,PTR-00000786,VERSICHERTE_PERSON,
VTR-00003142,,BEGUENSTIGT_GESETZLICHE_ERBEN,100.0
VTR-00003143,PTR-00000733,VERSICHERUNGSNEHMER,
VTR-00003143,PTR-00000733,VERSICHERTE_PERSON,
VTR-00003143,,BEGUENSTIGT_GESETZLICHE_ERBEN,100.0
VTR-00003144,PTR-00000669,VERSICHERUNGSNEHMER,
VTR-00003144,PTR-00000669,VERSICHERTE_PERSON,
VTR-00003144,,BEGUENSTIGT_GESETZLICHE_ERBEN,100.0
VTR-00003145,PTR-00000327,VERSICHERUNGSNEHMER,
VTR-00003145,PTR-00000327,VERSICHERTE_PERSON,
VTR-00003145,,BEGUENSTIGT_GESETZLICHE_ERBEN,100.0
VTR-00003146,PTR-00000598,VERSICHERUNGSNEHMER,
VTR-00003146,PTR-00000598,VERSICHERTE_PERSON,
VTR-00003146,,BEGUENSTIGT_GESETZLICHE_ERBEN,100.0
VTR-00003147,PTR-00000145,VERSICHERUNGSNEHMER,
VTR-00003147,PTR-00000145,VERSICHERTE_PERSON,
VTR-00003147,,BEGUENSTIGT_GESETZLICHE_ERBEN,100.0
VTR-00003148,PTR-00000662,VERSICHERUNGSNEHMER,
VTR-00003148,PTR-00000662,VERSICHERTE_PERSON,
VTR-00003148,,BEGUENSTIGT_GESETZLICHE_ERBEN,100.0
VTR-00003150,PTR-00000133,VERSICHERUNGSNEHMER,
VTR-00003150,PTR-00000133,VERSICHERTE_PERSON,
VTR-00003150,,BEGUENSTIGT_GESETZLICHE_ERBEN,100.0
VTR-00003151,PTR-00000471,VERSICHERUNGSNEHMER,
VTR-00003151,PTR-00000471,VERSICHERTE_PERSON,
VTR-00003151,,BEGUENSTIGT_GESETZLICHE_ERBEN,100.0
VTR-00003152,PTR-00000504,VERSICHERUNGSNEHMER,
VTR-00003152,PTR-00000504,VERSICHERTE_PERSON,
VTR-00003152,,BEGUENSTIGT_GESETZLICHE_ERBEN,100.0
VTR-00003153,PTR-00000631,VERSICHERUNGSNEHMER,
VTR-00003153,PTR-00000631,VERSICHERTE_PERSON,
VTR-00003153,,BEGUENSTIGT_GESETZLICHE_ERBEN,100.0
VTR-00003154,PTR-00000662,VERSICHERUNGSNEHMER,
VTR-00003154,PTR-00000662,VERSICHERTE_PERSON,
VTR-00003154,,BEGUENSTIGT_GESETZLICHE_ERBEN,100.0
VTR-00003155,PTR-00000088,VERSICHERUNGSNEHMER,
VTR-00003155,PTR-00000088,VERSICHERTE_PERSON,
VTR-00003155,PTR-00000089,BEGUENSTIGT,50.0
VTR-00003155,PTR-00000090,BEGUENSTIGT,50.0
VTR-00003156,PTR-00000340,VERSICHERUNGSNEHMER,
VTR-00003156,PTR-00000340,VERSICHERTE_PERSON,
VTR-00003156,PTR-00000341,BEGUENSTIGT,100.0
VTR-00003157,PTR-00000054,VERSICHERUNGSNEHMER,
VTR-00003157,PTR-00000054,VERSICHERTE_PERSON,
VTR-00003157,PTR-00000055,BEGUENSTIGT,50.0
VTR-00003157,PTR-00000056,BEGUENSTIGT,25.0
VTR-00003157,PTR-00000057,BEGUENSTIGT,25.0
VTR-00003158,PTR-00000595,VERSICHERUNGSNEHMER,
VTR-00003158,PTR-00000595,VERSICHERTE_PERSON,
VTR-00003158,PTR-00000596,BEGUENSTIGT,50.0
VTR-00003158,PTR-00000597,BEGUENSTIGT,25.0
VTR-00003158,PTR-00000598,BEGUENSTIGT,25.0
VTR-00003159,PTR-00000954,VERSICHERUNGSNEHMER,
VTR-00003159,PTR-00000954,VERSICHERTE_PERSON,
VTR-00003159,PTR-00000955,BEGUENSTIGT,50.0
VTR-00003159,PTR-00000956,BEGUENSTIGT,16.67
VTR-00003159,PTR-00000957,BEGUENSTIGT,16.67
VTR-00003159,PTR-00000958,BEGUENSTIGT,16.67
VTR-00003160,PTR-00000630,VERSICHERUNGSNEHMER,
VTR-00003160,PTR-00000630,VERSICHERTE_PERSON,
VTR-00003160,PTR-00000631,BEGUENSTIGT,100.0
VTR-00003161,PTR-00000449,VERSICHERUNGSNEHMER,
VTR-00003161,PTR-00000449,VERSICHERTE_PERSON,
VTR-00003161,,BEGUENSTIGT_GESETZLICHE_ERBEN,100.0
VTR-00003162,PTR-00000800,VERSICHERUNGSNEHMER,
VTR-00003162,PTR-00000800,VERSICHERTE_PERSON,
VTR-00003162,,BEGUENSTIGT_GESETZLICHE_ERBEN,100.0
VTR-00003163,PTR-00000842,VERSICHERUNGSNEHMER,
VTR-00003163,PTR-00000842,VERSICHERTE_PERSON,
VTR-00003163,,BEGUENSTIGT_GESETZLICHE_ERBEN,100.0
VTR-00003164,PTR-00000054,VERSICHERUNGSNEHMER,
VTR-00003164,PTR-00000054,VERSICHERTE_PERSON,
VTR-00003164,PTR-00000055,BEGUENSTIGT,50.0
VTR-00003164,PTR-00000056,BEGUENSTIGT,25.0
VTR-00003164,PTR-00000057,BEGUENSTIGT,25.0
VTR-00003166,PTR-00000870,VERSICHERUNGSNEHMER,
VTR-00003166,PTR-00000870,VERSICHERTE_PERSON,
VTR-00003166,,BEGUENSTIGT_GESETZLICHE_ERBEN,100.0
VTR-00003168,PTR-00000567,VERSICHERUNGSNEHMER,
VTR-00003168,PTR-00000567,VERSICHERTE_PERSON,
VTR-00003168,,BEGUENSTIGT_GESETZLICHE_ERBEN,100.0
VTR-00003169,PTR-00000301,VERSICHERUNGSNEHMER,
VTR-00003169,PTR-00000301,VERSICHERTE_PERSON,
VTR-00003169,PTR-00000302,BEGUENSTIGT,100.0
VTR-00003170,PTR-00000724,VERSICHERUNGSNEHMER,
VTR-00003170,PTR-00000724,VERSICHERTE_PERSON,
VTR-00003170,,BEGUENSTIGT_GESETZLICHE_ERBEN,100.0
VTR-00003171,PTR-00000757,VERSICHERUNGSNEHMER,
VTR-00003171,PTR-00000757,VERSICHERTE_PERSON,
VTR-00003171,,BEGUENSTIGT_GESETZLICHE_ERBEN,100.0
VTR-00003172,PTR-00000609,VERSICHERUNGSNEHMER,
VTR-00003172,PTR-00000609,VERSICHERTE_PERSON,
VTR-00003172,,BEGUENSTIGT_GESETZLICHE_ERBEN,100.0
VTR-00003173,PTR-00000850,VERSICHERUNGSNEHMER,
VTR-00003173,PTR-00000850,VERSICHERTE_PERSON,
VTR-00003173,,BEGUENSTIGT_GESETZLICHE_ERBEN,100.0
VTR-00003174,PTR-00000549,VERSICHERUNGSNEHMER,
VTR-00003174,PTR-00000549,VERSICHERTE_PERSON,
VTR-00003174,PTR-00000550,BEGUENSTIGT,50.0
VTR-00003174,PTR-00000551,BEGUENSTIGT,25.0
VTR-00003174,PTR-00000552,BEGUENSTIGT,25.0
VTR-00003175,PTR-00000079,VERSICHERUNGSNEHMER,
VTR-00003175,PTR-00000079,VERSICHERTE_PERSON,
VTR-00003175,PTR-00000080,BEGUENSTIGT,50.0
VTR-00003175,PTR-00000081,BEGUENSTIGT,50.0
VTR-00003176,PTR-00000365,VERSICHERUNGSNEHMER,
VTR-00003176,PTR-00000365,VERSICHERTE_PERSON,
VTR-00003176,,BEGUENSTIGT_GESETZLICHE_ERBEN,100.0
VTR-00003177,PTR-00000908,VERSICHERUNGSNEHMER,
VTR-00003177,PTR-00000908,VERSICHERTE_PERSON,
VTR-00003177,,BEGUENSTIGT_GESETZLICHE_ERBEN,100.0
VTR-00003178,PTR-00000280,VERSICHERUNGSNEHMER,
VTR-00003178,PTR-00000280,VERSICHERTE_PERSON,
VTR-00003178,,BEGUENSTIGT_GESETZLICHE_ERBEN,100.0
VTR-00003179,PTR-00000134,VERSICHERUNGSNEHMER,
VTR-00003179,PTR-00000134,VERSICHERTE_PERSON,
VTR-00003179,,BEGUENSTIGT_GESETZLICHE_ERBEN,100.0
VTR-00003180,PTR-00000528,VERSICHERUNGSNEHMER,
VTR-00003180,PTR-00000528,VERSICHERTE_PERSON,
VTR-00003180,,BEGUENSTIGT_GESETZLICHE_ERBEN,100.0
VTR-00003181,PTR-00000201,VERSICHERUNGSNEHMER,
VTR-00003181,PTR-00000201,VERSICHERTE_PERSON,
VTR-00003181,PTR-00000202,BEGUENSTIGT,50.0
VTR-00003181,PTR-00000203,BEGUENSTIGT,50.0
VTR-00003182,PTR-00000088,VERSICHERUNGSNEHMER,
VTR-00003182,PTR-00000088,VERSICHERTE_PERSON,
VTR-00003182,PTR-00000089,BEGUENSTIGT,50.0
VTR-00003182,PTR-00000090,BEGUENSTIGT,50.0
VTR-00003183,PTR-00000291,VERSICHERUNGSNEHMER,
VTR-00003183,PTR-00000291,VERSICHERTE_PERSON,
VTR-00003183,,BEGUENSTIGT_GESETZLICHE_ERBEN,100.0
VTR-00003184,PTR-00000105,VERSICHERUNGSNEHMER,
VTR-00003184,PTR-00000105,VERSICHERTE_PERSON,
VTR-00003184,,BEGUENSTIGT_GESETZLICHE_ERBEN,100.0
VTR-00003185,PTR-00000973,VERSICHERUNGSNEHMER,
VTR-00003185,PTR-00000973,VERSICHERTE_PERSON,
VTR-00003185,PTR-00000974,BEGUENSTIGT,100.0
VTR-00003186,PTR-00000481,VERSICHERUNGSNEHMER,
VTR-00003186,PTR-00000481,VERSICHERTE_PERSON,
VTR-00003186,,BEGUENSTIGT_GESETZLICHE_ERBEN,100.0
VTR-00003187,PTR-00000171,VERSICHERUNGSNEHMER,
VTR-00003187,PTR-00000171,VERSICHERTE_PERSON,
VTR-00003187,,BEGUENSTIGT_GESETZLICHE_ERBEN,100.0
VTR-00003188,PTR-00000667,VERSICHERUNGSNEHMER,
VTR-00003188,PTR-00000667,VERSICHERTE_PERSON,
VTR-00003188,,BEGUENSTIGT_GESETZLICHE_ERBEN,100.0
VTR-00003189,PTR-00000666,VERSICHERUNGSNEHMER,
VTR-00003189,PTR-00000666,VERSICHERTE_PERSON,
VTR-00003189,,BEGUENSTIGT_GESETZLICHE_ERBEN,100.0
VTR-00003190,PTR-00000797,VERSICHERUNGSNEHMER,
VTR-00003190,PTR-00000797,VERSICHERTE_PERSON,
VTR-00003190,,BEGUENSTIGT_GESETZLICHE_ERBEN,100.0
VTR-00003191,PTR-00000883,VERSICHERUNGSNEHMER,
VTR-00003191,PTR-00000883,VERSICHERTE_PERSON,
VTR-00003191,,BEGUENSTIGT_GESETZLICHE_ERBEN,100.0
VTR-00003192,PTR-00000823,VERSICHERUNGSNEHMER,
VTR-00003192,PTR-00000823,VERSICHERTE_PERSON,
VTR-00003192,,BEGUENSTIGT_GESETZLICHE_ERBEN,100.0
VTR-00003193,PTR-00000450,VERSICHERUNGSNEHMER,
VTR-00003193,PTR-00000450,VERSICHERTE_PERSON,
VTR-00003193,PTR-00000451,BEGUENSTIGT,50.0
VTR-00003193,PTR-00000452,BEGUENSTIGT,50.0
VTR-00003194,PTR-00000224,VERSICHERUNGSNEHMER,
VTR-00003194,PTR-00000224,VERSICHERTE_PERSON,
VTR-00003194,PTR-00000225,BEGUENSTIGT,100.0
VTR-00003195,PTR-00000036,VERSICHERUNGSNEHMER,
VTR-00003195,PTR-00000036,VERSICHERTE_PERSON,
VTR-00003195,,BEGUENSTIGT_GESETZLICHE_ERBEN,100.0
VTR-00003196,PTR-00000620,VERSICHERUNGSNEHMER,
VTR-00003196,PTR-00000620,VERSICHERTE_PERSON,
VTR-00003196,,BEGUENSTIGT_GESETZLICHE_ERBEN,100.0
VTR-00003197,PTR-00000603,VERSICHERUNGSNEHMER,
VTR-00003197,PTR-00000603,VERSICHERTE_PERSON,
VTR-00003197,,BEGUENSTIGT_GESETZLICHE_ERBEN,100.0
VTR-00003199,PTR-00000781,VERSICHERUNGSNEHMER,
VTR-00003199,PTR-00000781,VERSICHERTE_PERSON,
VTR-00003199,PTR-00000782,BEGUENSTIGT,50.0
VTR-00003199,PTR-00000783,BEGUENSTIGT,50.0
VTR-00003200,PTR-00000782,VERSICHERUNGSNEHMER,
VTR-00003200,PTR-00000782,VERSICHERTE_PERSON,
VTR-00003200,,BEGUENSTIGT_GESETZLICHE_ERBEN,100.0
VTR-00003201,PTR-00000810,VERSICHERUNGSNEHMER,
VTR-00003201,PTR-00000810,VERSICHERTE_PERSON,
VTR-00003201,,BEGUENSTIGT_GESETZLICHE_ERBEN,100.0
VTR-00003202,PTR-00000214,VERSICHERUNGSNEHMER,
VTR-00003202,PTR-00000214,VERSICHERTE_PERSON,
VTR-00003202,,BEGUENSTIGT_GESETZLICHE_ERBEN,100.0
VTR-00003204,PTR-00000158,VERSICHERUNGSNEHMER,
VTR-00003204,PTR-00000158,VERSICHERTE_PERSON,
VTR-00003204,PTR-00000159,BEGUENSTIGT,50.0
VTR-00003204,PTR-00000160,BEGUENSTIGT,16.67
VTR-00003204,PTR-00000161,BEGUENSTIGT,16.67
VTR-00003204,PTR-00000162,BEGUENSTIGT,16.67
VTR-00003205,PTR-00000852,VERSICHERUNGSNEHMER,
VTR-00003205,PTR-00000852,VERSICHERTE_PERSON,
VTR-00003205,,BEGUENSTIGT_GESETZLICHE_ERBEN,100.0
VTR-00003206,PTR-00000175,VERSICHERUNGSNEHMER,
VTR-00003206,PTR-00000175,VERSICHERTE_PERSON,
VTR-00003206,,BEGUENSTIGT_GESETZLICHE_ERBEN,100.0
VTR-00003207,PTR-00000489,VERSICHERUNGSNEHMER,
VTR-00003207,PTR-00000489,VERSICHERTE_PERSON,
VTR-00003207,,BEGUENSTIGT_GESETZLICHE_ERBEN,100.0
VTR-00003208,PTR-00000689,VERSICHERUNGSNEHMER,
VTR-00003208,PTR-00000689,VERSICHERTE_PERSON,
VTR-00003208,,BEGUENSTIGT_GESETZLICHE_ERBEN,100.0
VTR-00003209,PTR-00000382,VERSICHERUNGSNEHMER,
VTR-00003209,PTR-00000382,VERSICHERTE_PERSON,
VTR-00003209,,BEGUENSTIGT_GESETZLICHE_ERBEN,100.0
VTR-00003210,PTR-00000340,VERSICHERUNGSNEHMER,
VTR-00003210,PTR-00000340,VERSICHERTE_PERSON,
VTR-00003210,PTR-00000341,BEGUENSTIGT,100.0
VTR-00003211,PTR-00000381,VERSICHERUNGSNEHMER,
VTR-00003211,PTR-00000381,VERSICHERTE_PERSON,
VTR-00003211,,BEGUENSTIGT_GESETZLICHE_ERBEN,100.0
VTR-00003212,PTR-00000381,VERSICHERUNGSNEHMER,
VTR-00003212,PTR-00000381,VERSICHERTE_PERSON,
VTR-00003212,,BEGUENSTIGT_GESETZLICHE_ERBEN,100.0
VTR-00003213,PTR-00000399,VERSICHERUNGSNEHMER,
VTR-00003213,PTR-00000399,VERSICHERTE_PERSON,
VTR-00003213,,BEGUENSTIGT_GESETZLICHE_ERBEN,100.0
VTR-00003214,PTR-00000060,VERSICHERUNGSNEHMER,
VTR-00003214,PTR-00000060,VERSICHERTE_PERSON,
VTR-00003214,,BEGUENSTIGT_GESETZLICHE_ERBEN,100.0
VTR-00003215,PTR-00000341,VERSICHERUNGSNEHMER,
VTR-00003215,PTR-00000341,VERSICHERTE_PERSON,
VTR-00003215,,BEGUENSTIGT_GESETZLICHE_ERBEN,100.0
VTR-00003216,PTR-00000358,VERSICHERUNGSNEHMER,
VTR-00003216,PTR-00000358,VERSICHERTE_PERSON,
VTR-00003216,,BEGUENSTIGT_GESETZLICHE_ERBEN,100.0
VTR-00003217,PTR-00000584,VERSICHERUNGSNEHMER,
VTR-00003217,PTR-00000584,VERSICHERTE_PERSON,
VTR-00003217,,BEGUENSTIGT_GESETZLICHE_ERBEN,100.0
VTR-00003218,PTR-00000218,VERSICHERUNGSNEHMER,
VTR-00003218,PTR-00000218,VERSICHERTE_PERSON,
VTR-00003218,,BEGUENSTIGT_GESETZLICHE_ERBEN,100.0
VTR-00003219,PTR-00000912,VERSICHERUNGSNEHMER,
VTR-00003219,PTR-00000912,VERSICHERTE_PERSON,
VTR-00003219,,BEGUENSTIGT_GESETZLICHE_ERBEN,100.0
VTR-00003220,PTR-00000535,VERSICHERUNGSNEHMER,
VTR-00003220,PTR-00000535,VERSICHERTE_PERSON,
VTR-00003220,PTR-00000536,BEGUENSTIGT,100.0
VTR-00003221,PTR-00000500,VERSICHERUNGSNEHMER,
VTR-00003221,PTR-00000500,VERSICHERTE_PERSON,
VTR-00003221,PTR-00000501,BEGUENSTIGT,100.0
VTR-00003222,PTR-00000092,VERSICHERUNGSNEHMER,
VTR-00003222,PTR-00000092,VERSICHERTE_PERSON,
VTR-00003222,,BEGUENSTIGT_GESETZLICHE_ERBEN,100.0
VTR-00003223,PTR-00000806,VERSICHERUNGSNEHMER,
VTR-00003223,PTR-00000806,VERSICHERTE_PERSON,
VTR-00003223,,BEGUENSTIGT_GESETZLICHE_ERBEN,100.0
VTR-00003224,PTR-00000550,VERSICHERUNGSNEHMER,
VTR-00003224,PTR-00000550,VERSICHERTE_PERSON,
VTR-00003224,,BEGUENSTIGT_GESETZLICHE_ERBEN,100.0
VTR-00003225,PTR-00000596,VERSICHERUNGSNEHMER,
VTR-00003225,PTR-00000596,VERSICHERTE_PERSON,
VTR-00003225,,BEGUENSTIGT_GESETZLICHE_ERBEN,100.0
VTR-00003226,PTR-00000127,VERSICHERUNGSNEHMER,
VTR-00003226,PTR-00000127,VERSICHERTE_PERSON,
VTR-00003226,,BEGUENSTIGT_GESETZLICHE_ERBEN,100.0
VTR-00003227,PTR-00000746,VERSICHERUNGSNEHMER,
VTR-00003227,PTR-00000746,VERSICHERTE_PERSON,
VTR-00003227,PTR-00000747,BEGUENSTIGT,100.0
VTR-00003228,PTR-00000383,VERSICHERUNGSNEHMER,
VTR-00003228,PTR-00000383,VERSICHERTE_PERSON,
VTR-00003228,,BEGUENSTIGT_GESETZLICHE_ERBEN,100.0
VTR-00003230,PTR-00000609,VERSICHERUNGSNEHMER,
VTR-00003230,PTR-00000609,VERSICHERTE_PERSON,
VTR-00003230,,BEGUENSTIGT_GESETZLICHE_ERBEN,100.0
VTR-00003231,PTR-00000182,VERSICHERUNGSNEHMER,
VTR-00003231,PTR-00000182,VERSICHERTE_PERSON,
VTR-00003231,,BEGUENSTIGT_GESETZLICHE_ERBEN,100.0
VTR-00003232,PTR-00000619,VERSICHERUNGSNEHMER,
VTR-00003232,PTR-00000619,VERSICHERTE_PERSON,
VTR-00003232,PTR-00000620,BEGUENSTIGT,50.0
VTR-00003232,PTR-00000621,BEGUENSTIGT,16.67
VTR-00003232,PTR-00000622,BEGUENSTIGT,16.67
VTR-00003232,PTR-00000623,BEGUENSTIGT,16.67
VTR-00003233,PTR-00000162,VERSICHERUNGSNEHMER,
VTR-00003233,PTR-00000162,VERSICHERTE_PERSON,
VTR-00003233,,BEGUENSTIGT_GESETZLICHE_ERBEN,100.0
VTR-00003234,PTR-00000716,VERSICHERUNGSNEHMER,
VTR-00003234,PTR-00000716,VERSICHERTE_PERSON,
VTR-00003234,,BEGUENSTIGT_GESETZLICHE_ERBEN,100.0
VTR-00003235,PTR-00000569,VERSICHERUNGSNEHMER,
VTR-00003235,PTR-00000569,VERSICHERTE_PERSON,
VTR-00003235,,BEGUENSTIGT_GESETZLICHE_ERBEN,100.0
VTR-00003236,PTR-00000960,VERSICHERUNGSNEHMER,
VTR-00003236,PTR-00000960,VERSICHERTE_PERSON,
VTR-00003236,,BEGUENSTIGT_GESETZLICHE_ERBEN,100.0
VTR-00003237,PTR-00000993,VERSICHERUNGSNEHMER,
VTR-00003237,PTR-00000993,VERSICHERTE_PERSON,
VTR-00003237,,BEGUENSTIGT_GESETZLICHE_ERBEN,100.0
VTR-00003238,PTR-00000483,VERSICHERUNGSNEHMER,
VTR-00003238,PTR-00000483,VERSICHERTE_PERSON,
VTR-00003238,,BEGUENSTIGT_GESETZLICHE_ERBEN,100.0
VTR-00003239,PTR-00000051,VERSICHERUNGSNEHMER,
VTR-00003239,PTR-00000051,VERSICHERTE_PERSON,
VTR-00003239,,BEGUENSTIGT_GESETZLICHE_ERBEN,100.0
VTR-00003240,PTR-00000665,VERSICHERUNGSNEHMER,
VTR-00003240,PTR-00000665,VERSICHERTE_PERSON,
VTR-00003240,PTR-00000666,BEGUENSTIGT,50.0
VTR-00003240,PTR-00000667,BEGUENSTIGT,16.67
VTR-00003240,PTR-00000668,BEGUENSTIGT,16.67
VTR-00003240,PTR-00000669,BEGUENSTIGT,16.67
VTR-00003241,PTR-00000442,VERSICHERUNGSNEHMER,
VTR-00003241,PTR-00000442,VERSICHERTE_PERSON,
VTR-00003241,,BEGUENSTIGT_GESETZLICHE_ERBEN,100.0
VTR-00003242,PTR-00000948,VERSICHERUNGSNEHMER,
VTR-00003242,PTR-00000948,VERSICHERTE_PERSON,
VTR-00003242,PTR-00000949,BEGUENSTIGT,100.0
VTR-00003243,PTR-00000578,VERSICHERUNGSNEHMER,
VTR-00003243,PTR-00000578,VERSICHERTE_PERSON,
VTR-00003243,,BEGUENSTIGT_GESETZLICHE_ERBEN,100.0
VTR-00003244,PTR-00000106,VERSICHERUNGSNEHMER,
VTR-00003244,PTR-00000106,VERSICHERTE_PERSON,
VTR-00003244,PTR-00000107,BEGUENSTIGT,50.0
VTR-00003244,PTR-00000108,BEGUENSTIGT,50.0
VTR-00003245,PTR-00000083,VERSICHERUNGSNEHMER,
VTR-00003245,PTR-00000083,VERSICHERTE_PERSON,
VTR-00003245,,BEGUENSTIGT_GESETZLICHE_ERBEN,100.0
VTR-00003246,PTR-00000426,VERSICHERUNGSNEHMER,
VTR-00003246,PTR-00000426,VERSICHERTE_PERSON,
VTR-00003246,,BEGUENSTIGT_GESETZLICHE_ERBEN,100.0
VTR-00003247,PTR-00000859,VERSICHERUNGSNEHMER,
VTR-00003247,PTR-00000859,VERSICHERTE_PERSON,
VTR-00003247,PTR-00000860,BEGUENSTIGT,100.0
VTR-00003248,PTR-00000370,VERSICHERUNGSNEHMER,
VTR-00003248,PTR-00000370,VERSICHERTE_PERSON,
VTR-00003248,PTR-00000371,BEGUENSTIGT,100.0
VTR-00003249,PTR-00000148,VERSICHERUNGSNEHMER,
VTR-00003249,PTR-00000148,VERSICHERTE_PERSON,
VTR-00003249,PTR-00000149,BEGUENSTIGT,100.0
VTR-00003250,PTR-00000970,VERSICHERUNGSNEHMER,
VTR-00003250,PTR-00000970,VERSICHERTE_PERSON,
VTR-00003250,PTR-00000971,BEGUENSTIGT,100.0
VTR-00003251,PTR-00000815,VERSICHERUNGSNEHMER,
VTR-00003251,PTR-00000815,VERSICHERTE_PERSON,
VTR-00003251,,BEGUENSTIGT_GESETZLICHE_ERBEN,100.0
VTR-00003252,PTR-00000957,VERSICHERUNGSNEHMER,
VTR-00003252,PTR-00000957,VERSICHERTE_PERSON,
VTR-00003252,,BEGUENSTIGT_GESETZLICHE_ERBEN,100.0
VTR-00003254,PTR-00000382,VERSICHERUNGSNEHMER,
VTR-00003254,PTR-00000382,VERSICHERTE_PERSON,
VTR-00003254,,BEGUENSTIGT_GESETZLICHE_ERBEN,100.0
VTR-00003255,PTR-00000928,VERSICHERUNGSNEHMER,
VTR-00003255,PTR-00000928,VERSICHERTE_PERSON,
VTR-00003255,,BEGUENSTIGT_GESETZLICHE_ERBEN,100.0
VTR-00003256,PTR-00000447,VERSICHERUNGSNEHMER,
VTR-00003256,PTR-00000447,VERSICHERTE_PERSON,
VTR-00003256,PTR-00000448,BEGUENSTIGT,50.0
VTR-00003256,PTR-00000449,BEGUENSTIGT,50.0
VTR-00003257,PTR-00000784,VERSICHERUNGSNEHMER,
VTR-00003257,PTR-00000784,VERSICHERTE_PERSON,
VTR-00003257,,BEGUENSTIGT_GESETZLICHE_ERBEN,100.0
VTR-00003258,PTR-00000616,VERSICHERUNGSNEHMER,
VTR-00003258,PTR-00000616,VERSICHERTE_PERSON,
VTR-00003258,,BEGUENSTIGT_GESETZLICHE_ERBEN,100.0
VTR-00003259,PTR-00000973,VERSICHERUNGSNEHMER,
VTR-00003259,PTR-00000973,VERSICHERTE_PERSON,
VTR-00003259,PTR-00000974,BEGUENSTIGT,100.0
VTR-00003260,PTR-00000642,VERSICHERUNGSNEHMER,
VTR-00003260,PTR-00000642,VERSICHERTE_PERSON,
VTR-00003260,,BEGUENSTIGT_GESETZLICHE_ERBEN,100.0
VTR-00003261,PTR-00000772,VERSICHERUNGSNEHMER,
VTR-00003261,PTR-00000772,VERSICHERTE_PERSON,
VTR-00003261,,BEGUENSTIGT_GESETZLICHE_ERBEN,100.0
VTR-00003262,PTR-00000327,VERSICHERUNGSNEHMER,
VTR-00003262,PTR-00000327,VERSICHERTE_PERSON,
VTR-00003262,,BEGUENSTIGT_GESETZLICHE_ERBEN,100.0
VTR-00003263,PTR-00000340,VERSICHERUNGSNEHMER,
VTR-00003263,PTR-00000340,VERSICHERTE_PERSON,
VTR-00003263,PTR-00000341,BEGUENSTIGT,100.0
VTR-00003264,PTR-00000457,VERSICHERUNGSNEHMER,
VTR-00003264,PTR-00000457,VERSICHERTE_PERSON,
VTR-00003264,PTR-00000458,BEGUENSTIGT,50.0
VTR-00003264,PTR-00000459,BEGUENSTIGT,50.0
VTR-00003265,PTR-00000621,VERSICHERUNGSNEHMER,
VTR-00003265,PTR-00000621,VERSICHERTE_PERSON,
VTR-00003265,,BEGUENSTIGT_GESETZLICHE_ERBEN,100.0
VTR-00003266,PTR-00000429,VERSICHERUNGSNEHMER,
VTR-00003266,PTR-00000429,VERSICHERTE_PERSON,
VTR-00003266,,BEGUENSTIGT_GESETZLICHE_ERBEN,100.0
VTR-00003269,PTR-00000852,VERSICHERUNGSNEHMER,
VTR-00003269,PTR-00000852,VERSICHERTE_PERSON,
VTR-00003269,,BEGUENSTIGT_GESETZLICHE_ERBEN,100.0
VTR-00003270,PTR-00000210,VERSICHERUNGSNEHMER,
VTR-00003270,PTR-00000210,VERSICHERTE_PERSON,
VTR-00003270,PTR-00000211,BEGUENSTIGT,100.0
VTR-00003271,PTR-00000226,VERSICHERUNGSNEHMER,
VTR-00003271,PTR-00000226,VERSICHERTE_PERSON,
VTR-00003271,,BEGUENSTIGT_GESETZLICHE_ERBEN,100.0
VTR-00003272,PTR-00000266,VERSICHERUNGSNEHMER,
VTR-00003272,PTR-00000266,VERSICHERTE_PERSON,
VTR-00003272,,BEGUENSTIGT_GESETZLICHE_ERBEN,100.0
VTR-00003273,PTR-00000127,VERSICHERUNGSNEHMER,
VTR-00003273,PTR-00000127,VERSICHERTE_PERSON,
VTR-00003273,,BEGUENSTIGT_GESETZLICHE_ERBEN,100.0
VTR-00003274,PTR-00000209,VERSICHERUNGSNEHMER,
VTR-00003274,PTR-00000209,VERSICHERTE_PERSON,
VTR-00003274,,BEGUENSTIGT_GESETZLICHE_ERBEN,100.0
VTR-00003275,PTR-00000037,VERSICHERUNGSNEHMER,
VTR-00003275,PTR-00000037,VERSICHERTE_PERSON,
VTR-00003275,,BEGUENSTIGT_GESETZLICHE_ERBEN,100.0
VTR-00003276,PTR-00000398,VERSICHERUNGSNEHMER,
VTR-00003276,PTR-00000398,VERSICHERTE_PERSON,
VTR-00003276,,BEGUENSTIGT_GESETZLICHE_ERBEN,100.0
VTR-00003277,PTR-00000951,VERSICHERUNGSNEHMER,
VTR-00003277,PTR-00000951,VERSICHERTE_PERSON,
VTR-00003277,,BEGUENSTIGT_GESETZLICHE_ERBEN,100.0
VTR-00003278,PTR-00000782,VERSICHERUNGSNEHMER,
VTR-00003278,PTR-00000782,VERSICHERTE_PERSON,
VTR-00003278,,BEGUENSTIGT_GESETZLICHE_ERBEN,100.0
VTR-00003279,PTR-00000321,VERSICHERUNGSNEHMER,
VTR-00003279,PTR-00000321,VERSICHERTE_PERSON,
VTR-00003279,PTR-00000322,BEGUENSTIGT,100.0
VTR-00003280,PTR-00000828,VERSICHERUNGSNEHMER,
VTR-00003280,PTR-00000828,VERSICHERTE_PERSON,
VTR-00003280,,BEGUENSTIGT_GESETZLICHE_ERBEN,100.0
VTR-00003281,PTR-00000365,VERSICHERUNGSNEHMER,
VTR-00003281,PTR-00000365,VERSICHERTE_PERSON,
VTR-00003281,,BEGUENSTIGT_GESETZLICHE_ERBEN,100.0
VTR-00003282,PTR-00000037,VERSICHERUNGSNEHMER,
VTR-00003282,PTR-00000037,VERSICHERTE_PERSON,
VTR-00003282,,BEGUENSTIGT_GESETZLICHE_ERBEN,100.0
VTR-00003284,PTR-00000160,VERSICHERUNGSNEHMER,
VTR-00003284,PTR-00000160,VERSICHERTE_PERSON,
VTR-00003284,,BEGUENSTIGT_GESETZLICHE_ERBEN,100.0
VTR-00003285,PTR-00000439,VERSICHERUNGSNEHMER,
VTR-00003285,PTR-00000439,VERSICHERTE_PERSON,
VTR-00003285,,BEGUENSTIGT_GESETZLICHE_ERBEN,100.0
VTR-00003286,PTR-00000184,VERSICHERUNGSNEHMER,
VTR-00003286,PTR-00000184,VERSICHERTE_PERSON,
VTR-00003286,,BEGUENSTIGT_GESETZLICHE_ERBEN,100.0
VTR-00003287,PTR-00000299,VERSICHERUNGSNEHMER,
VTR-00003287,PTR-00000299,VERSICHERTE_PERSON,
VTR-00003287,PTR-00000300,BEGUENSTIGT,100.0
VTR-00003288,PTR-00000377,VERSICHERUNGSNEHMER,
VTR-00003288,PTR-00000377,VERSICHERTE_PERSON,
VTR-00003288,,BEGUENSTIGT_GESETZLICHE_ERBEN,100.0
VTR-00003289,PTR-00000433,VERSICHERUNGSNEHMER,
VTR-00003289,PTR-00000433,VERSICHERTE_PERSON,
VTR-00003289,PTR-00000434,BEGUENSTIGT,100.0
VTR-00003290,PTR-00000075,VERSICHERUNGSNEHMER,
VTR-00003290,PTR-00000075,VERSICHERTE_PERSON,
VTR-00003290,,BEGUENSTIGT_GESETZLICHE_ERBEN,100.0
VTR-00003291,PTR-00000174,VERSICHERUNGSNEHMER,
VTR-00003291,PTR-00000174,VERSICHERTE_PERSON,
VTR-00003291,,BEGUENSTIGT_GESETZLICHE_ERBEN,100.0
VTR-00003292,PTR-00000836,VERSICHERUNGSNEHMER,
VTR-00003292,PTR-00000836,VERSICHERTE_PERSON,
VTR-00003292,,BEGUENSTIGT_GESETZLICHE_ERBEN,100.0
VTR-00003294,PTR-00000644,VERSICHERUNGSNEHMER,
VTR-00003294,PTR-00000644,VERSICHERTE_PERSON,
VTR-00003294,,BEGUENSTIGT_GESETZLICHE_ERBEN,100.0
VTR-00003295,PTR-00000293,VERSICHERUNGSNEHMER,
VTR-00003295,PTR-00000293,VERSICHERTE_PERSON,
VTR-00003295,,BEGUENSTIGT_GESETZLICHE_ERBEN,100.0
VTR-00003296,PTR-00000116,VERSICHERUNGSNEHMER,
VTR-00003296,PTR-00000116,VERSICHERTE_PERSON,
VTR-00003296,,BEGUENSTIGT_GESETZLICHE_ERBEN,100.0
VTR-00003299,PTR-00000987,VERSICHERUNGSNEHMER,
VTR-00003299,PTR-00000987,VERSICHERTE_PERSON,
VTR-00003299,PTR-00000988,BEGUENSTIGT,100.0
VTR-00003300,PTR-00000644,VERSICHERUNGSNEHMER,
VTR-00003300,PTR-00000644,VERSICHERTE_PERSON,
VTR-00003300,,BEGUENSTIGT_GESETZLICHE_ERBEN,100.0
VTR-00003301,PTR-00000302,VERSICHERUNGSNEHMER,
VTR-00003301,PTR-00000302,VERSICHERTE_PERSON,
VTR-00003301,,BEGUENSTIGT_GESETZLICHE_ERBEN,100.0
VTR-00003302,PTR-00000904,VERSICHERUNGSNEHMER,
VTR-00003302,PTR-00000904,VERSICHERTE_PERSON,
VTR-00003302,,BEGUENSTIGT_GESETZLICHE_ERBEN,100.0
VTR-00003303,PTR-00000344,VERSICHERUNGSNEHMER,
VTR-00003303,PTR-00000344,VERSICHERTE_PERSON,
VTR-00003303,,BEGUENSTIGT_GESETZLICHE_ERBEN,100.0
VTR-00003304,PTR-00000755,VERSICHERUNGSNEHMER,
VTR-00003304,PTR-00000755,VERSICHERTE_PERSON,
VTR-00003304,,BEGUENSTIGT_GESETZLICHE_ERBEN,100.0
VTR-00003305,PTR-00000356,VERSICHERUNGSNEHMER,
VTR-00003305,PTR-00000356,VERSICHERTE_PERSON,
VTR-00003305,,BEGUENSTIGT_GESETZLICHE_ERBEN,100.0
VTR-00003306,PTR-00000933,VERSICHERUNGSNEHMER,
VTR-00003306,PTR-00000933,VERSICHERTE_PERSON,
VTR-00003306,,BEGUENSTIGT_GESETZLICHE_ERBEN,100.0
VTR-00003307,PTR-00000599,VERSICHERUNGSNEHMER,
VTR-00003307,PTR-00000599,VERSICHERTE_PERSON,
VTR-00003307,,BEGUENSTIGT_GESETZLICHE_ERBEN,100.0
VTR-00003308,PTR-00000591,VERSICHERUNGSNEHMER,
VTR-00003308,PTR-00000591,VERSICHERTE_PERSON,
VTR-00003308,PTR-00000592,BEGUENSTIGT,50.0
VTR-00003308,PTR-00000593,BEGUENSTIGT,50.0
VTR-00003309,PTR-00000889,VERSICHERUNGSNEHMER,
VTR-00003309,PTR-00000889,VERSICHERTE_PERSON,
VTR-00003309,,BEGUENSTIGT_GESETZLICHE_ERBEN,100.0
VTR-00003310,PTR-00000214,VERSICHERUNGSNEHMER,
VTR-00003310,PTR-00000214,VERSICHERTE_PERSON,
VTR-00003310,,BEGUENSTIGT_GESETZLICHE_ERBEN,100.0
VTR-00003311,PTR-00000868,VERSICHERUNGSNEHMER,
VTR-00003311,PTR-00000868,VERSICHERTE_PERSON,
VTR-00003311,PTR-00000869,BEGUENSTIGT,50.0
VTR-00003311,PTR-00000870,BEGUENSTIGT,25.0
VTR-00003311,PTR-00000871,BEGUENSTIGT,25.0
VTR-00003312,PTR-00000262,VERSICHERUNGSNEHMER,
VTR-00003312,PTR-00000262,VERSICHERTE_PERSON,
VTR-00003312,PTR-00000263,BEGUENSTIGT,50.0
VTR-00003312,PTR-00000264,BEGUENSTIGT,50.0
VTR-00003313,PTR-00000687,VERSICHERUNGSNEHMER,
VTR-00003313,PTR-00000687,VERSICHERTE_PERSON,
VTR-00003313,,BEGUENSTIGT_GESETZLICHE_ERBEN,100.0
VTR-00003314,PTR-00000784,VERSICHERUNGSNEHMER,
VTR-00003314,PTR-00000784,VERSICHERTE_PERSON,
VTR-00003314,,BEGUENSTIGT_GESETZLICHE_ERBEN,100.0
VTR-00003316,PTR-00000355,VERSICHERUNGSNEHMER,
VTR-00003316,PTR-00000355,VERSICHERTE_PERSON,
VTR-00003316,,BEGUENSTIGT_GESETZLICHE_ERBEN,100.0
VTR-00003317,PTR-00000503,VERSICHERUNGSNEHMER,
VTR-00003317,PTR-00000503,VERSICHERTE_PERSON,
VTR-00003317,,BEGUENSTIGT_GESETZLICHE_ERBEN,100.0
VTR-00003318,PTR-00000686,VERSICHERUNGSNEHMER,
VTR-00003318,PTR-00000686,VERSICHERTE_PERSON,
VTR-00003318,,BEGUENSTIGT_GESETZLICHE_ERBEN,100.0
VTR-00003319,PTR-00000599,VERSICHERUNGSNEHMER,
VTR-00003319,PTR-00000599,VERSICHERTE_PERSON,
VTR-00003319,,BEGUENSTIGT_GESETZLICHE_ERBEN,100.0
VTR-00003320,PTR-00000141,VERSICHERUNGSNEHMER,
VTR-00003320,PTR-00000141,VERSICHERTE_PERSON,
VTR-00003320,,BEGUENSTIGT_GESETZLICHE_ERBEN,100.0
VTR-00003321,PTR-00000551,VERSICHERUNGSNEHMER,
VTR-00003321,PTR-00000551,VERSICHERTE_PERSON,
VTR-00003321,,BEGUENSTIGT_GESETZLICHE_ERBEN,100.0
VTR-00003322,PTR-00000238,VERSICHERUNGSNEHMER,
VTR-00003322,PTR-00000238,VERSICHERTE_PERSON,
VTR-00003322,PTR-00000239,BEGUENSTIGT,50.0
VTR-00003322,PTR-00000240,BEGUENSTIGT,50.0
VTR-00003323,PTR-00000833,VERSICHERUNGSNEHMER,
VTR-00003323,PTR-00000833,VERSICHERTE_PERSON,
VTR-00003323,,BEGUENSTIGT_GESETZLICHE_ERBEN,100.0
VTR-00003324,PTR-00000776,VERSICHERUNGSNEHMER,
VTR-00003324,PTR-00000776,VERSICHERTE_PERSON,
VTR-00003324,,BEGUENSTIGT_GESETZLICHE_ERBEN,100.0
VTR-00003325,PTR-00000538,VERSICHERUNGSNEHMER,
VTR-00003325,PTR-00000538,VERSICHERTE_PERSON,
VTR-00003325,,BEGUENSTIGT_GESETZLICHE_ERBEN,100.0
VTR-00003326,PTR-00000786,VERSICHERUNGSNEHMER,
VTR-00003326,PTR-00000786,VERSICHERTE_PERSON,
VTR-00003326,,BEGUENSTIGT_GESETZLICHE_ERBEN,100.0
VTR-00003327,PTR-00000360,VERSICHERUNGSNEHMER,
VTR-00003327,PTR-00000360,VERSICHERTE_PERSON,
VTR-00003327,PTR-00000361,BEGUENSTIGT,100.0
VTR-00003328,PTR-00000391,VERSICHERUNGSNEHMER,
VTR-00003328,PTR-00000391,VERSICHERTE_PERSON,
VTR-00003328,,BEGUENSTIGT_GESETZLICHE_ERBEN,100.0
VTR-00003329,PTR-00000307,VERSICHERUNGSNEHMER,
VTR-00003329,PTR-00000307,VERSICHERTE_PERSON,
VTR-00003329,,BEGUENSTIGT_GESETZLICHE_ERBEN,100.0
VTR-00003330,PTR-00000789,VERSICHERUNGSNEHMER,
VTR-00003330,PTR-00000789,VERSICHERTE_PERSON,
VTR-00003330,,BEGUENSTIGT_GESETZLICHE_ERBEN,100.0
VTR-00003333,PTR-00000426,VERSICHERUNGSNEHMER,
VTR-00003333,PTR-00000426,VERSICHERTE_PERSON,
VTR-00003333,,BEGUENSTIGT_GESETZLICHE_ERBEN,100.0
VTR-00003334,PTR-00000266,VERSICHERUNGSNEHMER,
VTR-00003334,PTR-00000266,VERSICHERTE_PERSON,
VTR-00003334,,BEGUENSTIGT_GESETZLICHE_ERBEN,100.0
VTR-00003335,PTR-00000976,VERSICHERUNGSNEHMER,
VTR-00003335,PTR-00000976,VERSICHERTE_PERSON,
VTR-00003335,,BEGUENSTIGT_GESETZLICHE_ERBEN,100.0
VTR-00003336,PTR-00000400,VERSICHERUNGSNEHMER,
VTR-00003336,PTR-00000400,VERSICHERTE_PERSON,
VTR-00003336,,BEGUENSTIGT_GESETZLICHE_ERBEN,100.0
VTR-00003337,PTR-00000726,VERSICHERUNGSNEHMER,
VTR-00003337,PTR-00000726,VERSICHERTE_PERSON,
VTR-00003337,,BEGUENSTIGT_GESETZLICHE_ERBEN,100.0
VTR-00003338,PTR-00000240,VERSICHERUNGSNEHMER,
VTR-00003338,PTR-00000240,VERSICHERTE_PERSON,
VTR-00003338,,BEGUENSTIGT_GESETZLICHE_ERBEN,100.0
VTR-00003339,PTR-00000428,VERSICHERUNGSNEHMER,
VTR-00003339,PTR-00000428,VERSICHERTE_PERSON,
VTR-00003339,,BEGUENSTIGT_GESETZLICHE_ERBEN,100.0
VTR-00003340,PTR-00000474,VERSICHERUNGSNEHMER,
VTR-00003340,PTR-00000474,VERSICHERTE_PERSON,
VTR-00003340,,BEGUENSTIGT_GESETZLICHE_ERBEN,100.0
VTR-00003341,PTR-00000906,VERSICHERUNGSNEHMER,
VTR-00003341,PTR-00000906,VERSICHERTE_PERSON,
VTR-00003341,,BEGUENSTIGT_GESETZLICHE_ERBEN,100.0
VTR-00003342,PTR-00000514,VERSICHERUNGSNEHMER,
VTR-00003342,PTR-00000514,VERSICHERTE_PERSON,
VTR-00003342,,BEGUENSTIGT_GESETZLICHE_ERBEN,100.0
VTR-00003343,PTR-00000625,VERSICHERUNGSNEHMER,
VTR-00003343,PTR-00000625,VERSICHERTE_PERSON,
VTR-00003343,,BEGUENSTIGT_GESETZLICHE_ERBEN,100.0
VTR-00003344,PTR-00000077,VERSICHERUNGSNEHMER,
VTR-00003344,PTR-00000077,VERSICHERTE_PERSON,
VTR-00003344,,BEGUENSTIGT_GESETZLICHE_ERBEN,100.0
VTR-00003345,PTR-00000303,VERSICHERUNGSNEHMER,
VTR-00003345,PTR-00000303,VERSICHERTE_PERSON,
VTR-00003345,PTR-00000304,BEGUENSTIGT,100.0
VTR-00003346,PTR-00000908,VERSICHERUNGSNEHMER,
VTR-00003346,PTR-00000908,VERSICHERTE_PERSON,
VTR-00003346,,BEGUENSTIGT_GESETZLICHE_ERBEN,100.0
VTR-00003347,PTR-00000475,VERSICHERUNGSNEHMER,
VTR-00003347,PTR-00000475,VERSICHERTE_PERSON,
VTR-00003347,,BEGUENSTIGT_GESETZLICHE_ERBEN,100.0
VTR-00003348,PTR-00000851,VERSICHERUNGSNEHMER,
VTR-00003348,PTR-00000851,VERSICHERTE_PERSON,
VTR-00003348,PTR-00000852,BEGUENSTIGT,100.0
VTR-00003349,PTR-00000663,VERSICHERUNGSNEHMER,
VTR-00003349,PTR-00000663,VERSICHERTE_PERSON,
VTR-00003349,,BEGUENSTIGT_GESETZLICHE_ERBEN,100.0
VTR-00003350,PTR-00000724,VERSICHERUNGSNEHMER,
VTR-00003350,PTR-00000724,VERSICHERTE_PERSON,
VTR-00003350,,BEGUENSTIGT_GESETZLICHE_ERBEN,100.0
VTR-00003351,PTR-00000139,VERSICHERUNGSNEHMER,
VTR-00003351,PTR-00000139,VERSICHERTE_PERSON,
VTR-00003351,,BEGUENSTIGT_GESETZLICHE_ERBEN,100.0
VTR-00003352,PTR-00000551,VERSICHERUNGSNEHMER,
VTR-00003352,PTR-00000551,VERSICHERTE_PERSON,
VTR-00003352,,BEGUENSTIGT_GESETZLICHE_ERBEN,100.0
VTR-00003353,PTR-00000574,VERSICHERUNGSNEHMER,
VTR-00003353,PTR-00000574,VERSICHERTE_PERSON,
VTR-00003353,,BEGUENSTIGT_GESETZLICHE_ERBEN,100.0
VTR-00003354,PTR-00000215,VERSICHERUNGSNEHMER,
VTR-00003354,PTR-00000215,VERSICHERTE_PERSON,
VTR-00003354,,BEGUENSTIGT_GESETZLICHE_ERBEN,100.0
VTR-00003355,PTR-00000132,VERSICHERUNGSNEHMER,
VTR-00003355,PTR-00000132,VERSICHERTE_PERSON,
VTR-00003355,,BEGUENSTIGT_GESETZLICHE_ERBEN,100.0
VTR-00003356,PTR-00000941,VERSICHERUNGSNEHMER,
VTR-00003356,PTR-00000941,VERSICHERTE_PERSON,
VTR-00003356,,BEGUENSTIGT_GESETZLICHE_ERBEN,100.0
VTR-00003357,PTR-00000990,VERSICHERUNGSNEHMER,
VTR-00003357,PTR-00000990,VERSICHERTE_PERSON,
VTR-00003357,,BEGUENSTIGT_GESETZLICHE_ERBEN,100.0
VTR-00003358,PTR-00000761,VERSICHERUNGSNEHMER,
VTR-00003358,PTR-00000761,VERSICHERTE_PERSON,
VTR-00003358,PTR-00000762,BEGUENSTIGT,100.0
VTR-00003359,PTR-00000523,VERSICHERUNGSNEHMER,
VTR-00003359,PTR-00000523,VERSICHERTE_PERSON,
VTR-00003359,,BEGUENSTIGT_GESETZLICHE_ERBEN,100.0
VTR-00003360,PTR-00000189,VERSICHERUNGSNEHMER,
VTR-00003360,PTR-00000189,VERSICHERTE_PERSON,
VTR-00003360,PTR-00000190,BEGUENSTIGT,50.0
VTR-00003360,PTR-00000191,BEGUENSTIGT,50.0
VTR-00003361,PTR-00000079,VERSICHERUNGSNEHMER,
VTR-00003361,PTR-00000079,VERSICHERTE_PERSON,
VTR-00003361,PTR-00000080,BEGUENSTIGT,50.0
VTR-00003361,PTR-00000081,BEGUENSTIGT,50.0
VTR-00003363,PTR-00000089,VERSICHERUNGSNEHMER,
VTR-00003363,PTR-00000089,VERSICHERTE_PERSON,
VTR-00003363,,BEGUENSTIGT_GESETZLICHE_ERBEN,100.0
VTR-00003364,PTR-00000283,VERSICHERUNGSNEHMER,
VTR-00003364,PTR-00000283,VERSICHERTE_PERSON,
VTR-00003364,,BEGUENSTIGT_GESETZLICHE_ERBEN,100.0
VTR-00003366,PTR-00000775,VERSICHERUNGSNEHMER,
VTR-00003366,PTR-00000775,VERSICHERTE_PERSON,
VTR-00003366,,BEGUENSTIGT_GESETZLICHE_ERBEN,100.0
VTR-00003367,PTR-00000300,VERSICHERUNGSNEHMER,
VTR-00003367,PTR-00000300,VERSICHERTE_PERSON,
VTR-00003367,,BEGUENSTIGT_GESETZLICHE_ERBEN,100.0
VTR-00003368,PTR-00000528,VERSICHERUNGSNEHMER,
VTR-00003368,PTR-00000528,VERSICHERTE_PERSON,
VTR-00003368,,BEGUENSTIGT_GESETZLICHE_ERBEN,100.0
VTR-00003369,PTR-00000891,VERSICHERUNGSNEHMER,
VTR-00003369,PTR-00000891,VERSICHERTE_PERSON,
VTR-00003369,,BEGUENSTIGT_GESETZLICHE_ERBEN,100.0
VTR-00003370,PTR-00000030,VERSICHERUNGSNEHMER,
VTR-00003370,PTR-00000030,VERSICHERTE_PERSON,
VTR-00003370,,BEGUENSTIGT_GESETZLICHE_ERBEN,100.0
VTR-00003371,PTR-00000185,VERSICHERUNGSNEHMER,
VTR-00003371,PTR-00000185,VERSICHERTE_PERSON,
VTR-00003371,PTR-00000186,BEGUENSTIGT,100.0
VTR-00003372,PTR-00000723,VERSICHERUNGSNEHMER,
VTR-00003372,PTR-00000723,VERSICHERTE_PERSON,
VTR-00003372,PTR-00000724,BEGUENSTIGT,50.0
VTR-00003372,PTR-00000725,BEGUENSTIGT,50.0
VTR-00003373,PTR-00000171,VERSICHERUNGSNEHMER,
VTR-00003373,PTR-00000171,VERSICHERTE_PERSON,
VTR-00003373,,BEGUENSTIGT_GESETZLICHE_ERBEN,100.0
VTR-00003374,PTR-00000356,VERSICHERUNGSNEHMER,
VTR-00003374,PTR-00000356,VERSICHERTE_PERSON,
VTR-00003374,,BEGUENSTIGT_GESETZLICHE_ERBEN,100.0
VTR-00003375,PTR-00000581,VERSICHERUNGSNEHMER,
VTR-00003375,PTR-00000581,VERSICHERTE_PERSON,
VTR-00003375,,BEGUENSTIGT_GESETZLICHE_ERBEN,100.0
VTR-00003376,PTR-00000265,VERSICHERUNGSNEHMER,
VTR-00003376,PTR-00000265,VERSICHERTE_PERSON,
VTR-00003376,PTR-00000266,BEGUENSTIGT,100.0
VTR-00003377,PTR-00000473,VERSICHERUNGSNEHMER,
VTR-00003377,PTR-00000473,VERSICHERTE_PERSON,
VTR-00003377,,BEGUENSTIGT_GESETZLICHE_ERBEN,100.0
VTR-00003378,PTR-00000116,VERSICHERUNGSNEHMER,
VTR-00003378,PTR-00000116,VERSICHERTE_PERSON,
VTR-00003378,,BEGUENSTIGT_GESETZLICHE_ERBEN,100.0
VTR-00003379,PTR-00000023,VERSICHERUNGSNEHMER,
VTR-00003379,PTR-00000023,VERSICHERTE_PERSON,
VTR-00003379,,BEGUENSTIGT_GESETZLICHE_ERBEN,100.0
VTR-00003380,PTR-00000642,VERSICHERUNGSNEHMER,
VTR-00003380,PTR-00000642,VERSICHERTE_PERSON,
VTR-00003380,,BEGUENSTIGT_GESETZLICHE_ERBEN,100.0
VTR-00003381,PTR-00000783,VERSICHERUNGSNEHMER,
VTR-00003381,PTR-00000783,VERSICHERTE_PERSON,
VTR-00003381,,BEGUENSTIGT_GESETZLICHE_ERBEN,100.0
VTR-00003383,PTR-00000380,VERSICHERUNGSNEHMER,
VTR-00003383,PTR-00000380,VERSICHERTE_PERSON,
VTR-00003383,PTR-00000381,BEGUENSTIGT,50.0
VTR-00003383,PTR-00000382,BEGUENSTIGT,25.0
VTR-00003383,PTR-00000383,BEGUENSTIGT,25.0
VTR-00003384,PTR-00000360,VERSICHERUNGSNEHMER,
VTR-00003384,PTR-00000360,VERSICHERTE_PERSON,
VTR-00003384,PTR-00000361,BEGUENSTIGT,100.0
VTR-00003385,PTR-00000513,VERSICHERUNGSNEHMER,
VTR-00003385,PTR-00000513,VERSICHERTE_PERSON,
VTR-00003385,PTR-00000514,BEGUENSTIGT,50.0
VTR-00003385,PTR-00000515,BEGUENSTIGT,25.0
VTR-00003385,PTR-00000516,BEGUENSTIGT,25.0
VTR-00003386,PTR-00000563,VERSICHERUNGSNEHMER,
VTR-00003386,PTR-00000563,VERSICHERTE_PERSON,
VTR-00003386,PTR-00000564,BEGUENSTIGT,50.0
VTR-00003386,PTR-00000565,BEGUENSTIGT,50.0
VTR-00003387,PTR-00000619,VERSICHERUNGSNEHMER,
VTR-00003387,PTR-00000619,VERSICHERTE_PERSON,
VTR-00003387,PTR-00000620,BEGUENSTIGT,50.0
VTR-00003387,PTR-00000621,BEGUENSTIGT,16.67
VTR-00003387,PTR-00000622,BEGUENSTIGT,16.67
VTR-00003387,PTR-00000623,BEGUENSTIGT,16.67
VTR-00003389,PTR-00000775,VERSICHERUNGSNEHMER,
VTR-00003389,PTR-00000775,VERSICHERTE_PERSON,
VTR-00003389,,BEGUENSTIGT_GESETZLICHE_ERBEN,100.0
VTR-00003390,PTR-00000422,VERSICHERUNGSNEHMER,
VTR-00003390,PTR-00000422,VERSICHERTE_PERSON,
VTR-00003390,,BEGUENSTIGT_GESETZLICHE_ERBEN,100.0
VTR-00003391,PTR-00000875,VERSICHERUNGSNEHMER,
VTR-00003391,PTR-00000875,VERSICHERTE_PERSON,
VTR-00003391,,BEGUENSTIGT_GESETZLICHE_ERBEN,100.0
VTR-00003392,PTR-00000533,VERSICHERUNGSNEHMER,
VTR-00003392,PTR-00000533,VERSICHERTE_PERSON,
VTR-00003392,,BEGUENSTIGT_GESETZLICHE_ERBEN,100.0
VTR-00003393,PTR-00000435,VERSICHERUNGSNEHMER,
VTR-00003393,PTR-00000435,VERSICHERTE_PERSON,
VTR-00003393,,BEGUENSTIGT_GESETZLICHE_ERBEN,100.0
VTR-00003394,PTR-00000357,VERSICHERUNGSNEHMER,
VTR-00003394,PTR-00000357,VERSICHERTE_PERSON,
VTR-00003394,,BEGUENSTIGT_GESETZLICHE_ERBEN,100.0
VTR-00003395,PTR-00000524,VERSICHERUNGSNEHMER,
VTR-00003395,PTR-00000524,VERSICHERTE_PERSON,
VTR-00003395,,BEGUENSTIGT_GESETZLICHE_ERBEN,100.0
VTR-00003396,PTR-00000735,VERSICHERUNGSNEHMER,
VTR-00003396,PTR-00000735,VERSICHERTE_PERSON,
VTR-00003396,,BEGUENSTIGT_GESETZLICHE_ERBEN,100.0
VTR-00003398,PTR-00000300,VERSICHERUNGSNEHMER,
VTR-00003398,PTR-00000300,VERSICHERTE_PERSON,
VTR-00003398,,BEGUENSTIGT_GESETZLICHE_ERBEN,100.0
VTR-00003399,PTR-00000449,VERSICHERUNGSNEHMER,
VTR-00003399,PTR-00000449,VERSICHERTE_PERSON,
VTR-00003399,,BEGUENSTIGT_GESETZLICHE_ERBEN,100.0
VTR-00003400,PTR-00000939,VERSICHERUNGSNEHMER,
VTR-00003400,PTR-00000939,VERSICHERTE_PERSON,
VTR-00003400,PTR-00000940,BEGUENSTIGT,50.0
VTR-00003400,PTR-00000941,BEGUENSTIGT,50.0
VTR-00003401,PTR-00000755,VERSICHERUNGSNEHMER,
VTR-00003401,PTR-00000755,VERSICHERTE_PERSON,
VTR-00003401,,BEGUENSTIGT_GESETZLICHE_ERBEN,100.0
VTR-00003402,PTR-00000874,VERSICHERUNGSNEHMER,
VTR-00003402,PTR-00000874,VERSICHERTE_PERSON,
VTR-00003402,,BEGUENSTIGT_GESETZLICHE_ERBEN,100.0
VTR-00003403,PTR-00000804,VERSICHERUNGSNEHMER,
VTR-00003403,PTR-00000804,VERSICHERTE_PERSON,
VTR-00003403,PTR-00000805,BEGUENSTIGT,50.0
VTR-00003403,PTR-00000806,BEGUENSTIGT,16.67
VTR-00003403,PTR-00000807,BEGUENSTIGT,16.67
VTR-00003403,PTR-00000808,BEGUENSTIGT,16.67
VTR-00003404,PTR-00000364,VERSICHERUNGSNEHMER,
VTR-00003404,PTR-00000364,VERSICHERTE_PERSON,
VTR-00003404,PTR-00000365,BEGUENSTIGT,100.0
VTR-00003405,PTR-00000380,VERSICHERUNGSNEHMER,
VTR-00003405,PTR-00000380,VERSICHERTE_PERSON,
VTR-00003405,PTR-00000381,BEGUENSTIGT,50.0
VTR-00003405,PTR-00000382,BEGUENSTIGT,25.0
VTR-00003405,PTR-00000383,BEGUENSTIGT,25.0
VTR-00003406,PTR-00000126,VERSICHERUNGSNEHMER,
VTR-00003406,PTR-00000126,VERSICHERTE_PERSON,
VTR-00003406,,BEGUENSTIGT_GESETZLICHE_ERBEN,100.0
VTR-00003407,PTR-00000055,VERSICHERUNGSNEHMER,
VTR-00003407,PTR-00000055,VERSICHERTE_PERSON,
VTR-00003407,,BEGUENSTIGT_GESETZLICHE_ERBEN,100.0
VTR-00003408,PTR-00000818,VERSICHERUNGSNEHMER,
VTR-00003408,PTR-00000818,VERSICHERTE_PERSON,
VTR-00003408,PTR-00000819,BEGUENSTIGT,100.0
VTR-00003409,PTR-00000257,VERSICHERUNGSNEHMER,
VTR-00003409,PTR-00000257,VERSICHERTE_PERSON,
VTR-00003409,,BEGUENSTIGT_GESETZLICHE_ERBEN,100.0
VTR-00003410,PTR-00000339,VERSICHERUNGSNEHMER,
VTR-00003410,PTR-00000339,VERSICHERTE_PERSON,
VTR-00003410,,BEGUENSTIGT_GESETZLICHE_ERBEN,100.0
VTR-00003411,PTR-00000445,VERSICHERUNGSNEHMER,
VTR-00003411,PTR-00000445,VERSICHERTE_PERSON,
VTR-00003411,PTR-00000446,BEGUENSTIGT,100.0
VTR-00003412,PTR-00000932,VERSICHERUNGSNEHMER,
VTR-00003412,PTR-00000932,VERSICHERTE_PERSON,
VTR-00003412,,BEGUENSTIGT_GESETZLICHE_ERBEN,100.0
VTR-00003413,PTR-00000201,VERSICHERUNGSNEHMER,
VTR-00003413,PTR-00000201,VERSICHERTE_PERSON,
VTR-00003413,PTR-00000202,BEGUENSTIGT,50.0
VTR-00003413,PTR-00000203,BEGUENSTIGT,50.0
VTR-00003414,PTR-00000509,VERSICHERUNGSNEHMER,
VTR-00003414,PTR-00000509,VERSICHERTE_PERSON,
VTR-00003414,,BEGUENSTIGT_GESETZLICHE_ERBEN,100.0
VTR-00003415,PTR-00000772,VERSICHERUNGSNEHMER,
VTR-00003415,PTR-00000772,VERSICHERTE_PERSON,
VTR-00003415,,BEGUENSTIGT_GESETZLICHE_ERBEN,100.0
VTR-00003416,PTR-00000473,VERSICHERUNGSNEHMER,
VTR-00003416,PTR-00000473,VERSICHERTE_PERSON,
VTR-00003416,,BEGUENSTIGT_GESETZLICHE_ERBEN,100.0
VTR-00003417,PTR-00000525,VERSICHERUNGSNEHMER,
VTR-00003417,PTR-00000525,VERSICHERTE_PERSON,
VTR-00003417,,BEGUENSTIGT_GESETZLICHE_ERBEN,100.0
VTR-00003418,PTR-00000540,VERSICHERUNGSNEHMER,
VTR-00003418,PTR-00000540,VERSICHERTE_PERSON,
VTR-00003418,,BEGUENSTIGT_GESETZLICHE_ERBEN,100.0
VTR-00003419,PTR-00000173,VERSICHERUNGSNEHMER,
VTR-00003419,PTR-00000173,VERSICHERTE_PERSON,
VTR-00003419,PTR-00000174,BEGUENSTIGT,50.0
VTR-00003419,PTR-00000175,BEGUENSTIGT,25.0
VTR-00003419,PTR-00000176,BEGUENSTIGT,25.0
VTR-00003420,PTR-00000247,VERSICHERUNGSNEHMER,
VTR-00003420,PTR-00000247,VERSICHERTE_PERSON,
VTR-00003420,,BEGUENSTIGT_GESETZLICHE_ERBEN,100.0
VTR-00003421,PTR-00000043,VERSICHERUNGSNEHMER,
VTR-00003421,PTR-00000043,VERSICHERTE_PERSON,
VTR-00003421,PTR-00000044,BEGUENSTIGT,50.0
VTR-00003421,PTR-00000045,BEGUENSTIGT,25.0
VTR-00003421,PTR-00000046,BEGUENSTIGT,25.0
VTR-00003422,PTR-00000469,VERSICHERUNGSNEHMER,
VTR-00003422,PTR-00000469,VERSICHERTE_PERSON,
VTR-00003422,,BEGUENSTIGT_GESETZLICHE_ERBEN,100.0
VTR-00003423,PTR-00000855,VERSICHERUNGSNEHMER,
VTR-00003423,PTR-00000855,VERSICHERTE_PERSON,
VTR-00003423,,BEGUENSTIGT_GESETZLICHE_ERBEN,100.0
VTR-00003424,PTR-00000304,VERSICHERUNGSNEHMER,
VTR-00003424,PTR-00000304,VERSICHERTE_PERSON,
VTR-00003424,,BEGUENSTIGT_GESETZLICHE_ERBEN,100.0
VTR-00003425,PTR-00000262,VERSICHERUNGSNEHMER,
VTR-00003425,PTR-00000262,VERSICHERTE_PERSON,
VTR-00003425,PTR-00000263,BEGUENSTIGT,50.0
VTR-00003425,PTR-00000264,BEGUENSTIGT,50.0
VTR-00003426,PTR-00000138,VERSICHERUNGSNEHMER,
VTR-00003426,PTR-00000138,VERSICHERTE_PERSON,
VTR-00003426,PTR-00000139,BEGUENSTIGT,100.0
VTR-00003427,PTR-00000088,VERSICHERUNGSNEHMER,
VTR-00003427,PTR-00000088,VERSICHERTE_PERSON,
VTR-00003427,PTR-00000089,BEGUENSTIGT,50.0
VTR-00003427,PTR-00000090,BEGUENSTIGT,50.0
VTR-00003428,PTR-00000559,VERSICHERUNGSNEHMER,
VTR-00003428,PTR-00000559,VERSICHERTE_PERSON,
VTR-00003428,,BEGUENSTIGT_GESETZLICHE_ERBEN,100.0
VTR-00003429,PTR-00000589,VERSICHERUNGSNEHMER,
VTR-00003429,PTR-00000589,VERSICHERTE_PERSON,
VTR-00003429,,BEGUENSTIGT_GESETZLICHE_ERBEN,100.0
VTR-00003430,PTR-00000572,VERSICHERUNGSNEHMER,
VTR-00003430,PTR-00000572,VERSICHERTE_PERSON,
VTR-00003430,,BEGUENSTIGT_GESETZLICHE_ERBEN,100.0
VTR-00003431,PTR-00000876,VERSICHERUNGSNEHMER,
VTR-00003431,PTR-00000876,VERSICHERTE_PERSON,
VTR-00003431,,BEGUENSTIGT_GESETZLICHE_ERBEN,100.0
VTR-00003432,PTR-00000140,VERSICHERUNGSNEHMER,
VTR-00003432,PTR-00000140,VERSICHERTE_PERSON,
VTR-00003432,PTR-00000141,BEGUENSTIGT,50.0
VTR-00003432,PTR-00000142,BEGUENSTIGT,25.0
VTR-00003432,PTR-00000143,BEGUENSTIGT,25.0
VTR-00003433,PTR-00000158,VERSICHERUNGSNEHMER,
VTR-00003433,PTR-00000158,VERSICHERTE_PERSON,
VTR-00003433,PTR-00000159,BEGUENSTIGT,50.0
VTR-00003433,PTR-00000160,BEGUENSTIGT,16.67
VTR-00003433,PTR-00000161,BEGUENSTIGT,16.67
VTR-00003433,PTR-00000162,BEGUENSTIGT,16.67
VTR-00003434,PTR-00000472,VERSICHERUNGSNEHMER,
VTR-00003434,PTR-00000472,VERSICHERTE_PERSON,
VTR-00003434,PTR-00000473,BEGUENSTIGT,50.0
VTR-00003434,PTR-00000474,BEGUENSTIGT,16.67
VTR-00003434,PTR-00000475,BEGUENSTIGT,16.67
VTR-00003434,PTR-00000476,BEGUENSTIGT,16.67
VTR-00003437,PTR-00000824,VERSICHERUNGSNEHMER,
VTR-00003437,PTR-00000824,VERSICHERTE_PERSON,
VTR-00003437,,BEGUENSTIGT_GESETZLICHE_ERBEN,100.0
VTR-00003438,PTR-00000853,VERSICHERUNGSNEHMER,
VTR-00003438,PTR-00000853,VERSICHERTE_PERSON,
VTR-00003438,PTR-00000854,BEGUENSTIGT,100.0
VTR-00003439,PTR-00000632,VERSICHERUNGSNEHMER,
VTR-00003439,PTR-00000632,VERSICHERTE_PERSON,
VTR-00003439,PTR-00000633,BEGUENSTIGT,50.0
VTR-00003439,PTR-00000634,BEGUENSTIGT,25.0
VTR-00003439,PTR-00000635,BEGUENSTIGT,25.0
VTR-00003440,PTR-00000419,VERSICHERUNGSNEHMER,
VTR-00003440,PTR-00000419,VERSICHERTE_PERSON,
VTR-00003440,PTR-00000420,BEGUENSTIGT,100.0
VTR-00003441,PTR-00000626,VERSICHERUNGSNEHMER,
VTR-00003441,PTR-00000626,VERSICHERTE_PERSON,
VTR-00003441,,BEGUENSTIGT_GESETZLICHE_ERBEN,100.0
VTR-00003442,PTR-00000362,VERSICHERUNGSNEHMER,
VTR-00003442,PTR-00000362,VERSICHERTE_PERSON,
VTR-00003442,PTR-00000363,BEGUENSTIGT,100.0
VTR-00003443,PTR-00000652,VERSICHERUNGSNEHMER,
VTR-00003443,PTR-00000652,VERSICHERTE_PERSON,
VTR-00003443,,BEGUENSTIGT_GESETZLICHE_ERBEN,100.0
VTR-00003444,PTR-00000416,VERSICHERUNGSNEHMER,
VTR-00003444,PTR-00000416,VERSICHERTE_PERSON,
VTR-00003444,PTR-00000417,BEGUENSTIGT,100.0
VTR-00003445,PTR-00000527,VERSICHERUNGSNEHMER,
VTR-00003445,PTR-00000527,VERSICHERTE_PERSON,
VTR-00003445,PTR-00000528,BEGUENSTIGT,50.0
VTR-00003445,PTR-00000529,BEGUENSTIGT,50.0
VTR-00003446,PTR-00000938,VERSICHERUNGSNEHMER,
VTR-00003446,PTR-00000938,VERSICHERTE_PERSON,
VTR-00003446,,BEGUENSTIGT_GESETZLICHE_ERBEN,100.0
VTR-00003447,PTR-00000665,VERSICHERUNGSNEHMER,
VTR-00003447,PTR-00000665,VERSICHERTE_PERSON,
VTR-00003447,PTR-00000666,BEGUENSTIGT,50.0
VTR-00003447,PTR-00000667,BEGUENSTIGT,16.67
VTR-00003447,PTR-00000668,BEGUENSTIGT,16.67
VTR-00003447,PTR-00000669,BEGUENSTIGT,16.67
VTR-00003449,PTR-00000343,VERSICHERUNGSNEHMER,
VTR-00003449,PTR-00000343,VERSICHERTE_PERSON,
VTR-00003449,PTR-00000344,BEGUENSTIGT,50.0
VTR-00003449,PTR-00000345,BEGUENSTIGT,50.0
VTR-00003450,PTR-00000973,VERSICHERUNGSNEHMER,
VTR-00003450,PTR-00000973,VERSICHERTE_PERSON,
VTR-00003450,PTR-00000974,BEGUENSTIGT,100.0
VTR-00003451,PTR-00000753,VERSICHERUNGSNEHMER,
VTR-00003451,PTR-00000753,VERSICHERTE_PERSON,
VTR-00003451,PTR-00000754,BEGUENSTIGT,100.0
VTR-00003452,PTR-00000307,VERSICHERUNGSNEHMER,
VTR-00003452,PTR-00000307,VERSICHERTE_PERSON,
VTR-00003452,,BEGUENSTIGT_GESETZLICHE_ERBEN,100.0
VTR-00003453,PTR-00000754,VERSICHERUNGSNEHMER,
VTR-00003453,PTR-00000754,VERSICHERTE_PERSON,
VTR-00003453,,BEGUENSTIGT_GESETZLICHE_ERBEN,100.0
VTR-00003454,PTR-00000434,VERSICHERUNGSNEHMER,
VTR-00003454,PTR-00000434,VERSICHERTE_PERSON,
VTR-00003454,,BEGUENSTIGT_GESETZLICHE_ERBEN,100.0
VTR-00003455,PTR-00000995,VERSICHERUNGSNEHMER,
VTR-00003455,PTR-00000995,VERSICHERTE_PERSON,
VTR-00003455,PTR-00000996,BEGUENSTIGT,100.0
VTR-00003456,PTR-00000718,VERSICHERUNGSNEHMER,
VTR-00003456,PTR-00000718,VERSICHERTE_PERSON,
VTR-00003456,PTR-00000719,BEGUENSTIGT,100.0
VTR-00003457,PTR-00000159,VERSICHERUNGSNEHMER,
VTR-00003457,PTR-00000159,VERSICHERTE_PERSON,
VTR-00003457,,BEGUENSTIGT_GESETZLICHE_ERBEN,100.0
VTR-00003458,PTR-00000685,VERSICHERUNGSNEHMER,
VTR-00003458,PTR-00000685,VERSICHERTE_PERSON,
VTR-00003458,PTR-00000686,BEGUENSTIGT,50.0
VTR-00003458,PTR-00000687,BEGUENSTIGT,50.0
VTR-00003459,PTR-00000508,VERSICHERUNGSNEHMER,
VTR-00003459,PTR-00000508,VERSICHERTE_PERSON,
VTR-00003459,PTR-00000509,BEGUENSTIGT,100.0
VTR-00003460,PTR-00000299,VERSICHERUNGSNEHMER,
VTR-00003460,PTR-00000299,VERSICHERTE_PERSON,
VTR-00003460,PTR-00000300,BEGUENSTIGT,100.0
VTR-00003461,PTR-00000881,VERSICHERUNGSNEHMER,
VTR-00003461,PTR-00000881,VERSICHERTE_PERSON,
VTR-00003461,PTR-00000882,BEGUENSTIGT,50.0
VTR-00003461,PTR-00000883,BEGUENSTIGT,16.67
VTR-00003461,PTR-00000884,BEGUENSTIGT,16.67
VTR-00003461,PTR-00000885,BEGUENSTIGT,16.67
VTR-00003462,PTR-00000274,VERSICHERUNGSNEHMER,
VTR-00003462,PTR-00000274,VERSICHERTE_PERSON,
VTR-00003462,PTR-00000275,BEGUENSTIGT,100.0
VTR-00003463,PTR-00000603,VERSICHERUNGSNEHMER,
VTR-00003463,PTR-00000603,VERSICHERTE_PERSON,
VTR-00003463,,BEGUENSTIGT_GESETZLICHE_ERBEN,100.0
VTR-00003464,PTR-00000168,VERSICHERUNGSNEHMER,
VTR-00003464,PTR-00000168,VERSICHERTE_PERSON,
VTR-00003464,PTR-00000169,BEGUENSTIGT,100.0
VTR-00003465,PTR-00000404,VERSICHERUNGSNEHMER,
VTR-00003465,PTR-00000404,VERSICHERTE_PERSON,
VTR-00003465,,BEGUENSTIGT_GESETZLICHE_ERBEN,100.0
VTR-00003466,PTR-00000457,VERSICHERUNGSNEHMER,
VTR-00003466,PTR-00000457,VERSICHERTE_PERSON,
VTR-00003466,PTR-00000458,BEGUENSTIGT,50.0
VTR-00003466,PTR-00000459,BEGUENSTIGT,50.0
VTR-00003467,PTR-00000583,VERSICHERUNGSNEHMER,
VTR-00003467,PTR-00000583,VERSICHERTE_PERSON,
VTR-00003467,PTR-00000584,BEGUENSTIGT,50.0
VTR-00003467,PTR-00000585,BEGUENSTIGT,25.0
VTR-00003467,PTR-00000586,BEGUENSTIGT,25.0
VTR-00003468,PTR-00000138,VERSICHERUNGSNEHMER,
VTR-00003468,PTR-00000138,VERSICHERTE_PERSON,
VTR-00003468,PTR-00000139,BEGUENSTIGT,100.0
VTR-00003469,PTR-00000794,VERSICHERUNGSNEHMER,
VTR-00003469,PTR-00000794,VERSICHERTE_PERSON,
VTR-00003469,PTR-00000795,BEGUENSTIGT,100.0
VTR-00003470,PTR-00000293,VERSICHERUNGSNEHMER,
VTR-00003470,PTR-00000293,VERSICHERTE_PERSON,
VTR-00003470,,BEGUENSTIGT_GESETZLICHE_ERBEN,100.0
VTR-00003471,PTR-00000400,VERSICHERUNGSNEHMER,
VTR-00003471,PTR-00000400,VERSICHERTE_PERSON,
VTR-00003471,,BEGUENSTIGT_GESETZLICHE_ERBEN,100.0
VTR-00003472,PTR-00000033,VERSICHERUNGSNEHMER,
VTR-00003472,PTR-00000033,VERSICHERTE_PERSON,
VTR-00003472,,BEGUENSTIGT_GESETZLICHE_ERBEN,100.0
VTR-00003473,PTR-00000358,VERSICHERUNGSNEHMER,
VTR-00003473,PTR-00000358,VERSICHERTE_PERSON,
VTR-00003473,,BEGUENSTIGT_GESETZLICHE_ERBEN,100.0
VTR-00003474,PTR-00001000,VERSICHERUNGSNEHMER,
VTR-00003474,PTR-00001000,VERSICHERTE_PERSON,
VTR-00003474,,BEGUENSTIGT_GESETZLICHE_ERBEN,100.0
VTR-00003475,PTR-00000328,VERSICHERUNGSNEHMER,
VTR-00003475,PTR-00000328,VERSICHERTE_PERSON,
VTR-00003475,PTR-00000329,BEGUENSTIGT,50.0
VTR-00003475,PTR-00000330,BEGUENSTIGT,16.67
VTR-00003475,PTR-00000331,BEGUENSTIGT,16.67
VTR-00003475,PTR-00000332,BEGUENSTIGT,16.67
VTR-00003476,PTR-00000971,VERSICHERUNGSNEHMER,
VTR-00003476,PTR-00000971,VERSICHERTE_PERSON,
VTR-00003476,,BEGUENSTIGT_GESETZLICHE_ERBEN,100.0
VTR-00003477,PTR-00000041,VERSICHERUNGSNEHMER,
VTR-00003477,PTR-00000041,VERSICHERTE_PERSON,
VTR-00003477,PTR-00000042,BEGUENSTIGT,100.0
VTR-00003478,PTR-00000893,VERSICHERUNGSNEHMER,
VTR-00003478,PTR-00000893,VERSICHERTE_PERSON,
VTR-00003478,,BEGUENSTIGT_GESETZLICHE_ERBEN,100.0
VTR-00003479,PTR-00000184,VERSICHERUNGSNEHMER,
VTR-00003479,PTR-00000184,VERSICHERTE_PERSON,
VTR-00003479,,BEGUENSTIGT_GESETZLICHE_ERBEN,100.0
VTR-00003480,PTR-00000954,VERSICHERUNGSNEHMER,
VTR-00003480,PTR-00000954,VERSICHERTE_PERSON,
VTR-00003480,PTR-00000955,BEGUENSTIGT,50.0
VTR-00003480,PTR-00000956,BEGUENSTIGT,16.67
VTR-00003480,PTR-00000957,BEGUENSTIGT,16.67
VTR-00003480,PTR-00000958,BEGUENSTIGT,16.67
VTR-00003481,PTR-00000383,VERSICHERUNGSNEHMER,
VTR-00003481,PTR-00000383,VERSICHERTE_PERSON,
VTR-00003481,,BEGUENSTIGT_GESETZLICHE_ERBEN,100.0
VTR-00003482,PTR-00000257,VERSICHERUNGSNEHMER,
VTR-00003482,PTR-00000257,VERSICHERTE_PERSON,
VTR-00003482,,BEGUENSTIGT_GESETZLICHE_ERBEN,100.0
VTR-00003483,PTR-00000800,VERSICHERUNGSNEHMER,
VTR-00003483,PTR-00000800,VERSICHERTE_PERSON,
VTR-00003483,,BEGUENSTIGT_GESETZLICHE_ERBEN,100.0
VTR-00003484,PTR-00000520,VERSICHERUNGSNEHMER,
VTR-00003484,PTR-00000520,VERSICHERTE_PERSON,
VTR-00003484,PTR-00000521,BEGUENSTIGT,100.0
VTR-00003485,PTR-00000305,VERSICHERUNGSNEHMER,
VTR-00003485,PTR-00000305,VERSICHERTE_PERSON,
VTR-00003485,,BEGUENSTIGT_GESETZLICHE_ERBEN,100.0
VTR-00003486,PTR-00000680,VERSICHERUNGSNEHMER,
VTR-00003486,PTR-00000680,VERSICHERTE_PERSON,
VTR-00003486,,BEGUENSTIGT_GESETZLICHE_ERBEN,100.0
VTR-00003488,PTR-00000436,VERSICHERUNGSNEHMER,
VTR-00003488,PTR-00000436,VERSICHERTE_PERSON,
VTR-00003488,,BEGUENSTIGT_GESETZLICHE_ERBEN,100.0
VTR-00003489,PTR-00000448,VERSICHERUNGSNEHMER,
VTR-00003489,PTR-00000448,VERSICHERTE_PERSON,
VTR-00003489,,BEGUENSTIGT_GESETZLICHE_ERBEN,100.0
VTR-00003490,PTR-00000687,VERSICHERUNGSNEHMER,
VTR-00003490,PTR-00000687,VERSICHERTE_PERSON,
VTR-00003490,,BEGUENSTIGT_GESETZLICHE_ERBEN,100.0
VTR-00003491,PTR-00000989,VERSICHERUNGSNEHMER,
VTR-00003491,PTR-00000989,VERSICHERTE_PERSON,
VTR-00003491,PTR-00000990,BEGUENSTIGT,100.0
VTR-00003492,PTR-00000324,VERSICHERUNGSNEHMER,
VTR-00003492,PTR-00000324,VERSICHERTE_PERSON,
VTR-00003492,,BEGUENSTIGT_GESETZLICHE_ERBEN,100.0
VTR-00003493,PTR-00000448,VERSICHERUNGSNEHMER,
VTR-00003493,PTR-00000448,VERSICHERTE_PERSON,
VTR-00003493,,BEGUENSTIGT_GESETZLICHE_ERBEN,100.0
VTR-00003494,PTR-00000343,VERSICHERUNGSNEHMER,
VTR-00003494,PTR-00000343,VERSICHERTE_PERSON,
VTR-00003494,PTR-00000344,BEGUENSTIGT,50.0
VTR-00003494,PTR-00000345,BEGUENSTIGT,50.0
VTR-00003495,PTR-00000523,VERSICHERUNGSNEHMER,
VTR-00003495,PTR-00000523,VERSICHERTE_PERSON,
VTR-00003495,,BEGUENSTIGT_GESETZLICHE_ERBEN,100.0
VTR-00003496,PTR-00000759,VERSICHERUNGSNEHMER,
VTR-00003496,PTR-00000759,VERSICHERTE_PERSON,
VTR-00003496,,BEGUENSTIGT_GESETZLICHE_ERBEN,100.0
VTR-00003497,PTR-00000358,VERSICHERUNGSNEHMER,
VTR-00003497,PTR-00000358,VERSICHERTE_PERSON,
VTR-00003497,,BEGUENSTIGT_GESETZLICHE_ERBEN,100.0
VTR-00003498,PTR-00000094,VERSICHERUNGSNEHMER,
VTR-00003498,PTR-00000094,VERSICHERTE_PERSON,
VTR-00003498,,BEGUENSTIGT_GESETZLICHE_ERBEN,100.0
VTR-00003499,PTR-00000790,VERSICHERUNGSNEHMER,
VTR-00003499,PTR-00000790,VERSICHERTE_PERSON,
VTR-00003499,,BEGUENSTIGT_GESETZLICHE_ERBEN,100.0
VTR-00003500,PTR-00000127,VERSICHERUNGSNEHMER,
VTR-00003500,PTR-00000127,VERSICHERTE_PERSON,
VTR-00003500,,BEGUENSTIGT_GESETZLICHE_ERBEN,100.0
