vertrag_id,policennummer_anzeige,produkt_id,sparte,tarifgeneration_id,markt,waehrung,versicherungsnehmer_id,vermittler_id,kanal,sachbearbeiter_id,antrag_id,beginn,ablauf,laufzeit_jahre,hauptfaelligkeit,zahlungsweise,zahlungsart,jahrespraemie_netto,jahrespraemie_brutto,einmalpraemie,versicherungssumme,status,status_seit,storno_datum,storno_grund_code,kuendigungsfrist_monate,naechste_kuendigungsmoeglichkeit,risikoklasse_uw,mahnstufe_aktuell,herkunft,quellsystem,migriert_am,erstellt_am,bemerkung
VTR-00000101,,HP-PRIV,HP,HP-MODERN,CH,CHF,PTR-00000001,VRM-00011,agentur,MIT-00008,ANT-00000101,2016-03-01,,,2016-03-01,VIERTELJAEHRLICH,LASTSCHRIFT,160.0,168.0,,10000000.0,AKTIV,2016-03-01,,,3.0,2026-03-01,NORMAL,0,pfefferminz,HAPO,2025-05-15,2016-02-20,"Familie, Hund"
VTR-00000102,,LV-RISK,LV,PL-2017,CH,CHF,PTR-00000001,VRM-00025,agentur,MIT-00044,ANT-00000102,2019-05-01,2032-05-01,13.0,2019-05-01,JAEHRLICH,RECHNUNG,486.0,486.0,,974000.0,AKTIV,2019-05-01,,,,,NORMAL,0,pfefferminz,VERA,2025-11-15,2019-04-06,
VTR-00000103,,LV-RISK,LV,PL-2017,CH,CHF,PTR-00000011,VRM-00025,agentur,MIT-00044,ANT-00000103,2019-05-01,2038-05-01,19.0,2019-05-01,JAEHRLICH,RECHNUNG,612.0,612.0,,132000.0,AKTIV,2019-05-01,,,,,NORMAL,0,pfefferminz,VERA,2025-11-15,2019-03-25,
VTR-00000104,,LV-VORS,LV,PL-2017,CH,CHF,PTR-00000001,VRM-00031,agentur,MIT-00044,ANT-00000104,2020-01-01,2050-01-01,30.0,2020-01-01,HALBJAEHRLICH,RECHNUNG,3600.0,3600.0,,109000.0,AKTIV,2020-01-01,,,,,NORMAL,0,pfefferminz,VERA,2025-11-15,2019-12-06,Saeule 3a
VTR-00000201,,HP-PRIV,HP,MZ-DIRECT,DE,EUR,PTR-00000002,VRM-00013,direkt,MIT-00008,ANT-00000201,2021-09-01,,,2021-09-01,JAEHRLICH,EBILL,53.45,63.6,,5000000.0,AKTIV,2021-09-01,,,3.0,2026-09-01,NORMAL,0,minzia,MINT,,2021-08-02,Neuabschluss nach Widerruf
VTR-00000202,,LV-RISK,LV,PZ-2025,DE,EUR,PTR-00000002,VRM-00028,direkt,MIT-00008,ANT-00000202,2025-10-01,2044-10-01,19.0,2025-10-01,JAEHRLICH,RECHNUNG,175.2,175.2,,139000.0,AKTIV,2025-10-01,,,,,NORMAL,0,minzia,MINT,,2025-09-15,
VTR-00000203,,HP-PRIV,HP,MZ-DIRECT,DE,EUR,PTR-00000002,VRM-00009,direkt,MIT-00044,ANT-00000203,2021-03-15,,,2021-03-15,JAEHRLICH,LASTSCHRIFT,49.41,58.8,,20000000.0,STORNIERT,2021-03-24,2021-03-24,K13,3.0,,NORMAL,0,minzia,MINT,,2021-02-12,Widerruf innerhalb 14 Tagen
VTR-00000301,,HP-BETR,HP,HP-MODERN,CH,CHF,PTR-00000003,VRM-00017,makler,MIT-00008,ANT-00000301,2016-01-01,,,2016-01-01,JAEHRLICH,EBILL,4620.0,4851.0,,10000000.0,AKTIV,2016-01-01,,,3.0,2026-01-01,NORMAL,0,pfefferminz,HAPO,2025-05-15,2015-11-29,Sanierung 2025
VTR-00000302,,LV-RISK,LV,PL-2017,CH,CHF,PTR-00000003,VRM-00036,makler,MIT-00044,ANT-00000302,2019-07-01,2041-07-01,22.0,2019-07-01,VIERTELJAEHRLICH,LASTSCHRIFT,2268.0,2268.0,,993000.0,AKTIV,2019-07-01,,,,,NORMAL,0,pfefferminz,VERA,2025-11-15,2019-06-12,Kollektiv Kader
VTR-00000401,,HP-BETR,HP,HP-MODERN,DE,EUR,PTR-00000004,VRM-00010,makler,MIT-00008,ANT-00000401,2014-01-01,,,2014-01-01,JAEHRLICH,RECHNUNG,5320.52,6331.42,,5000000.0,AKTIV,2014-01-01,,,3.0,2026-01-01,NORMAL,0,pfefferminz,HAPO,2025-05-15,2013-12-05,Nachtrag Photovoltaik 2025
VTR-00000402,,LV-RENTE,LV,PL-2017,DE,EUR,PTR-00000014,VRM-00034,makler,MIT-00019,ANT-00000402,2018-03-01,2044-03-01,26.0,2018-03-01,HALBJAEHRLICH,EBILL,4800.0,4800.0,,93000.0,AKTIV,2018-03-01,,,,,NORMAL,0,pfefferminz,VERA,2025-11-15,2018-02-24,
VTR-00000501,,LV-VORS,LV,PK-95,CH,CHF,PTR-00000005,VRM-00026,agentur,MIT-00044,ANT-00000501,1995-07-01,2019-07-01,24.0,1995-07-01,HALBJAEHRLICH,LASTSCHRIFT,4236.0,4236.0,,135000.0,ABGELAUFEN,2019-06-09,2019-06-09,K15,,,NORMAL,0,pfefferminz,VERA,2025-11-15,1995-05-25,"Ablauf, Auszahlung 168420"
VTR-00000502,,LV-RENTE,LV,PL-2017,CH,CHF,PTR-00000005,VRM-00031,agentur,MIT-00044,ANT-00000502,2019-09-01,2024-09-01,5.0,2019-09-01,EINMALIG,RECHNUNG,0.0,0.0,150000.0,66000.0,AKTIV,2019-09-01,,,,,NORMAL,0,pfefferminz,VERA,2025-11-15,2019-08-08,"Einmalpraemie, Rentenbezug"
VTR-00000503,,HP-PRIV,HP,HP-KLASSIK,CH,CHF,PTR-00000005,VRM-00031,agentur,MIT-00008,ANT-00000503,2001-01-01,,,2001-01-01,JAEHRLICH,LASTSCHRIFT,118.67,124.6,,5000000.0,AKTIV,2001-01-01,,,3.0,2026-01-01,NORMAL,0,pfefferminz,HAPO,2025-05-15,2000-12-20,Altpraemie eingefroren; lautet auf beide Ehegatten
VTR-00000601,,LV-RENTE,LV,PL-2015,DE,EUR,PTR-00000006,VRM-00034,makler,MIT-00044,ANT-00000601,2016-04-01,2026-04-01,10.0,2016-04-01,JAEHRLICH,RECHNUNG,12000.0,12000.0,,1000.0,AKTIV,2016-04-01,,,,,NORMAL,0,pfefferminz,VERA,2025-11-15,2016-02-29,
VTR-00000602,,LV-RISK,LV,PZ-2025,DE,EUR,PTR-00000006,VRM-00032,makler,MIT-00044,ANT-00000602,2025-07-01,2046-07-01,21.0,2025-07-01,JAEHRLICH,RECHNUNG,2889.18,2889.18,,314000.0,AKTIV,2025-07-01,,,,,ZUSCHLAG_1,0,pfefferminz,MINT,,2025-06-02,Zuschlag 50 Prozent
VTR-00000701,,HP-PRIV,HP,HP-MODERN,CH,CHF,PTR-00000007,VRM-00014,direkt,MIT-00008,ANT-00000701,2024-09-01,,,2024-09-01,JAEHRLICH,LASTSCHRIFT,123.05,129.2,,10000000.0,GEKUENDIGT_VN,2025-12-31,2025-12-31,K01,3.0,,NORMAL,0,minzia,MINT,,2024-08-07,Wechsel Anbieter
VTR-00000702,,LV-VORS,LV,PZ-2025,CH,CHF,PTR-00000007,VRM-00017,direkt,MIT-00044,ANT-00000702,2025-02-01,2042-02-01,17.0,2025-02-01,VIERTELJAEHRLICH,RECHNUNG,1800.0,1800.0,,91000.0,AKTIV,2025-02-01,,,,,NORMAL,0,minzia,MINT,,2024-12-27,"Saeule 3a, Beitragspause 2025"
VTR-00000801,,HP-PRIV,HP,HP-MODERN,DE,EUR,PTR-00000008,VRM-00023,agentur,MIT-00019,ANT-00000801,2013-01-01,,,2013-01-01,VIERTELJAEHRLICH,RECHNUNG,110.42,131.4,,5000000.0,AKTIV,2013-01-01,,,3.0,2026-01-01,NORMAL,0,pfefferminz,HAPO,2025-05-15,2012-12-31,"Hundebaustein seit 2019, Fall Pieper"
VTR-00000901,,HP-BETR,HP,HP-MODERN,DE,EUR,PTR-00000009,VRM-00003,direkt,MIT-00008,ANT-00000901,2022-02-01,,,2022-02-01,JAEHRLICH,LASTSCHRIFT,1798.32,2140.0,,5000000.0,GEKUENDIGT_VU,2025-01-15,2025-01-15,K10,3.0,,NORMAL,0,minzia,MINT,,2022-01-15,Betrugsfall
VTR-00000902,,HP-PRIV,HP,MZ-DIRECT,DE,EUR,PTR-00000017,VRM-00019,direkt,MIT-00019,ANT-00000902,2023-05-15,,,2023-05-15,JAEHRLICH,RECHNUNG,53.45,63.6,,5000000.0,GEKUENDIGT_VU,2025-01-15,2025-01-15,K10,3.0,,NORMAL,0,pfefferminz,HAPO,2025-05-15,2023-04-13,"Betrugsfall, Dublette"
VTR-00001001,,LV-VORS,LV,PZ-2025,CH,CHF,PTR-00000010,VRM-00014,makler,MIT-00044,ANT-00001001,2025-07-01,2044-07-01,19.0,2025-07-01,EINMALIG,KREDITKARTE,0.0,0.0,450000.0,113000.0,AKTIV,2025-07-01,,,,,NORMAL,0,minzia,MINT,,2025-05-27,"Einmalpraemie 450000, AML-Pruefung"
VTR-00002001,,HP-PRIV,HP,PM-2025,CH,CHF,PTR-00000862,VRM-00039,makler,MIT-00008,ANT-00002001,2025-12-01,,,2025-12-01,JAEHRLICH,RECHNUNG,124.45,130.67,,5000000.0,AKTIV,2025-12-01,,,3.0,2026-12-01,NORMAL,0,pfefferminz,MINT,,2025-11-27,
VTR-00002002,,HP-PRIV,HP,PM-2025,CH,CHF,PTR-00000510,VRM-00014,direkt,MIT-00008,ANT-00002002,2025-04-01,,,2025-04-01,JAEHRLICH,RECHNUNG,163.8,171.99,,5000000.0,AKTIV,2025-04-01,,,3.0,2026-04-01,NORMAL,0,pfefferminz,MINT,,2025-03-20,
VTR-00002003,,HP-PRIV,HP,HP-MODERN,DE,EUR,PTR-00000757,VRM-00019,direkt,MIT-00044,ANT-00002003,2017-11-01,,,2017-11-01,JAEHRLICH,RECHNUNG,97.66,116.22,,10000000.0,GEKUENDIGT_VN,2018-09-01,2018-09-01,K01,3.0,,NORMAL,0,pfefferminz,HAPO,2025-05-15,2017-10-10,
VTR-00002004,,HP-PRIV,HP,HP-MODERN,CH,CHF,PTR-00000400,VRM-00014,direkt,MIT-00008,ANT-00002004,2015-03-01,,,2015-03-01,JAEHRLICH,RECHNUNG,103.75,108.94,,5000000.0,GEKUENDIGT_VN,2024-08-01,2024-08-01,K04,3.0,,NORMAL,0,pfefferminz,HAPO,2025-05-15,2015-02-16,
VTR-00002005,,HP-PRIV,HP,PM-2025,CH,CHF,PTR-00000104,VRM-00031,agentur,MIT-00008,ANT-00002005,2025-07-01,,,2025-07-01,JAEHRLICH,EBILL,152.1,159.71,,5000000.0,AKTIV,2025-07-01,,,3.0,2026-07-01,NORMAL,0,pfefferminz,MINT,,2025-06-06,
VTR-00002006,,HP-PRIV,HP,PM-2025,DE,EUR,PTR-00000342,VRM-00008,bank,MIT-00044,ANT-00002006,2025-07-01,,,2025-07-01,JAEHRLICH,EBILL,50.31,59.87,,10000000.0,AKTIV,2025-07-01,,,3.0,2026-07-01,NORMAL,0,pfefferminz,MINT,,2025-05-23,
VTR-00002007,,HP-PRIV,HP,MZ-DIRECT,DE,EUR,PTR-00000204,VRM-00019,direkt,MIT-00044,ANT-00002007,2023-03-01,,,2023-03-01,JAEHRLICH,LASTSCHRIFT,124.75,148.45,,50000000.0,AKTIV,2023-03-01,,,3.0,2026-03-01,NORMAL,0,minzia,MINT,,2023-02-16,
VTR-00002008,,HP-PRIV,HP,HP-MODERN,CH,CHF,PTR-00000407,VRM-00040,agentur,MIT-00008,ANT-00002008,2013-05-01,,,2013-05-01,JAEHRLICH,RECHNUNG,92.45,97.07,,5000000.0,AKTIV,2013-05-01,,,3.0,2026-05-01,NORMAL,0,pfefferminz,HAPO,2025-05-15,2013-04-21,
VTR-00002009,,HP-PRIV,HP,HP-MODERN,DE,EUR,PTR-00000029,VRM-00010,makler,MIT-00019,ANT-00002009,2015-02-01,,,2015-02-01,HALBJAEHRLICH,RECHNUNG,87.81,104.49,,5000000.0,GEKUENDIGT_VN,2019-11-01,2019-11-01,K03,3.0,,NORMAL,0,pfefferminz,HAPO,2025-05-15,2014-12-30,
VTR-00002010,,HP-PRIV,HP,MZ-DIRECT,DE,EUR,PTR-00000543,VRM-00028,direkt,MIT-00019,ANT-00002010,2021-05-01,,,2021-05-01,HALBJAEHRLICH,KREDITKARTE,88.94,105.84,,10000000.0,AKTIV,2021-05-01,,,3.0,2026-05-01,NORMAL,0,minzia,MINT,,2021-04-02,
VTR-00002011,,HP-PRIV,HP,MZ-DIRECT,DE,EUR,PTR-00000245,VRM-00003,direkt,MIT-00008,ANT-00002011,2021-04-01,,,2021-04-01,JAEHRLICH,EBILL,73.86,87.89,,5000000.0,GEKUENDIGT_VN,2024-08-01,2024-08-01,K06,3.0,,NORMAL,0,minzia,MINT,,2021-03-02,
VTR-00002012,,HP-PRIV,HP,HP-MODERN,DE,EUR,PTR-00000468,VRM-00024,bank,MIT-00044,ANT-00002012,2017-03-01,,,2017-03-01,HALBJAEHRLICH,RECHNUNG,71.88,85.54,,5000000.0,AKTIV,2017-03-01,,,3.0,2026-03-01,NORMAL,0,pfefferminz,HAPO,2025-05-15,2017-02-13,
VTR-00002013,,HP-PRIV,HP,PM-2025,CH,CHF,PTR-00000675,VRM-00014,direkt,MIT-00008,ANT-00002013,2025-02-01,,,2025-02-01,VIERTELJAEHRLICH,LASTSCHRIFT,102.15,107.26,,5000000.0,AKTIV,2025-02-01,,,3.0,2026-02-01,NORMAL,0,minzia,MINT,,2025-01-27,
VTR-00002014,,HP-PRIV,HP,HP-MODERN,CH,CHF,PTR-00000308,VRM-00012,agentur,MIT-00008,ANT-00002014,2018-01-01,,,2018-01-01,JAEHRLICH,LASTSCHRIFT,97.05,101.9,,10000000.0,AKTIV,2018-01-01,,,3.0,2026-01-01,NORMAL,0,pfefferminz,HAPO,2025-05-15,2017-12-25,
VTR-00002015,,HP-PRIV,HP,PM-2025,CH,CHF,PTR-00000413,VRM-00039,agentur,MIT-00008,ANT-00002015,2025-04-01,,,2025-04-01,JAEHRLICH,RECHNUNG,132.9,139.55,,5000000.0,AKTIV,2025-04-01,,,3.0,2026-04-01,NORMAL,0,pfefferminz,MINT,,2025-03-05,
VTR-00002016,,HP-PRIV,HP,PM-2025,CH,CHF,PTR-00000554,VRM-00014,direkt,MIT-00008,ANT-00002016,2025-04-01,,,2025-04-01,JAEHRLICH,LASTSCHRIFT,156.35,164.17,,5000000.0,AKTIV,2025-04-01,,,3.0,2026-04-01,NORMAL,0,pfefferminz,MINT,,2025-03-23,
VTR-00002017,,HP-PRIV,HP,HP-MODERN,CH,CHF,PTR-00000859,VRM-00014,direkt,MIT-00008,ANT-00002017,2016-04-01,,,2016-04-01,HALBJAEHRLICH,LASTSCHRIFT,224.15,235.36,,5000000.0,AKTIV,2016-04-01,,,3.0,2026-04-01,NORMAL,0,pfefferminz,HAPO,2025-05-15,2016-03-08,
VTR-00002018,,HP-PRIV,HP,HP-MODERN,CH,CHF,PTR-00000685,VRM-00004,agentur,MIT-00008,ANT-00002018,2018-07-01,,,2018-07-01,VIERTELJAEHRLICH,RECHNUNG,145.95,153.25,,5000000.0,AKTIV,2018-07-01,,,3.0,2026-07-01,NORMAL,0,pfefferminz,HAPO,2025-05-15,2018-05-24,
VTR-00002019,,HP-PRIV,HP,PM-2025,CH,CHF,PTR-00000553,VRM-00014,direkt,MIT-00008,ANT-00002019,2025-02-01,,,2025-02-01,JAEHRLICH,LASTSCHRIFT,127.55,133.93,,10000000.0,AKTIV,2025-02-01,,,3.0,2026-02-01,NORMAL,0,minzia,MINT,,2025-01-13,
VTR-00002020,,HP-PRIV,HP,PM-2025,CH,CHF,PTR-00000380,VRM-00015,direkt,MIT-00008,ANT-00002020,2025-12-01,,,2025-12-01,JAEHRLICH,LASTSCHRIFT,141.45,148.52,,5000000.0,AKTIV,2025-12-01,,,3.0,2026-12-01,NORMAL,0,pfefferminz,MINT,,2025-11-12,
VTR-00002021,,HP-PRIV,HP,HP-MODERN,CH,CHF,PTR-00000290,VRM-00005,agentur,MIT-00008,ANT-00002021,2019-10-01,,,2019-10-01,JAEHRLICH,RECHNUNG,170.8,179.34,,10000000.0,AKTIV,2019-10-01,,,3.0,2026-10-01,NORMAL,0,pfefferminz,HAPO,2025-05-15,2019-08-23,
VTR-00002022,,HP-PRIV,HP,MZ-DIRECT,DE,EUR,PTR-00000122,VRM-00003,direkt,MIT-00044,ANT-00002022,2022-06-01,,,2022-06-01,JAEHRLICH,RECHNUNG,54.27,64.58,,10000000.0,AKTIV,2022-06-01,,,3.0,2026-06-01,NORMAL,0,minzia,MINT,,2022-05-05,
VTR-00002023,,HP-PRIV,HP,HP-MODERN,DE,EUR,PTR-00000238,VRM-00021,makler,MIT-00019,ANT-00002023,2013-04-01,,,2013-04-01,JAEHRLICH,RECHNUNG,131.13,156.04,,10000000.0,AKTIV,2013-04-01,,,3.0,2026-04-01,NORMAL,0,pfefferminz,HAPO,2025-05-15,2013-02-25,
VTR-00002024,,HP-PRIV,HP,MZ-DIRECT,DE,EUR,PTR-00000096,VRM-00028,direkt,MIT-00008,ANT-00002024,2022-04-01,,,2022-04-01,JAEHRLICH,LASTSCHRIFT,58.7,69.85,,20000000.0,AKTIV,2022-04-01,,,3.0,2026-04-01,NORMAL,0,minzia,MINT,,2022-02-28,
VTR-00002025,,HP-PRIV,HP,HP-MODERN,DE,EUR,PTR-00000168,VRM-00013,direkt,MIT-00044,ANT-00002025,2017-06-01,,,2017-06-01,JAEHRLICH,EBILL,56.55,67.29,,5000000.0,AKTIV,2017-06-01,,,3.0,2026-06-01,NORMAL,0,pfefferminz,HAPO,2025-05-15,2017-05-29,
VTR-00002026,,HP-PRIV,HP,HP-MODERN,CH,CHF,PTR-00000210,VRM-00039,agentur,MIT-00008,ANT-00002026,2020-10-01,,,2020-10-01,JAEHRLICH,KREDITKARTE,147.4,154.77,,5000000.0,AKTIV,2020-10-01,,,3.0,2026-10-01,NORMAL,0,pfefferminz,HAPO,2025-05-15,2020-09-19,
VTR-00002027,,HP-PRIV,HP,PM-2025,DE,EUR,PTR-00000387,VRM-00010,makler,MIT-00008,ANT-00002027,2025-08-01,,,2025-08-01,JAEHRLICH,RECHNUNG,45.0,53.55,,10000000.0,AKTIV,2025-08-01,,,3.0,2026-08-01,NORMAL,0,pfefferminz,MINT,,2025-07-20,
VTR-00002028,,HP-PRIV,HP,HP-MODERN,DE,EUR,PTR-00000257,VRM-00010,makler,MIT-00019,ANT-00002028,2017-12-01,,,2017-12-01,JAEHRLICH,LASTSCHRIFT,45.0,53.55,,5000000.0,AKTIV,2017-12-01,,,3.0,2026-12-01,NORMAL,0,pfefferminz,HAPO,2025-05-15,2017-10-31,
VTR-00002029,,HP-PRIV,HP,HP-KLASSIK,DE,EUR,PTR-00000756,VRM-00003,direkt,MIT-00044,ANT-00002029,2012-03-01,,,2012-03-01,JAEHRLICH,RECHNUNG,38.37,45.66,,5000000.0,STORNIERT,2013-08-01,2013-08-01,K12,3.0,,NORMAL,0,pfefferminz,HAPO,2025-05-15,2012-01-22,
VTR-00002030,,HP-PRIV,HP,HP-MODERN,CH,CHF,PTR-00001000,VRM-00025,agentur,MIT-00008,ANT-00002030,2017-07-01,,,2017-07-01,JAEHRLICH,EBILL,305.9,321.19,,10000000.0,AKTIV,2017-07-01,,,3.0,2026-07-01,NORMAL,0,pfefferminz,HAPO,2025-05-15,2017-06-10,
VTR-00002031,,HP-PRIV,HP,PM-2025,CH,CHF,PTR-00000591,VRM-00012,agentur,MIT-00008,ANT-00002031,2025-01-01,,,2025-01-01,JAEHRLICH,RECHNUNG,180.25,189.26,,10000000.0,AKTIV,2025-01-01,,,3.0,2026-01-01,NORMAL,0,pfefferminz,MINT,,2024-12-10,
VTR-00002032,,HP-PRIV,HP,MZ-DIRECT,DE,EUR,PTR-00000270,VRM-00019,direkt,MIT-00019,ANT-00002032,2024-08-01,,,2024-08-01,JAEHRLICH,LASTSCHRIFT,58.7,69.85,,20000000.0,AKTIV,2024-08-01,,,3.0,2026-08-01,NORMAL,0,minzia,MINT,,2024-07-22,
VTR-00002033,,HP-PRIV,HP,PM-2025,CH,CHF,PTR-00000195,VRM-00014,direkt,MIT-00008,ANT-00002033,2025-05-01,,,2025-05-01,VIERTELJAEHRLICH,KREDITKARTE,165.5,173.78,,5000000.0,AKTIV,2025-05-01,,,3.0,2026-05-01,NORMAL,0,minzia,MINT,,2025-04-15,
VTR-00002034,,HP-PRIV,HP,MZ-DIRECT,DE,EUR,PTR-00000460,VRM-00029,direkt,MIT-00044,ANT-00002034,2024-11-01,,,2024-11-01,JAEHRLICH,LASTSCHRIFT,72.74,86.56,,5000000.0,AKTIV,2024-11-01,,,3.0,2026-11-01,NORMAL,0,minzia,MINT,,2024-10-18,
VTR-00002035,,HP-PRIV,HP,PM-2025,CH,CHF,PTR-00000748,VRM-00005,agentur,MIT-00008,ANT-00002035,2025-12-01,,,2025-12-01,JAEHRLICH,KREDITKARTE,148.15,155.56,,5000000.0,AKTIV,2025-12-01,,,3.0,2026-12-01,NORMAL,0,pfefferminz,MINT,,2025-10-25,
VTR-00002036,,HP-PRIV,HP,PM-2025,DE,EUR,PTR-00000321,VRM-00002,makler,MIT-00044,ANT-00002036,2025-05-01,,,2025-05-01,JAEHRLICH,RECHNUNG,74.85,89.07,,50000000.0,AKTIV,2025-05-01,,,3.0,2026-05-01,NORMAL,0,pfefferminz,MINT,,2025-04-08,
VTR-00002037,,HP-PRIV,HP,MZ-DIRECT,DE,EUR,PTR-00000453,VRM-00001,direkt,MIT-00044,ANT-00002037,2022-08-01,,,2022-08-01,JAEHRLICH,KREDITKARTE,66.37,78.98,,5000000.0,AKTIV,2022-08-01,,,3.0,2026-08-01,NORMAL,0,minzia,MINT,,2022-07-04,
VTR-00002038,,HP-PRIV,HP,HP-MODERN,CH,CHF,PTR-00000134,VRM-00014,direkt,MIT-00008,ANT-00002038,2016-08-01,,,2016-08-01,JAEHRLICH,RECHNUNG,89.6,94.08,,5000000.0,AKTIV,2016-08-01,,,3.0,2026-08-01,NORMAL,0,pfefferminz,HAPO,2025-05-15,2016-07-05,
VTR-00002039,,HP-PRIV,HP,PM-2025,DE,EUR,PTR-00000082,VRM-00010,makler,MIT-00044,ANT-00002039,2025-06-01,,,2025-06-01,JAEHRLICH,RECHNUNG,107.2,127.57,,50000000.0,AKTIV,2025-06-01,,,3.0,2026-06-01,NORMAL,0,pfefferminz,MINT,,2025-05-11,
VTR-00002040,,HP-PRIV,HP,MZ-DIRECT,DE,EUR,PTR-00000767,VRM-00028,direkt,MIT-00044,ANT-00002040,2022-04-01,,,2022-04-01,VIERTELJAEHRLICH,LASTSCHRIFT,45.76,54.45,,10000000.0,AKTIV,2022-04-01,,,3.0,2026-04-01,NORMAL,0,minzia,MINT,,2022-03-17,
VTR-00002041,,HP-PRIV,HP,PM-2025,DE,EUR,PTR-00000185,VRM-00013,direkt,MIT-00044,ANT-00002041,2025-04-01,,,2025-04-01,JAEHRLICH,RECHNUNG,160.98,191.57,,20000000.0,AKTIV,2025-04-01,,,3.0,2026-04-01,NORMAL,0,pfefferminz,MINT,,2025-03-26,
VTR-00002042,,HP-PRIV,HP,HP-MODERN,CH,CHF,PTR-00000450,VRM-00014,direkt,MIT-00008,ANT-00002042,2016-10-01,,,2016-10-01,JAEHRLICH,RECHNUNG,134.4,141.12,,5000000.0,GEKUENDIGT_VN,2022-09-01,2022-09-01,K01,3.0,,NORMAL,0,pfefferminz,HAPO,2025-05-15,2016-09-03,
VTR-00002043,,HP-PRIV,HP,HP-MODERN,DE,EUR,PTR-00000425,VRM-00013,direkt,MIT-00044,ANT-00002043,2015-11-01,,,2015-11-01,HALBJAEHRLICH,RECHNUNG,64.87,77.2,,5000000.0,GEKUENDIGT_VN,2020-02-01,2020-02-01,K01,3.0,,NORMAL,0,pfefferminz,HAPO,2025-05-15,2015-10-12,
VTR-00002044,,HP-PRIV,HP,MZ-DIRECT,DE,EUR,PTR-00000102,VRM-00029,direkt,MIT-00044,ANT-00002044,2023-12-01,,,2023-12-01,JAEHRLICH,LASTSCHRIFT,98.94,117.74,,5000000.0,GEKUENDIGT_VN,2024-02-01,2024-02-01,K04,3.0,,NORMAL,0,minzia,MINT,,2023-11-01,
VTR-00002045,,HP-PRIV,HP,HP-MODERN,CH,CHF,PTR-00000879,VRM-00036,bank,MIT-00008,ANT-00002045,2017-03-01,,,2017-03-01,HALBJAEHRLICH,RECHNUNG,187.9,197.3,,10000000.0,GEKUENDIGT_VN,2019-02-01,2019-02-01,K01,3.0,,NORMAL,0,pfefferminz,HAPO,2025-05-15,2017-01-22,
VTR-00002046,,HP-PRIV,HP,HP-MODERN,DE,EUR,PTR-00000403,VRM-00003,direkt,MIT-00044,ANT-00002046,2018-03-01,,,2018-03-01,HALBJAEHRLICH,LASTSCHRIFT,127.83,152.12,,5000000.0,GEKUENDIGT_VN,2023-04-01,2023-04-01,K05,3.0,,NORMAL,0,pfefferminz,HAPO,2025-05-15,2018-02-21,
VTR-00002047,,HP-PRIV,HP,PM-2025,CH,CHF,PTR-00000723,VRM-00026,agentur,MIT-00008,ANT-00002047,2025-07-01,,,2025-07-01,VIERTELJAEHRLICH,RECHNUNG,262.9,276.04,,10000000.0,AKTIV,2025-07-01,,,3.0,2026-07-01,NORMAL,0,pfefferminz,MINT,,2025-06-10,
VTR-00002048,,HP-PRIV,HP,HP-KLASSIK,CH,CHF,PTR-00000911,VRM-00031,agentur,MIT-00008,ANT-00002048,2007-08-01,,,2007-08-01,JAEHRLICH,EBILL,156.5,164.33,,3000000.0,AKTIV,2007-08-01,,,3.0,2026-08-01,NORMAL,0,pfefferminz,HAPO,2025-05-15,2007-07-16,
VTR-00002049,,HP-PRIV,HP,MZ-DIRECT,DE,EUR,PTR-00000401,VRM-00013,direkt,MIT-00008,ANT-00002049,2022-08-01,,,2022-08-01,HALBJAEHRLICH,LASTSCHRIFT,79.45,94.55,,20000000.0,AKTIV,2022-08-01,,,3.0,2026-08-01,NORMAL,0,minzia,MINT,,2022-07-30,
VTR-00002050,,HP-PRIV,HP,HP-MODERN,CH,CHF,PTR-00000812,VRM-00017,direkt,MIT-00008,ANT-00002050,2014-01-01,,,2014-01-01,JAEHRLICH,RECHNUNG,89.6,94.08,,5000000.0,GEKUENDIGT_VN,2019-08-01,2019-08-01,K17,3.0,,NORMAL,0,pfefferminz,HAPO,2025-05-15,2013-12-12,
VTR-00002051,,HP-PRIV,HP,HP-MODERN,CH,CHF,PTR-00000283,VRM-00026,agentur,MIT-00008,ANT-00002051,2016-11-01,,,2016-11-01,JAEHRLICH,RECHNUNG,114.15,119.86,,10000000.0,AKTIV,2016-11-01,,,3.0,2026-11-01,NORMAL,0,pfefferminz,HAPO,2025-05-15,2016-10-17,
VTR-00002052,,HP-PRIV,HP,HP-MODERN,CH,CHF,PTR-00000568,VRM-00025,agentur,MIT-00008,ANT-00002052,2016-01-01,,,2016-01-01,JAEHRLICH,RECHNUNG,204.25,214.46,,5000000.0,AKTIV,2016-01-01,,,3.0,2026-01-01,NORMAL,0,pfefferminz,HAPO,2025-05-15,2015-11-26,
VTR-00002053,,HP-PRIV,HP,PM-2025,CH,CHF,PTR-00000065,VRM-00017,direkt,MIT-00008,ANT-00002053,2025-03-01,,,2025-03-01,JAEHRLICH,KREDITKARTE,110.75,116.29,,10000000.0,AKTIV,2025-03-01,,,3.0,2026-03-01,NORMAL,0,minzia,MINT,,2025-01-26,
VTR-00002054,,HP-PRIV,HP,HP-MODERN,DE,EUR,PTR-00000248,VRM-00019,direkt,MIT-00019,ANT-00002054,2017-08-01,,,2017-08-01,JAEHRLICH,EBILL,81.29,96.74,,20000000.0,AKTIV,2017-08-01,,,3.0,2026-08-01,NORMAL,0,pfefferminz,HAPO,2025-05-15,2017-07-23,
VTR-00002055,,HP-PRIV,HP,HP-MODERN,CH,CHF,PTR-00000083,VRM-00005,agentur,MIT-00008,ANT-00002055,2016-05-01,,,2016-05-01,JAEHRLICH,EBILL,80.0,84.0,,5000000.0,AKTIV,2016-05-01,,,3.0,2026-05-01,NORMAL,0,pfefferminz,HAPO,2025-05-15,2016-04-07,
VTR-00002056,,HP-PRIV,HP,MZ-DIRECT,DE,EUR,PTR-00000028,VRM-00009,direkt,MIT-00044,ANT-00002056,2024-04-01,,,2024-04-01,HALBJAEHRLICH,LASTSCHRIFT,53.21,63.32,,10000000.0,AKTIV,2024-04-01,,,3.0,2026-04-01,NORMAL,0,minzia,MINT,,2024-02-28,
VTR-00002057,,HP-PRIV,HP,HP-MODERN,CH,CHF,PTR-00000818,VRM-00025,agentur,MIT-00008,ANT-00002057,2015-08-01,,,2015-08-01,JAEHRLICH,LASTSCHRIFT,133.7,140.38,,5000000.0,AKTIV,2015-08-01,,,3.0,2026-08-01,NORMAL,0,pfefferminz,HAPO,2025-05-15,2015-06-23,
VTR-00002058,,HP-PRIV,HP,HP-MODERN,DE,EUR,PTR-00000872,VRM-00019,direkt,MIT-00044,ANT-00002058,2016-05-01,,,2016-05-01,JAEHRLICH,RECHNUNG,113.07,134.55,,10000000.0,AKTIV,2016-05-01,,,3.0,2026-05-01,NORMAL,0,pfefferminz,HAPO,2025-05-15,2016-04-29,
VTR-00002059,,HP-PRIV,HP,HP-MODERN,CH,CHF,PTR-00000613,VRM-00012,agentur,MIT-00008,ANT-00002059,2016-05-01,,,2016-05-01,JAEHRLICH,LASTSCHRIFT,141.1,148.15,,5000000.0,GEKUENDIGT_VN,2017-06-01,2017-06-01,K03,3.0,,NORMAL,0,pfefferminz,HAPO,2025-05-15,2016-04-10,
VTR-00002060,,HP-PRIV,HP,PM-2025,CH,CHF,PTR-00000486,VRM-00011,agentur,MIT-00008,ANT-00002060,2025-12-01,,,2025-12-01,JAEHRLICH,LASTSCHRIFT,109.2,114.66,,5000000.0,AKTIV,2025-12-01,,,3.0,2026-12-01,NORMAL,0,pfefferminz,MINT,,2025-10-30,
VTR-00002061,,HP-PRIV,HP,MZ-DIRECT,DE,EUR,PTR-00000273,VRM-00019,direkt,MIT-00044,ANT-00002061,2022-10-01,,,2022-10-01,JAEHRLICH,LASTSCHRIFT,73.81,87.83,,5000000.0,AKTIV,2022-10-01,,,3.0,2026-10-01,NORMAL,0,minzia,MINT,,2022-09-19,
VTR-00002062,,HP-PRIV,HP,MZ-DIRECT,DE,EUR,PTR-00000167,VRM-00009,direkt,MIT-00019,ANT-00002062,2023-04-01,,,2023-04-01,VIERTELJAEHRLICH,LASTSCHRIFT,90.33,107.49,,50000000.0,AKTIV,2023-04-01,,,3.0,2026-04-01,NORMAL,0,minzia,MINT,,2023-02-24,
VTR-00002063,,HP-PRIV,HP,HP-MODERN,CH,CHF,PTR-00000247,VRM-00004,agentur,MIT-00008,ANT-00002063,2016-05-01,,,2016-05-01,JAEHRLICH,RECHNUNG,104.25,109.46,,5000000.0,AKTIV,2016-05-01,,,3.0,2026-05-01,NORMAL,0,pfefferminz,HAPO,2025-05-15,2016-03-31,
VTR-00002064,,HP-PRIV,HP,HP-MODERN,DE,EUR,PTR-00000181,VRM-00021,makler,MIT-00044,ANT-00002064,2014-03-01,,,2014-03-01,JAEHRLICH,RECHNUNG,95.96,114.19,,20000000.0,GEKUENDIGT_VU,2017-08-01,2017-08-01,K10,3.0,,NORMAL,0,pfefferminz,HAPO,2025-05-15,2014-02-15,
VTR-00002065,,HP-PRIV,HP,HP-MODERN,CH,CHF,PTR-00000385,VRM-00005,agentur,MIT-00008,ANT-00002065,2019-10-01,,,2019-10-01,JAEHRLICH,LASTSCHRIFT,127.24,133.6,,10000000.0,AKTIV,2019-10-01,,,3.0,2026-10-01,NORMAL,0,pfefferminz,HAPO,2025-05-15,2019-09-02,
VTR-00002066,,HP-PRIV,HP,HP-MODERN,DE,EUR,PTR-00000519,VRM-00021,makler,MIT-00044,ANT-00002066,2014-09-01,,,2014-09-01,HALBJAEHRLICH,RECHNUNG,158.79,188.96,,20000000.0,STORNIERT,2019-10-01,2019-10-01,K12,3.0,,NORMAL,0,pfefferminz,HAPO,2025-05-15,2014-08-30,
VTR-00002067,,HP-PRIV,HP,HP-MODERN,CH,CHF,PTR-00000249,VRM-00031,agentur,MIT-00008,ANT-00002067,2020-12-01,,,2020-12-01,VIERTELJAEHRLICH,LASTSCHRIFT,141.1,148.15,,5000000.0,AKTIV,2020-12-01,,,3.0,2026-12-01,NORMAL,0,pfefferminz,HAPO,2025-05-15,2020-10-25,
VTR-00002068,,HP-PRIV,HP,PM-2025,DE,EUR,PTR-00000327,VRM-00019,direkt,MIT-00008,ANT-00002068,2025-07-01,,,2025-07-01,JAEHRLICH,RECHNUNG,102.63,122.13,,50000000.0,AKTIV,2025-07-01,,,3.0,2026-07-01,NORMAL,0,pfefferminz,MINT,,2025-05-30,
VTR-00002069,,HP-PRIV,HP,HP-MODERN,CH,CHF,PTR-00000888,VRM-00014,direkt,MIT-00008,ANT-00002069,2018-10-01,,,2018-10-01,HALBJAEHRLICH,RECHNUNG,160.4,168.42,,5000000.0,GEKUENDIGT_VN,2023-10-01,2023-10-01,K17,3.0,,NORMAL,0,pfefferminz,HAPO,2025-05-15,2018-08-27,
VTR-00002070,,HP-PRIV,HP,MZ-DIRECT,DE,EUR,PTR-00000231,VRM-00029,direkt,MIT-00044,ANT-00002070,2021-02-01,,,2021-02-01,JAEHRLICH,LASTSCHRIFT,51.43,61.2,,50000000.0,GEKUENDIGT_VN,2023-06-01,2023-06-01,K01,3.0,,NORMAL,0,minzia,MINT,,2021-01-18,
VTR-00002071,,HP-PRIV,HP,PM-2025,CH,CHF,PTR-00000561,VRM-00014,direkt,MIT-00008,ANT-00002071,2025-04-01,,,2025-04-01,JAEHRLICH,LASTSCHRIFT,145.95,153.25,,5000000.0,AKTIV,2025-04-01,,,3.0,2026-04-01,NORMAL,0,minzia,MINT,,2025-03-23,
VTR-00002072,,HP-PRIV,HP,MZ-DIRECT,DE,EUR,PTR-00000606,VRM-00013,direkt,MIT-00044,ANT-00002072,2024-12-01,,,2024-12-01,VIERTELJAEHRLICH,KREDITKARTE,64.38,76.61,,10000000.0,AKTIV,2024-12-01,,,3.0,2026-12-01,NORMAL,0,minzia,MINT,,2024-11-03,
VTR-00002073,,HP-PRIV,HP,MZ-DIRECT,DE,EUR,PTR-00000741,VRM-00019,direkt,MIT-00044,ANT-00002073,2021-05-01,,,2021-05-01,HALBJAEHRLICH,LASTSCHRIFT,77.41,92.12,,50000000.0,AKTIV,2021-05-01,,,3.0,2026-05-01,NORMAL,0,minzia,MINT,,2021-04-12,
VTR-00002074,,HP-PRIV,HP,HP-MODERN,CH,CHF,PTR-00000043,VRM-00014,direkt,MIT-00008,ANT-00002074,2017-07-01,,,2017-07-01,JAEHRLICH,LASTSCHRIFT,215.6,226.38,,5000000.0,AKTIV,2017-07-01,,,3.0,2026-07-01,NORMAL,0,pfefferminz,HAPO,2025-05-15,2017-06-25,
VTR-00002075,,HP-PRIV,HP,MZ-DIRECT,DE,EUR,PTR-00000582,VRM-00009,direkt,MIT-00008,ANT-00002075,2022-10-01,,,2022-10-01,HALBJAEHRLICH,LASTSCHRIFT,45.0,53.55,,10000000.0,GEKUENDIGT_VN,2023-02-01,2023-02-01,K01,3.0,,NORMAL,0,minzia,MINT,,2022-09-20,
VTR-00002076,,HP-PRIV,HP,PM-2025,DE,EUR,PTR-00000482,VRM-00034,makler,MIT-00019,ANT-00002076,2025-02-01,,,2025-02-01,JAEHRLICH,EBILL,68.21,81.17,,5000000.0,AKTIV,2025-02-01,,,3.0,2026-02-01,NORMAL,0,pfefferminz,MINT,,2024-12-26,
VTR-00002077,,HP-PRIV,HP,MZ-DIRECT,DE,EUR,PTR-00000985,VRM-00009,direkt,MIT-00019,ANT-00002077,2021-12-01,,,2021-12-01,MONATLICH,LASTSCHRIFT,79.45,94.55,,5000000.0,GEKUENDIGT_VN,2024-08-01,2024-08-01,K01,3.0,,NORMAL,0,minzia,MINT,,2021-10-31,
VTR-00002078,,HP-PRIV,HP,HP-KLASSIK,CH,CHF,PTR-00000828,VRM-00014,direkt,MIT-00008,ANT-00002078,2012-02-01,,,2012-02-01,JAEHRLICH,RECHNUNG,88.47,92.9,,5000000.0,AKTIV,2012-02-01,,,3.0,2026-02-01,NORMAL,0,pfefferminz,HAPO,2025-05-15,2012-01-29,
VTR-00002079,,HP-PRIV,HP,HP-MODERN,CH,CHF,PTR-00000790,VRM-00014,direkt,MIT-00008,ANT-00002079,2017-06-01,,,2017-06-01,JAEHRLICH,LASTSCHRIFT,93.8,98.49,,5000000.0,AKTIV,2017-06-01,,,3.0,2026-06-01,NORMAL,0,pfefferminz,HAPO,2025-05-15,2017-05-28,
VTR-00002080,,HP-PRIV,HP,MZ-DIRECT,DE,EUR,PTR-00000320,VRM-00003,direkt,MIT-00044,ANT-00002080,2023-05-01,,,2023-05-01,HALBJAEHRLICH,LASTSCHRIFT,59.34,70.61,,10000000.0,GEKUENDIGT_VN,2024-08-01,2024-08-01,K01,3.0,,NORMAL,0,minzia,MINT,,2023-03-27,
VTR-00002081,,HP-PRIV,HP,MZ-DIRECT,DE,EUR,PTR-00000517,VRM-00028,direkt,MIT-00019,ANT-00002081,2024-12-01,,,2024-12-01,VIERTELJAEHRLICH,RECHNUNG,59.6,70.92,,50000000.0,AKTIV,2024-12-01,,,3.0,2026-12-01,NORMAL,0,minzia,MINT,,2024-11-20,
VTR-00002082,,HP-PRIV,HP,MZ-DIRECT,DE,EUR,PTR-00000690,VRM-00003,direkt,MIT-00044,ANT-00002082,2021-03-01,,,2021-03-01,JAEHRLICH,LASTSCHRIFT,90.03,107.14,,10000000.0,STORNIERT,2022-09-01,2022-09-01,K13,3.0,,NORMAL,0,minzia,MINT,,2021-01-22,
VTR-00002083,,HP-PRIV,HP,MZ-DIRECT,DE,EUR,PTR-00000637,VRM-00001,direkt,MIT-00008,ANT-00002083,2021-11-01,,,2021-11-01,JAEHRLICH,LASTSCHRIFT,74.23,88.33,,10000000.0,GEKUENDIGT_VN,2022-09-01,2022-09-01,K01,3.0,,NORMAL,0,minzia,MINT,,2021-09-29,
VTR-00002084,,HP-PRIV,HP,PM-2025,DE,EUR,PTR-00000274,VRM-00003,direkt,MIT-00019,ANT-00002084,2025-02-01,,,2025-02-01,JAEHRLICH,RECHNUNG,66.37,78.98,,10000000.0,AKTIV,2025-02-01,,,3.0,2026-02-01,NORMAL,0,pfefferminz,MINT,,2025-01-06,
VTR-00002085,,HP-PRIV,HP,HP-MODERN,CH,CHF,PTR-00000730,VRM-00026,agentur,MIT-00008,ANT-00002085,2013-10-01,,,2013-10-01,VIERTELJAEHRLICH,RECHNUNG,122.3,128.42,,5000000.0,GEKUENDIGT_VN,2023-11-01,2023-11-01,K01,3.0,,NORMAL,0,pfefferminz,HAPO,2025-05-15,2013-09-29,
VTR-00002086,,HP-PRIV,HP,MZ-DIRECT,DE,EUR,PTR-00000934,VRM-00029,direkt,MIT-00019,ANT-00002086,2024-11-01,,,2024-11-01,JAEHRLICH,RECHNUNG,63.91,76.05,,10000000.0,AKTIV,2024-11-01,,,3.0,2026-11-01,NORMAL,0,minzia,MINT,,2024-10-07,
VTR-00002087,,HP-PRIV,HP,HP-MODERN,CH,CHF,PTR-00000328,VRM-00014,direkt,MIT-00008,ANT-00002087,2015-02-01,,,2015-02-01,JAEHRLICH,RECHNUNG,161.25,169.31,,5000000.0,AKTIV,2015-02-01,,,3.0,2026-02-01,NORMAL,0,pfefferminz,HAPO,2025-05-15,2015-01-12,
VTR-00002088,,HP-PRIV,HP,MZ-DIRECT,DE,EUR,PTR-00000024,VRM-00028,direkt,MIT-00044,ANT-00002088,2024-04-01,,,2024-04-01,JAEHRLICH,LASTSCHRIFT,77.62,92.37,,5000000.0,AKTIV,2024-04-01,,,3.0,2026-04-01,NORMAL,0,minzia,MINT,,2024-03-15,
VTR-00002089,,HP-PRIV,HP,PM-2025,CH,CHF,PTR-00000153,VRM-00017,direkt,MIT-00008,ANT-00002089,2025-04-01,,,2025-04-01,JAEHRLICH,LASTSCHRIFT,131.0,137.55,,5000000.0,AKTIV,2025-04-01,,,3.0,2026-04-01,NORMAL,0,minzia,MINT,,2025-03-25,
VTR-00002090,,HP-PRIV,HP,MZ-DIRECT,DE,EUR,PTR-00000078,VRM-00020,direkt,MIT-00044,ANT-00002090,2024-07-01,,,2024-07-01,JAEHRLICH,LASTSCHRIFT,45.15,53.73,,20000000.0,AKTIV,2024-07-01,,,3.0,2026-07-01,NORMAL,0,minzia,MINT,,2024-06-17,
VTR-00002091,,HP-PRIV,HP,MZ-DIRECT,DE,EUR,PTR-00000230,VRM-00001,direkt,MIT-00019,ANT-00002091,2022-08-01,,,2022-08-01,HALBJAEHRLICH,LASTSCHRIFT,110.32,131.28,,20000000.0,AKTIV,2022-08-01,,,3.0,2026-08-01,NORMAL,0,minzia,MINT,,2022-07-17,
VTR-00002092,,HP-PRIV,HP,MZ-DIRECT,DE,EUR,PTR-00000334,VRM-00019,direkt,MIT-00019,ANT-00002092,2023-01-01,,,2023-01-01,VIERTELJAEHRLICH,LASTSCHRIFT,63.91,76.05,,10000000.0,AKTIV,2023-01-01,,,3.0,2026-01-01,NORMAL,0,minzia,MINT,,2022-12-08,
VTR-00002093,,HP-PRIV,HP,HP-KLASSIK,CH,CHF,PTR-00000306,VRM-00015,direkt,MIT-00008,ANT-00002093,2011-02-01,,,2011-02-01,JAEHRLICH,LASTSCHRIFT,137.6,144.48,,5000000.0,GEKUENDIGT_VN,2013-02-01,2013-02-01,K04,3.0,,NORMAL,0,pfefferminz,HAPO,2025-05-15,2011-01-24,
VTR-00002094,,HP-PRIV,HP,HP-KLASSIK,DE,EUR,PTR-00000755,VRM-00010,makler,MIT-00044,ANT-00002094,2011-11-01,,,2011-11-01,JAEHRLICH,KREDITKARTE,39.57,47.09,,5000000.0,GEKUENDIGT_VU,2018-04-01,2018-04-01,K10,3.0,,NORMAL,0,pfefferminz,HAPO,2025-05-15,2011-10-02,
VTR-00002095,,HP-PRIV,HP,PM-2025,CH,CHF,PTR-00000524,VRM-00025,bank,MIT-00008,ANT-00002095,2025-07-01,,,2025-07-01,VIERTELJAEHRLICH,RECHNUNG,160.86,168.91,,5000000.0,AKTIV,2025-07-01,,,3.0,2026-07-01,NORMAL,0,pfefferminz,MINT,,2025-06-14,
VTR-00002096,,HP-PRIV,HP,MZ-DIRECT,DE,EUR,PTR-00000809,VRM-00019,direkt,MIT-00008,ANT-00002096,2024-02-01,,,2024-02-01,JAEHRLICH,LASTSCHRIFT,72.37,86.12,,10000000.0,AKTIV,2024-02-01,,,3.0,2026-02-01,NORMAL,0,minzia,MINT,,2024-01-29,
VTR-00002097,,HP-PRIV,HP,MZ-DIRECT,DE,EUR,PTR-00000627,VRM-00003,direkt,MIT-00008,ANT-00002097,2023-09-01,,,2023-09-01,HALBJAEHRLICH,LASTSCHRIFT,72.12,85.82,,20000000.0,AKTIV,2023-09-01,,,3.0,2026-09-01,NORMAL,0,minzia,MINT,,2023-08-26,
VTR-00002098,,HP-PRIV,HP,PM-2025,DE,EUR,PTR-00000877,VRM-00003,direkt,MIT-00044,ANT-00002098,2025-12-01,,,2025-12-01,JAEHRLICH,RECHNUNG,67.17,79.93,,5000000.0,AKTIV,2025-12-01,,,3.0,2026-12-01,NORMAL,0,pfefferminz,MINT,,2025-10-25,
VTR-00002099,,HP-PRIV,HP,MZ-DIRECT,DE,EUR,PTR-00000720,VRM-00003,direkt,MIT-00019,ANT-00002099,2023-04-01,,,2023-04-01,JAEHRLICH,LASTSCHRIFT,124.51,148.17,,10000000.0,AKTIV,2023-04-01,,,3.0,2026-04-01,NORMAL,0,minzia,MINT,,2023-03-26,
VTR-00002100,,HP-PRIV,HP,HP-MODERN,CH,CHF,PTR-00000731,VRM-00014,direkt,MIT-00008,ANT-00002100,2020-01-01,,,2020-01-01,JAEHRLICH,RECHNUNG,170.8,179.34,,5000000.0,AKTIV,2020-01-01,,,3.0,2026-01-01,NORMAL,0,pfefferminz,HAPO,2025-05-15,2019-12-02,
VTR-00002101,,HP-PRIV,HP,HP-MODERN,CH,CHF,PTR-00000932,VRM-00014,direkt,MIT-00008,ANT-00002101,2020-06-01,,,2020-06-01,JAEHRLICH,RECHNUNG,84.9,89.15,,5000000.0,AKTIV,2020-06-01,,,3.0,2026-06-01,NORMAL,0,pfefferminz,HAPO,2025-05-15,2020-04-24,
VTR-00002102,,HP-PRIV,HP,PM-2025,CH,CHF,PTR-00000794,VRM-00017,direkt,MIT-00008,ANT-00002102,2025-07-01,,,2025-07-01,JAEHRLICH,LASTSCHRIFT,140.7,147.74,,5000000.0,AKTIV,2025-07-01,,,3.0,2026-07-01,NORMAL,0,pfefferminz,MINT,,2025-05-26,
VTR-00002103,,HP-PRIV,HP,HP-MODERN,DE,EUR,PTR-00000034,VRM-00001,direkt,MIT-00008,ANT-00002103,2020-10-01,,,2020-10-01,JAEHRLICH,EBILL,82.92,98.67,,5000000.0,AKTIV,2020-10-01,,,3.0,2026-10-01,NORMAL,0,pfefferminz,HAPO,2025-05-15,2020-08-28,
VTR-00002104,,HP-PRIV,HP,HP-MODERN,CH,CHF,PTR-00000241,VRM-00025,agentur,MIT-00008,ANT-00002104,2018-05-01,,,2018-05-01,HALBJAEHRLICH,LASTSCHRIFT,171.25,179.81,,10000000.0,AKTIV,2018-05-01,,,3.0,2026-05-01,NORMAL,0,pfefferminz,HAPO,2025-05-15,2018-03-31,
VTR-00002105,,HP-PRIV,HP,HP-MODERN,CH,CHF,PTR-00000542,VRM-00040,agentur,MIT-00008,ANT-00002105,2015-03-01,,,2015-03-01,JAEHRLICH,RECHNUNG,217.13,227.98,,5000000.0,AKTIV,2015-03-01,,,3.0,2026-03-01,NORMAL,0,pfefferminz,HAPO,2025-05-15,2015-02-02,
VTR-00002106,,HP-PRIV,HP,MZ-DIRECT,DE,EUR,PTR-00000841,VRM-00029,direkt,MIT-00008,ANT-00002106,2024-07-01,,,2024-07-01,JAEHRLICH,EBILL,54.13,64.41,,50000000.0,AKTIV,2024-07-01,,,3.0,2026-07-01,NORMAL,0,minzia,MINT,,2024-06-22,
VTR-00002107,,HP-PRIV,HP,HP-MODERN,DE,EUR,PTR-00000220,VRM-00019,direkt,MIT-00044,ANT-00002107,2017-07-01,,,2017-07-01,JAEHRLICH,LASTSCHRIFT,54.34,64.66,,20000000.0,GEKUENDIGT_VN,2019-08-01,2019-08-01,K04,3.0,,NORMAL,0,pfefferminz,HAPO,2025-05-15,2017-05-23,
VTR-00002108,,HP-PRIV,HP,HP-KLASSIK,DE,EUR,PTR-00000315,VRM-00010,makler,MIT-00044,ANT-00002108,2005-03-01,,,2005-03-01,JAEHRLICH,LASTSCHRIFT,51.9,61.76,,5000000.0,GEKUENDIGT_VN,2010-12-01,2010-12-01,K01,3.0,,NORMAL,0,pfefferminz,HAPO,2025-05-15,2005-01-29,
VTR-00002109,,HP-PRIV,HP,HP-MODERN,DE,EUR,PTR-00000630,VRM-00013,direkt,MIT-00044,ANT-00002109,2014-08-01,,,2014-08-01,JAEHRLICH,LASTSCHRIFT,79.31,94.38,,20000000.0,GEKUENDIGT_VN,2024-07-01,2024-07-01,K01,3.0,,NORMAL,0,pfefferminz,HAPO,2025-05-15,2014-07-29,
VTR-00002110,,HP-PRIV,HP,MZ-DIRECT,DE,EUR,PTR-00000711,VRM-00029,direkt,MIT-00019,ANT-00002110,2022-01-01,,,2022-01-01,HALBJAEHRLICH,RECHNUNG,49.66,59.1,,20000000.0,AKTIV,2022-01-01,,,3.0,2026-01-01,NORMAL,0,minzia,MINT,,2021-11-26,
VTR-00002111,,HP-PRIV,HP,PM-2025,CH,CHF,PTR-00000607,VRM-00014,direkt,MIT-00008,ANT-00002111,2025-09-01,,,2025-09-01,JAEHRLICH,LASTSCHRIFT,97.05,101.9,,5000000.0,AKTIV,2025-09-01,,,3.0,2026-09-01,NORMAL,0,minzia,MINT,,2025-07-30,
VTR-00002112,,HP-PRIV,HP,MZ-DIRECT,DE,EUR,PTR-00000708,VRM-00019,direkt,MIT-00008,ANT-00002112,2021-10-01,,,2021-10-01,JAEHRLICH,KREDITKARTE,68.64,81.68,,10000000.0,AKTIV,2021-10-01,,,3.0,2026-10-01,NORMAL,0,minzia,MINT,,2021-09-17,
VTR-00002113,,HP-PRIV,HP,HP-MODERN,DE,EUR,PTR-00000238,VRM-00032,makler,MIT-00044,ANT-00002113,2013-10-01,,,2013-10-01,JAEHRLICH,RECHNUNG,141.51,168.4,,5000000.0,AKTIV,2013-10-01,,,3.0,2026-10-01,NORMAL,0,pfefferminz,HAPO,2025-05-15,2013-09-08,
VTR-00002114,,HP-PRIV,HP,MZ-DIRECT,DE,EUR,PTR-00000432,VRM-00009,direkt,MIT-00008,ANT-00002114,2024-04-01,,,2024-04-01,JAEHRLICH,LASTSCHRIFT,47.94,57.05,,20000000.0,AKTIV,2024-04-01,,,3.0,2026-04-01,NORMAL,0,minzia,MINT,,2024-03-14,
VTR-00002115,,HP-PRIV,HP,MZ-DIRECT,DE,EUR,PTR-00000172,VRM-00019,direkt,MIT-00008,ANT-00002115,2024-10-01,,,2024-10-01,HALBJAEHRLICH,KREDITKARTE,66.56,79.21,,20000000.0,AKTIV,2024-10-01,,,3.0,2026-10-01,NORMAL,0,minzia,MINT,,2024-09-19,
VTR-00002116,,HP-PRIV,HP,MZ-DIRECT,DE,EUR,PTR-00000677,VRM-00028,direkt,MIT-00019,ANT-00002116,2024-01-01,,,2024-01-01,JAEHRLICH,LASTSCHRIFT,104.73,124.63,,20000000.0,AKTIV,2024-01-01,,,3.0,2026-01-01,NORMAL,0,minzia,MINT,,2023-12-19,
VTR-00002117,,HP-PRIV,HP,HP-MODERN,DE,EUR,PTR-00000305,VRM-00010,makler,MIT-00008,ANT-00002117,2015-11-01,,,2015-11-01,HALBJAEHRLICH,RECHNUNG,45.2,53.79,,20000000.0,GEKUENDIGT_VN,2016-11-01,2016-11-01,K02,3.0,,NORMAL,0,pfefferminz,HAPO,2025-05-15,2015-09-25,
VTR-00002118,,HP-PRIV,HP,HP-MODERN,DE,EUR,PTR-00000500,VRM-00003,direkt,MIT-00044,ANT-00002118,2014-04-01,,,2014-04-01,JAEHRLICH,LASTSCHRIFT,67.51,80.34,,5000000.0,STORNIERT,2018-03-01,2018-03-01,K07,3.0,,NORMAL,0,pfefferminz,HAPO,2025-05-15,2014-03-22,
VTR-00002119,,HP-PRIV,HP,PM-2025,CH,CHF,PTR-00000424,VRM-00014,direkt,MIT-00008,ANT-00002119,2025-12-01,,,2025-12-01,HALBJAEHRLICH,RECHNUNG,97.3,102.17,,5000000.0,AKTIV,2025-12-01,,,3.0,2026-12-01,NORMAL,0,minzia,MINT,,2025-11-07,
VTR-00002120,,HP-PRIV,HP,PM-2025,DE,EUR,PTR-00000533,VRM-00037,makler,MIT-00044,ANT-00002120,2025-03-01,,,2025-03-01,JAEHRLICH,RECHNUNG,101.67,120.99,,20000000.0,AKTIV,2025-03-01,,,3.0,2026-03-01,NORMAL,0,pfefferminz,MINT,,2025-02-25,
VTR-00002121,,HP-PRIV,HP,HP-MODERN,DE,EUR,PTR-00000447,VRM-00010,makler,MIT-00044,ANT-00002121,2019-11-01,,,2019-11-01,JAEHRLICH,RECHNUNG,83.7,99.6,,10000000.0,AKTIV,2019-11-01,,,3.0,2026-11-01,NORMAL,0,pfefferminz,HAPO,2025-05-15,2019-10-03,
VTR-00002122,,HP-PRIV,HP,MZ-DIRECT,DE,EUR,PTR-00000917,VRM-00029,direkt,MIT-00044,ANT-00002122,2023-09-01,,,2023-09-01,JAEHRLICH,LASTSCHRIFT,78.46,93.37,,10000000.0,AKTIV,2023-09-01,,,3.0,2026-09-01,NORMAL,0,minzia,MINT,,2023-08-08,
VTR-00002123,,HP-PRIV,HP,HP-MODERN,DE,EUR,PTR-00000824,VRM-00021,makler,MIT-00008,ANT-00002123,2014-08-01,,,2014-08-01,JAEHRLICH,RECHNUNG,65.18,77.56,,10000000.0,GEKUENDIGT_VN,2019-05-01,2019-05-01,K03,3.0,,NORMAL,0,pfefferminz,HAPO,2025-05-15,2014-07-26,
VTR-00002124,,HP-PRIV,HP,MZ-DIRECT,DE,EUR,PTR-00000187,VRM-00009,direkt,MIT-00044,ANT-00002124,2021-12-01,,,2021-12-01,VIERTELJAEHRLICH,LASTSCHRIFT,70.21,83.55,,20000000.0,GEKUENDIGT_VN,2024-06-01,2024-06-01,K01,3.0,,NORMAL,0,minzia,MINT,,2021-10-26,
VTR-00002125,,HP-PRIV,HP,HP-MODERN,CH,CHF,PTR-00000258,VRM-00040,agentur,MIT-00008,ANT-00002125,2016-11-01,,,2016-11-01,JAEHRLICH,RECHNUNG,88.6,93.03,,5000000.0,GEKUENDIGT_VN,2020-06-01,2020-06-01,K09,3.0,,NORMAL,0,pfefferminz,HAPO,2025-05-15,2016-09-24,
VTR-00002126,,HP-PRIV,HP,HP-MODERN,CH,CHF,PTR-00000704,VRM-00017,bank,MIT-00008,ANT-00002126,2015-03-01,,,2015-03-01,JAEHRLICH,RECHNUNG,157.35,165.22,,5000000.0,AKTIV,2015-03-01,,,3.0,2026-03-01,NORMAL,0,pfefferminz,HAPO,2025-05-15,2015-01-27,
VTR-00002127,,HP-PRIV,HP,HP-MODERN,DE,EUR,PTR-00000522,VRM-00029,direkt,MIT-00008,ANT-00002127,2017-04-01,,,2017-04-01,VIERTELJAEHRLICH,RECHNUNG,56.64,67.4,,10000000.0,GEKUENDIGT_VU,2020-08-01,2020-08-01,K11,3.0,,NORMAL,0,pfefferminz,HAPO,2025-05-15,2017-03-19,
VTR-00002128,,HP-PRIV,HP,PM-2025,CH,CHF,PTR-00000318,VRM-00005,agentur,MIT-00008,ANT-00002128,2025-05-01,,,2025-05-01,JAEHRLICH,LASTSCHRIFT,168.55,176.98,,10000000.0,AKTIV,2025-05-01,,,3.0,2026-05-01,NORMAL,0,pfefferminz,MINT,,2025-04-23,
VTR-00002129,,HP-PRIV,HP,HP-MODERN,CH,CHF,PTR-00000508,VRM-00026,agentur,MIT-00008,ANT-00002129,2014-07-01,,,2014-07-01,JAEHRLICH,RECHNUNG,148.9,156.35,,5000000.0,GEKUENDIGT_VN,2019-03-01,2019-03-01,K06,3.0,,NORMAL,0,pfefferminz,HAPO,2025-05-15,2014-06-19,
VTR-00002130,,HP-PRIV,HP,MZ-DIRECT,DE,EUR,PTR-00000629,VRM-00020,direkt,MIT-00044,ANT-00002130,2021-11-01,,,2021-11-01,HALBJAEHRLICH,LASTSCHRIFT,103.42,123.07,,5000000.0,AKTIV,2021-11-01,,,3.0,2026-11-01,NORMAL,0,minzia,MINT,,2021-10-11,
VTR-00002131,,HP-PRIV,HP,HP-MODERN,DE,EUR,PTR-00000761,VRM-00013,direkt,MIT-00008,ANT-00002131,2015-07-01,,,2015-07-01,JAEHRLICH,EBILL,124.8,148.51,,10000000.0,GEKUENDIGT_VN,2019-05-01,2019-05-01,K06,3.0,,NORMAL,0,pfefferminz,HAPO,2025-05-15,2015-06-06,
VTR-00002132,,HP-PRIV,HP,MZ-DIRECT,DE,EUR,PTR-00000560,VRM-00028,direkt,MIT-00008,ANT-00002132,2023-06-01,,,2023-06-01,HALBJAEHRLICH,LASTSCHRIFT,94.46,112.41,,10000000.0,AKTIV,2023-06-01,,,3.0,2026-06-01,NORMAL,0,minzia,MINT,,2023-05-07,
VTR-00002133,,HP-PRIV,HP,PM-2025,CH,CHF,PTR-00000148,VRM-00040,makler,MIT-00008,ANT-00002133,2025-11-01,,,2025-11-01,JAEHRLICH,RECHNUNG,242.25,254.36,,5000000.0,AKTIV,2025-11-01,,,3.0,2026-11-01,NORMAL,0,pfefferminz,MINT,,2025-10-21,
VTR-00002134,,HP-PRIV,HP,PM-2025,DE,EUR,PTR-00000558,VRM-00034,makler,MIT-00019,ANT-00002134,2025-08-01,,,2025-08-01,JAEHRLICH,EBILL,130.86,155.72,,10000000.0,AKTIV,2025-08-01,,,3.0,2026-08-01,NORMAL,0,pfefferminz,MINT,,2025-06-27,
VTR-00002135,,HP-PRIV,HP,HP-MODERN,CH,CHF,PTR-00000276,VRM-00012,agentur,MIT-00008,ANT-00002135,2017-01-01,,,2017-01-01,JAEHRLICH,LASTSCHRIFT,131.05,137.6,,5000000.0,STORNIERT,2024-07-02,2024-07-02,K07,3.0,,NORMAL,0,pfefferminz,HAPO,2025-05-15,2016-12-17,
VTR-00002136,,HP-PRIV,HP,PM-2025,CH,CHF,PTR-00000201,VRM-00039,agentur,MIT-00008,ANT-00002136,2025-05-01,,,2025-05-01,JAEHRLICH,EBILL,199.25,209.21,,10000000.0,AKTIV,2025-05-01,,,3.0,2026-05-01,NORMAL,0,pfefferminz,MINT,,2025-03-23,
VTR-00002137,,HP-PRIV,HP,PM-2025,CH,CHF,PTR-00000254,VRM-00014,direkt,MIT-00008,ANT-00002137,2025-12-01,,,2025-12-01,MONATLICH,KREDITKARTE,197.35,207.22,,10000000.0,AKTIV,2025-12-01,,,3.0,2026-12-01,NORMAL,0,minzia,MINT,,2025-11-21,
VTR-00002138,,HP-PRIV,HP,HP-MODERN,CH,CHF,PTR-00000842,VRM-00040,agentur,MIT-00008,ANT-00002138,2018-04-01,,,2018-04-01,JAEHRLICH,EBILL,113.9,119.6,,10000000.0,GEKUENDIGT_VN,2019-06-01,2019-06-01,K04,3.0,,NORMAL,0,pfefferminz,HAPO,2025-05-15,2018-02-23,
VTR-00002139,,HP-PRIV,HP,PM-2025,DE,EUR,PTR-00000224,VRM-00028,direkt,MIT-00008,ANT-00002139,2025-12-01,,,2025-12-01,JAEHRLICH,RECHNUNG,86.21,102.59,,20000000.0,AKTIV,2025-12-01,,,3.0,2026-12-01,NORMAL,0,pfefferminz,MINT,,2025-11-09,
VTR-00002140,,HP-PRIV,HP,MZ-DIRECT,DE,EUR,PTR-00000374,VRM-00028,direkt,MIT-00019,ANT-00002140,2022-10-01,,,2022-10-01,JAEHRLICH,LASTSCHRIFT,152.32,181.26,,50000000.0,AKTIV,2022-10-01,,,3.0,2026-10-01,NORMAL,0,minzia,MINT,,2022-09-27,
VTR-00002141,,HP-PRIV,HP,MZ-DIRECT,DE,EUR,PTR-00000768,VRM-00028,direkt,MIT-00044,ANT-00002141,2024-11-01,,,2024-11-01,VIERTELJAEHRLICH,LASTSCHRIFT,62.37,74.22,,20000000.0,AKTIV,2024-11-01,,,3.0,2026-11-01,NORMAL,0,minzia,MINT,,2024-10-28,
VTR-00002142,,HP-PRIV,HP,HP-KLASSIK,DE,EUR,PTR-00000116,VRM-00013,direkt,MIT-00044,ANT-00002142,2001-05-01,,,2001-05-01,JAEHRLICH,EBILL,38.34,45.63,,5000000.0,GEKUENDIGT_VN,2004-12-01,2004-12-01,K02,3.0,,NORMAL,0,pfefferminz,HAPO,2025-05-15,2001-04-08,
VTR-00002143,,HP-PRIV,HP,PM-2025,CH,CHF,PTR-00000931,VRM-00014,direkt,MIT-00008,ANT-00002143,2025-06-01,,,2025-06-01,JAEHRLICH,LASTSCHRIFT,110.6,116.13,,5000000.0,AKTIV,2025-06-01,,,3.0,2026-06-01,NORMAL,0,minzia,MINT,,2025-05-15,
VTR-00002144,,HP-PRIV,HP,HP-MODERN,CH,CHF,PTR-00000085,VRM-00040,agentur,MIT-00008,ANT-00002144,2015-06-01,,,2015-06-01,JAEHRLICH,RECHNUNG,108.3,113.72,,5000000.0,GEKUENDIGT_VN,2024-02-01,2024-02-01,K09,3.0,,NORMAL,0,pfefferminz,HAPO,2025-05-15,2015-05-13,
VTR-00002145,,HP-PRIV,HP,HP-KLASSIK,CH,CHF,PTR-00000773,VRM-00036,agentur,MIT-00008,ANT-00002145,2011-11-01,,,2011-11-01,HALBJAEHRLICH,RECHNUNG,82.75,86.89,,5000000.0,AKTIV,2011-11-01,,,3.0,2026-11-01,NORMAL,0,pfefferminz,HAPO,2025-05-15,2011-10-26,
VTR-00002146,,HP-PRIV,HP,MZ-DIRECT,DE,EUR,PTR-00000244,VRM-00013,direkt,MIT-00008,ANT-00002146,2023-07-01,,,2023-07-01,JAEHRLICH,LASTSCHRIFT,50.16,59.69,,5000000.0,AKTIV,2023-07-01,,,3.0,2026-07-01,NORMAL,0,minzia,MINT,,2023-05-25,
VTR-00002147,,HP-PRIV,HP,PM-2025,CH,CHF,PTR-00000811,VRM-00036,agentur,MIT-00008,ANT-00002147,2025-03-01,,,2025-03-01,JAEHRLICH,EBILL,131.85,138.44,,10000000.0,AKTIV,2025-03-01,,,3.0,2026-03-01,NORMAL,0,pfefferminz,MINT,,2025-02-05,
VTR-00002148,,HP-PRIV,HP,MZ-DIRECT,DE,EUR,PTR-00000179,VRM-00019,direkt,MIT-00044,ANT-00002148,2021-02-01,,,2021-02-01,JAEHRLICH,EBILL,56.35,67.06,,10000000.0,AKTIV,2021-02-01,,,3.0,2026-02-01,NORMAL,0,minzia,MINT,,2021-01-21,
VTR-00002149,,HP-PRIV,HP,MZ-DIRECT,DE,EUR,PTR-00000463,VRM-00019,direkt,MIT-00008,ANT-00002149,2024-02-01,,,2024-02-01,JAEHRLICH,KREDITKARTE,54.21,64.51,,10000000.0,AKTIV,2024-02-01,,,3.0,2026-02-01,NORMAL,0,minzia,MINT,,2024-01-29,
VTR-00002150,,HP-PRIV,HP,HP-MODERN,CH,CHF,PTR-00000535,VRM-00005,agentur,MIT-00008,ANT-00002150,2014-01-01,,,2014-01-01,HALBJAEHRLICH,RECHNUNG,141.45,148.52,,5000000.0,AKTIV,2014-01-01,,,3.0,2026-01-01,NORMAL,0,pfefferminz,HAPO,2025-05-15,2013-11-24,
VTR-00002151,,HP-PRIV,HP,MZ-DIRECT,DE,EUR,PTR-00000636,VRM-00028,direkt,MIT-00044,ANT-00002151,2024-08-01,,,2024-08-01,JAEHRLICH,KREDITKARTE,46.01,54.75,,50000000.0,AKTIV,2024-08-01,,,3.0,2026-08-01,NORMAL,0,minzia,MINT,,2024-07-12,
VTR-00002152,,HP-PRIV,HP,MZ-DIRECT,DE,EUR,PTR-00000845,VRM-00001,direkt,MIT-00008,ANT-00002152,2021-03-01,,,2021-03-01,HALBJAEHRLICH,EBILL,48.3,57.48,,5000000.0,AKTIV,2021-03-01,,,3.0,2026-03-01,NORMAL,0,minzia,MINT,,2021-02-14,
VTR-00002153,,HP-PRIV,HP,HP-MODERN,CH,CHF,PTR-00000097,VRM-00026,agentur,MIT-00008,ANT-00002153,2020-03-01,,,2020-03-01,HALBJAEHRLICH,LASTSCHRIFT,134.0,140.7,,5000000.0,AKTIV,2020-03-01,,,3.0,2026-03-01,NORMAL,0,pfefferminz,HAPO,2025-05-15,2020-02-14,
VTR-00002154,,HP-PRIV,HP,PM-2025,CH,CHF,PTR-00000964,VRM-00017,direkt,MIT-00008,ANT-00002154,2025-03-01,,,2025-03-01,HALBJAEHRLICH,LASTSCHRIFT,125.0,131.25,,10000000.0,AKTIV,2025-03-01,,,3.0,2026-03-01,NORMAL,0,minzia,MINT,,2025-01-31,
VTR-00002155,,HP-PRIV,HP,MZ-DIRECT,DE,EUR,PTR-00000703,VRM-00029,direkt,MIT-00044,ANT-00002155,2022-11-01,,,2022-11-01,JAEHRLICH,LASTSCHRIFT,52.21,62.13,,5000000.0,GEKUENDIGT_VN,2024-11-01,2024-11-01,K01,3.0,,NORMAL,0,minzia,MINT,,2022-10-05,
VTR-00002156,,HP-PRIV,HP,PM-2025,DE,EUR,PTR-00000397,VRM-00027,makler,MIT-00044,ANT-00002156,2025-03-01,,,2025-03-01,JAEHRLICH,LASTSCHRIFT,145.14,172.72,,10000000.0,AKTIV,2025-03-01,,,3.0,2026-03-01,NORMAL,0,pfefferminz,MINT,,2025-01-29,
VTR-00002157,,HP-PRIV,HP,HP-MODERN,CH,CHF,PTR-00000040,VRM-00014,direkt,MIT-00008,ANT-00002157,2020-04-01,,,2020-04-01,HALBJAEHRLICH,LASTSCHRIFT,108.45,113.87,,10000000.0,AKTIV,2020-04-01,,,3.0,2026-04-01,NORMAL,0,pfefferminz,HAPO,2025-05-15,2020-03-27,
VTR-00002158,,HP-PRIV,HP,HP-MODERN,CH,CHF,PTR-00000084,VRM-00014,direkt,MIT-00008,ANT-00002158,2020-09-01,,,2020-09-01,MONATLICH,LASTSCHRIFT,80.0,84.0,,5000000.0,AKTIV,2020-09-01,,,3.0,2026-09-01,NORMAL,0,pfefferminz,HAPO,2025-05-15,2020-08-07,
VTR-00002159,,HP-PRIV,HP,MZ-DIRECT,DE,EUR,PTR-00000112,VRM-00028,direkt,MIT-00044,ANT-00002159,2023-09-01,,,2023-09-01,JAEHRLICH,RECHNUNG,62.15,73.96,,5000000.0,AKTIV,2023-09-01,,,3.0,2026-09-01,NORMAL,0,minzia,MINT,,2023-07-30,
VTR-00002160,,HP-PRIV,HP,MZ-DIRECT,DE,EUR,PTR-00000919,VRM-00028,direkt,MIT-00019,ANT-00002160,2022-09-01,,,2022-09-01,JAEHRLICH,LASTSCHRIFT,78.89,93.88,,10000000.0,AKTIV,2022-09-01,,,3.0,2026-09-01,NORMAL,0,minzia,MINT,,2022-08-07,
VTR-00002161,,HP-PRIV,HP,PM-2025,CH,CHF,PTR-00000929,VRM-00014,bank,MIT-00008,ANT-00002161,2025-05-01,,,2025-05-01,VIERTELJAEHRLICH,RECHNUNG,99.0,103.95,,5000000.0,AKTIV,2025-05-01,,,3.0,2026-05-01,NORMAL,0,pfefferminz,MINT,,2025-03-23,
VTR-00002162,,HP-PRIV,HP,MZ-DIRECT,DE,EUR,PTR-00000512,VRM-00009,direkt,MIT-00008,ANT-00002162,2021-11-01,,,2021-11-01,JAEHRLICH,RECHNUNG,150.11,178.63,,50000000.0,GEKUENDIGT_VN,2022-03-01,2022-03-01,K02,3.0,,NORMAL,0,minzia,MINT,,2021-10-06,
VTR-00002163,,HP-PRIV,HP,HP-MODERN,DE,EUR,PTR-00000324,VRM-00019,direkt,MIT-00019,ANT-00002163,2015-07-01,,,2015-07-01,JAEHRLICH,RECHNUNG,70.27,83.62,,20000000.0,GEKUENDIGT_VN,2021-01-01,2021-01-01,K02,3.0,,NORMAL,0,pfefferminz,HAPO,2025-05-15,2015-06-05,
VTR-00002164,,HP-PRIV,HP,MZ-DIRECT,DE,EUR,PTR-00000110,VRM-00013,direkt,MIT-00044,ANT-00002164,2024-04-01,,,2024-04-01,JAEHRLICH,EBILL,68.16,81.11,,5000000.0,AKTIV,2024-04-01,,,3.0,2026-04-01,NORMAL,0,minzia,MINT,,2024-03-18,
VTR-00002165,,HP-PRIV,HP,PM-2025,CH,CHF,PTR-00000574,VRM-00017,direkt,MIT-00008,ANT-00002165,2025-08-01,,,2025-08-01,JAEHRLICH,RECHNUNG,190.45,199.97,,5000000.0,AKTIV,2025-08-01,,,3.0,2026-08-01,NORMAL,0,pfefferminz,MINT,,2025-07-23,
VTR-00002166,,HP-PRIV,HP,MZ-DIRECT,DE,EUR,PTR-00000049,VRM-00003,direkt,MIT-00019,ANT-00002166,2022-09-01,,,2022-09-01,JAEHRLICH,RECHNUNG,55.51,66.06,,20000000.0,GEKUENDIGT_VN,2023-03-01,2023-03-01,K04,3.0,,NORMAL,0,minzia,MINT,,2022-08-09,
VTR-00002167,,HP-PRIV,HP,PM-2025,DE,EUR,PTR-00000679,VRM-00032,makler,MIT-00044,ANT-00002167,2025-01-01,,,2025-01-01,HALBJAEHRLICH,RECHNUNG,97.59,116.13,,10000000.0,AKTIV,2025-01-01,,,3.0,2026-01-01,NORMAL,0,pfefferminz,MINT,,2024-12-30,
VTR-00002168,,HP-PRIV,HP,HP-MODERN,CH,CHF,PTR-00000128,VRM-00014,makler,MIT-00008,ANT-00002168,2014-05-01,,,2014-05-01,JAEHRLICH,RECHNUNG,207.2,217.56,,10000000.0,AKTIV,2014-05-01,,,3.0,2026-05-01,NORMAL,0,pfefferminz,HAPO,2025-05-15,2014-04-04,
VTR-00002169,,HP-PRIV,HP,MZ-DIRECT,DE,EUR,PTR-00000109,VRM-00019,direkt,MIT-00008,ANT-00002169,2022-01-01,,,2022-01-01,JAEHRLICH,LASTSCHRIFT,52.59,62.58,,20000000.0,AKTIV,2022-01-01,,,3.0,2026-01-01,NORMAL,0,minzia,MINT,,2021-12-01,
VTR-00002170,,HP-PRIV,HP,MZ-DIRECT,DE,EUR,PTR-00000205,VRM-00020,direkt,MIT-00008,ANT-00002170,2021-03-01,,,2021-03-01,JAEHRLICH,KREDITKARTE,252.42,300.38,,5000000.0,AKTIV,2021-03-01,,,3.0,2026-03-01,NORMAL,0,minzia,MINT,,2021-01-28,
VTR-00002171,,HP-PRIV,HP,MZ-DIRECT,DE,EUR,PTR-00000208,VRM-00029,direkt,MIT-00019,ANT-00002171,2023-04-01,,,2023-04-01,MONATLICH,LASTSCHRIFT,101.24,120.48,,10000000.0,AKTIV,2023-04-01,,,3.0,2026-04-01,NORMAL,0,minzia,MINT,,2023-03-01,
VTR-00002172,,HP-PRIV,HP,HP-MODERN,CH,CHF,PTR-00000916,VRM-00017,direkt,MIT-00008,ANT-00002172,2014-11-01,,,2014-11-01,VIERTELJAEHRLICH,RECHNUNG,92.45,97.07,,5000000.0,AKTIV,2014-11-01,,,3.0,2026-11-01,NORMAL,0,pfefferminz,HAPO,2025-05-15,2014-10-27,
VTR-00002173,,HP-PRIV,HP,PM-2025,DE,EUR,PTR-00000718,VRM-00010,makler,MIT-00044,ANT-00002173,2025-04-01,,,2025-04-01,HALBJAEHRLICH,RECHNUNG,92.61,110.21,,10000000.0,AKTIV,2025-04-01,,,3.0,2026-04-01,NORMAL,0,pfefferminz,MINT,,2025-03-29,
VTR-00002174,,HP-PRIV,HP,PM-2025,CH,CHF,PTR-00000968,VRM-00014,direkt,MIT-00008,ANT-00002174,2025-04-01,,,2025-04-01,JAEHRLICH,EBILL,138.65,145.58,,5000000.0,AKTIV,2025-04-01,,,3.0,2026-04-01,NORMAL,0,minzia,MINT,,2025-02-21,
VTR-00002175,,HP-PRIV,HP,PM-2025,CH,CHF,PTR-00000295,VRM-00014,direkt,MIT-00008,ANT-00002175,2025-10-01,,,2025-10-01,JAEHRLICH,KREDITKARTE,128.11,134.51,,5000000.0,AKTIV,2025-10-01,,,3.0,2026-10-01,NORMAL,0,minzia,MINT,,2025-09-18,
VTR-00002176,,HP-PRIV,HP,HP-MODERN,DE,EUR,PTR-00000563,VRM-00001,direkt,MIT-00008,ANT-00002176,2016-04-01,,,2016-04-01,JAEHRLICH,LASTSCHRIFT,55.33,65.84,,10000000.0,AKTIV,2016-04-01,,,3.0,2026-04-01,NORMAL,0,pfefferminz,HAPO,2025-05-15,2016-03-10,
VTR-00002177,,HP-PRIV,HP,MZ-DIRECT,DE,EUR,PTR-00000984,VRM-00019,direkt,MIT-00044,ANT-00002177,2021-05-01,,,2021-05-01,VIERTELJAEHRLICH,EBILL,43.59,51.87,,5000000.0,AKTIV,2021-05-01,,,3.0,2026-05-01,NORMAL,0,minzia,MINT,,2021-03-28,
VTR-00002178,,HP-PRIV,HP,MZ-DIRECT,DE,EUR,PTR-00000702,VRM-00020,direkt,MIT-00019,ANT-00002178,2023-09-01,,,2023-09-01,JAEHRLICH,KREDITKARTE,60.5,72.0,,20000000.0,AKTIV,2023-09-01,,,3.0,2026-09-01,NORMAL,0,minzia,MINT,,2023-08-27,
VTR-00002179,,HP-PRIV,HP,PM-2025,CH,CHF,PTR-00000486,VRM-00014,direkt,MIT-00008,ANT-00002179,2025-11-01,,,2025-11-01,JAEHRLICH,LASTSCHRIFT,109.2,114.66,,5000000.0,AKTIV,2025-11-01,,,3.0,2026-11-01,NORMAL,0,pfefferminz,MINT,,2025-10-25,
VTR-00002180,,HP-PRIV,HP,HP-MODERN,CH,CHF,PTR-00000353,VRM-00040,makler,MIT-00008,ANT-00002180,2016-05-01,,,2016-05-01,JAEHRLICH,LASTSCHRIFT,119.85,125.84,,10000000.0,AKTIV,2016-05-01,,,3.0,2026-05-01,NORMAL,0,pfefferminz,HAPO,2025-05-15,2016-03-30,
VTR-00002181,,HP-PRIV,HP,MZ-DIRECT,DE,EUR,PTR-00000739,VRM-00013,direkt,MIT-00008,ANT-00002181,2023-05-01,,,2023-05-01,JAEHRLICH,KREDITKARTE,122.22,145.44,,10000000.0,AKTIV,2023-05-01,,,3.0,2026-05-01,NORMAL,0,minzia,MINT,,2023-03-31,
VTR-00002182,,HP-PRIV,HP,PM-2025,CH,CHF,PTR-00000221,VRM-00040,agentur,MIT-00008,ANT-00002182,2025-02-01,,,2025-02-01,JAEHRLICH,RECHNUNG,384.6,403.83,,5000000.0,AKTIV,2025-02-01,,,3.0,2026-02-01,NORMAL,0,pfefferminz,MINT,,2025-01-27,
VTR-00002183,,HP-PRIV,HP,HP-KLASSIK,CH,CHF,PTR-00000932,VRM-00014,direkt,MIT-00008,ANT-00002183,2006-03-01,,,2006-03-01,JAEHRLICH,RECHNUNG,80.0,84.0,,5000000.0,GEKUENDIGT_VN,2011-09-01,2011-09-01,K06,3.0,,NORMAL,0,pfefferminz,HAPO,2025-05-15,2006-01-23,
VTR-00002184,,HP-PRIV,HP,HP-KLASSIK,DE,EUR,PTR-00000820,VRM-00001,direkt,MIT-00044,ANT-00002184,2012-02-01,,,2012-02-01,HALBJAEHRLICH,EBILL,46.88,55.8,,5000000.0,GEKUENDIGT_VN,2014-10-01,2014-10-01,K02,3.0,,NORMAL,0,pfefferminz,HAPO,2025-05-15,2012-01-21,
VTR-00002185,,HP-PRIV,HP,HP-MODERN,DE,EUR,PTR-00000826,VRM-00028,direkt,MIT-00044,ANT-00002185,2019-02-01,,,2019-02-01,HALBJAEHRLICH,RECHNUNG,92.69,110.3,,20000000.0,AKTIV,2019-02-01,,,3.0,2026-02-01,NORMAL,0,pfefferminz,HAPO,2025-05-15,2019-01-21,
VTR-00002186,,HP-PRIV,HP,HP-MODERN,DE,EUR,PTR-00000457,VRM-00032,makler,MIT-00044,ANT-00002186,2020-05-01,,,2020-05-01,JAEHRLICH,LASTSCHRIFT,105.76,125.85,,5000000.0,GEKUENDIGT_VU,2022-11-01,2022-11-01,K10,3.0,,NORMAL,0,pfefferminz,HAPO,2025-05-15,2020-04-05,
VTR-00002187,,HP-PRIV,HP,HP-KLASSIK,DE,EUR,PTR-00000416,VRM-00001,direkt,MIT-00044,ANT-00002187,2002-01-01,,,2002-01-01,JAEHRLICH,EBILL,55.63,66.2,,5000000.0,GEKUENDIGT_VN,2005-10-01,2005-10-01,K17,3.0,,NORMAL,0,pfefferminz,HAPO,2025-05-15,2001-12-09,
VTR-00002188,,HP-PRIV,HP,HP-MODERN,CH,CHF,PTR-00000262,VRM-00015,direkt,MIT-00008,ANT-00002188,2017-03-01,,,2017-03-01,JAEHRLICH,RECHNUNG,125.11,131.37,,5000000.0,GEKUENDIGT_VN,2023-07-01,2023-07-01,K08,3.0,,NORMAL,0,pfefferminz,HAPO,2025-05-15,2017-02-07,
VTR-00002189,,HP-PRIV,HP,PM-2025,DE,EUR,PTR-00000736,VRM-00022,makler,MIT-00044,ANT-00002189,2025-08-01,,,2025-08-01,HALBJAEHRLICH,RECHNUNG,58.24,69.31,,5000000.0,AKTIV,2025-08-01,,,3.0,2026-08-01,NORMAL,0,pfefferminz,MINT,,2025-07-26,
VTR-00002190,,HP-PRIV,HP,HP-MODERN,CH,CHF,PTR-00000594,VRM-00011,makler,MIT-00008,ANT-00002190,2015-07-01,,,2015-07-01,JAEHRLICH,EBILL,89.35,93.82,,5000000.0,GEKUENDIGT_VN,2024-06-01,2024-06-01,K01,3.0,,NORMAL,0,pfefferminz,HAPO,2025-05-15,2015-05-24,
VTR-00002191,,HP-PRIV,HP,HP-KLASSIK,DE,EUR,PTR-00000138,VRM-00009,direkt,MIT-00019,ANT-00002191,2009-01-01,,,2009-01-01,VIERTELJAEHRLICH,LASTSCHRIFT,62.53,74.41,,5000000.0,GEKUENDIGT_VN,2017-02-01,2017-02-01,K01,3.0,,NORMAL,0,pfefferminz,HAPO,2025-05-15,2008-12-16,
VTR-00002192,,HP-PRIV,HP,HP-MODERN,CH,CHF,PTR-00000920,VRM-00031,agentur,MIT-00008,ANT-00002192,2014-02-01,,,2014-02-01,HALBJAEHRLICH,LASTSCHRIFT,210.6,221.13,,5000000.0,GEKUENDIGT_VN,2017-02-01,2017-02-01,K09,3.0,,NORMAL,0,pfefferminz,HAPO,2025-05-15,2014-01-09,
VTR-00002193,,HP-PRIV,HP,HP-MODERN,CH,CHF,PTR-00000865,VRM-00004,agentur,MIT-00008,ANT-00002193,2018-06-01,,,2018-06-01,HALBJAEHRLICH,RECHNUNG,235.8,247.59,,5000000.0,GEKUENDIGT_VN,2022-02-01,2022-02-01,K04,3.0,,NORMAL,0,pfefferminz,HAPO,2025-05-15,2018-05-23,
VTR-00002194,,HP-PRIV,HP,MZ-DIRECT,DE,EUR,PTR-00000021,VRM-00003,direkt,MIT-00044,ANT-00002194,2023-09-01,,,2023-09-01,JAEHRLICH,LASTSCHRIFT,112.91,134.36,,10000000.0,AKTIV,2023-09-01,,,3.0,2026-09-01,NORMAL,0,minzia,MINT,,2023-08-04,
VTR-00002195,,HP-PRIV,HP,MZ-DIRECT,DE,EUR,PTR-00000901,VRM-00009,direkt,MIT-00044,ANT-00002195,2021-12-01,,,2021-12-01,JAEHRLICH,EBILL,76.93,91.55,,5000000.0,AKTIV,2021-12-01,,,3.0,2026-12-01,NORMAL,0,minzia,MINT,,2021-11-16,
VTR-00002196,,HP-PRIV,HP,HP-MODERN,DE,EUR,PTR-00000814,VRM-00034,makler,MIT-00008,ANT-00002196,2018-04-01,,,2018-04-01,JAEHRLICH,LASTSCHRIFT,77.7,92.46,,10000000.0,GEKUENDIGT_VN,2021-08-01,2021-08-01,K05,3.0,,NORMAL,0,pfefferminz,HAPO,2025-05-15,2018-02-22,
VTR-00002197,,HP-PRIV,HP,PM-2025,CH,CHF,PTR-00000376,VRM-00025,agentur,MIT-00008,ANT-00002197,2025-02-01,,,2025-02-01,JAEHRLICH,LASTSCHRIFT,126.5,132.83,,10000000.0,AKTIV,2025-02-01,,,3.0,2026-02-01,NORMAL,0,pfefferminz,MINT,,2024-12-25,
VTR-00002198,,HP-PRIV,HP,HP-MODERN,DE,EUR,PTR-00000061,VRM-00013,direkt,MIT-00008,ANT-00002198,2014-03-01,,,2014-03-01,HALBJAEHRLICH,EBILL,119.99,142.79,,10000000.0,GEKUENDIGT_VN,2019-09-01,2019-09-01,K01,3.0,,NORMAL,0,pfefferminz,HAPO,2025-05-15,2014-01-28,
VTR-00002199,,HP-PRIV,HP,MZ-DIRECT,DE,EUR,PTR-00000577,VRM-00013,direkt,MIT-00008,ANT-00002199,2023-07-01,,,2023-07-01,JAEHRLICH,LASTSCHRIFT,48.43,57.63,,50000000.0,AKTIV,2023-07-01,,,3.0,2026-07-01,NORMAL,0,minzia,MINT,,2023-06-14,
VTR-00002200,,HP-PRIV,HP,PM-2025,CH,CHF,PTR-00000837,VRM-00014,direkt,MIT-00008,ANT-00002200,2025-10-01,,,2025-10-01,VIERTELJAEHRLICH,RECHNUNG,103.2,108.36,,5000000.0,AKTIV,2025-10-01,,,3.0,2026-10-01,NORMAL,0,pfefferminz,MINT,,2025-09-07,
VTR-00002201,,HP-PRIV,HP,HP-MODERN,DE,EUR,PTR-00000648,VRM-00003,direkt,MIT-00008,ANT-00002201,2020-09-01,,,2020-09-01,VIERTELJAEHRLICH,RECHNUNG,59.45,70.75,,20000000.0,AKTIV,2020-09-01,,,3.0,2026-09-01,NORMAL,0,pfefferminz,HAPO,2025-05-15,2020-08-03,
VTR-00002202,,HP-PRIV,HP,PM-2025,CH,CHF,PTR-00000626,VRM-00014,direkt,MIT-00008,ANT-00002202,2025-01-01,,,2025-01-01,JAEHRLICH,LASTSCHRIFT,175.55,184.33,,5000000.0,AKTIV,2025-01-01,,,3.0,2026-01-01,NORMAL,0,pfefferminz,MINT,,2024-12-21,
VTR-00002203,,HP-PRIV,HP,PM-2025,CH,CHF,PTR-00000817,VRM-00031,agentur,MIT-00008,ANT-00002203,2025-08-01,,,2025-08-01,MONATLICH,LASTSCHRIFT,108.65,114.08,,5000000.0,AKTIV,2025-08-01,,,3.0,2026-08-01,NORMAL,0,pfefferminz,MINT,,2025-06-23,
VTR-00002204,,HP-PRIV,HP,PM-2025,DE,EUR,PTR-00000086,VRM-00021,makler,MIT-00008,ANT-00002204,2025-01-01,,,2025-01-01,JAEHRLICH,KREDITKARTE,133.51,158.88,,50000000.0,AKTIV,2025-01-01,,,3.0,2026-01-01,NORMAL,0,pfefferminz,MINT,,2024-12-19,
VTR-00002205,,HP-PRIV,HP,PM-2025,CH,CHF,PTR-00000360,VRM-00014,direkt,MIT-00008,ANT-00002205,2025-09-01,,,2025-09-01,JAEHRLICH,RECHNUNG,148.55,155.98,,5000000.0,AKTIV,2025-09-01,,,3.0,2026-09-01,NORMAL,0,pfefferminz,MINT,,2025-08-13,
VTR-00002206,,HP-PRIV,HP,HP-MODERN,DE,EUR,PTR-00000951,VRM-00013,direkt,MIT-00008,ANT-00002206,2019-11-01,,,2019-11-01,JAEHRLICH,LASTSCHRIFT,73.7,87.7,,20000000.0,AKTIV,2019-11-01,,,3.0,2026-11-01,NORMAL,0,pfefferminz,HAPO,2025-05-15,2019-10-02,
VTR-00002207,,HP-PRIV,HP,HP-MODERN,DE,EUR,PTR-00000643,VRM-00038,makler,MIT-00019,ANT-00002207,2018-11-01,,,2018-11-01,JAEHRLICH,RECHNUNG,67.92,80.82,,10000000.0,GEKUENDIGT_VN,2020-07-01,2020-07-01,K06,3.0,,NORMAL,0,pfefferminz,HAPO,2025-05-15,2018-10-17,
VTR-00002208,,HP-PRIV,HP,HP-KLASSIK,CH,CHF,PTR-00000624,VRM-00017,direkt,MIT-00008,ANT-00002208,2009-10-01,,,2009-10-01,JAEHRLICH,LASTSCHRIFT,122.6,128.73,,5000000.0,GEKUENDIGT_VN,2011-04-01,2011-04-01,K03,3.0,,NORMAL,0,pfefferminz,HAPO,2025-05-15,2009-08-31,
VTR-00002209,,HP-PRIV,HP,PM-2025,CH,CHF,PTR-00000972,VRM-00017,direkt,MIT-00008,ANT-00002209,2025-03-01,,,2025-03-01,JAEHRLICH,LASTSCHRIFT,80.0,84.0,,5000000.0,AKTIV,2025-03-01,,,3.0,2026-03-01,NORMAL,0,minzia,MINT,,2025-01-24,
VTR-00002210,,HP-PRIV,HP,HP-MODERN,DE,EUR,PTR-00000825,VRM-00013,direkt,MIT-00044,ANT-00002210,2016-08-01,,,2016-08-01,JAEHRLICH,EBILL,45.92,54.64,,5000000.0,GEKUENDIGT_VN,2017-11-01,2017-11-01,K06,3.0,,NORMAL,0,pfefferminz,HAPO,2025-05-15,2016-07-12,
VTR-00002211,,HP-PRIV,HP,PM-2025,DE,EUR,PTR-00000267,VRM-00028,direkt,MIT-00044,ANT-00002211,2025-08-01,,,2025-08-01,VIERTELJAEHRLICH,KREDITKARTE,87.3,103.89,,10000000.0,AKTIV,2025-08-01,,,3.0,2026-08-01,NORMAL,0,minzia,MINT,,2025-06-28,
VTR-00002212,,HP-PRIV,HP,PM-2025,CH,CHF,PTR-00000347,VRM-00014,direkt,MIT-00008,ANT-00002212,2025-04-01,,,2025-04-01,JAEHRLICH,LASTSCHRIFT,91.95,96.55,,5000000.0,AKTIV,2025-04-01,,,3.0,2026-04-01,NORMAL,0,minzia,MINT,,2025-03-26,
VTR-00002213,,HP-PRIV,HP,HP-KLASSIK,DE,EUR,PTR-00000060,VRM-00003,direkt,MIT-00019,ANT-00002213,2004-11-01,,,2004-11-01,VIERTELJAEHRLICH,RECHNUNG,45.0,53.55,,5000000.0,GEKUENDIGT_VN,2006-07-01,2006-07-01,K01,3.0,,NORMAL,0,pfefferminz,HAPO,2025-05-15,2004-10-07,
VTR-00002214,,HP-PRIV,HP,HP-KLASSIK,DE,EUR,PTR-00000991,VRM-00030,bank,MIT-00044,ANT-00002214,2008-12-01,,,2008-12-01,JAEHRLICH,EBILL,45.0,53.55,,5000000.0,GEKUENDIGT_VN,2013-01-01,2013-01-01,K06,3.0,,NORMAL,0,pfefferminz,HAPO,2025-05-15,2008-11-29,
VTR-00002215,,HP-PRIV,HP,PM-2025,CH,CHF,PTR-00000479,VRM-00014,direkt,MIT-00008,ANT-00002215,2025-10-01,,,2025-10-01,HALBJAEHRLICH,LASTSCHRIFT,138.65,145.58,,5000000.0,AKTIV,2025-10-01,,,3.0,2026-10-01,NORMAL,0,minzia,MINT,,2025-09-15,
VTR-00002216,,HP-PRIV,HP,HP-MODERN,CH,CHF,PTR-00000299,VRM-00014,direkt,MIT-00008,ANT-00002216,2020-08-01,,,2020-08-01,JAEHRLICH,LASTSCHRIFT,156.7,164.53,,10000000.0,AKTIV,2020-08-01,,,3.0,2026-08-01,NORMAL,0,pfefferminz,HAPO,2025-05-15,2020-07-13,
VTR-00002217,,HP-PRIV,HP,PM-2025,DE,EUR,PTR-00000792,VRM-00034,makler,MIT-00008,ANT-00002217,2025-04-01,,,2025-04-01,JAEHRLICH,LASTSCHRIFT,117.04,139.28,,50000000.0,AKTIV,2025-04-01,,,3.0,2026-04-01,NORMAL,0,pfefferminz,MINT,,2025-03-30,
VTR-00002218,,HP-PRIV,HP,MZ-DIRECT,DE,EUR,PTR-00000743,VRM-00001,direkt,MIT-00019,ANT-00002218,2022-05-01,,,2022-05-01,HALBJAEHRLICH,KREDITKARTE,136.04,161.89,,5000000.0,AKTIV,2022-05-01,,,3.0,2026-05-01,NORMAL,0,minzia,MINT,,2022-03-23,
VTR-00002219,,HP-PRIV,HP,MZ-DIRECT,DE,EUR,PTR-00000943,VRM-00003,direkt,MIT-00044,ANT-00002219,2024-08-01,,,2024-08-01,HALBJAEHRLICH,LASTSCHRIFT,78.46,93.37,,10000000.0,AKTIV,2024-08-01,,,3.0,2026-08-01,NORMAL,0,minzia,MINT,,2024-06-25,
VTR-00002220,,HP-PRIV,HP,HP-MODERN,CH,CHF,PTR-00000173,VRM-00040,agentur,MIT-00008,ANT-00002220,2018-03-01,,,2018-03-01,VIERTELJAEHRLICH,RECHNUNG,141.45,148.52,,5000000.0,AKTIV,2018-03-01,,,3.0,2026-03-01,NORMAL,0,pfefferminz,HAPO,2025-05-15,2018-02-27,
VTR-00002221,,HP-PRIV,HP,HP-MODERN,CH,CHF,PTR-00000853,VRM-00036,agentur,MIT-00008,ANT-00002221,2016-04-01,,,2016-04-01,JAEHRLICH,RECHNUNG,151.5,159.08,,5000000.0,AKTIV,2016-04-01,,,3.0,2026-04-01,NORMAL,0,pfefferminz,HAPO,2025-05-15,2016-02-22,
VTR-00002222,,HP-PRIV,HP,PM-2025,CH,CHF,PTR-00000277,VRM-00014,direkt,MIT-00008,ANT-00002222,2025-05-01,,,2025-05-01,JAEHRLICH,LASTSCHRIFT,145.95,153.25,,5000000.0,AKTIV,2025-05-01,,,3.0,2026-05-01,NORMAL,0,minzia,MINT,,2025-04-06,
VTR-00002223,,HP-PRIV,HP,PM-2025,CH,CHF,PTR-00000746,VRM-00031,agentur,MIT-00008,ANT-00002223,2025-10-01,,,2025-10-01,HALBJAEHRLICH,RECHNUNG,270.25,283.76,,10000000.0,AKTIV,2025-10-01,,,3.0,2026-10-01,NORMAL,0,pfefferminz,MINT,,2025-09-14,
VTR-00002224,,HP-PRIV,HP,PM-2025,DE,EUR,PTR-00000224,VRM-00013,direkt,MIT-00008,ANT-00002224,2025-10-01,,,2025-10-01,JAEHRLICH,LASTSCHRIFT,89.23,106.18,,50000000.0,AKTIV,2025-10-01,,,3.0,2026-10-01,NORMAL,0,pfefferminz,MINT,,2025-09-14,
VTR-00002225,,HP-PRIV,HP,HP-KLASSIK,DE,EUR,PTR-00000093,VRM-00018,makler,MIT-00019,ANT-00002225,2009-03-01,,,2009-03-01,JAEHRLICH,RECHNUNG,64.48,76.73,,3000000.0,STORNIERT,2012-07-01,2012-07-01,K12,3.0,,NORMAL,0,pfefferminz,HAPO,2025-05-15,2009-02-09,
VTR-00002226,,HP-PRIV,HP,HP-MODERN,CH,CHF,PTR-00000661,VRM-00011,agentur,MIT-00008,ANT-00002226,2019-11-01,,,2019-11-01,JAEHRLICH,RECHNUNG,163.4,171.57,,5000000.0,GEKUENDIGT_VN,2021-02-01,2021-02-01,K01,3.0,,NORMAL,0,pfefferminz,HAPO,2025-05-15,2019-10-25,
VTR-00002227,,HP-PRIV,HP,HP-MODERN,CH,CHF,PTR-00000041,VRM-00026,agentur,MIT-00008,ANT-00002227,2015-11-01,,,2015-11-01,HALBJAEHRLICH,RECHNUNG,140.7,147.74,,5000000.0,GEKUENDIGT_VN,2017-07-01,2017-07-01,K01,3.0,,NORMAL,0,pfefferminz,HAPO,2025-05-15,2015-09-25,
VTR-00002228,,HP-PRIV,HP,MZ-DIRECT,DE,EUR,PTR-00000038,VRM-00003,direkt,MIT-00008,ANT-00002228,2024-08-01,,,2024-08-01,JAEHRLICH,EBILL,67.25,80.03,,50000000.0,AKTIV,2024-08-01,,,3.0,2026-08-01,NORMAL,0,minzia,MINT,,2024-07-06,
VTR-00002229,,HP-PRIV,HP,HP-MODERN,CH,CHF,PTR-00000527,VRM-00017,direkt,MIT-00008,ANT-00002229,2013-10-01,,,2013-10-01,VIERTELJAEHRLICH,LASTSCHRIFT,157.3,165.17,,5000000.0,GEKUENDIGT_VN,2014-07-01,2014-07-01,K09,3.0,,NORMAL,0,pfefferminz,HAPO,2025-05-15,2013-09-26,
VTR-00002230,,HP-PRIV,HP,HP-KLASSIK,CH,CHF,PTR-00000823,VRM-00014,direkt,MIT-00008,ANT-00002230,2004-07-01,,,2004-07-01,JAEHRLICH,RECHNUNG,85.6,89.88,,5000000.0,GEKUENDIGT_VN,2020-10-01,2020-10-01,K01,3.0,,NORMAL,0,pfefferminz,HAPO,2025-05-15,2004-06-30,
VTR-00002231,,HP-PRIV,HP,HP-MODERN,DE,EUR,PTR-00000393,VRM-00033,makler,MIT-00008,ANT-00002231,2018-04-01,,,2018-04-01,JAEHRLICH,LASTSCHRIFT,78.87,93.86,,10000000.0,GEKUENDIGT_VN,2022-12-01,2022-12-01,K03,3.0,,NORMAL,0,pfefferminz,HAPO,2025-05-15,2018-02-26,
VTR-00002232,,HP-PRIV,HP,HP-MODERN,CH,CHF,PTR-00000035,VRM-00031,agentur,MIT-00008,ANT-00002232,2019-07-01,,,2019-07-01,VIERTELJAEHRLICH,LASTSCHRIFT,171.25,179.81,,10000000.0,AKTIV,2019-07-01,,,3.0,2026-07-01,NORMAL,0,pfefferminz,HAPO,2025-05-15,2019-06-10,
VTR-00002233,,HP-PRIV,HP,HP-MODERN,CH,CHF,PTR-00000619,VRM-00039,makler,MIT-00008,ANT-00002233,2019-01-01,,,2019-01-01,JAEHRLICH,RECHNUNG,140.7,147.74,,5000000.0,GEKUENDIGT_VN,2023-05-01,2023-05-01,K01,3.0,,NORMAL,0,pfefferminz,HAPO,2025-05-15,2018-11-29,
VTR-00002234,,HP-PRIV,HP,PM-2025,DE,EUR,PTR-00000769,VRM-00009,direkt,MIT-00044,ANT-00002234,2025-02-01,,,2025-02-01,VIERTELJAEHRLICH,LASTSCHRIFT,76.63,91.19,,5000000.0,AKTIV,2025-02-01,,,3.0,2026-02-01,NORMAL,0,pfefferminz,MINT,,2025-01-03,
VTR-00002235,,HP-PRIV,HP,PM-2025,DE,EUR,PTR-00000217,VRM-00028,direkt,MIT-00008,ANT-00002235,2025-07-01,,,2025-07-01,VIERTELJAEHRLICH,RECHNUNG,76.21,90.69,,20000000.0,AKTIV,2025-07-01,,,3.0,2026-07-01,NORMAL,0,pfefferminz,MINT,,2025-06-04,
VTR-00002236,,HP-PRIV,HP,HP-MODERN,DE,EUR,PTR-00000692,VRM-00033,makler,MIT-00019,ANT-00002236,2014-01-01,,,2014-01-01,JAEHRLICH,RECHNUNG,95.75,113.94,,10000000.0,GEKUENDIGT_VN,2021-05-01,2021-05-01,K01,3.0,,NORMAL,0,pfefferminz,HAPO,2025-05-15,2013-12-25,
VTR-00002237,,HP-PRIV,HP,HP-MODERN,CH,CHF,PTR-00000790,VRM-00014,direkt,MIT-00008,ANT-00002237,2017-11-01,,,2017-11-01,JAEHRLICH,RECHNUNG,94.43,99.15,,5000000.0,AKTIV,2017-11-01,,,3.0,2026-11-01,NORMAL,0,pfefferminz,HAPO,2025-05-15,2017-10-16,
VTR-00002238,,HP-PRIV,HP,PM-2025,DE,EUR,PTR-00000477,VRM-00010,makler,MIT-00008,ANT-00002238,2025-04-01,,,2025-04-01,JAEHRLICH,RECHNUNG,72.54,86.32,,5000000.0,AKTIV,2025-04-01,,,3.0,2026-04-01,NORMAL,0,pfefferminz,MINT,,2025-03-26,
VTR-00002239,,HP-PRIV,HP,MZ-DIRECT,DE,EUR,PTR-00000610,VRM-00019,direkt,MIT-00008,ANT-00002239,2024-06-01,,,2024-06-01,VIERTELJAEHRLICH,LASTSCHRIFT,107.51,127.94,,50000000.0,AKTIV,2024-06-01,,,3.0,2026-06-01,NORMAL,0,minzia,MINT,,2024-05-23,
VTR-00002240,,HP-PRIV,HP,HP-MODERN,CH,CHF,PTR-00000573,VRM-00036,agentur,MIT-00008,ANT-00002240,2015-05-01,,,2015-05-01,HALBJAEHRLICH,RECHNUNG,99.25,104.21,,5000000.0,AKTIV,2015-05-01,,,3.0,2026-05-01,NORMAL,0,pfefferminz,HAPO,2025-05-15,2015-03-26,
VTR-00002241,,HP-PRIV,HP,PM-2025,CH,CHF,PTR-00000695,VRM-00014,direkt,MIT-00008,ANT-00002241,2025-11-01,,,2025-11-01,HALBJAEHRLICH,LASTSCHRIFT,323.65,339.83,,5000000.0,AKTIV,2025-11-01,,,3.0,2026-11-01,NORMAL,0,pfefferminz,MINT,,2025-09-25,
VTR-00002242,,HP-PRIV,HP,MZ-DIRECT,DE,EUR,PTR-00000813,VRM-00003,direkt,MIT-00044,ANT-00002242,2021-12-01,,,2021-12-01,VIERTELJAEHRLICH,EBILL,55.75,66.34,,5000000.0,AKTIV,2021-12-01,,,3.0,2026-12-01,NORMAL,0,minzia,MINT,,2021-11-27,
VTR-00002243,,HP-PRIV,HP,HP-MODERN,DE,EUR,PTR-00000774,VRM-00020,direkt,MIT-00019,ANT-00002243,2014-04-01,,,2014-04-01,JAEHRLICH,RECHNUNG,203.15,241.75,,20000000.0,GEKUENDIGT_VN,2017-05-01,2017-05-01,K03,3.0,,NORMAL,0,pfefferminz,HAPO,2025-05-15,2014-03-10,
VTR-00002244,,HP-PRIV,HP,HP-MODERN,CH,CHF,PTR-00000117,VRM-00031,agentur,MIT-00008,ANT-00002244,2020-10-01,,,2020-10-01,HALBJAEHRLICH,LASTSCHRIFT,188.35,197.77,,10000000.0,AKTIV,2020-10-01,,,3.0,2026-10-01,NORMAL,0,pfefferminz,HAPO,2025-05-15,2020-09-05,
VTR-00002245,,HP-PRIV,HP,HP-MODERN,CH,CHF,PTR-00000170,VRM-00005,bank,MIT-00008,ANT-00002245,2016-07-01,,,2016-07-01,HALBJAEHRLICH,LASTSCHRIFT,94.3,99.01,,5000000.0,AKTIV,2016-07-01,,,3.0,2026-07-01,NORMAL,0,pfefferminz,HAPO,2025-05-15,2016-06-03,
VTR-00002246,,HP-PRIV,HP,PM-2025,DE,EUR,PTR-00000771,VRM-00021,makler,MIT-00008,ANT-00002246,2025-08-01,,,2025-08-01,JAEHRLICH,RECHNUNG,84.51,100.57,,50000000.0,AKTIV,2025-08-01,,,3.0,2026-08-01,NORMAL,0,pfefferminz,MINT,,2025-07-14,
VTR-00002247,,HP-PRIV,HP,PM-2025,CH,CHF,PTR-00000369,VRM-00014,direkt,MIT-00008,ANT-00002247,2025-02-01,,,2025-02-01,JAEHRLICH,KREDITKARTE,96.3,101.12,,5000000.0,AKTIV,2025-02-01,,,3.0,2026-02-01,NORMAL,0,minzia,MINT,,2025-01-26,
VTR-00002248,,HP-PRIV,HP,HP-MODERN,CH,CHF,PTR-00000803,VRM-00025,agentur,MIT-00008,ANT-00002248,2013-01-01,,,2013-01-01,HALBJAEHRLICH,RECHNUNG,189.25,198.71,,5000000.0,AKTIV,2013-01-01,,,3.0,2026-01-01,NORMAL,0,pfefferminz,HAPO,2025-05-15,2012-12-10,
VTR-00002249,,HP-PRIV,HP,HP-MODERN,CH,CHF,PTR-00000850,VRM-00017,bank,MIT-00008,ANT-00002249,2017-04-01,,,2017-04-01,JAEHRLICH,LASTSCHRIFT,83.35,87.52,,5000000.0,STORNIERT,2018-02-01,2018-02-01,K12,3.0,,NORMAL,0,pfefferminz,HAPO,2025-05-15,2017-03-19,
VTR-00002250,,HP-PRIV,HP,HP-MODERN,DE,EUR,PTR-00000364,VRM-00022,makler,MIT-00044,ANT-00002250,2019-10-01,,,2019-10-01,JAEHRLICH,RECHNUNG,60.76,72.3,,5000000.0,GEKUENDIGT_VN,2022-07-01,2022-07-01,K02,3.0,,NORMAL,0,pfefferminz,HAPO,2025-05-15,2019-09-10,
VTR-00002251,,HP-PRIV,HP,HP-MODERN,CH,CHF,PTR-00000023,VRM-00017,direkt,MIT-00008,ANT-00002251,2020-06-01,,,2020-06-01,HALBJAEHRLICH,EBILL,179.8,188.79,,5000000.0,AKTIV,2020-06-01,,,3.0,2026-06-01,NORMAL,0,pfefferminz,HAPO,2025-05-15,2020-05-31,
VTR-00002252,,HP-PRIV,HP,HP-MODERN,CH,CHF,PTR-00000531,VRM-00012,agentur,MIT-00008,ANT-00002252,2015-11-01,,,2015-11-01,HALBJAEHRLICH,RECHNUNG,168.1,176.5,,10000000.0,GEKUENDIGT_VN,2019-08-01,2019-08-01,K01,3.0,,NORMAL,0,pfefferminz,HAPO,2025-05-15,2015-10-12,
VTR-00002253,,HP-PRIV,HP,PM-2025,DE,EUR,PTR-00000520,VRM-00013,direkt,MIT-00044,ANT-00002253,2025-09-01,,,2025-09-01,JAEHRLICH,RECHNUNG,53.58,63.76,,5000000.0,AKTIV,2025-09-01,,,3.0,2026-09-01,NORMAL,0,pfefferminz,MINT,,2025-07-30,
VTR-00002254,,HP-PRIV,HP,HP-KLASSIK,CH,CHF,PTR-00000897,VRM-00031,bank,MIT-00008,ANT-00002254,2009-12-01,,,2009-12-01,JAEHRLICH,RECHNUNG,133.58,140.26,,5000000.0,GEKUENDIGT_VN,2016-02-01,2016-02-01,K01,3.0,,NORMAL,0,pfefferminz,HAPO,2025-05-15,2009-11-03,
VTR-00002255,,HP-PRIV,HP,HP-MODERN,DE,EUR,PTR-00000696,VRM-00008,bank,MIT-00008,ANT-00002255,2020-04-01,,,2020-04-01,JAEHRLICH,RECHNUNG,53.25,63.37,,20000000.0,GEKUENDIGT_VN,2024-06-01,2024-06-01,K02,3.0,,NORMAL,0,pfefferminz,HAPO,2025-05-15,2020-03-14,
VTR-00002256,,HP-PRIV,HP,PM-2025,DE,EUR,PTR-00000755,VRM-00028,direkt,MIT-00008,ANT-00002256,2025-11-01,,,2025-11-01,VIERTELJAEHRLICH,RECHNUNG,51.22,60.95,,5000000.0,AKTIV,2025-11-01,,,3.0,2026-11-01,NORMAL,0,pfefferminz,MINT,,2025-10-14,
VTR-00002257,,HP-PRIV,HP,HP-KLASSIK,CH,CHF,PTR-00000286,VRM-00014,direkt,MIT-00008,ANT-00002257,2006-10-01,,,2006-10-01,JAEHRLICH,RECHNUNG,95.3,100.07,,5000000.0,GEKUENDIGT_VN,2022-04-01,2022-04-01,K02,3.0,,NORMAL,0,pfefferminz,HAPO,2025-05-15,2006-09-02,
VTR-00002258,,HP-PRIV,HP,MZ-DIRECT,DE,EUR,PTR-00000463,VRM-00003,direkt,MIT-00008,ANT-00002258,2024-04-01,,,2024-04-01,JAEHRLICH,LASTSCHRIFT,45.0,53.55,,5000000.0,AKTIV,2024-04-01,,,3.0,2026-04-01,NORMAL,0,minzia,MINT,,2024-03-01,
VTR-00002259,,HP-PRIV,HP,HP-MODERN,CH,CHF,PTR-00000688,VRM-00031,agentur,MIT-00008,ANT-00002259,2015-01-01,,,2015-01-01,JAEHRLICH,LASTSCHRIFT,130.05,136.55,,5000000.0,AKTIV,2015-01-01,,,3.0,2026-01-01,NORMAL,0,pfefferminz,HAPO,2025-05-15,2014-12-30,
VTR-00002260,,HP-PRIV,HP,HP-MODERN,CH,CHF,PTR-00000489,VRM-00031,agentur,MIT-00008,ANT-00002260,2015-03-01,,,2015-03-01,JAEHRLICH,RECHNUNG,93.8,98.49,,5000000.0,GEKUENDIGT_VN,2017-12-01,2017-12-01,K08,3.0,,NORMAL,0,pfefferminz,HAPO,2025-05-15,2015-02-07,
VTR-00002261,,HP-PRIV,HP,PM-2025,CH,CHF,PTR-00000538,VRM-00014,direkt,MIT-00008,ANT-00002261,2025-11-01,,,2025-11-01,JAEHRLICH,RECHNUNG,123.05,129.2,,10000000.0,AKTIV,2025-11-01,,,3.0,2026-11-01,NORMAL,0,pfefferminz,MINT,,2025-10-23,
VTR-00002262,,HP-PRIV,HP,HP-MODERN,CH,CHF,PTR-00000927,VRM-00014,direkt,MIT-00008,ANT-00002262,2015-08-01,,,2015-08-01,JAEHRLICH,RECHNUNG,131.7,138.28,,5000000.0,GEKUENDIGT_VN,2022-02-01,2022-02-01,K01,3.0,,NORMAL,0,pfefferminz,HAPO,2025-05-15,2015-07-20,
VTR-00002263,,HP-PRIV,HP,HP-MODERN,CH,CHF,PTR-00000301,VRM-00017,direkt,MIT-00008,ANT-00002263,2020-08-01,,,2020-08-01,HALBJAEHRLICH,RECHNUNG,161.05,169.1,,10000000.0,GEKUENDIGT_VN,2021-09-01,2021-09-01,K03,3.0,,NORMAL,0,pfefferminz,HAPO,2025-05-15,2020-07-07,
VTR-00002264,,HP-PRIV,HP,MZ-DIRECT,DE,EUR,PTR-00000366,VRM-00013,direkt,MIT-00019,ANT-00002264,2022-08-01,,,2022-08-01,JAEHRLICH,KREDITKARTE,79.13,94.16,,20000000.0,AKTIV,2022-08-01,,,3.0,2026-08-01,NORMAL,0,minzia,MINT,,2022-06-25,
VTR-00002265,,HP-PRIV,HP,PM-2025,CH,CHF,PTR-00000983,VRM-00031,agentur,MIT-00008,ANT-00002265,2025-10-01,,,2025-10-01,JAEHRLICH,EBILL,109.7,115.19,,5000000.0,AKTIV,2025-10-01,,,3.0,2026-10-01,NORMAL,0,pfefferminz,MINT,,2025-09-15,
VTR-00002266,,HP-PRIV,HP,PM-2025,CH,CHF,PTR-00000103,VRM-00014,direkt,MIT-00008,ANT-00002266,2025-02-01,,,2025-02-01,HALBJAEHRLICH,LASTSCHRIFT,104.8,110.04,,5000000.0,AKTIV,2025-02-01,,,3.0,2026-02-01,NORMAL,0,minzia,MINT,,2024-12-30,
VTR-00002267,,HP-PRIV,HP,MZ-DIRECT,DE,EUR,PTR-00000311,VRM-00003,direkt,MIT-00008,ANT-00002267,2024-09-01,,,2024-09-01,JAEHRLICH,LASTSCHRIFT,60.77,72.32,,10000000.0,AKTIV,2024-09-01,,,3.0,2026-09-01,NORMAL,0,minzia,MINT,,2024-07-26,
VTR-00002268,,HP-PRIV,HP,MZ-DIRECT,DE,EUR,PTR-00000530,VRM-00003,direkt,MIT-00044,ANT-00002268,2024-08-01,,,2024-08-01,JAEHRLICH,RECHNUNG,130.8,155.65,,20000000.0,AKTIV,2024-08-01,,,3.0,2026-08-01,NORMAL,0,minzia,MINT,,2024-06-26,
VTR-00002269,,HP-PRIV,HP,MZ-DIRECT,DE,EUR,PTR-00000456,VRM-00003,direkt,MIT-00008,ANT-00002269,2023-02-01,,,2023-02-01,HALBJAEHRLICH,LASTSCHRIFT,92.92,110.57,,5000000.0,AKTIV,2023-02-01,,,3.0,2026-02-01,NORMAL,0,minzia,MINT,,2023-01-21,
VTR-00002270,,HP-PRIV,HP,HP-MODERN,CH,CHF,PTR-00000490,VRM-00017,direkt,MIT-00008,ANT-00002270,2014-03-01,,,2014-03-01,JAEHRLICH,EBILL,178.5,187.43,,10000000.0,GEKUENDIGT_VN,2019-06-01,2019-06-01,K01,3.0,,NORMAL,0,pfefferminz,HAPO,2025-05-15,2014-02-15,
VTR-00002271,,HP-PRIV,HP,PM-2025,CH,CHF,PTR-00000605,VRM-00015,direkt,MIT-00008,ANT-00002271,2025-05-01,,,2025-05-01,JAEHRLICH,RECHNUNG,318.2,334.11,,5000000.0,AKTIV,2025-05-01,,,3.0,2026-05-01,NORMAL,0,pfefferminz,MINT,,2025-04-17,
VTR-00002272,,HP-PRIV,HP,HP-MODERN,CH,CHF,PTR-00000054,VRM-00011,agentur,MIT-00008,ANT-00002272,2015-12-01,,,2015-12-01,JAEHRLICH,RECHNUNG,225.45,236.72,,5000000.0,GEKUENDIGT_VU,2019-02-01,2019-02-01,K10,3.0,,NORMAL,0,pfefferminz,HAPO,2025-05-15,2015-11-30,
VTR-00002273,,HP-PRIV,HP,HP-MODERN,DE,EUR,PTR-00000939,VRM-00032,makler,MIT-00044,ANT-00002273,2016-10-01,,,2016-10-01,JAEHRLICH,RECHNUNG,72.51,86.29,,5000000.0,GEKUENDIGT_VN,2020-03-01,2020-03-01,K01,3.0,,NORMAL,0,pfefferminz,HAPO,2025-05-15,2016-08-25,
VTR-00002274,,HP-PRIV,HP,PM-2025,CH,CHF,PTR-00000734,VRM-00017,direkt,MIT-00008,ANT-00002274,2025-12-01,,,2025-12-01,JAEHRLICH,LASTSCHRIFT,103.75,108.94,,5000000.0,AKTIV,2025-12-01,,,3.0,2026-12-01,NORMAL,0,pfefferminz,MINT,,2025-11-27,
VTR-00002275,,HP-PRIV,HP,MZ-DIRECT,DE,EUR,PTR-00000200,VRM-00001,direkt,MIT-00008,ANT-00002275,2022-05-01,,,2022-05-01,HALBJAEHRLICH,LASTSCHRIFT,45.0,53.55,,5000000.0,AKTIV,2022-05-01,,,3.0,2026-05-01,NORMAL,0,minzia,MINT,,2022-04-15,
VTR-00002276,,HP-PRIV,HP,PM-2025,DE,EUR,PTR-00000758,VRM-00034,makler,MIT-00044,ANT-00002276,2025-03-01,,,2025-03-01,JAEHRLICH,LASTSCHRIFT,130.06,154.77,,20000000.0,AKTIV,2025-03-01,,,3.0,2026-03-01,NORMAL,0,pfefferminz,MINT,,2025-01-25,
VTR-00002277,,HP-PRIV,HP,MZ-DIRECT,DE,EUR,PTR-00000379,VRM-00003,direkt,MIT-00019,ANT-00002277,2021-09-01,,,2021-09-01,HALBJAEHRLICH,KREDITKARTE,48.43,57.63,,50000000.0,GEKUENDIGT_VN,2022-01-01,2022-01-01,K02,3.0,,NORMAL,0,minzia,MINT,,2021-08-02,
VTR-00002278,,HP-PRIV,HP,MZ-DIRECT,DE,EUR,PTR-00000921,VRM-00019,direkt,MIT-00008,ANT-00002278,2022-04-01,,,2022-04-01,JAEHRLICH,EBILL,72.89,86.74,,5000000.0,AKTIV,2022-04-01,,,3.0,2026-04-01,NORMAL,0,minzia,MINT,,2022-03-29,
VTR-00002279,,HP-PRIV,HP,HP-MODERN,DE,EUR,PTR-00000189,VRM-00034,makler,MIT-00008,ANT-00002279,2016-08-01,,,2016-08-01,JAEHRLICH,LASTSCHRIFT,89.75,106.8,,10000000.0,STORNIERT,2022-11-01,2022-11-01,K12,3.0,,NORMAL,0,pfefferminz,HAPO,2025-05-15,2016-07-18,
VTR-00002280,,HP-PRIV,HP,HP-MODERN,CH,CHF,PTR-00000804,VRM-00014,direkt,MIT-00008,ANT-00002280,2015-06-01,,,2015-06-01,JAEHRLICH,RECHNUNG,163.4,171.57,,5000000.0,GEKUENDIGT_VN,2021-11-01,2021-11-01,K03,3.0,,NORMAL,0,pfefferminz,HAPO,2025-05-15,2015-05-12,
VTR-00002281,,HP-PRIV,HP,PM-2025,CH,CHF,PTR-00000388,VRM-00014,direkt,MIT-00008,ANT-00002281,2025-10-01,,,2025-10-01,JAEHRLICH,LASTSCHRIFT,146.4,153.72,,10000000.0,AKTIV,2025-10-01,,,3.0,2026-10-01,NORMAL,0,pfefferminz,MINT,,2025-09-25,
VTR-00002282,,HP-PRIV,HP,MZ-DIRECT,DE,EUR,PTR-00000650,VRM-00003,direkt,MIT-00019,ANT-00002282,2022-06-01,,,2022-06-01,HALBJAEHRLICH,LASTSCHRIFT,71.02,84.51,,10000000.0,AKTIV,2022-06-01,,,3.0,2026-06-01,NORMAL,0,minzia,MINT,,2022-05-03,
VTR-00002283,,HP-PRIV,HP,HP-MODERN,CH,CHF,PTR-00000616,VRM-00017,direkt,MIT-00008,ANT-00002283,2016-09-01,,,2016-09-01,JAEHRLICH,LASTSCHRIFT,94.1,98.81,,5000000.0,GEKUENDIGT_VN,2021-10-01,2021-10-01,K01,3.0,,NORMAL,0,pfefferminz,HAPO,2025-05-15,2016-08-26,
VTR-00002284,,HP-PRIV,HP,PM-2025,CH,CHF,PTR-00000753,VRM-00014,direkt,MIT-00008,ANT-00002284,2025-07-01,,,2025-07-01,JAEHRLICH,LASTSCHRIFT,322.1,338.21,,5000000.0,AKTIV,2025-07-01,,,3.0,2026-07-01,NORMAL,0,pfefferminz,MINT,,2025-06-17,
VTR-00002285,,HP-PRIV,HP,PM-2025,CH,CHF,PTR-00000539,VRM-00015,direkt,MIT-00008,ANT-00002285,2025-01-01,,,2025-01-01,JAEHRLICH,LASTSCHRIFT,92.45,97.07,,5000000.0,AKTIV,2025-01-01,,,3.0,2026-01-01,NORMAL,0,minzia,MINT,,2024-12-30,
VTR-00002286,,HP-PRIV,HP,HP-MODERN,CH,CHF,PTR-00000513,VRM-00039,makler,MIT-00008,ANT-00002286,2014-03-01,,,2014-03-01,JAEHRLICH,RECHNUNG,148.9,156.35,,5000000.0,AKTIV,2014-03-01,,,3.0,2026-03-01,NORMAL,0,pfefferminz,HAPO,2025-05-15,2014-01-24,
VTR-00002287,,HP-PRIV,HP,PM-2025,CH,CHF,PTR-00000166,VRM-00014,direkt,MIT-00008,ANT-00002287,2025-07-01,,,2025-07-01,VIERTELJAEHRLICH,LASTSCHRIFT,81.1,85.15,,10000000.0,AKTIV,2025-07-01,,,3.0,2026-07-01,NORMAL,0,minzia,MINT,,2025-06-12,
VTR-00002288,,HP-PRIV,HP,PM-2025,CH,CHF,PTR-00000611,VRM-00025,bank,MIT-00008,ANT-00002288,2025-12-01,,,2025-12-01,HALBJAEHRLICH,RECHNUNG,150.7,158.23,,10000000.0,AKTIV,2025-12-01,,,3.0,2026-12-01,NORMAL,0,pfefferminz,MINT,,2025-11-18,
VTR-00002289,,HP-PRIV,HP,HP-MODERN,CH,CHF,PTR-00000121,VRM-00005,agentur,MIT-00008,ANT-00002289,2013-07-01,,,2013-07-01,JAEHRLICH,RECHNUNG,204.95,215.2,,5000000.0,AKTIV,2013-07-01,,,3.0,2026-07-01,NORMAL,0,pfefferminz,HAPO,2025-05-15,2013-06-28,
VTR-00002290,,HP-PRIV,HP,HP-MODERN,DE,EUR,PTR-00000088,VRM-00030,bank,MIT-00019,ANT-00002290,2015-03-01,,,2015-03-01,JAEHRLICH,RECHNUNG,75.11,89.38,,20000000.0,GEKUENDIGT_VN,2017-10-01,2017-10-01,K03,3.0,,NORMAL,0,pfefferminz,HAPO,2025-05-15,2015-02-01,
VTR-00002291,,HP-PRIV,HP,HP-MODERN,CH,CHF,PTR-00000838,VRM-00040,agentur,MIT-00008,ANT-00002291,2016-07-01,,,2016-07-01,JAEHRLICH,LASTSCHRIFT,172.0,180.6,,5000000.0,GEKUENDIGT_VN,2024-11-01,2024-11-01,K05,3.0,,NORMAL,0,pfefferminz,HAPO,2025-05-15,2016-06-11,
VTR-00002292,,HP-PRIV,HP,HP-MODERN,DE,EUR,PTR-00000952,VRM-00028,direkt,MIT-00019,ANT-00002292,2019-11-01,,,2019-11-01,JAEHRLICH,LASTSCHRIFT,80.15,95.38,,10000000.0,AKTIV,2019-11-01,,,3.0,2026-11-01,NORMAL,0,pfefferminz,HAPO,2025-05-15,2019-10-17,
VTR-00002293,,HP-PRIV,HP,PM-2025,CH,CHF,PTR-00000252,VRM-00015,direkt,MIT-00008,ANT-00002293,2025-02-01,,,2025-02-01,JAEHRLICH,LASTSCHRIFT,134.4,141.12,,5000000.0,AKTIV,2025-02-01,,,3.0,2026-02-01,NORMAL,0,pfefferminz,MINT,,2024-12-26,
VTR-00002294,,HP-PRIV,HP,PM-2025,CH,CHF,PTR-00000657,VRM-00017,direkt,MIT-00008,ANT-00002294,2025-09-01,,,2025-09-01,JAEHRLICH,RECHNUNG,170.8,179.34,,10000000.0,AKTIV,2025-09-01,,,3.0,2026-09-01,NORMAL,0,pfefferminz,MINT,,2025-08-13,
VTR-00002295,,HP-PRIV,HP,PM-2025,CH,CHF,PTR-00000265,VRM-00014,direkt,MIT-00008,ANT-00002295,2025-01-01,,,2025-01-01,JAEHRLICH,RECHNUNG,140.7,147.74,,5000000.0,AKTIV,2025-01-01,,,3.0,2026-01-01,NORMAL,0,pfefferminz,MINT,,2024-12-08,
VTR-00002296,,HP-PRIV,HP,HP-KLASSIK,CH,CHF,PTR-00000945,VRM-00017,direkt,MIT-00008,ANT-00002296,2008-03-01,,,2008-03-01,JAEHRLICH,RECHNUNG,109.49,114.96,,5000000.0,GEKUENDIGT_VN,2011-02-01,2011-02-01,K01,3.0,,NORMAL,0,pfefferminz,HAPO,2025-05-15,2008-01-25,
VTR-00002297,,HP-PRIV,HP,PM-2025,CH,CHF,PTR-00000886,VRM-00014,direkt,MIT-00008,ANT-00002297,2025-06-01,,,2025-06-01,JAEHRLICH,LASTSCHRIFT,102.4,107.52,,5000000.0,AKTIV,2025-06-01,,,3.0,2026-06-01,NORMAL,0,minzia,MINT,,2025-05-09,
VTR-00002298,,HP-PRIV,HP,MZ-DIRECT,DE,EUR,PTR-00000047,VRM-00019,direkt,MIT-00019,ANT-00002298,2021-06-01,,,2021-06-01,VIERTELJAEHRLICH,LASTSCHRIFT,128.83,153.31,,5000000.0,AKTIV,2021-06-01,,,3.0,2026-06-01,NORMAL,0,minzia,MINT,,2021-05-25,
VTR-00002299,,HP-PRIV,HP,MZ-DIRECT,DE,EUR,PTR-00000537,VRM-00003,direkt,MIT-00044,ANT-00002299,2021-04-01,,,2021-04-01,HALBJAEHRLICH,KREDITKARTE,54.27,64.58,,10000000.0,AKTIV,2021-04-01,,,3.0,2026-04-01,NORMAL,0,minzia,MINT,,2021-03-08,
VTR-00002300,,HP-PRIV,HP,PM-2025,DE,EUR,PTR-00000950,VRM-00008,bank,MIT-00008,ANT-00002300,2025-10-01,,,2025-10-01,JAEHRLICH,LASTSCHRIFT,90.25,107.4,,5000000.0,AKTIV,2025-10-01,,,3.0,2026-10-01,NORMAL,0,pfefferminz,MINT,,2025-09-13,
VTR-00002301,,HP-PRIV,HP,HP-MODERN,DE,EUR,PTR-00000184,VRM-00013,direkt,MIT-00008,ANT-00002301,2017-10-01,,,2017-10-01,JAEHRLICH,EBILL,48.22,57.38,,10000000.0,AKTIV,2017-10-01,,,3.0,2026-10-01,NORMAL,0,pfefferminz,HAPO,2025-05-15,2017-08-29,
VTR-00002302,,HP-PRIV,HP,HP-MODERN,CH,CHF,PTR-00000735,VRM-00014,direkt,MIT-00008,ANT-00002302,2014-02-01,,,2014-02-01,HALBJAEHRLICH,RECHNUNG,94.3,99.01,,5000000.0,AKTIV,2014-02-01,,,3.0,2026-02-01,NORMAL,0,pfefferminz,HAPO,2025-05-15,2014-01-27,
VTR-00002303,,HP-PRIV,HP,MZ-DIRECT,DE,EUR,PTR-00000260,VRM-00028,direkt,MIT-00019,ANT-00002303,2022-11-01,,,2022-11-01,MONATLICH,LASTSCHRIFT,72.54,86.32,,20000000.0,AKTIV,2022-11-01,,,3.0,2026-11-01,NORMAL,0,minzia,MINT,,2022-10-13,
VTR-00002304,,HP-PRIV,HP,HP-MODERN,CH,CHF,PTR-00000400,VRM-00017,direkt,MIT-00008,ANT-00002304,2014-12-01,,,2014-12-01,VIERTELJAEHRLICH,LASTSCHRIFT,323.15,339.31,,10000000.0,GEKUENDIGT_VN,2019-01-01,2019-01-01,K01,3.0,,NORMAL,0,pfefferminz,HAPO,2025-05-15,2014-11-29,
VTR-00002305,,HP-PRIV,HP,MZ-DIRECT,DE,EUR,PTR-00000801,VRM-00019,direkt,MIT-00019,ANT-00002305,2022-11-01,,,2022-11-01,JAEHRLICH,LASTSCHRIFT,110.24,131.19,,20000000.0,AKTIV,2022-11-01,,,3.0,2026-11-01,NORMAL,0,minzia,MINT,,2022-10-30,
VTR-00002306,,HP-PRIV,HP,HP-MODERN,CH,CHF,PTR-00000786,VRM-00025,agentur,MIT-00008,ANT-00002306,2015-02-01,,,2015-02-01,JAEHRLICH,RECHNUNG,184.55,193.78,,5000000.0,AKTIV,2015-02-01,,,3.0,2026-02-01,NORMAL,0,pfefferminz,HAPO,2025-05-15,2014-12-27,
VTR-00002307,,HP-PRIV,HP,MZ-DIRECT,DE,EUR,PTR-00000712,VRM-00028,direkt,MIT-00019,ANT-00002307,2021-05-01,,,2021-05-01,JAEHRLICH,EBILL,61.48,73.16,,20000000.0,GEKUENDIGT_VN,2022-01-01,2022-01-01,K04,3.0,,NORMAL,0,minzia,MINT,,2021-04-19,
VTR-00002308,,HP-PRIV,HP,HP-MODERN,DE,EUR,PTR-00000348,VRM-00010,makler,MIT-00008,ANT-00002308,2014-08-01,,,2014-08-01,JAEHRLICH,RECHNUNG,124.87,148.6,,10000000.0,GEKUENDIGT_VN,2021-02-01,2021-02-01,K04,3.0,,NORMAL,0,pfefferminz,HAPO,2025-05-15,2014-07-22,
VTR-00002309,,HP-PRIV,HP,PM-2025,DE,EUR,PTR-00000683,VRM-00013,direkt,MIT-00044,ANT-00002309,2025-03-01,,,2025-03-01,JAEHRLICH,RECHNUNG,45.0,53.55,,20000000.0,AKTIV,2025-03-01,,,3.0,2026-03-01,NORMAL,0,pfefferminz,MINT,,2025-01-24,
VTR-00002310,,HP-PRIV,HP,MZ-DIRECT,DE,EUR,PTR-00000902,VRM-00020,direkt,MIT-00008,ANT-00002310,2022-03-01,,,2022-03-01,VIERTELJAEHRLICH,LASTSCHRIFT,70.14,83.47,,20000000.0,GEKUENDIGT_VN,2024-07-01,2024-07-01,K04,3.0,,NORMAL,0,minzia,MINT,,2022-02-19,
VTR-00002311,,HP-PRIV,HP,HP-MODERN,CH,CHF,PTR-00000987,VRM-00031,agentur,MIT-00008,ANT-00002311,2013-09-01,,,2013-09-01,VIERTELJAEHRLICH,RECHNUNG,145.55,152.83,,10000000.0,GEKUENDIGT_VN,2024-05-01,2024-05-01,K01,3.0,,NORMAL,0,pfefferminz,HAPO,2025-05-15,2013-08-27,
VTR-00002312,,HP-PRIV,HP,MZ-DIRECT,DE,EUR,PTR-00000506,VRM-00019,direkt,MIT-00008,ANT-00002312,2021-11-01,,,2021-11-01,JAEHRLICH,LASTSCHRIFT,63.91,76.05,,10000000.0,GEKUENDIGT_VN,2024-10-01,2024-10-01,K01,3.0,,NORMAL,0,minzia,MINT,,2021-10-23,
VTR-00002313,,HP-PRIV,HP,PM-2025,DE,EUR,PTR-00000781,VRM-00028,direkt,MIT-00019,ANT-00002313,2025-10-01,,,2025-10-01,JAEHRLICH,LASTSCHRIFT,61.45,73.13,,5000000.0,AKTIV,2025-10-01,,,3.0,2026-10-01,NORMAL,0,pfefferminz,MINT,,2025-09-17,
VTR-00002314,,HP-PRIV,HP,MZ-DIRECT,DE,EUR,PTR-00000229,VRM-00028,direkt,MIT-00019,ANT-00002314,2021-01-01,,,2021-01-01,JAEHRLICH,LASTSCHRIFT,61.51,73.2,,10000000.0,AKTIV,2021-01-01,,,3.0,2026-01-01,NORMAL,0,minzia,MINT,,2020-12-28,
VTR-00002315,,HP-PRIV,HP,HP-KLASSIK,CH,CHF,PTR-00000859,VRM-00039,bank,MIT-00008,ANT-00002315,2009-03-01,,,2009-03-01,JAEHRLICH,RECHNUNG,123.65,129.83,,5000000.0,GEKUENDIGT_VN,2010-07-01,2010-07-01,K09,3.0,,NORMAL,0,pfefferminz,HAPO,2025-05-15,2009-02-13,
VTR-00002316,,HP-PRIV,HP,MZ-DIRECT,DE,EUR,PTR-00000917,VRM-00009,direkt,MIT-00019,ANT-00002316,2021-08-01,,,2021-08-01,JAEHRLICH,KREDITKARTE,68.16,81.11,,5000000.0,AKTIV,2021-08-01,,,3.0,2026-08-01,NORMAL,0,minzia,MINT,,2021-07-09,
VTR-00002317,,HP-PRIV,HP,PM-2025,DE,EUR,PTR-00000177,VRM-00010,makler,MIT-00008,ANT-00002317,2025-10-01,,,2025-10-01,VIERTELJAEHRLICH,RECHNUNG,68.31,81.29,,10000000.0,AKTIV,2025-10-01,,,3.0,2026-10-01,NORMAL,0,pfefferminz,MINT,,2025-09-12,
VTR-00002318,,HP-PRIV,HP,PM-2025,DE,EUR,PTR-00000824,VRM-00032,makler,MIT-00019,ANT-00002318,2025-07-01,,,2025-07-01,JAEHRLICH,RECHNUNG,50.07,59.58,,20000000.0,AKTIV,2025-07-01,,,3.0,2026-07-01,NORMAL,0,pfefferminz,MINT,,2025-06-02,
VTR-00002319,,HP-PRIV,HP,MZ-DIRECT,DE,EUR,PTR-00000913,VRM-00003,direkt,MIT-00019,ANT-00002319,2024-03-01,,,2024-03-01,HALBJAEHRLICH,RECHNUNG,101.23,120.46,,10000000.0,AKTIV,2024-03-01,,,3.0,2026-03-01,NORMAL,0,minzia,MINT,,2024-01-31,
VTR-00002320,,HP-PRIV,HP,PM-2025,CH,CHF,PTR-00000678,VRM-00017,direkt,MIT-00008,ANT-00002320,2025-03-01,,,2025-03-01,HALBJAEHRLICH,RECHNUNG,102.24,107.35,,5000000.0,AKTIV,2025-03-01,,,3.0,2026-03-01,NORMAL,0,pfefferminz,MINT,,2025-02-11,
VTR-00002321,,HP-PRIV,HP,HP-MODERN,DE,EUR,PTR-00000820,VRM-00028,direkt,MIT-00019,ANT-00002321,2017-07-01,,,2017-07-01,JAEHRLICH,RECHNUNG,62.74,74.66,,5000000.0,AKTIV,2017-07-01,,,3.0,2026-07-01,NORMAL,0,pfefferminz,HAPO,2025-05-15,2017-06-17,
VTR-00002322,,HP-PRIV,HP,MZ-DIRECT,DE,EUR,PTR-00000697,VRM-00029,direkt,MIT-00044,ANT-00002322,2021-04-01,,,2021-04-01,VIERTELJAEHRLICH,LASTSCHRIFT,59.84,71.21,,10000000.0,GEKUENDIGT_VN,2023-09-01,2023-09-01,K05,3.0,,NORMAL,0,minzia,MINT,,2021-03-01,
VTR-00002323,,HP-PRIV,HP,HP-MODERN,CH,CHF,PTR-00000910,VRM-00026,bank,MIT-00008,ANT-00002323,2016-06-01,,,2016-06-01,JAEHRLICH,LASTSCHRIFT,187.3,196.67,,5000000.0,GEKUENDIGT_VN,2023-07-01,2023-07-01,K01,3.0,,NORMAL,0,pfefferminz,HAPO,2025-05-15,2016-05-23,
VTR-00002324,,HP-PRIV,HP,HP-MODERN,CH,CHF,PTR-00000930,VRM-00014,direkt,MIT-00008,ANT-00002324,2015-06-01,,,2015-06-01,HALBJAEHRLICH,RECHNUNG,94.1,98.81,,5000000.0,AKTIV,2015-06-01,,,3.0,2026-06-01,NORMAL,0,pfefferminz,HAPO,2025-05-15,2015-05-03,
VTR-00002325,,HP-PRIV,HP,HP-KLASSIK,DE,EUR,PTR-00000954,VRM-00024,bank,MIT-00044,ANT-00002325,2008-08-01,,,2008-08-01,JAEHRLICH,RECHNUNG,73.88,87.92,,5000000.0,GEKUENDIGT_VN,2020-06-01,2020-06-01,K01,3.0,,NORMAL,0,pfefferminz,HAPO,2025-05-15,2008-07-04,
VTR-00002326,,HP-PRIV,HP,HP-MODERN,CH,CHF,PTR-00000685,VRM-00014,direkt,MIT-00008,ANT-00002326,2013-08-01,,,2013-08-01,VIERTELJAEHRLICH,EBILL,224.15,235.36,,5000000.0,GEKUENDIGT_VN,2014-03-01,2014-03-01,K01,3.0,,NORMAL,0,pfefferminz,HAPO,2025-05-15,2013-07-09,
VTR-00002327,,HP-PRIV,HP,PM-2025,CH,CHF,PTR-00000409,VRM-00014,direkt,MIT-00008,ANT-00002327,2025-10-01,,,2025-10-01,VIERTELJAEHRLICH,RECHNUNG,162.15,170.26,,5000000.0,AKTIV,2025-10-01,,,3.0,2026-10-01,NORMAL,0,pfefferminz,MINT,,2025-09-07,
VTR-00002328,,HP-PRIV,HP,HP-MODERN,DE,EUR,PTR-00000581,VRM-00010,makler,MIT-00019,ANT-00002328,2017-05-01,,,2017-05-01,JAEHRLICH,RECHNUNG,51.52,61.31,,5000000.0,STORNIERT,2018-08-01,2018-08-01,K13,3.0,,NORMAL,0,pfefferminz,HAPO,2025-05-15,2017-04-06,
VTR-00002329,,HP-PRIV,HP,PM-2025,CH,CHF,PTR-00000608,VRM-00014,direkt,MIT-00008,ANT-00002329,2025-04-01,,,2025-04-01,HALBJAEHRLICH,EBILL,141.45,148.52,,5000000.0,AKTIV,2025-04-01,,,3.0,2026-04-01,NORMAL,0,pfefferminz,MINT,,2025-02-28,
VTR-00002330,,HP-PRIV,HP,HP-MODERN,CH,CHF,PTR-00000583,VRM-00036,agentur,MIT-00008,ANT-00002330,2015-01-01,,,2015-01-01,JAEHRLICH,RECHNUNG,162.7,170.83,,10000000.0,AKTIV,2015-01-01,,,3.0,2026-01-01,NORMAL,0,pfefferminz,HAPO,2025-05-15,2014-12-23,
VTR-00002331,,HP-PRIV,HP,PM-2025,CH,CHF,PTR-00000908,VRM-00025,agentur,MIT-00008,ANT-00002331,2025-10-01,,,2025-10-01,JAEHRLICH,EBILL,199.4,209.37,,10000000.0,AKTIV,2025-10-01,,,3.0,2026-10-01,NORMAL,0,pfefferminz,MINT,,2025-09-03,
VTR-00002332,,HP-PRIV,HP,HP-MODERN,DE,EUR,PTR-00000370,VRM-00001,direkt,MIT-00044,ANT-00002332,2017-06-01,,,2017-06-01,JAEHRLICH,LASTSCHRIFT,125.86,149.77,,20000000.0,GEKUENDIGT_VN,2022-09-01,2022-09-01,K01,3.0,,NORMAL,0,pfefferminz,HAPO,2025-05-15,2017-05-25,
VTR-00002333,,HP-PRIV,HP,HP-MODERN,CH,CHF,PTR-00000948,VRM-00036,agentur,MIT-00008,ANT-00002333,2015-01-01,,,2015-01-01,VIERTELJAEHRLICH,RECHNUNG,160.85,168.89,,5000000.0,AKTIV,2015-01-01,,,3.0,2026-01-01,NORMAL,0,pfefferminz,HAPO,2025-05-15,2014-12-11,
VTR-00002334,,HP-PRIV,HP,MZ-DIRECT,DE,EUR,PTR-00000580,VRM-00003,direkt,MIT-00019,ANT-00002334,2022-12-01,,,2022-12-01,HALBJAEHRLICH,LASTSCHRIFT,48.68,57.93,,10000000.0,AKTIV,2022-12-01,,,3.0,2026-12-01,NORMAL,0,minzia,MINT,,2022-11-05,
VTR-00002335,,HP-PRIV,HP,PM-2025,DE,EUR,PTR-00000726,VRM-00003,direkt,MIT-00019,ANT-00002335,2025-07-01,,,2025-07-01,JAEHRLICH,RECHNUNG,136.36,162.27,,50000000.0,AKTIV,2025-07-01,,,3.0,2026-07-01,NORMAL,0,pfefferminz,MINT,,2025-05-31,
VTR-00002336,,HP-PRIV,HP,MZ-DIRECT,DE,EUR,PTR-00000244,VRM-00013,direkt,MIT-00008,ANT-00002336,2023-08-01,,,2023-08-01,JAEHRLICH,LASTSCHRIFT,57.18,68.04,,50000000.0,AKTIV,2023-08-01,,,3.0,2026-08-01,NORMAL,0,minzia,MINT,,2023-06-23,
VTR-00002337,,HP-PRIV,HP,PM-2025,CH,CHF,PTR-00000778,VRM-00014,direkt,MIT-00008,ANT-00002337,2025-10-01,,,2025-10-01,JAEHRLICH,KREDITKARTE,186.2,195.51,,5000000.0,AKTIV,2025-10-01,,,3.0,2026-10-01,NORMAL,0,minzia,MINT,,2025-08-25,
VTR-00002338,,HP-PRIV,HP,PM-2025,DE,EUR,PTR-00000752,VRM-00001,direkt,MIT-00019,ANT-00002338,2025-01-01,,,2025-01-01,JAEHRLICH,RECHNUNG,52.45,62.42,,10000000.0,AKTIV,2025-01-01,,,3.0,2026-01-01,NORMAL,0,pfefferminz,MINT,,2024-12-31,
VTR-00002339,,HP-PRIV,HP,PM-2025,CH,CHF,PTR-00000192,VRM-00031,agentur,MIT-00008,ANT-00002339,2025-07-01,,,2025-07-01,HALBJAEHRLICH,LASTSCHRIFT,148.15,155.56,,5000000.0,AKTIV,2025-07-01,,,3.0,2026-07-01,NORMAL,0,pfefferminz,MINT,,2025-05-25,
VTR-00002340,,HP-PRIV,HP,HP-MODERN,DE,EUR,PTR-00000197,VRM-00008,bank,MIT-00008,ANT-00002340,2020-10-01,,,2020-10-01,JAEHRLICH,RECHNUNG,85.76,102.05,,20000000.0,STORNIERT,2023-04-01,2023-04-01,K12,3.0,,NORMAL,0,pfefferminz,HAPO,2025-05-15,2020-08-30,
VTR-00002341,,HP-PRIV,HP,PM-2025,CH,CHF,PTR-00000843,VRM-00011,agentur,MIT-00008,ANT-00002341,2025-12-01,,,2025-12-01,JAEHRLICH,RECHNUNG,170.75,179.29,,5000000.0,AKTIV,2025-12-01,,,3.0,2026-12-01,NORMAL,0,pfefferminz,MINT,,2025-11-11,
VTR-00002342,,HP-PRIV,HP,MZ-DIRECT,DE,EUR,PTR-00000167,VRM-00003,direkt,MIT-00008,ANT-00002342,2021-11-01,,,2021-11-01,JAEHRLICH,LASTSCHRIFT,58.7,69.85,,20000000.0,GEKUENDIGT_VN,2022-04-01,2022-04-01,K01,3.0,,NORMAL,0,minzia,MINT,,2021-10-30,
VTR-00002343,,HP-PRIV,HP,HP-MODERN,DE,EUR,PTR-00000438,VRM-00028,direkt,MIT-00019,ANT-00002343,2020-01-01,,,2020-01-01,JAEHRLICH,LASTSCHRIFT,53.6,63.78,,10000000.0,AKTIV,2020-01-01,,,3.0,2026-01-01,NORMAL,0,pfefferminz,HAPO,2025-05-15,2019-12-08,
VTR-00002344,,HP-PRIV,HP,MZ-DIRECT,DE,EUR,PTR-00000699,VRM-00013,direkt,MIT-00019,ANT-00002344,2024-12-01,,,2024-12-01,JAEHRLICH,KREDITKARTE,59.34,70.61,,10000000.0,AKTIV,2024-12-01,,,3.0,2026-12-01,NORMAL,0,minzia,MINT,,2024-11-12,
VTR-00002345,,HP-PRIV,HP,MZ-DIRECT,DE,EUR,PTR-00000942,VRM-00013,direkt,MIT-00019,ANT-00002345,2023-03-01,,,2023-03-01,VIERTELJAEHRLICH,KREDITKARTE,49.66,59.1,,20000000.0,AKTIV,2023-03-01,,,3.0,2026-03-01,NORMAL,0,minzia,MINT,,2023-01-25,
VTR-00002346,,HP-PRIV,HP,PM-2025,DE,EUR,PTR-00000140,VRM-00028,direkt,MIT-00044,ANT-00002346,2025-02-01,,,2025-02-01,JAEHRLICH,LASTSCHRIFT,101.01,120.2,,5000000.0,AKTIV,2025-02-01,,,3.0,2026-02-01,NORMAL,0,pfefferminz,MINT,,2024-12-30,
VTR-00002347,,HP-PRIV,HP,PM-2025,CH,CHF,PTR-00000031,VRM-00014,direkt,MIT-00008,ANT-00002347,2025-12-01,,,2025-12-01,HALBJAEHRLICH,LASTSCHRIFT,87.55,91.93,,5000000.0,AKTIV,2025-12-01,,,3.0,2026-12-01,NORMAL,0,minzia,MINT,,2025-11-26,
VTR-00002348,,HP-PRIV,HP,HP-MODERN,DE,EUR,PTR-00000226,VRM-00019,direkt,MIT-00008,ANT-00002348,2017-03-01,,,2017-03-01,JAEHRLICH,EBILL,62.15,73.96,,10000000.0,AKTIV,2017-03-01,,,3.0,2026-03-01,NORMAL,0,pfefferminz,HAPO,2025-05-15,2017-02-25,
VTR-00002349,,HP-PRIV,HP,PM-2025,DE,EUR,PTR-00000433,VRM-00013,direkt,MIT-00019,ANT-00002349,2025-04-01,,,2025-04-01,JAEHRLICH,LASTSCHRIFT,59.53,70.84,,5000000.0,AKTIV,2025-04-01,,,3.0,2026-04-01,NORMAL,0,pfefferminz,MINT,,2025-03-14,
VTR-00002350,,HP-PRIV,HP,HP-MODERN,DE,EUR,PTR-00000851,VRM-00001,direkt,MIT-00044,ANT-00002350,2017-12-01,,,2017-12-01,JAEHRLICH,RECHNUNG,101.16,120.38,,20000000.0,GEKUENDIGT_VN,2019-12-01,2019-12-01,K01,3.0,,NORMAL,0,pfefferminz,HAPO,2025-05-15,2017-11-10,
VTR-00002351,,HP-PRIV,HP,MZ-DIRECT,DE,EUR,PTR-00000150,VRM-00009,direkt,MIT-00044,ANT-00002351,2024-02-01,,,2024-02-01,MONATLICH,LASTSCHRIFT,73.86,87.89,,20000000.0,AKTIV,2024-02-01,,,3.0,2026-02-01,NORMAL,0,minzia,MINT,,2024-01-09,
VTR-00002352,,HP-PRIV,HP,PM-2025,CH,CHF,PTR-00000495,VRM-00025,agentur,MIT-00008,ANT-00002352,2025-10-01,,,2025-10-01,MONATLICH,RECHNUNG,148.15,155.56,,5000000.0,AKTIV,2025-10-01,,,3.0,2026-10-01,NORMAL,0,pfefferminz,MINT,,2025-09-20,
VTR-00002353,,HP-PRIV,HP,HP-KLASSIK,CH,CHF,PTR-00000803,VRM-00017,direkt,MIT-00008,ANT-00002353,2002-06-01,,,2002-06-01,JAEHRLICH,EBILL,103.8,108.99,,5000000.0,GEKUENDIGT_VN,2008-11-01,2008-11-01,K01,3.0,,NORMAL,0,pfefferminz,HAPO,2025-05-15,2002-05-21,
VTR-00002354,,HP-PRIV,HP,HP-MODERN,DE,EUR,PTR-00000410,VRM-00013,direkt,MIT-00044,ANT-00002354,2015-04-01,,,2015-04-01,HALBJAEHRLICH,RECHNUNG,45.0,53.55,,10000000.0,STORNIERT,2017-09-01,2017-09-01,K07,3.0,,NORMAL,0,pfefferminz,HAPO,2025-05-15,2015-03-28,
VTR-00002355,,HP-PRIV,HP,HP-MODERN,DE,EUR,PTR-00000679,VRM-00008,bank,MIT-00008,ANT-00002355,2018-02-01,,,2018-02-01,VIERTELJAEHRLICH,LASTSCHRIFT,130.18,154.91,,20000000.0,AKTIV,2018-02-01,,,3.0,2026-02-01,NORMAL,0,pfefferminz,HAPO,2025-05-15,2018-01-13,
VTR-00002356,,HP-PRIV,HP,MZ-DIRECT,DE,EUR,PTR-00000936,VRM-00013,direkt,MIT-00019,ANT-00002356,2022-05-01,,,2022-05-01,VIERTELJAEHRLICH,LASTSCHRIFT,84.8,100.91,,5000000.0,STORNIERT,2023-05-01,2023-05-01,K12,3.0,,NORMAL,0,minzia,MINT,,2022-04-24,
VTR-00002357,,HP-PRIV,HP,HP-KLASSIK,DE,EUR,PTR-00000158,VRM-00002,makler,MIT-00008,ANT-00002357,2005-12-01,,,2005-12-01,JAEHRLICH,LASTSCHRIFT,73.88,87.92,,5000000.0,GEKUENDIGT_VN,2010-11-01,2010-11-01,K03,3.0,,NORMAL,0,pfefferminz,HAPO,2025-05-15,2005-11-28,
VTR-00002358,,HP-PRIV,HP,HP-MODERN,DE,EUR,PTR-00000642,VRM-00010,makler,MIT-00008,ANT-00002358,2019-03-01,,,2019-03-01,HALBJAEHRLICH,LASTSCHRIFT,90.41,107.59,,10000000.0,GEKUENDIGT_VN,2020-11-01,2020-11-01,K05,3.0,,NORMAL,0,pfefferminz,HAPO,2025-05-15,2019-02-25,
VTR-00002359,,HP-PRIV,HP,MZ-DIRECT,DE,EUR,PTR-00000119,VRM-00003,direkt,MIT-00019,ANT-00002359,2023-07-01,,,2023-07-01,JAEHRLICH,RECHNUNG,53.13,63.22,,20000000.0,AKTIV,2023-07-01,,,3.0,2026-07-01,NORMAL,0,minzia,MINT,,2023-06-10,
VTR-00002360,,HP-PRIV,HP,MZ-DIRECT,DE,EUR,PTR-00000650,VRM-00013,direkt,MIT-00044,ANT-00002360,2023-12-01,,,2023-12-01,HALBJAEHRLICH,LASTSCHRIFT,50.98,60.67,,50000000.0,AKTIV,2023-12-01,,,3.0,2026-12-01,NORMAL,0,minzia,MINT,,2023-11-06,
VTR-00002361,,HP-PRIV,HP,PM-2025,DE,EUR,PTR-00000877,VRM-00020,direkt,MIT-00044,ANT-00002361,2025-12-01,,,2025-12-01,HALBJAEHRLICH,RECHNUNG,54.7,65.09,,20000000.0,AKTIV,2025-12-01,,,3.0,2026-12-01,NORMAL,0,pfefferminz,MINT,,2025-10-28,
VTR-00002362,,HP-PRIV,HP,HP-MODERN,CH,CHF,PTR-00000127,VRM-00014,direkt,MIT-00008,ANT-00002362,2019-10-01,,,2019-10-01,VIERTELJAEHRLICH,RECHNUNG,114.15,119.86,,10000000.0,GEKUENDIGT_VN,2021-03-01,2021-03-01,K02,3.0,,NORMAL,0,pfefferminz,HAPO,2025-05-15,2019-09-22,
VTR-00002363,,HP-PRIV,HP,HP-MODERN,DE,EUR,PTR-00000881,VRM-00024,bank,MIT-00044,ANT-00002363,2016-05-01,,,2016-05-01,JAEHRLICH,RECHNUNG,149.62,178.05,,20000000.0,STORNIERT,2021-02-01,2021-02-01,K12,3.0,,NORMAL,0,pfefferminz,HAPO,2025-05-15,2016-04-05,
VTR-00002364,,HP-PRIV,HP,PM-2025,DE,EUR,PTR-00000323,VRM-00013,direkt,MIT-00019,ANT-00002364,2025-12-01,,,2025-12-01,JAEHRLICH,EBILL,49.49,58.89,,5000000.0,AKTIV,2025-12-01,,,3.0,2026-12-01,NORMAL,0,minzia,MINT,,2025-10-24,
VTR-00002365,,HP-PRIV,HP,MZ-DIRECT,DE,EUR,PTR-00000829,VRM-00028,direkt,MIT-00044,ANT-00002365,2021-05-01,,,2021-05-01,HALBJAEHRLICH,LASTSCHRIFT,81.19,96.62,,50000000.0,AKTIV,2021-05-01,,,3.0,2026-05-01,NORMAL,0,minzia,MINT,,2021-03-29,
VTR-00002366,,HP-PRIV,HP,PM-2025,DE,EUR,PTR-00000324,VRM-00028,direkt,MIT-00044,ANT-00002366,2025-06-01,,,2025-06-01,HALBJAEHRLICH,LASTSCHRIFT,62.15,73.96,,10000000.0,AKTIV,2025-06-01,,,3.0,2026-06-01,NORMAL,0,pfefferminz,MINT,,2025-05-19,
VTR-00002367,,HP-PRIV,HP,MZ-DIRECT,DE,EUR,PTR-00000864,VRM-00019,direkt,MIT-00008,ANT-00002367,2021-04-01,,,2021-04-01,JAEHRLICH,RECHNUNG,48.99,58.3,,5000000.0,AKTIV,2021-04-01,,,3.0,2026-04-01,NORMAL,0,minzia,MINT,,2021-03-16,
VTR-00002368,,HP-PRIV,HP,HP-MODERN,CH,CHF,PTR-00000411,VRM-00014,direkt,MIT-00008,ANT-00002368,2020-09-01,,,2020-09-01,JAEHRLICH,RECHNUNG,145.15,152.41,,5000000.0,AKTIV,2020-09-01,,,3.0,2026-09-01,NORMAL,0,pfefferminz,HAPO,2025-05-15,2020-08-07,
VTR-00002369,,HP-PRIV,HP,PM-2025,CH,CHF,PTR-00000070,VRM-00014,makler,MIT-00008,ANT-00002369,2025-01-01,,,2025-01-01,JAEHRLICH,RECHNUNG,188.55,197.98,,5000000.0,AKTIV,2025-01-01,,,3.0,2026-01-01,NORMAL,0,pfefferminz,MINT,,2024-12-22,
VTR-00002370,,HP-PRIV,HP,HP-MODERN,DE,EUR,PTR-00000068,VRM-00010,makler,MIT-00019,ANT-00002370,2018-12-01,,,2018-12-01,JAEHRLICH,RECHNUNG,71.48,85.06,,5000000.0,AKTIV,2018-12-01,,,3.0,2026-12-01,NORMAL,0,pfefferminz,HAPO,2025-05-15,2018-11-24,
VTR-00002371,,HP-PRIV,HP,MZ-DIRECT,DE,EUR,PTR-00000372,VRM-00003,direkt,MIT-00044,ANT-00002371,2024-10-01,,,2024-10-01,JAEHRLICH,LASTSCHRIFT,199.64,237.57,,5000000.0,AKTIV,2024-10-01,,,3.0,2026-10-01,NORMAL,0,minzia,MINT,,2024-09-18,
VTR-00002372,,HP-PRIV,HP,PM-2025,CH,CHF,PTR-00000092,VRM-00014,makler,MIT-00008,ANT-00002372,2025-12-01,,,2025-12-01,JAEHRLICH,RECHNUNG,146.1,153.4,,10000000.0,AKTIV,2025-12-01,,,3.0,2026-12-01,NORMAL,0,pfefferminz,MINT,,2025-11-12,
VTR-00002373,,HP-PRIV,HP,PM-2025,CH,CHF,PTR-00000600,VRM-00014,direkt,MIT-00008,ANT-00002373,2025-01-01,,,2025-01-01,VIERTELJAEHRLICH,KREDITKARTE,145.2,152.46,,10000000.0,AKTIV,2025-01-01,,,3.0,2026-01-01,NORMAL,0,pfefferminz,MINT,,2024-12-25,
VTR-00002374,,HP-PRIV,HP,HP-MODERN,CH,CHF,PTR-00000343,VRM-00014,direkt,MIT-00008,ANT-00002374,2020-12-01,,,2020-12-01,JAEHRLICH,RECHNUNG,108.2,113.61,,5000000.0,GEKUENDIGT_VN,2021-12-01,2021-12-01,K05,3.0,,NORMAL,0,pfefferminz,HAPO,2025-05-15,2020-11-02,
VTR-00002375,,HP-PRIV,HP,HP-MODERN,DE,EUR,PTR-00000050,VRM-00024,bank,MIT-00008,ANT-00002375,2016-02-01,,,2016-02-01,JAEHRLICH,RECHNUNG,73.01,86.88,,10000000.0,AKTIV,2016-02-01,,,3.0,2026-02-01,NORMAL,0,pfefferminz,HAPO,2025-05-15,2016-01-30,
VTR-00002376,,HP-PRIV,HP,HP-MODERN,CH,CHF,PTR-00000128,VRM-00040,bank,MIT-00008,ANT-00002376,2018-04-01,,,2018-04-01,JAEHRLICH,RECHNUNG,215.0,225.75,,5000000.0,GEKUENDIGT_VN,2022-10-01,2022-10-01,K01,3.0,,NORMAL,0,pfefferminz,HAPO,2025-05-15,2018-03-12,
VTR-00002377,,HP-PRIV,HP,PM-2025,CH,CHF,PTR-00000502,VRM-00014,direkt,MIT-00008,ANT-00002377,2025-09-01,,,2025-09-01,HALBJAEHRLICH,LASTSCHRIFT,148.55,155.98,,5000000.0,AKTIV,2025-09-01,,,3.0,2026-09-01,NORMAL,0,pfefferminz,MINT,,2025-08-06,
VTR-00002378,,HP-PRIV,HP,HP-MODERN,CH,CHF,PTR-00000937,VRM-00014,direkt,MIT-00008,ANT-00002378,2020-06-01,,,2020-06-01,JAEHRLICH,RECHNUNG,134.4,141.12,,5000000.0,AKTIV,2020-06-01,,,3.0,2026-06-01,NORMAL,0,pfefferminz,HAPO,2025-05-15,2020-05-27,
VTR-00002379,,HP-PRIV,HP,HP-MODERN,CH,CHF,PTR-00000973,VRM-00014,direkt,MIT-00008,ANT-00002379,2019-07-01,,,2019-07-01,JAEHRLICH,RECHNUNG,127.3,133.67,,5000000.0,GEKUENDIGT_VN,2020-08-01,2020-08-01,K02,3.0,,NORMAL,0,pfefferminz,HAPO,2025-05-15,2019-06-01,
VTR-00002380,,HP-PRIV,HP,HP-MODERN,DE,EUR,PTR-00000079,VRM-00016,makler,MIT-00044,ANT-00002380,2019-01-01,,,2019-01-01,JAEHRLICH,LASTSCHRIFT,78.51,93.43,,5000000.0,GEKUENDIGT_VN,2020-01-01,2020-01-01,K01,3.0,,NORMAL,0,pfefferminz,HAPO,2025-05-15,2018-12-05,
VTR-00002381,,HP-PRIV,HP,HP-MODERN,DE,EUR,PTR-00000130,VRM-00028,direkt,MIT-00008,ANT-00002381,2020-08-01,,,2020-08-01,JAEHRLICH,RECHNUNG,85.26,101.46,,10000000.0,GEKUENDIGT_VN,2022-02-01,2022-02-01,K03,3.0,,NORMAL,0,pfefferminz,HAPO,2025-05-15,2020-07-12,
VTR-00002382,,HP-PRIV,HP,MZ-DIRECT,DE,EUR,PTR-00000801,VRM-00028,direkt,MIT-00044,ANT-00002382,2024-01-01,,,2024-01-01,VIERTELJAEHRLICH,LASTSCHRIFT,110.53,131.53,,10000000.0,AKTIV,2024-01-01,,,3.0,2026-01-01,NORMAL,0,minzia,MINT,,2023-12-06,
VTR-00002383,,HP-PRIV,HP,MZ-DIRECT,DE,EUR,PTR-00000155,VRM-00013,direkt,MIT-00008,ANT-00002383,2023-10-01,,,2023-10-01,JAEHRLICH,LASTSCHRIFT,61.16,72.78,,50000000.0,AKTIV,2023-10-01,,,3.0,2026-10-01,NORMAL,0,minzia,MINT,,2023-09-28,
VTR-00002384,,HP-PRIV,HP,HP-MODERN,CH,CHF,PTR-00000542,VRM-00014,direkt,MIT-00008,ANT-00002384,2015-03-01,,,2015-03-01,JAEHRLICH,LASTSCHRIFT,93.35,98.02,,5000000.0,AKTIV,2015-03-01,,,3.0,2026-03-01,NORMAL,0,pfefferminz,HAPO,2025-05-15,2015-01-30,
VTR-00002385,,HP-PRIV,HP,PM-2025,CH,CHF,PTR-00000165,VRM-00031,agentur,MIT-00008,ANT-00002385,2025-01-01,,,2025-01-01,JAEHRLICH,LASTSCHRIFT,124.75,130.99,,5000000.0,AKTIV,2025-01-01,,,3.0,2026-01-01,NORMAL,0,pfefferminz,MINT,,2024-11-30,
VTR-00002386,,HP-PRIV,HP,PM-2025,DE,EUR,PTR-00000727,VRM-00019,direkt,MIT-00044,ANT-00002386,2025-06-01,,,2025-06-01,JAEHRLICH,EBILL,45.2,53.79,,20000000.0,AKTIV,2025-06-01,,,3.0,2026-06-01,NORMAL,0,pfefferminz,MINT,,2025-05-03,
VTR-00002387,,HP-PRIV,HP,PM-2025,CH,CHF,PTR-00000546,VRM-00017,direkt,MIT-00008,ANT-00002387,2025-01-01,,,2025-01-01,JAEHRLICH,LASTSCHRIFT,153.25,160.91,,5000000.0,AKTIV,2025-01-01,,,3.0,2026-01-01,NORMAL,0,minzia,MINT,,2024-12-10,
VTR-00002388,,HP-PRIV,HP,PM-2025,DE,EUR,PTR-00000566,VRM-00021,makler,MIT-00008,ANT-00002388,2025-12-01,,,2025-12-01,JAEHRLICH,RECHNUNG,62.66,74.57,,5000000.0,AKTIV,2025-12-01,,,3.0,2026-12-01,NORMAL,0,pfefferminz,MINT,,2025-11-19,
VTR-00002389,,HP-PRIV,HP,HP-MODERN,CH,CHF,PTR-00000303,VRM-00031,agentur,MIT-00008,ANT-00002389,2014-01-01,,,2014-01-01,JAEHRLICH,RECHNUNG,226.05,237.35,,10000000.0,AKTIV,2014-01-01,,,3.0,2026-01-01,NORMAL,0,pfefferminz,HAPO,2025-05-15,2013-11-25,
VTR-00002390,,HP-PRIV,HP,HP-KLASSIK,DE,EUR,PTR-00000058,VRM-00019,direkt,MIT-00008,ANT-00002390,2007-10-01,,,2007-10-01,JAEHRLICH,RECHNUNG,44.99,53.54,,5000000.0,GEKUENDIGT_VN,2010-08-01,2010-08-01,K02,3.0,,NORMAL,0,pfefferminz,HAPO,2025-05-15,2007-09-17,
VTR-00002391,,HP-PRIV,HP,PM-2025,CH,CHF,PTR-00000227,VRM-00014,direkt,MIT-00008,ANT-00002391,2025-04-01,,,2025-04-01,JAEHRLICH,KREDITKARTE,151.45,159.02,,10000000.0,AKTIV,2025-04-01,,,3.0,2026-04-01,NORMAL,0,minzia,MINT,,2025-02-26,
VTR-00002392,,HP-PRIV,HP,PM-2025,DE,EUR,PTR-00000595,VRM-00010,makler,MIT-00008,ANT-00002392,2025-05-01,,,2025-05-01,JAEHRLICH,KREDITKARTE,131.32,156.27,,5000000.0,AKTIV,2025-05-01,,,3.0,2026-05-01,NORMAL,0,pfefferminz,MINT,,2025-04-11,
VTR-00002393,,HP-PRIV,HP,PM-2025,CH,CHF,PTR-00000368,VRM-00031,agentur,MIT-00008,ANT-00002393,2025-10-01,,,2025-10-01,MONATLICH,RECHNUNG,80.0,84.0,,5000000.0,AKTIV,2025-10-01,,,3.0,2026-10-01,NORMAL,0,pfefferminz,MINT,,2025-09-26,
VTR-00002394,,HP-PRIV,HP,MZ-DIRECT,DE,EUR,PTR-00000765,VRM-00028,direkt,MIT-00044,ANT-00002394,2021-10-01,,,2021-10-01,JAEHRLICH,LASTSCHRIFT,113.31,134.84,,50000000.0,AKTIV,2021-10-01,,,3.0,2026-10-01,NORMAL,0,minzia,MINT,,2021-09-03,
VTR-00002395,,HP-PRIV,HP,HP-KLASSIK,CH,CHF,PTR-00000445,VRM-00017,direkt,MIT-00008,ANT-00002395,2011-04-01,,,2011-04-01,JAEHRLICH,RECHNUNG,130.7,137.24,,5000000.0,AKTIV,2011-04-01,,,3.0,2026-04-01,NORMAL,0,pfefferminz,HAPO,2025-05-15,2011-03-19,
VTR-00002396,,HP-PRIV,HP,HP-MODERN,DE,EUR,PTR-00000030,VRM-00028,direkt,MIT-00019,ANT-00002396,2015-01-01,,,2015-01-01,HALBJAEHRLICH,LASTSCHRIFT,45.0,53.55,,10000000.0,GEKUENDIGT_VN,2024-09-01,2024-09-01,K09,3.0,,NORMAL,0,pfefferminz,HAPO,2025-05-15,2014-12-14,
VTR-00002397,,HP-PRIV,HP,MZ-DIRECT,DE,EUR,PTR-00000052,VRM-00009,direkt,MIT-00019,ANT-00002397,2021-02-01,,,2021-02-01,JAEHRLICH,RECHNUNG,60.97,72.55,,5000000.0,GEKUENDIGT_VN,2022-09-01,2022-09-01,K04,3.0,,NORMAL,0,minzia,MINT,,2021-01-14,
VTR-00002398,,HP-PRIV,HP,MZ-DIRECT,DE,EUR,PTR-00000146,VRM-00028,direkt,MIT-00008,ANT-00002398,2023-06-01,,,2023-06-01,HALBJAEHRLICH,LASTSCHRIFT,190.32,226.48,,50000000.0,AKTIV,2023-06-01,,,3.0,2026-06-01,NORMAL,0,minzia,MINT,,2023-05-17,
VTR-00002399,,HP-PRIV,HP,PM-2025,CH,CHF,PTR-00000092,VRM-00014,direkt,MIT-00008,ANT-00002399,2025-11-01,,,2025-11-01,JAEHRLICH,EBILL,114.4,120.12,,5000000.0,AKTIV,2025-11-01,,,3.0,2026-11-01,NORMAL,0,pfefferminz,MINT,,2025-10-23,
VTR-00002400,,HP-PRIV,HP,PM-2025,CH,CHF,PTR-00000556,VRM-00015,direkt,MIT-00008,ANT-00002400,2025-10-01,,,2025-10-01,JAEHRLICH,RECHNUNG,93.8,98.49,,5000000.0,AKTIV,2025-10-01,,,3.0,2026-10-01,NORMAL,0,pfefferminz,MINT,,2025-09-28,
VTR-00002401,,HP-PRIV,HP,HP-MODERN,CH,CHF,PTR-00000810,VRM-00014,direkt,MIT-00008,ANT-00002401,2016-09-01,,,2016-09-01,JAEHRLICH,LASTSCHRIFT,103.5,108.68,,5000000.0,GEKUENDIGT_VN,2022-01-01,2022-01-01,K02,3.0,,NORMAL,0,pfefferminz,HAPO,2025-05-15,2016-08-08,
VTR-00002402,,HP-PRIV,HP,HP-MODERN,CH,CHF,PTR-00000604,VRM-00039,agentur,MIT-00008,ANT-00002402,2015-06-01,,,2015-06-01,JAEHRLICH,RECHNUNG,94.3,99.01,,5000000.0,AKTIV,2015-06-01,,,3.0,2026-06-01,NORMAL,0,pfefferminz,HAPO,2025-05-15,2015-04-28,
VTR-00002403,,HP-PRIV,HP,HP-MODERN,CH,CHF,PTR-00000144,VRM-00014,direkt,MIT-00008,ANT-00002403,2020-05-01,,,2020-05-01,JAEHRLICH,RECHNUNG,140.05,147.05,,5000000.0,AKTIV,2020-05-01,,,3.0,2026-05-01,NORMAL,0,pfefferminz,HAPO,2025-05-15,2020-04-25,
VTR-00002404,,HP-PRIV,HP,MZ-DIRECT,DE,EUR,PTR-00000455,VRM-00028,direkt,MIT-00008,ANT-00002404,2023-02-01,,,2023-02-01,JAEHRLICH,LASTSCHRIFT,60.83,72.39,,20000000.0,GEKUENDIGT_VN,2024-10-01,2024-10-01,K01,3.0,,NORMAL,0,minzia,MINT,,2023-01-29,
VTR-00002405,,HP-PRIV,HP,MZ-DIRECT,DE,EUR,PTR-00000570,VRM-00001,direkt,MIT-00044,ANT-00002405,2022-06-01,,,2022-06-01,JAEHRLICH,LASTSCHRIFT,48.43,57.63,,50000000.0,AKTIV,2022-06-01,,,3.0,2026-06-01,NORMAL,0,minzia,MINT,,2022-05-20,
VTR-00002406,,HP-PRIV,HP,HP-KLASSIK,CH,CHF,PTR-00000354,VRM-00014,direkt,MIT-00008,ANT-00002406,2002-10-01,,,2002-10-01,JAEHRLICH,RECHNUNG,123.85,130.04,,5000000.0,GEKUENDIGT_VN,2005-08-01,2005-08-01,K03,3.0,,NORMAL,0,pfefferminz,HAPO,2025-05-15,2002-09-20,
VTR-00002407,,HP-PRIV,HP,HP-KLASSIK,DE,EUR,PTR-00000890,VRM-00009,direkt,MIT-00008,ANT-00002407,2006-04-01,,,2006-04-01,HALBJAEHRLICH,RECHNUNG,37.73,44.9,,5000000.0,GEKUENDIGT_VN,2012-08-01,2012-08-01,K01,3.0,,NORMAL,0,pfefferminz,HAPO,2025-05-15,2006-03-14,
VTR-00002408,,HP-PRIV,HP,MZ-DIRECT,DE,EUR,PTR-00000708,VRM-00003,direkt,MIT-00044,ANT-00002408,2022-12-01,,,2022-12-01,JAEHRLICH,LASTSCHRIFT,68.64,81.68,,10000000.0,AKTIV,2022-12-01,,,3.0,2026-12-01,NORMAL,0,minzia,MINT,,2022-11-22,
VTR-00002409,,HP-PRIV,HP,HP-MODERN,CH,CHF,PTR-00000385,VRM-00005,agentur,MIT-00008,ANT-00002409,2018-12-01,,,2018-12-01,JAEHRLICH,LASTSCHRIFT,162.7,170.83,,10000000.0,GEKUENDIGT_VN,2023-09-01,2023-09-01,K01,3.0,,NORMAL,0,pfefferminz,HAPO,2025-05-15,2018-10-29,
VTR-00002410,,HP-PRIV,HP,HP-MODERN,CH,CHF,PTR-00000549,VRM-00012,agentur,MIT-00008,ANT-00002410,2019-11-01,,,2019-11-01,JAEHRLICH,RECHNUNG,160.85,168.89,,5000000.0,AKTIV,2019-11-01,,,3.0,2026-11-01,NORMAL,0,pfefferminz,HAPO,2025-05-15,2019-10-01,
VTR-00002411,,HP-PRIV,HP,PM-2025,DE,EUR,PTR-00000887,VRM-00030,bank,MIT-00008,ANT-00002411,2025-09-01,,,2025-09-01,JAEHRLICH,RECHNUNG,64.24,76.45,,10000000.0,AKTIV,2025-09-01,,,3.0,2026-09-01,NORMAL,0,pfefferminz,MINT,,2025-08-18,
VTR-00002412,,HP-PRIV,HP,HP-MODERN,DE,EUR,PTR-00000995,VRM-00019,direkt,MIT-00008,ANT-00002412,2015-02-01,,,2015-02-01,JAEHRLICH,RECHNUNG,235.13,279.8,,10000000.0,GEKUENDIGT_VN,2024-07-01,2024-07-01,K06,3.0,,NORMAL,0,pfefferminz,HAPO,2025-05-15,2015-01-20,
VTR-00002413,,HP-PRIV,HP,HP-MODERN,CH,CHF,PTR-00000753,VRM-00039,agentur,MIT-00008,ANT-00002413,2016-09-01,,,2016-09-01,JAEHRLICH,RECHNUNG,270.25,283.76,,10000000.0,AKTIV,2016-09-01,,,3.0,2026-09-01,NORMAL,0,pfefferminz,HAPO,2025-05-15,2016-08-10,
VTR-00002414,,HP-PRIV,HP,MZ-DIRECT,DE,EUR,PTR-00000325,VRM-00028,direkt,MIT-00019,ANT-00002414,2023-06-01,,,2023-06-01,JAEHRLICH,LASTSCHRIFT,45.0,53.55,,5000000.0,AKTIV,2023-06-01,,,3.0,2026-06-01,NORMAL,0,minzia,MINT,,2023-05-10,
VTR-00002415,,HP-PRIV,HP,MZ-DIRECT,DE,EUR,PTR-00000021,VRM-00029,direkt,MIT-00008,ANT-00002415,2022-05-01,,,2022-05-01,HALBJAEHRLICH,LASTSCHRIFT,53.86,64.09,,10000000.0,AKTIV,2022-05-01,,,3.0,2026-05-01,NORMAL,0,minzia,MINT,,2022-03-25,
VTR-00002416,,HP-PRIV,HP,MZ-DIRECT,DE,EUR,PTR-00000135,VRM-00019,direkt,MIT-00019,ANT-00002416,2022-07-01,,,2022-07-01,JAEHRLICH,KREDITKARTE,65.19,77.58,,50000000.0,AKTIV,2022-07-01,,,3.0,2026-07-01,NORMAL,0,minzia,MINT,,2022-05-31,
VTR-00002417,,HP-PRIV,HP,PM-2025,DE,EUR,PTR-00000632,VRM-00013,direkt,MIT-00019,ANT-00002417,2025-02-01,,,2025-02-01,VIERTELJAEHRLICH,RECHNUNG,123.95,147.5,,10000000.0,AKTIV,2025-02-01,,,3.0,2026-02-01,NORMAL,0,pfefferminz,MINT,,2025-01-01,
VTR-00002418,,HP-PRIV,HP,HP-MODERN,CH,CHF,PTR-00000340,VRM-00012,agentur,MIT-00008,ANT-00002418,2016-10-01,,,2016-10-01,VIERTELJAEHRLICH,RECHNUNG,184.6,193.83,,10000000.0,GEKUENDIGT_VN,2021-10-01,2021-10-01,K17,3.0,,NORMAL,0,pfefferminz,HAPO,2025-05-15,2016-09-09,
VTR-00002419,,HP-PRIV,HP,MZ-DIRECT,DE,EUR,PTR-00000163,VRM-00029,direkt,MIT-00008,ANT-00002419,2022-01-01,,,2022-01-01,JAEHRLICH,LASTSCHRIFT,77.86,92.65,,50000000.0,AKTIV,2022-01-01,,,3.0,2026-01-01,NORMAL,0,minzia,MINT,,2021-12-06,
VTR-00002420,,HP-PRIV,HP,HP-MODERN,DE,EUR,PTR-00000435,VRM-00028,direkt,MIT-00044,ANT-00002420,2020-02-01,,,2020-02-01,JAEHRLICH,LASTSCHRIFT,45.41,54.04,,10000000.0,STORNIERT,2023-10-01,2023-10-01,K07,3.0,,NORMAL,0,pfefferminz,HAPO,2025-05-15,2020-01-02,
VTR-00002421,,HP-PRIV,HP,HP-MODERN,CH,CHF,PTR-00000287,VRM-00012,bank,MIT-00008,ANT-00002421,2014-03-01,,,2014-03-01,JAEHRLICH,RECHNUNG,215.75,226.54,,10000000.0,GEKUENDIGT_VN,2023-08-01,2023-08-01,K17,3.0,,NORMAL,0,pfefferminz,HAPO,2025-05-15,2014-02-26,
VTR-00002422,,HP-PRIV,HP,HP-MODERN,DE,EUR,PTR-00000106,VRM-00037,makler,MIT-00008,ANT-00002422,2018-02-01,,,2018-02-01,VIERTELJAEHRLICH,RECHNUNG,68.28,81.25,,5000000.0,GEKUENDIGT_VN,2019-07-01,2019-07-01,K02,3.0,,NORMAL,0,pfefferminz,HAPO,2025-05-15,2018-01-30,
VTR-00002423,,HP-PRIV,HP,HP-MODERN,DE,EUR,PTR-00000847,VRM-00029,direkt,MIT-00044,ANT-00002423,2020-10-01,,,2020-10-01,JAEHRLICH,LASTSCHRIFT,96.61,114.97,,10000000.0,GEKUENDIGT_VN,2021-03-01,2021-03-01,K17,3.0,,NORMAL,0,pfefferminz,HAPO,2025-05-15,2020-08-27,
VTR-00002424,,HP-PRIV,HP,MZ-DIRECT,DE,EUR,PTR-00000423,VRM-00019,direkt,MIT-00019,ANT-00002424,2022-08-01,,,2022-08-01,JAEHRLICH,LASTSCHRIFT,103.8,123.52,,20000000.0,AKTIV,2022-08-01,,,3.0,2026-08-01,NORMAL,0,minzia,MINT,,2022-07-28,
VTR-00002425,,HP-PRIV,HP,MZ-DIRECT,DE,EUR,PTR-00000582,VRM-00013,direkt,MIT-00044,ANT-00002425,2021-12-01,,,2021-12-01,JAEHRLICH,LASTSCHRIFT,41.4,49.27,,10000000.0,AKTIV,2021-12-01,,,3.0,2026-12-01,NORMAL,0,minzia,MINT,,2021-10-23,
VTR-00002426,,HP-PRIV,HP,PM-2025,CH,CHF,PTR-00000640,VRM-00014,direkt,MIT-00008,ANT-00002426,2025-01-01,,,2025-01-01,JAEHRLICH,LASTSCHRIFT,159.45,167.42,,10000000.0,AKTIV,2025-01-01,,,3.0,2026-01-01,NORMAL,0,minzia,MINT,,2024-12-08,
VTR-00002427,,HP-PRIV,HP,PM-2025,CH,CHF,PTR-00000499,VRM-00014,direkt,MIT-00008,ANT-00002427,2025-12-01,,,2025-12-01,JAEHRLICH,EBILL,107.35,112.72,,10000000.0,AKTIV,2025-12-01,,,3.0,2026-12-01,NORMAL,0,pfefferminz,MINT,,2025-11-27,
VTR-00002428,,HP-PRIV,HP,PM-2025,CH,CHF,PTR-00000279,VRM-00039,agentur,MIT-00008,ANT-00002428,2025-02-01,,,2025-02-01,JAEHRLICH,LASTSCHRIFT,113.9,119.6,,5000000.0,AKTIV,2025-02-01,,,3.0,2026-02-01,NORMAL,0,pfefferminz,MINT,,2025-01-08,
VTR-00002429,,HP-PRIV,HP,PM-2025,CH,CHF,PTR-00000209,VRM-00012,agentur,MIT-00008,ANT-00002429,2025-12-01,,,2025-12-01,HALBJAEHRLICH,LASTSCHRIFT,119.85,125.84,,10000000.0,AKTIV,2025-12-01,,,3.0,2026-12-01,NORMAL,0,pfefferminz,MINT,,2025-11-26,
VTR-00002430,,HP-PRIV,HP,HP-KLASSIK,DE,EUR,PTR-00000274,VRM-00034,makler,MIT-00008,ANT-00002430,2011-01-01,,,2011-01-01,JAEHRLICH,RECHNUNG,61.02,72.61,,5000000.0,GEKUENDIGT_VU,2012-01-01,2012-01-01,K10,3.0,,NORMAL,0,pfefferminz,HAPO,2025-05-15,2010-12-07,
VTR-00002431,,HP-PRIV,HP,HP-MODERN,DE,EUR,PTR-00000251,VRM-00034,makler,MIT-00019,ANT-00002431,2020-12-01,,,2020-12-01,VIERTELJAEHRLICH,LASTSCHRIFT,105.34,125.35,,5000000.0,AKTIV,2020-12-01,,,3.0,2026-12-01,NORMAL,0,pfefferminz,HAPO,2025-05-15,2020-11-16,
VTR-00002432,,HP-PRIV,HP,MZ-DIRECT,DE,EUR,PTR-00000421,VRM-00028,direkt,MIT-00008,ANT-00002432,2022-01-01,,,2022-01-01,JAEHRLICH,LASTSCHRIFT,56.32,67.02,,20000000.0,AKTIV,2022-01-01,,,3.0,2026-01-01,NORMAL,0,minzia,MINT,,2021-12-20,
VTR-00002433,,HP-PRIV,HP,MZ-DIRECT,DE,EUR,PTR-00000024,VRM-00028,direkt,MIT-00008,ANT-00002433,2023-11-01,,,2023-11-01,JAEHRLICH,KREDITKARTE,60.86,72.42,,5000000.0,AKTIV,2023-11-01,,,3.0,2026-11-01,NORMAL,0,minzia,MINT,,2023-09-26,
VTR-00002434,,HP-PRIV,HP,HP-MODERN,CH,CHF,PTR-00000032,VRM-00014,direkt,MIT-00008,ANT-00002434,2019-10-01,,,2019-10-01,JAEHRLICH,RECHNUNG,179.8,188.79,,10000000.0,AKTIV,2019-10-01,,,3.0,2026-10-01,NORMAL,0,pfefferminz,HAPO,2025-05-15,2019-09-11,
VTR-00002435,,HP-PRIV,HP,PM-2025,CH,CHF,PTR-00000930,VRM-00025,makler,MIT-00008,ANT-00002435,2025-02-01,,,2025-02-01,JAEHRLICH,RECHNUNG,99.05,104.0,,5000000.0,AKTIV,2025-02-01,,,3.0,2026-02-01,NORMAL,0,pfefferminz,MINT,,2025-01-16,
VTR-00002436,,HP-PRIV,HP,HP-MODERN,CH,CHF,PTR-00000464,VRM-00004,agentur,MIT-00008,ANT-00002436,2013-05-01,,,2013-05-01,JAEHRLICH,LASTSCHRIFT,178.95,187.9,,10000000.0,GEKUENDIGT_VN,2017-03-01,2017-03-01,K01,3.0,,NORMAL,0,pfefferminz,HAPO,2025-05-15,2013-04-17,
VTR-00002437,,HP-PRIV,HP,PM-2025,CH,CHF,PTR-00000654,VRM-00015,direkt,MIT-00008,ANT-00002437,2025-10-01,,,2025-10-01,VIERTELJAEHRLICH,LASTSCHRIFT,108.7,114.14,,5000000.0,AKTIV,2025-10-01,,,3.0,2026-10-01,NORMAL,0,minzia,MINT,,2025-09-29,
VTR-00002438,,HP-PRIV,HP,PM-2025,DE,EUR,PTR-00000684,VRM-00010,makler,MIT-00019,ANT-00002438,2025-11-01,,,2025-11-01,JAEHRLICH,RECHNUNG,62.2,74.02,,50000000.0,AKTIV,2025-11-01,,,3.0,2026-11-01,NORMAL,0,pfefferminz,MINT,,2025-10-23,
VTR-00002439,,HP-PRIV,HP,PM-2025,CH,CHF,PTR-00000443,VRM-00017,direkt,MIT-00008,ANT-00002439,2025-02-01,,,2025-02-01,JAEHRLICH,LASTSCHRIFT,113.65,119.33,,5000000.0,AKTIV,2025-02-01,,,3.0,2026-02-01,NORMAL,0,pfefferminz,MINT,,2025-01-06,
VTR-00002440,,HP-PRIV,HP,HP-MODERN,CH,CHF,PTR-00000992,VRM-00015,direkt,MIT-00008,ANT-00002440,2020-06-01,,,2020-06-01,JAEHRLICH,RECHNUNG,162.3,170.42,,10000000.0,GEKUENDIGT_VU,2023-06-01,2023-06-01,K10,3.0,,NORMAL,0,pfefferminz,HAPO,2025-05-15,2020-05-21,
VTR-00002441,,HP-PRIV,HP,HP-KLASSIK,DE,EUR,PTR-00000632,VRM-00028,direkt,MIT-00008,ANT-00002441,2005-11-01,,,2005-11-01,JAEHRLICH,EBILL,60.09,71.51,,5000000.0,GEKUENDIGT_VN,2012-07-01,2012-07-01,K09,3.0,,NORMAL,0,pfefferminz,HAPO,2025-05-15,2005-10-30,
VTR-00002442,,HP-PRIV,HP,PM-2025,CH,CHF,PTR-00000337,VRM-00014,bank,MIT-00008,ANT-00002442,2025-02-01,,,2025-02-01,VIERTELJAEHRLICH,RECHNUNG,191.8,201.39,,10000000.0,AKTIV,2025-02-01,,,3.0,2026-02-01,NORMAL,0,pfefferminz,MINT,,2024-12-28,
VTR-00002443,,HP-PRIV,HP,MZ-DIRECT,DE,EUR,PTR-00000979,VRM-00013,direkt,MIT-00019,ANT-00002443,2023-03-01,,,2023-03-01,HALBJAEHRLICH,LASTSCHRIFT,71.01,84.5,,10000000.0,AKTIV,2023-03-01,,,3.0,2026-03-01,NORMAL,0,minzia,MINT,,2023-02-06,
VTR-00002444,,HP-PRIV,HP,MZ-DIRECT,DE,EUR,PTR-00000091,VRM-00003,direkt,MIT-00008,ANT-00002444,2023-12-01,,,2023-12-01,JAEHRLICH,KREDITKARTE,101.38,120.64,,50000000.0,GEKUENDIGT_VN,2024-10-01,2024-10-01,K06,3.0,,NORMAL,0,minzia,MINT,,2023-11-12,
VTR-00002445,,HP-PRIV,HP,HP-MODERN,DE,EUR,PTR-00000833,VRM-00013,direkt,MIT-00044,ANT-00002445,2019-02-01,,,2019-02-01,VIERTELJAEHRLICH,RECHNUNG,59.65,70.98,,20000000.0,AKTIV,2019-02-01,,,3.0,2026-02-01,NORMAL,0,pfefferminz,HAPO,2025-05-15,2019-01-18,
VTR-00002446,,HP-PRIV,HP,PM-2025,DE,EUR,PTR-00000840,VRM-00028,direkt,MIT-00019,ANT-00002446,2025-12-01,,,2025-12-01,JAEHRLICH,LASTSCHRIFT,68.94,82.04,,50000000.0,AKTIV,2025-12-01,,,3.0,2026-12-01,NORMAL,0,minzia,MINT,,2025-11-17,
VTR-00002447,,HP-PRIV,HP,MZ-DIRECT,DE,EUR,PTR-00000660,VRM-00019,direkt,MIT-00008,ANT-00002447,2021-12-01,,,2021-12-01,HALBJAEHRLICH,LASTSCHRIFT,45.0,53.55,,5000000.0,AKTIV,2021-12-01,,,3.0,2026-12-01,NORMAL,0,minzia,MINT,,2021-10-27,
VTR-00002448,,HP-PRIV,HP,HP-MODERN,CH,CHF,PTR-00000965,VRM-00017,direkt,MIT-00008,ANT-00002448,2015-07-01,,,2015-07-01,JAEHRLICH,RECHNUNG,134.4,141.12,,5000000.0,GEKUENDIGT_VN,2018-12-01,2018-12-01,K02,3.0,,NORMAL,0,pfefferminz,HAPO,2025-05-15,2015-06-10,
VTR-00002449,,HP-PRIV,HP,MZ-DIRECT,DE,EUR,PTR-00000421,VRM-00003,direkt,MIT-00044,ANT-00002449,2023-11-01,,,2023-11-01,JAEHRLICH,RECHNUNG,53.76,63.97,,10000000.0,AKTIV,2023-11-01,,,3.0,2026-11-01,NORMAL,0,minzia,MINT,,2023-10-16,
VTR-00002450,,HP-PRIV,HP,PM-2025,CH,CHF,PTR-00000997,VRM-00014,direkt,MIT-00008,ANT-00002450,2025-08-01,,,2025-08-01,JAEHRLICH,LASTSCHRIFT,114.25,119.96,,5000000.0,AKTIV,2025-08-01,,,3.0,2026-08-01,NORMAL,0,pfefferminz,MINT,,2025-07-12,
VTR-00002451,,HP-PRIV,HP,PM-2025,CH,CHF,PTR-00000861,VRM-00017,direkt,MIT-00008,ANT-00002451,2025-06-01,,,2025-06-01,VIERTELJAEHRLICH,LASTSCHRIFT,97.3,102.17,,5000000.0,AKTIV,2025-06-01,,,3.0,2026-06-01,NORMAL,0,minzia,MINT,,2025-05-31,
VTR-00002452,,HP-PRIV,HP,HP-MODERN,DE,EUR,PTR-00000074,VRM-00008,bank,MIT-00044,ANT-00002452,2020-04-01,,,2020-04-01,VIERTELJAEHRLICH,RECHNUNG,75.84,90.25,,5000000.0,AKTIV,2020-04-01,,,3.0,2026-04-01,NORMAL,0,pfefferminz,HAPO,2025-05-15,2020-03-05,
VTR-00002453,,HP-PRIV,HP,MZ-DIRECT,DE,EUR,PTR-00000717,VRM-00013,direkt,MIT-00008,ANT-00002453,2022-04-01,,,2022-04-01,HALBJAEHRLICH,LASTSCHRIFT,67.49,80.31,,10000000.0,AKTIV,2022-04-01,,,3.0,2026-04-01,NORMAL,0,minzia,MINT,,2022-03-13,
VTR-00002454,,HP-PRIV,HP,HP-MODERN,CH,CHF,PTR-00000123,VRM-00014,makler,MIT-00008,ANT-00002454,2020-08-01,,,2020-08-01,JAEHRLICH,RECHNUNG,154.8,162.54,,5000000.0,GEKUENDIGT_VN,2022-08-01,2022-08-01,K01,3.0,,NORMAL,0,pfefferminz,HAPO,2025-05-15,2020-07-15,
VTR-00002455,,HP-PRIV,HP,HP-MODERN,CH,CHF,PTR-00000026,VRM-00014,direkt,MIT-00008,ANT-00002455,2016-07-01,,,2016-07-01,JAEHRLICH,RECHNUNG,238.8,250.74,,10000000.0,AKTIV,2016-07-01,,,3.0,2026-07-01,NORMAL,0,pfefferminz,HAPO,2025-05-15,2016-05-29,
VTR-00002456,,HP-PRIV,HP,PM-2025,CH,CHF,PTR-00000440,VRM-00005,agentur,MIT-00008,ANT-00002456,2025-07-01,,,2025-07-01,JAEHRLICH,KREDITKARTE,151.9,159.5,,5000000.0,AKTIV,2025-07-01,,,3.0,2026-07-01,NORMAL,0,pfefferminz,MINT,,2025-06-09,
VTR-00002457,,HP-PRIV,HP,PM-2025,CH,CHF,PTR-00000099,VRM-00014,direkt,MIT-00008,ANT-00002457,2025-04-01,,,2025-04-01,JAEHRLICH,KREDITKARTE,209.35,219.82,,10000000.0,AKTIV,2025-04-01,,,3.0,2026-04-01,NORMAL,0,minzia,MINT,,2025-02-22,
VTR-00002458,,HP-PRIV,HP,MZ-DIRECT,DE,EUR,PTR-00000943,VRM-00028,direkt,MIT-00008,ANT-00002458,2021-07-01,,,2021-07-01,JAEHRLICH,LASTSCHRIFT,56.99,67.82,,5000000.0,GEKUENDIGT_VN,2023-09-01,2023-09-01,K02,3.0,,NORMAL,0,minzia,MINT,,2021-05-28,
VTR-00002459,,HP-PRIV,HP,MZ-DIRECT,DE,EUR,PTR-00000557,VRM-00001,direkt,MIT-00044,ANT-00002459,2021-10-01,,,2021-10-01,VIERTELJAEHRLICH,LASTSCHRIFT,46.63,55.49,,5000000.0,AKTIV,2021-10-01,,,3.0,2026-10-01,NORMAL,0,minzia,MINT,,2021-08-24,
VTR-00002460,,HP-PRIV,HP,HP-MODERN,CH,CHF,PTR-00000599,VRM-00036,agentur,MIT-00008,ANT-00002460,2016-01-01,,,2016-01-01,JAEHRLICH,LASTSCHRIFT,80.4,84.42,,5000000.0,AKTIV,2016-01-01,,,3.0,2026-01-01,NORMAL,0,pfefferminz,HAPO,2025-05-15,2015-11-24,
VTR-00002461,,HP-PRIV,HP,HP-MODERN,CH,CHF,PTR-00000973,VRM-00015,direkt,MIT-00008,ANT-00002461,2017-02-01,,,2017-02-01,HALBJAEHRLICH,RECHNUNG,161.05,169.1,,10000000.0,GEKUENDIGT_VN,2023-10-01,2023-10-01,K02,3.0,,NORMAL,0,pfefferminz,HAPO,2025-05-15,2017-01-13,
VTR-00002462,,HP-PRIV,HP,PM-2025,DE,EUR,PTR-00000952,VRM-00003,direkt,MIT-00044,ANT-00002462,2025-08-01,,,2025-08-01,VIERTELJAEHRLICH,RECHNUNG,59.73,71.08,,10000000.0,AKTIV,2025-08-01,,,3.0,2026-08-01,NORMAL,0,pfefferminz,MINT,,2025-06-26,
VTR-00002463,,HP-PRIV,HP,HP-MODERN,CH,CHF,PTR-00000959,VRM-00031,agentur,MIT-00008,ANT-00002463,2016-07-01,,,2016-07-01,JAEHRLICH,RECHNUNG,152.85,160.49,,10000000.0,AKTIV,2016-07-01,,,3.0,2026-07-01,NORMAL,0,pfefferminz,HAPO,2025-05-15,2016-06-15,
VTR-00002464,,HP-PRIV,HP,MZ-DIRECT,DE,EUR,PTR-00000208,VRM-00003,direkt,MIT-00008,ANT-00002464,2024-07-01,,,2024-07-01,JAEHRLICH,LASTSCHRIFT,47.94,57.05,,20000000.0,AKTIV,2024-07-01,,,3.0,2026-07-01,NORMAL,0,minzia,MINT,,2024-06-07,
VTR-00002465,,HP-PRIV,HP,MZ-DIRECT,DE,EUR,PTR-00000114,VRM-00001,direkt,MIT-00044,ANT-00002465,2021-11-01,,,2021-11-01,VIERTELJAEHRLICH,EBILL,56.32,67.02,,5000000.0,GEKUENDIGT_VN,2023-12-01,2023-12-01,K01,3.0,,NORMAL,0,minzia,MINT,,2021-10-21,
VTR-00002466,,HP-PRIV,HP,HP-MODERN,CH,CHF,PTR-00000892,VRM-00014,direkt,MIT-00008,ANT-00002466,2015-02-01,,,2015-02-01,JAEHRLICH,RECHNUNG,155.6,163.38,,5000000.0,AKTIV,2015-02-01,,,3.0,2026-02-01,NORMAL,0,pfefferminz,HAPO,2025-05-15,2015-01-03,
VTR-00002467,,HP-PRIV,HP,HP-MODERN,DE,EUR,PTR-00000419,VRM-00010,makler,MIT-00044,ANT-00002467,2018-07-01,,,2018-07-01,JAEHRLICH,LASTSCHRIFT,108.19,128.75,,5000000.0,AKTIV,2018-07-01,,,3.0,2026-07-01,NORMAL,0,pfefferminz,HAPO,2025-05-15,2018-06-26,
VTR-00002468,,HP-PRIV,HP,MZ-DIRECT,DE,EUR,PTR-00000152,VRM-00028,direkt,MIT-00019,ANT-00002468,2021-08-01,,,2021-08-01,JAEHRLICH,KREDITKARTE,59.6,70.92,,50000000.0,AKTIV,2021-08-01,,,3.0,2026-08-01,NORMAL,0,minzia,MINT,,2021-06-26,
VTR-00002469,,HP-PRIV,HP,PM-2025,CH,CHF,PTR-00000737,VRM-00036,makler,MIT-00008,ANT-00002469,2025-05-01,,,2025-05-01,JAEHRLICH,EBILL,243.25,255.41,,10000000.0,AKTIV,2025-05-01,,,3.0,2026-05-01,NORMAL,0,pfefferminz,MINT,,2025-04-15,
VTR-00002470,,HP-PRIV,HP,HP-MODERN,DE,EUR,PTR-00000924,VRM-00010,makler,MIT-00008,ANT-00002470,2014-12-01,,,2014-12-01,VIERTELJAEHRLICH,LASTSCHRIFT,120.8,143.75,,10000000.0,AKTIV,2014-12-01,,,3.0,2026-12-01,NORMAL,0,pfefferminz,HAPO,2025-05-15,2014-11-13,
VTR-00002471,,HP-PRIV,HP,HP-MODERN,DE,EUR,PTR-00000848,VRM-00030,bank,MIT-00008,ANT-00002471,2019-02-01,,,2019-02-01,JAEHRLICH,EBILL,55.87,66.49,,5000000.0,GEKUENDIGT_VN,2024-10-01,2024-10-01,K05,3.0,,NORMAL,0,pfefferminz,HAPO,2025-05-15,2019-01-01,
VTR-00002472,,HP-PRIV,HP,HP-MODERN,DE,EUR,PTR-00000422,VRM-00020,direkt,MIT-00008,ANT-00002472,2013-02-01,,,2013-02-01,VIERTELJAEHRLICH,RECHNUNG,47.28,56.26,,10000000.0,GEKUENDIGT_VN,2020-11-01,2020-11-01,K02,3.0,,NORMAL,0,pfefferminz,HAPO,2025-05-15,2013-01-31,
VTR-00002473,,HP-PRIV,HP,HP-MODERN,DE,EUR,PTR-00000732,VRM-00028,direkt,MIT-00044,ANT-00002473,2015-01-01,,,2015-01-01,JAEHRLICH,RECHNUNG,96.41,114.73,,20000000.0,GEKUENDIGT_VN,2017-06-01,2017-06-01,K01,3.0,,NORMAL,0,pfefferminz,HAPO,2025-05-15,2014-11-30,
VTR-00002474,,HP-PRIV,HP,PM-2025,CH,CHF,PTR-00000297,VRM-00017,direkt,MIT-00008,ANT-00002474,2025-11-01,,,2025-11-01,MONATLICH,EBILL,153.25,160.91,,5000000.0,AKTIV,2025-11-01,,,3.0,2026-11-01,NORMAL,0,minzia,MINT,,2025-10-22,
VTR-00002475,,HP-PRIV,HP,PM-2025,CH,CHF,PTR-00000254,VRM-00014,direkt,MIT-00008,ANT-00002475,2025-03-01,,,2025-03-01,HALBJAEHRLICH,LASTSCHRIFT,103.93,109.13,,5000000.0,AKTIV,2025-03-01,,,3.0,2026-03-01,NORMAL,0,minzia,MINT,,2025-01-28,
VTR-00002476,,HP-PRIV,HP,HP-KLASSIK,DE,EUR,PTR-00000975,VRM-00009,direkt,MIT-00044,ANT-00002476,2010-10-01,,,2010-10-01,JAEHRLICH,RECHNUNG,52.07,61.96,,3000000.0,AKTIV,2010-10-01,,,3.0,2026-10-01,NORMAL,0,pfefferminz,HAPO,2025-05-15,2010-09-23,
VTR-00002477,,HP-PRIV,HP,PM-2025,DE,EUR,PTR-00000774,VRM-00037,makler,MIT-00019,ANT-00002477,2025-08-01,,,2025-08-01,JAEHRLICH,RECHNUNG,75.47,89.81,,10000000.0,AKTIV,2025-08-01,,,3.0,2026-08-01,NORMAL,0,pfefferminz,MINT,,2025-07-11,
VTR-00002478,,HP-PRIV,HP,HP-MODERN,CH,CHF,PTR-00000481,VRM-00014,direkt,MIT-00008,ANT-00002478,2013-11-01,,,2013-11-01,JAEHRLICH,EBILL,326.8,343.14,,5000000.0,GEKUENDIGT_VN,2018-11-01,2018-11-01,K01,3.0,,NORMAL,0,pfefferminz,HAPO,2025-05-15,2013-10-20,
VTR-00002479,,HP-PRIV,HP,HP-MODERN,DE,EUR,PTR-00000799,VRM-00003,direkt,MIT-00019,ANT-00002479,2013-05-01,,,2013-05-01,JAEHRLICH,EBILL,47.82,56.91,,10000000.0,GEKUENDIGT_VN,2016-11-01,2016-11-01,K02,3.0,,NORMAL,0,pfefferminz,HAPO,2025-05-15,2013-04-23,
VTR-00002480,,HP-PRIV,HP,HP-MODERN,DE,EUR,PTR-00000991,VRM-00013,direkt,MIT-00019,ANT-00002480,2020-03-01,,,2020-03-01,JAEHRLICH,RECHNUNG,45.0,53.55,,10000000.0,GEKUENDIGT_VN,2021-04-01,2021-04-01,K01,3.0,,NORMAL,0,pfefferminz,HAPO,2025-05-15,2020-02-10,
VTR-00002481,,HP-PRIV,HP,PM-2025,DE,EUR,PTR-00000581,VRM-00010,makler,MIT-00019,ANT-00002481,2025-08-01,,,2025-08-01,JAEHRLICH,RECHNUNG,58.96,70.16,,10000000.0,AKTIV,2025-08-01,,,3.0,2026-08-01,NORMAL,0,pfefferminz,MINT,,2025-07-07,
VTR-00002482,,HP-PRIV,HP,HP-MODERN,CH,CHF,PTR-00000945,VRM-00014,direkt,MIT-00008,ANT-00002482,2017-04-01,,,2017-04-01,JAEHRLICH,EBILL,252.05,264.65,,10000000.0,GEKUENDIGT_VN,2024-03-01,2024-03-01,K01,3.0,,NORMAL,0,pfefferminz,HAPO,2025-05-15,2017-03-04,
VTR-00002483,,HP-PRIV,HP,MZ-DIRECT,DE,EUR,PTR-00000066,VRM-00009,direkt,MIT-00019,ANT-00002483,2023-03-01,,,2023-03-01,HALBJAEHRLICH,RECHNUNG,53.13,63.22,,20000000.0,AKTIV,2023-03-01,,,3.0,2026-03-01,NORMAL,0,minzia,MINT,,2023-01-31,
VTR-00002484,,HP-PRIV,HP,MZ-DIRECT,DE,EUR,PTR-00000557,VRM-00028,direkt,MIT-00044,ANT-00002484,2023-02-01,,,2023-02-01,MONATLICH,LASTSCHRIFT,54.27,64.58,,10000000.0,AKTIV,2023-02-01,,,3.0,2026-02-01,NORMAL,0,minzia,MINT,,2022-12-28,
VTR-00002485,,HP-PRIV,HP,PM-2025,CH,CHF,PTR-00000675,VRM-00017,direkt,MIT-00008,ANT-00002485,2025-02-01,,,2025-02-01,JAEHRLICH,LASTSCHRIFT,91.95,96.55,,5000000.0,AKTIV,2025-02-01,,,3.0,2026-02-01,NORMAL,0,minzia,MINT,,2025-01-10,
VTR-00002486,,HP-PRIV,HP,MZ-DIRECT,DE,EUR,PTR-00000229,VRM-00013,direkt,MIT-00019,ANT-00002486,2021-08-01,,,2021-08-01,MONATLICH,KREDITKARTE,53.53,63.7,,5000000.0,AKTIV,2021-08-01,,,3.0,2026-08-01,NORMAL,0,minzia,MINT,,2021-06-23,
VTR-00002487,,HP-PRIV,HP,HP-MODERN,DE,EUR,PTR-00000836,VRM-00003,direkt,MIT-00044,ANT-00002487,2017-10-01,,,2017-10-01,VIERTELJAEHRLICH,LASTSCHRIFT,62.9,74.84,,10000000.0,AKTIV,2017-10-01,,,3.0,2026-10-01,NORMAL,0,pfefferminz,HAPO,2025-05-15,2017-09-03,
VTR-00002488,,HP-PRIV,HP,PM-2025,DE,EUR,PTR-00000138,VRM-00003,direkt,MIT-00044,ANT-00002488,2025-12-01,,,2025-12-01,VIERTELJAEHRLICH,RECHNUNG,79.18,94.22,,10000000.0,AKTIV,2025-12-01,,,3.0,2026-12-01,NORMAL,0,pfefferminz,MINT,,2025-10-23,
VTR-00002489,,HP-PRIV,HP,PM-2025,CH,CHF,PTR-00000670,VRM-00017,direkt,MIT-00008,ANT-00002489,2025-09-01,,,2025-09-01,JAEHRLICH,LASTSCHRIFT,180.25,189.26,,10000000.0,AKTIV,2025-09-01,,,3.0,2026-09-01,NORMAL,0,pfefferminz,MINT,,2025-07-29,
VTR-00002490,,HP-PRIV,HP,HP-MODERN,CH,CHF,PTR-00000715,VRM-00036,agentur,MIT-00008,ANT-00002490,2013-01-01,,,2013-01-01,JAEHRLICH,RECHNUNG,155.6,163.38,,5000000.0,GEKUENDIGT_VN,2021-05-01,2021-05-01,K06,3.0,,NORMAL,0,pfefferminz,HAPO,2025-05-15,2012-12-23,
VTR-00002491,,HP-PRIV,HP,HP-MODERN,CH,CHF,PTR-00000665,VRM-00039,agentur,MIT-00008,ANT-00002491,2017-06-01,,,2017-06-01,JAEHRLICH,LASTSCHRIFT,148.9,156.35,,5000000.0,GEKUENDIGT_VN,2020-02-01,2020-02-01,K04,3.0,,NORMAL,0,pfefferminz,HAPO,2025-05-15,2017-05-06,
VTR-00002492,,HP-PRIV,HP,HP-MODERN,CH,CHF,PTR-00000384,VRM-00012,bank,MIT-00008,ANT-00002492,2018-06-01,,,2018-06-01,JAEHRLICH,LASTSCHRIFT,109.2,114.66,,5000000.0,AKTIV,2018-06-01,,,3.0,2026-06-01,NORMAL,0,pfefferminz,HAPO,2025-05-15,2018-05-15,
VTR-00002493,,HP-PRIV,HP,PM-2025,CH,CHF,PTR-00000608,VRM-00014,bank,MIT-00008,ANT-00002493,2025-07-01,,,2025-07-01,JAEHRLICH,EBILL,151.9,159.5,,5000000.0,AKTIV,2025-07-01,,,3.0,2026-07-01,NORMAL,0,pfefferminz,MINT,,2025-06-24,
VTR-00002494,,HP-PRIV,HP,PM-2025,CH,CHF,PTR-00000933,VRM-00014,direkt,MIT-00008,ANT-00002494,2025-10-01,,,2025-10-01,JAEHRLICH,RECHNUNG,120.6,126.63,,5000000.0,AKTIV,2025-10-01,,,3.0,2026-10-01,NORMAL,0,pfefferminz,MINT,,2025-09-13,
VTR-00002495,,HP-PRIV,HP,HP-MODERN,CH,CHF,PTR-00000178,VRM-00026,agentur,MIT-00008,ANT-00002495,2014-07-01,,,2014-07-01,JAEHRLICH,KREDITKARTE,97.3,102.17,,5000000.0,AKTIV,2014-07-01,,,3.0,2026-07-01,NORMAL,0,pfefferminz,HAPO,2025-05-15,2014-05-24,
VTR-00002496,,HP-PRIV,HP,MZ-DIRECT,DE,EUR,PTR-00000703,VRM-00003,direkt,MIT-00044,ANT-00002496,2022-08-01,,,2022-08-01,JAEHRLICH,LASTSCHRIFT,48.79,58.06,,5000000.0,AKTIV,2022-08-01,,,3.0,2026-08-01,NORMAL,0,minzia,MINT,,2022-07-08,
VTR-00002497,,HP-PRIV,HP,MZ-DIRECT,DE,EUR,PTR-00000289,VRM-00028,direkt,MIT-00019,ANT-00002497,2024-09-01,,,2024-09-01,JAEHRLICH,KREDITKARTE,159.52,189.83,,20000000.0,AKTIV,2024-09-01,,,3.0,2026-09-01,NORMAL,0,minzia,MINT,,2024-07-27,
VTR-00002498,,HP-PRIV,HP,HP-MODERN,CH,CHF,PTR-00000212,VRM-00017,direkt,MIT-00008,ANT-00002498,2020-07-01,,,2020-07-01,JAEHRLICH,LASTSCHRIFT,162.7,170.83,,10000000.0,GEKUENDIGT_VN,2024-10-01,2024-10-01,K01,3.0,,NORMAL,0,pfefferminz,HAPO,2025-05-15,2020-05-25,
VTR-00002499,,HP-PRIV,HP,HP-KLASSIK,CH,CHF,PTR-00000571,VRM-00012,bank,MIT-00008,ANT-00002499,2011-06-01,,,2011-06-01,JAEHRLICH,RECHNUNG,181.65,190.73,,5000000.0,GEKUENDIGT_VN,2018-03-01,2018-03-01,K01,3.0,,NORMAL,0,pfefferminz,HAPO,2025-05-15,2011-04-26,
VTR-00002500,,HP-PRIV,HP,PM-2025,DE,EUR,PTR-00000834,VRM-00029,direkt,MIT-00008,ANT-00002500,2025-02-01,,,2025-02-01,VIERTELJAEHRLICH,EBILL,81.26,96.7,,10000000.0,AKTIV,2025-02-01,,,3.0,2026-02-01,NORMAL,0,pfefferminz,MINT,,2025-01-06,
VTR-00002501,,HP-PRIV,HP,PM-2025,CH,CHF,PTR-00000837,VRM-00039,agentur,MIT-00008,ANT-00002501,2025-08-01,,,2025-08-01,JAEHRLICH,RECHNUNG,189.65,199.13,,5000000.0,AKTIV,2025-08-01,,,3.0,2026-08-01,NORMAL,0,pfefferminz,MINT,,2025-07-11,
VTR-00002502,,HP-PRIV,HP,MZ-DIRECT,DE,EUR,PTR-00000135,VRM-00019,direkt,MIT-00019,ANT-00002502,2024-05-01,,,2024-05-01,JAEHRLICH,LASTSCHRIFT,65.19,77.58,,50000000.0,AKTIV,2024-05-01,,,3.0,2026-05-01,NORMAL,0,minzia,MINT,,2024-03-23,
VTR-00002503,,HP-PRIV,HP,PM-2025,CH,CHF,PTR-00000737,VRM-00031,agentur,MIT-00008,ANT-00002503,2025-11-01,,,2025-11-01,JAEHRLICH,LASTSCHRIFT,156.75,164.59,,5000000.0,AKTIV,2025-11-01,,,3.0,2026-11-01,NORMAL,0,pfefferminz,MINT,,2025-10-28,
VTR-00002504,,HP-PRIV,HP,HP-MODERN,DE,EUR,PTR-00000403,VRM-00028,direkt,MIT-00019,ANT-00002504,2016-06-01,,,2016-06-01,JAEHRLICH,RECHNUNG,129.12,153.65,,20000000.0,GEKUENDIGT_VN,2024-09-01,2024-09-01,K03,3.0,,NORMAL,0,pfefferminz,HAPO,2025-05-15,2016-05-27,
VTR-00002505,,HP-PRIV,HP,PM-2025,CH,CHF,PTR-00000844,VRM-00004,agentur,MIT-00008,ANT-00002505,2025-05-01,,,2025-05-01,JAEHRLICH,EBILL,106.3,111.62,,10000000.0,AKTIV,2025-05-01,,,3.0,2026-05-01,NORMAL,0,pfefferminz,MINT,,2025-04-01,
VTR-00002506,,HP-PRIV,HP,MZ-DIRECT,DE,EUR,PTR-00000317,VRM-00028,direkt,MIT-00044,ANT-00002506,2024-05-01,,,2024-05-01,HALBJAEHRLICH,LASTSCHRIFT,51.35,61.11,,10000000.0,AKTIV,2024-05-01,,,3.0,2026-05-01,NORMAL,0,minzia,MINT,,2024-04-17,
VTR-00002507,,HP-PRIV,HP,HP-MODERN,DE,EUR,PTR-00000771,VRM-00028,direkt,MIT-00044,ANT-00002507,2016-05-01,,,2016-05-01,JAEHRLICH,RECHNUNG,56.75,67.53,,10000000.0,GEKUENDIGT_VN,2019-10-01,2019-10-01,K01,3.0,,NORMAL,0,pfefferminz,HAPO,2025-05-15,2016-04-23,
VTR-00002508,,HP-PRIV,HP,MZ-DIRECT,DE,EUR,PTR-00000122,VRM-00003,direkt,MIT-00019,ANT-00002508,2023-05-01,,,2023-05-01,JAEHRLICH,LASTSCHRIFT,45.0,53.55,,5000000.0,AKTIV,2023-05-01,,,3.0,2026-05-01,NORMAL,0,minzia,MINT,,2023-04-06,
VTR-00002509,,HP-PRIV,HP,PM-2025,CH,CHF,PTR-00000789,VRM-00031,agentur,MIT-00008,ANT-00002509,2025-10-01,,,2025-10-01,HALBJAEHRLICH,RECHNUNG,114.15,119.86,,10000000.0,AKTIV,2025-10-01,,,3.0,2026-10-01,NORMAL,0,pfefferminz,MINT,,2025-08-27,
VTR-00002510,,HP-PRIV,HP,HP-MODERN,DE,EUR,PTR-00000181,VRM-00006,makler,MIT-00019,ANT-00002510,2014-09-01,,,2014-09-01,JAEHRLICH,EBILL,80.14,95.37,,10000000.0,STORNIERT,2018-04-01,2018-04-01,K12,3.0,,NORMAL,0,pfefferminz,HAPO,2025-05-15,2014-08-02,
VTR-00002511,,HP-PRIV,HP,MZ-DIRECT,DE,EUR,PTR-00000717,VRM-00013,direkt,MIT-00044,ANT-00002511,2022-11-01,,,2022-11-01,HALBJAEHRLICH,EBILL,59.48,70.78,,20000000.0,AKTIV,2022-11-01,,,3.0,2026-11-01,NORMAL,0,minzia,MINT,,2022-10-09,
VTR-00002512,,HP-PRIV,HP,MZ-DIRECT,DE,EUR,PTR-00000271,VRM-00013,direkt,MIT-00044,ANT-00002512,2023-05-01,,,2023-05-01,VIERTELJAEHRLICH,LASTSCHRIFT,62.58,74.47,,5000000.0,AKTIV,2023-05-01,,,3.0,2026-05-01,NORMAL,0,minzia,MINT,,2023-04-19,
VTR-00002513,,HP-PRIV,HP,HP-MODERN,DE,EUR,PTR-00000125,VRM-00019,direkt,MIT-00008,ANT-00002513,2014-01-01,,,2014-01-01,HALBJAEHRLICH,EBILL,55.99,66.63,,5000000.0,GEKUENDIGT_VN,2022-11-01,2022-11-01,K04,3.0,,NORMAL,0,pfefferminz,HAPO,2025-05-15,2013-11-29,
VTR-00002514,,HP-PRIV,HP,HP-MODERN,DE,EUR,PTR-00000410,VRM-00001,direkt,MIT-00008,ANT-00002514,2018-10-01,,,2018-10-01,VIERTELJAEHRLICH,RECHNUNG,45.0,53.55,,10000000.0,AKTIV,2018-10-01,,,3.0,2026-10-01,NORMAL,0,pfefferminz,HAPO,2025-05-15,2018-09-10,
VTR-00002515,,HP-PRIV,HP,PM-2025,CH,CHF,PTR-00000499,VRM-00031,agentur,MIT-00008,ANT-00002515,2025-12-01,,,2025-12-01,JAEHRLICH,RECHNUNG,109.2,114.66,,5000000.0,AKTIV,2025-12-01,,,3.0,2026-12-01,NORMAL,0,pfefferminz,MINT,,2025-11-12,
VTR-00002516,,HP-PRIV,HP,MZ-DIRECT,DE,EUR,PTR-00000418,VRM-00003,direkt,MIT-00019,ANT-00002516,2024-07-01,,,2024-07-01,JAEHRLICH,LASTSCHRIFT,62.37,74.22,,20000000.0,AKTIV,2024-07-01,,,3.0,2026-07-01,NORMAL,0,minzia,MINT,,2024-05-29,
VTR-00002517,,HP-PRIV,HP,PM-2025,CH,CHF,PTR-00000346,VRM-00015,direkt,MIT-00008,ANT-00002517,2025-11-01,,,2025-11-01,JAEHRLICH,KREDITKARTE,97.05,101.9,,5000000.0,AKTIV,2025-11-01,,,3.0,2026-11-01,NORMAL,0,minzia,MINT,,2025-10-20,
VTR-00002518,,HP-PRIV,HP,HP-MODERN,CH,CHF,PTR-00000362,VRM-00014,direkt,MIT-00008,ANT-00002518,2019-11-01,,,2019-11-01,JAEHRLICH,RECHNUNG,147.85,155.24,,5000000.0,GEKUENDIGT_VN,2024-10-01,2024-10-01,K05,3.0,,NORMAL,0,pfefferminz,HAPO,2025-05-15,2019-10-10,
VTR-00002519,,HP-PRIV,HP,MZ-DIRECT,DE,EUR,PTR-00000534,VRM-00001,direkt,MIT-00008,ANT-00002519,2022-08-01,,,2022-08-01,VIERTELJAEHRLICH,LASTSCHRIFT,50.52,60.12,,10000000.0,AKTIV,2022-08-01,,,3.0,2026-08-01,NORMAL,0,minzia,MINT,,2022-07-26,
VTR-00002520,,HP-PRIV,HP,PM-2025,CH,CHF,PTR-00000647,VRM-00026,bank,MIT-00008,ANT-00002520,2025-05-01,,,2025-05-01,JAEHRLICH,RECHNUNG,114.95,120.7,,5000000.0,AKTIV,2025-05-01,,,3.0,2026-05-01,NORMAL,0,pfefferminz,MINT,,2025-04-18,
VTR-00002521,,HP-PRIV,HP,HP-MODERN,DE,EUR,PTR-00000520,VRM-00028,direkt,MIT-00044,ANT-00002521,2020-05-01,,,2020-05-01,JAEHRLICH,RECHNUNG,146.78,174.67,,10000000.0,AKTIV,2020-05-01,,,3.0,2026-05-01,NORMAL,0,pfefferminz,HAPO,2025-05-15,2020-04-09,
VTR-00002522,,HP-PRIV,HP,HP-MODERN,DE,EUR,PTR-00000814,VRM-00003,direkt,MIT-00019,ANT-00002522,2016-04-01,,,2016-04-01,HALBJAEHRLICH,RECHNUNG,99.78,118.74,,10000000.0,GEKUENDIGT_VN,2017-04-01,2017-04-01,K01,3.0,,NORMAL,0,pfefferminz,HAPO,2025-05-15,2016-03-10,
VTR-00002523,,HP-PRIV,HP,PM-2025,CH,CHF,PTR-00000647,VRM-00014,direkt,MIT-00008,ANT-00002523,2025-07-01,,,2025-07-01,JAEHRLICH,RECHNUNG,125.6,131.88,,10000000.0,AKTIV,2025-07-01,,,3.0,2026-07-01,NORMAL,0,pfefferminz,MINT,,2025-05-25,
VTR-00002524,,HP-PRIV,HP,HP-MODERN,CH,CHF,PTR-00000343,VRM-00014,direkt,MIT-00008,ANT-00002524,2020-03-01,,,2020-03-01,JAEHRLICH,LASTSCHRIFT,162.7,170.83,,10000000.0,GEKUENDIGT_VN,2023-02-01,2023-02-01,K05,3.0,,NORMAL,0,pfefferminz,HAPO,2025-05-15,2020-02-03,
VTR-00002525,,HP-PRIV,HP,PM-2025,DE,EUR,PTR-00000472,VRM-00030,bank,MIT-00008,ANT-00002525,2025-01-01,,,2025-01-01,JAEHRLICH,LASTSCHRIFT,138.23,164.49,,20000000.0,AKTIV,2025-01-01,,,3.0,2026-01-01,NORMAL,0,pfefferminz,MINT,,2024-11-23,
VTR-00002526,,HP-PRIV,HP,MZ-DIRECT,DE,EUR,PTR-00000934,VRM-00013,direkt,MIT-00019,ANT-00002526,2024-11-01,,,2024-11-01,VIERTELJAEHRLICH,LASTSCHRIFT,64.07,76.24,,5000000.0,AKTIV,2024-11-01,,,3.0,2026-11-01,NORMAL,0,minzia,MINT,,2024-10-03,
VTR-00002527,,HP-PRIV,HP,MZ-DIRECT,DE,EUR,PTR-00000984,VRM-00003,direkt,MIT-00019,ANT-00002527,2021-12-01,,,2021-12-01,JAEHRLICH,EBILL,60.34,71.8,,5000000.0,GEKUENDIGT_VN,2022-08-01,2022-08-01,K01,3.0,,NORMAL,0,minzia,MINT,,2021-11-09,
VTR-00002528,,HP-PRIV,HP,MZ-DIRECT,DE,EUR,PTR-00000110,VRM-00028,direkt,MIT-00008,ANT-00002528,2021-07-01,,,2021-07-01,HALBJAEHRLICH,KREDITKARTE,71.01,84.5,,10000000.0,AKTIV,2021-07-01,,,3.0,2026-07-01,NORMAL,0,minzia,MINT,,2021-05-26,
VTR-00002529,,HP-PRIV,HP,HP-MODERN,DE,EUR,PTR-00000761,VRM-00021,makler,MIT-00044,ANT-00002529,2014-01-01,,,2014-01-01,JAEHRLICH,RECHNUNG,75.97,90.4,,10000000.0,GEKUENDIGT_VN,2017-08-01,2017-08-01,K01,3.0,,NORMAL,0,pfefferminz,HAPO,2025-05-15,2013-12-07,
VTR-00002530,,HP-PRIV,HP,HP-MODERN,CH,CHF,PTR-00000484,VRM-00015,makler,MIT-00008,ANT-00002530,2014-06-01,,,2014-06-01,JAEHRLICH,RECHNUNG,140.7,147.74,,5000000.0,AKTIV,2014-06-01,,,3.0,2026-06-01,NORMAL,0,pfefferminz,HAPO,2025-05-15,2014-05-26,
VTR-00002531,,HP-PRIV,HP,HP-MODERN,CH,CHF,PTR-00000970,VRM-00031,agentur,MIT-00008,ANT-00002531,2015-07-01,,,2015-07-01,HALBJAEHRLICH,RECHNUNG,163.4,171.57,,5000000.0,AKTIV,2015-07-01,,,3.0,2026-07-01,NORMAL,0,pfefferminz,HAPO,2025-05-15,2015-06-29,
VTR-00002532,,HP-PRIV,HP,MZ-DIRECT,DE,EUR,PTR-00000334,VRM-00028,direkt,MIT-00019,ANT-00002532,2024-10-01,,,2024-10-01,JAEHRLICH,EBILL,70.47,83.86,,20000000.0,AKTIV,2024-10-01,,,3.0,2026-10-01,NORMAL,0,minzia,MINT,,2024-09-17,
VTR-00002533,,HP-PRIV,HP,MZ-DIRECT,DE,EUR,PTR-00000651,VRM-00019,direkt,MIT-00019,ANT-00002533,2021-02-01,,,2021-02-01,HALBJAEHRLICH,EBILL,45.0,53.55,,10000000.0,GEKUENDIGT_VN,2023-05-01,2023-05-01,K01,3.0,,NORMAL,0,minzia,MINT,,2021-01-19,
VTR-00002534,,HP-PRIV,HP,HP-MODERN,DE,EUR,PTR-00000457,VRM-00034,makler,MIT-00044,ANT-00002534,2014-01-01,,,2014-01-01,JAEHRLICH,EBILL,88.32,105.1,,5000000.0,GEKUENDIGT_VN,2016-02-01,2016-02-01,K01,3.0,,NORMAL,0,pfefferminz,HAPO,2025-05-15,2013-12-25,
VTR-00002535,,HP-PRIV,HP,HP-MODERN,DE,EUR,PTR-00000563,VRM-00008,bank,MIT-00044,ANT-00002535,2016-01-01,,,2016-01-01,VIERTELJAEHRLICH,RECHNUNG,71.78,85.42,,20000000.0,AKTIV,2016-01-01,,,3.0,2026-01-01,NORMAL,0,pfefferminz,HAPO,2025-05-15,2015-12-16,
VTR-00002536,,HP-PRIV,HP,HP-KLASSIK,CH,CHF,PTR-00000339,VRM-00026,agentur,MIT-00008,ANT-00002536,2008-03-01,,,2008-03-01,JAEHRLICH,RECHNUNG,96.55,101.38,,5000000.0,GEKUENDIGT_VN,2018-02-01,2018-02-01,K01,3.0,,NORMAL,0,pfefferminz,HAPO,2025-05-15,2008-02-05,
VTR-00002537,,HP-PRIV,HP,MZ-DIRECT,DE,EUR,PTR-00000066,VRM-00020,direkt,MIT-00044,ANT-00002537,2024-11-01,,,2024-11-01,JAEHRLICH,LASTSCHRIFT,53.67,63.87,,5000000.0,AKTIV,2024-11-01,,,3.0,2026-11-01,NORMAL,0,minzia,MINT,,2024-10-20,
VTR-00002538,,HP-PRIV,HP,MZ-DIRECT,DE,EUR,PTR-00000237,VRM-00028,direkt,MIT-00044,ANT-00002538,2024-02-01,,,2024-02-01,JAEHRLICH,EBILL,67.74,80.61,,50000000.0,AKTIV,2024-02-01,,,3.0,2026-02-01,NORMAL,0,minzia,MINT,,2023-12-25,
VTR-00002539,,HP-PRIV,HP,MZ-DIRECT,DE,EUR,PTR-00000580,VRM-00019,direkt,MIT-00019,ANT-00002539,2023-09-01,,,2023-09-01,JAEHRLICH,KREDITKARTE,48.84,58.12,,10000000.0,AKTIV,2023-09-01,,,3.0,2026-09-01,NORMAL,0,minzia,MINT,,2023-08-18,
VTR-00002540,,HP-PRIV,HP,HP-MODERN,CH,CHF,PTR-00000688,VRM-00031,bank,MIT-00008,ANT-00002540,2018-05-01,,,2018-05-01,JAEHRLICH,RECHNUNG,157.85,165.74,,10000000.0,GEKUENDIGT_VN,2020-09-01,2020-09-01,K01,3.0,,NORMAL,0,pfefferminz,HAPO,2025-05-15,2018-04-10,
VTR-00002541,,HP-PRIV,HP,MZ-DIRECT,DE,EUR,PTR-00000172,VRM-00020,direkt,MIT-00008,ANT-00002541,2024-08-01,,,2024-08-01,JAEHRLICH,LASTSCHRIFT,49.28,58.64,,5000000.0,AKTIV,2024-08-01,,,3.0,2026-08-01,NORMAL,0,minzia,MINT,,2024-07-29,
VTR-00002542,,HP-PRIV,HP,HP-MODERN,CH,CHF,PTR-00000556,VRM-00017,direkt,MIT-00008,ANT-00002542,2016-09-01,,,2016-09-01,JAEHRLICH,EBILL,194.45,204.17,,5000000.0,AKTIV,2016-09-01,,,3.0,2026-09-01,NORMAL,0,pfefferminz,HAPO,2025-05-15,2016-08-16,
VTR-00002543,,HP-PRIV,HP,HP-MODERN,DE,EUR,PTR-00000727,VRM-00021,makler,MIT-00008,ANT-00002543,2020-01-01,,,2020-01-01,JAEHRLICH,LASTSCHRIFT,47.25,56.23,,5000000.0,AKTIV,2020-01-01,,,3.0,2026-01-01,NORMAL,0,pfefferminz,HAPO,2025-05-15,2019-12-28,
VTR-00002544,,HP-PRIV,HP,MZ-DIRECT,DE,EUR,PTR-00000627,VRM-00013,direkt,MIT-00044,ANT-00002544,2023-10-01,,,2023-10-01,HALBJAEHRLICH,LASTSCHRIFT,124.22,147.82,,10000000.0,AKTIV,2023-10-01,,,3.0,2026-10-01,NORMAL,0,minzia,MINT,,2023-09-25,
VTR-00002545,,HP-PRIV,HP,HP-MODERN,CH,CHF,PTR-00000171,VRM-00031,agentur,MIT-00008,ANT-00002545,2020-05-01,,,2020-05-01,VIERTELJAEHRLICH,RECHNUNG,157.78,165.68,,5000000.0,AKTIV,2020-05-01,,,3.0,2026-05-01,NORMAL,0,pfefferminz,HAPO,2025-05-15,2020-04-14,
VTR-00002546,,HP-PRIV,HP,HP-MODERN,CH,CHF,PTR-00000354,VRM-00014,makler,MIT-00008,ANT-00002546,2015-04-01,,,2015-04-01,HALBJAEHRLICH,RECHNUNG,133.7,140.38,,5000000.0,GEKUENDIGT_VN,2020-02-01,2020-02-01,K01,3.0,,NORMAL,0,pfefferminz,HAPO,2025-05-15,2015-03-13,
VTR-00002547,,HP-PRIV,HP,MZ-DIRECT,DE,EUR,PTR-00000919,VRM-00020,direkt,MIT-00008,ANT-00002547,2021-05-01,,,2021-05-01,JAEHRLICH,LASTSCHRIFT,53.21,63.32,,10000000.0,GEKUENDIGT_VN,2024-04-01,2024-04-01,K06,3.0,,NORMAL,0,minzia,MINT,,2021-04-21,
VTR-00002548,,HP-PRIV,HP,HP-MODERN,DE,EUR,PTR-00000630,VRM-00018,makler,MIT-00044,ANT-00002548,2014-06-01,,,2014-06-01,JAEHRLICH,RECHNUNG,70.66,84.09,,5000000.0,AKTIV,2014-06-01,,,3.0,2026-06-01,NORMAL,0,pfefferminz,HAPO,2025-05-15,2014-05-16,
VTR-00002549,,HP-PRIV,HP,HP-MODERN,DE,EUR,PTR-00000034,VRM-00020,direkt,MIT-00044,ANT-00002549,2015-01-01,,,2015-01-01,JAEHRLICH,LASTSCHRIFT,106.53,126.77,,10000000.0,GEKUENDIGT_VN,2016-01-01,2016-01-01,K02,3.0,,NORMAL,0,pfefferminz,HAPO,2025-05-15,2014-12-25,
VTR-00002550,,HP-PRIV,HP,MZ-DIRECT,DE,EUR,PTR-00000768,VRM-00013,direkt,MIT-00008,ANT-00002550,2023-10-01,,,2023-10-01,JAEHRLICH,KREDITKARTE,46.54,55.38,,5000000.0,GEKUENDIGT_VN,2024-09-01,2024-09-01,K02,3.0,,NORMAL,0,minzia,MINT,,2023-09-16,
VTR-00002551,,HP-PRIV,HP,HP-MODERN,CH,CHF,PTR-00000573,VRM-00025,agentur,MIT-00008,ANT-00002551,2018-06-01,,,2018-06-01,JAEHRLICH,LASTSCHRIFT,108.45,113.87,,10000000.0,GEKUENDIGT_VN,2023-07-01,2023-07-01,K02,3.0,,NORMAL,0,pfefferminz,HAPO,2025-05-15,2018-05-22,
VTR-00002552,,HP-PRIV,HP,PM-2025,CH,CHF,PTR-00000286,VRM-00031,agentur,MIT-00008,ANT-00002552,2025-04-01,,,2025-04-01,HALBJAEHRLICH,LASTSCHRIFT,126.2,132.51,,10000000.0,AKTIV,2025-04-01,,,3.0,2026-04-01,NORMAL,0,pfefferminz,MINT,,2025-03-06,
VTR-00002553,,HP-PRIV,HP,PM-2025,DE,EUR,PTR-00000079,VRM-00010,makler,MIT-00019,ANT-00002553,2025-05-01,,,2025-05-01,JAEHRLICH,LASTSCHRIFT,75.56,89.92,,20000000.0,AKTIV,2025-05-01,,,3.0,2026-05-01,NORMAL,0,pfefferminz,MINT,,2025-04-20,
VTR-00002554,,HP-PRIV,HP,PM-2025,DE,EUR,PTR-00000106,VRM-00030,bank,MIT-00044,ANT-00002554,2025-04-01,,,2025-04-01,JAEHRLICH,RECHNUNG,92.09,109.59,,50000000.0,AKTIV,2025-04-01,,,3.0,2026-04-01,NORMAL,0,pfefferminz,MINT,,2025-03-12,
VTR-00002555,,HP-PRIV,HP,MZ-DIRECT,DE,EUR,PTR-00000432,VRM-00029,direkt,MIT-00019,ANT-00002555,2024-09-01,,,2024-09-01,JAEHRLICH,LASTSCHRIFT,57.01,67.84,,50000000.0,AKTIV,2024-09-01,,,3.0,2026-09-01,NORMAL,0,minzia,MINT,,2024-08-26,
VTR-00002556,,HP-PRIV,HP,HP-KLASSIK,CH,CHF,PTR-00000804,VRM-00031,agentur,MIT-00008,ANT-00002556,2010-03-01,,,2010-03-01,JAEHRLICH,EBILL,117.76,123.65,,5000000.0,AKTIV,2010-03-01,,,3.0,2026-03-01,NORMAL,0,pfefferminz,HAPO,2025-05-15,2010-02-15,
VTR-00002557,,HP-PRIV,HP,HP-MODERN,CH,CHF,PTR-00000083,VRM-00014,direkt,MIT-00008,ANT-00002557,2019-11-01,,,2019-11-01,JAEHRLICH,LASTSCHRIFT,94.1,98.81,,5000000.0,AKTIV,2019-11-01,,,3.0,2026-11-01,NORMAL,0,pfefferminz,HAPO,2025-05-15,2019-10-30,
VTR-00002558,,HP-PRIV,HP,MZ-DIRECT,DE,EUR,PTR-00000570,VRM-00028,direkt,MIT-00008,ANT-00002558,2022-11-01,,,2022-11-01,JAEHRLICH,LASTSCHRIFT,45.0,53.55,,10000000.0,GEKUENDIGT_VN,2023-11-01,2023-11-01,K04,3.0,,NORMAL,0,minzia,MINT,,2022-10-07,
VTR-00002559,,HP-PRIV,HP,PM-2025,CH,CHF,PTR-00000868,VRM-00017,makler,MIT-00008,ANT-00002559,2025-07-01,,,2025-07-01,JAEHRLICH,LASTSCHRIFT,133.25,139.91,,5000000.0,AKTIV,2025-07-01,,,3.0,2026-07-01,NORMAL,0,pfefferminz,MINT,,2025-05-28,
VTR-00002560,,HP-PRIV,HP,HP-KLASSIK,CH,CHF,PTR-00000910,VRM-00005,agentur,MIT-00008,ANT-00002560,2012-11-01,,,2012-11-01,JAEHRLICH,RECHNUNG,81.1,85.15,,5000000.0,GEKUENDIGT_VN,2015-12-01,2015-12-01,K03,3.0,,NORMAL,0,pfefferminz,HAPO,2025-05-15,2012-10-18,
VTR-00002561,,HP-PRIV,HP,HP-MODERN,CH,CHF,PTR-00000613,VRM-00014,direkt,MIT-00008,ANT-00002561,2014-07-01,,,2014-07-01,JAEHRLICH,LASTSCHRIFT,154.15,161.86,,10000000.0,AKTIV,2014-07-01,,,3.0,2026-07-01,NORMAL,0,pfefferminz,HAPO,2025-05-15,2014-06-22,
VTR-00002562,,HP-PRIV,HP,HP-MODERN,CH,CHF,PTR-00000097,VRM-00014,direkt,MIT-00008,ANT-00002562,2015-08-01,,,2015-08-01,JAEHRLICH,LASTSCHRIFT,178.95,187.9,,10000000.0,GEKUENDIGT_VN,2020-04-01,2020-04-01,K05,3.0,,NORMAL,0,pfefferminz,HAPO,2025-05-15,2015-07-20,
VTR-00002563,,HP-PRIV,HP,MZ-DIRECT,DE,EUR,PTR-00000864,VRM-00028,direkt,MIT-00008,ANT-00002563,2023-06-01,,,2023-06-01,JAEHRLICH,KREDITKARTE,62.37,74.22,,20000000.0,AKTIV,2023-06-01,,,3.0,2026-06-01,NORMAL,0,minzia,MINT,,2023-05-03,
VTR-00002564,,HP-PRIV,HP,HP-MODERN,DE,EUR,PTR-00000989,VRM-00008,bank,MIT-00019,ANT-00002564,2014-06-01,,,2014-06-01,JAEHRLICH,LASTSCHRIFT,67.51,80.34,,5000000.0,STORNIERT,2015-01-01,2015-01-01,K13,3.0,,NORMAL,0,pfefferminz,HAPO,2025-05-15,2014-05-06,
VTR-00002565,,HP-PRIV,HP,PM-2025,DE,EUR,PTR-00000774,VRM-00033,makler,MIT-00008,ANT-00002565,2025-07-01,,,2025-07-01,VIERTELJAEHRLICH,RECHNUNG,79.06,94.08,,20000000.0,AKTIV,2025-07-01,,,3.0,2026-07-01,NORMAL,0,pfefferminz,MINT,,2025-06-09,
VTR-00002566,,HP-PRIV,HP,MZ-DIRECT,DE,EUR,PTR-00000660,VRM-00013,direkt,MIT-00044,ANT-00002566,2021-03-01,,,2021-03-01,HALBJAEHRLICH,LASTSCHRIFT,45.15,53.73,,20000000.0,AKTIV,2021-03-01,,,3.0,2026-03-01,NORMAL,0,minzia,MINT,,2021-02-23,
VTR-00002567,,HP-PRIV,HP,PM-2025,CH,CHF,PTR-00000065,VRM-00017,direkt,MIT-00008,ANT-00002567,2025-08-01,,,2025-08-01,JAEHRLICH,LASTSCHRIFT,123.05,129.2,,10000000.0,AKTIV,2025-08-01,,,3.0,2026-08-01,NORMAL,0,minzia,MINT,,2025-07-15,
VTR-00002568,,HP-PRIV,HP,HP-MODERN,DE,EUR,PTR-00000327,VRM-00024,bank,MIT-00044,ANT-00002568,2020-05-01,,,2020-05-01,JAEHRLICH,RECHNUNG,53.17,63.27,,5000000.0,AKTIV,2020-05-01,,,3.0,2026-05-01,NORMAL,0,pfefferminz,HAPO,2025-05-15,2020-04-21,
VTR-00002569,,HP-PRIV,HP,HP-KLASSIK,DE,EUR,PTR-00000158,VRM-00008,bank,MIT-00019,ANT-00002569,2009-05-01,,,2009-05-01,JAEHRLICH,RECHNUNG,46.53,55.37,,3000000.0,GEKUENDIGT_VN,2024-03-01,2024-03-01,K09,3.0,,NORMAL,0,pfefferminz,HAPO,2025-05-15,2009-04-30,
VTR-00002570,,HP-PRIV,HP,PM-2025,DE,EUR,PTR-00000756,VRM-00030,bank,MIT-00019,ANT-00002570,2025-08-01,,,2025-08-01,MONATLICH,RECHNUNG,53.92,64.16,,5000000.0,AKTIV,2025-08-01,,,3.0,2026-08-01,NORMAL,0,pfefferminz,MINT,,2025-07-04,
VTR-00002571,,HP-PRIV,HP,HP-MODERN,CH,CHF,PTR-00000502,VRM-00040,agentur,MIT-00008,ANT-00002571,2018-01-01,,,2018-01-01,JAEHRLICH,RECHNUNG,179.8,188.79,,10000000.0,GEKUENDIGT_VN,2023-06-01,2023-06-01,K01,3.0,,NORMAL,0,pfefferminz,HAPO,2025-05-15,2017-11-26,
VTR-00002572,,HP-PRIV,HP,PM-2025,CH,CHF,PTR-00000937,VRM-00017,direkt,MIT-00008,ANT-00002572,2025-08-01,,,2025-08-01,VIERTELJAEHRLICH,RECHNUNG,113.9,119.6,,5000000.0,AKTIV,2025-08-01,,,3.0,2026-08-01,NORMAL,0,pfefferminz,MINT,,2025-06-28,
VTR-00002573,,HP-PRIV,HP,PM-2025,DE,EUR,PTR-00000435,VRM-00010,makler,MIT-00019,ANT-00002573,2025-09-01,,,2025-09-01,JAEHRLICH,RECHNUNG,47.92,57.02,,5000000.0,AKTIV,2025-09-01,,,3.0,2026-09-01,NORMAL,0,pfefferminz,MINT,,2025-07-25,
VTR-00002574,,HP-PRIV,HP,MZ-DIRECT,DE,EUR,PTR-00000271,VRM-00028,direkt,MIT-00008,ANT-00002574,2024-09-01,,,2024-09-01,JAEHRLICH,LASTSCHRIFT,60.52,72.02,,50000000.0,AKTIV,2024-09-01,,,3.0,2026-09-01,NORMAL,0,minzia,MINT,,2024-08-10,
VTR-00002575,,HP-PRIV,HP,HP-MODERN,CH,CHF,PTR-00000879,VRM-00026,agentur,MIT-00008,ANT-00002575,2020-01-01,,,2020-01-01,JAEHRLICH,RECHNUNG,132.9,139.55,,5000000.0,AKTIV,2020-01-01,,,3.0,2026-01-01,NORMAL,0,pfefferminz,HAPO,2025-05-15,2019-11-26,
VTR-00002576,,HP-PRIV,HP,PM-2025,CH,CHF,PTR-00000888,VRM-00015,direkt,MIT-00008,ANT-00002576,2025-08-01,,,2025-08-01,JAEHRLICH,RECHNUNG,274.8,288.54,,10000000.0,AKTIV,2025-08-01,,,3.0,2026-08-01,NORMAL,0,pfefferminz,MINT,,2025-07-11,
VTR-00002577,,HP-PRIV,HP,HP-MODERN,DE,EUR,PTR-00000834,VRM-00024,bank,MIT-00044,ANT-00002577,2017-08-01,,,2017-08-01,JAEHRLICH,LASTSCHRIFT,73.38,87.32,,20000000.0,GEKUENDIGT_VN,2023-04-01,2023-04-01,K06,3.0,,NORMAL,0,pfefferminz,HAPO,2025-05-15,2017-07-29,
VTR-00002578,,HP-PRIV,HP,HP-MODERN,DE,EUR,PTR-00000995,VRM-00037,makler,MIT-00044,ANT-00002578,2018-05-01,,,2018-05-01,JAEHRLICH,LASTSCHRIFT,62.51,74.39,,10000000.0,AKTIV,2018-05-01,,,3.0,2026-05-01,NORMAL,0,pfefferminz,HAPO,2025-05-15,2018-04-27,
VTR-00002579,,HP-PRIV,HP,PM-2025,DE,EUR,PTR-00000267,VRM-00009,direkt,MIT-00008,ANT-00002579,2025-07-01,,,2025-07-01,JAEHRLICH,LASTSCHRIFT,65.89,78.41,,10000000.0,AKTIV,2025-07-01,,,3.0,2026-07-01,NORMAL,0,minzia,MINT,,2025-06-15,
VTR-00002580,,HP-PRIV,HP,PM-2025,DE,EUR,PTR-00000082,VRM-00019,direkt,MIT-00008,ANT-00002580,2025-08-01,,,2025-08-01,JAEHRLICH,LASTSCHRIFT,61.47,73.15,,5000000.0,AKTIV,2025-08-01,,,3.0,2026-08-01,NORMAL,0,pfefferminz,MINT,,2025-07-06,
VTR-00002581,,HP-PRIV,HP,MZ-DIRECT,DE,EUR,PTR-00000827,VRM-00028,direkt,MIT-00044,ANT-00002581,2024-12-01,,,2024-12-01,VIERTELJAEHRLICH,EBILL,100.77,119.92,,50000000.0,AKTIV,2024-12-01,,,3.0,2026-12-01,NORMAL,0,minzia,MINT,,2024-10-29,
VTR-00002582,,HP-PRIV,HP,HP-KLASSIK,DE,EUR,PTR-00000975,VRM-00024,bank,MIT-00044,ANT-00002582,2009-02-01,,,2009-02-01,VIERTELJAEHRLICH,RECHNUNG,67.16,79.92,,5000000.0,GEKUENDIGT_VN,2012-10-01,2012-10-01,K01,3.0,,NORMAL,0,pfefferminz,HAPO,2025-05-15,2009-01-26,
VTR-00002583,,HP-PRIV,HP,PM-2025,CH,CHF,PTR-00000964,VRM-00014,direkt,MIT-00008,ANT-00002583,2025-04-01,,,2025-04-01,JAEHRLICH,LASTSCHRIFT,70.4,73.92,,5000000.0,AKTIV,2025-04-01,,,3.0,2026-04-01,NORMAL,0,minzia,MINT,,2025-03-10,
VTR-00002584,,HP-PRIV,HP,PM-2025,DE,EUR,PTR-00000342,VRM-00024,bank,MIT-00008,ANT-00002584,2025-04-01,,,2025-04-01,HALBJAEHRLICH,RECHNUNG,101.98,121.36,,10000000.0,AKTIV,2025-04-01,,,3.0,2026-04-01,NORMAL,0,pfefferminz,MINT,,2025-03-19,
VTR-00002585,,HP-PRIV,HP,PM-2025,CH,CHF,PTR-00000605,VRM-00036,agentur,MIT-00008,ANT-00002585,2025-04-01,,,2025-04-01,JAEHRLICH,RECHNUNG,118.95,124.9,,10000000.0,AKTIV,2025-04-01,,,3.0,2026-04-01,NORMAL,0,pfefferminz,MINT,,2025-03-21,
VTR-00002586,,HP-PRIV,HP,HP-MODERN,CH,CHF,PTR-00000794,VRM-00040,agentur,MIT-00008,ANT-00002586,2014-08-01,,,2014-08-01,JAEHRLICH,RECHNUNG,248.9,261.35,,5000000.0,GEKUENDIGT_VN,2018-09-01,2018-09-01,K01,3.0,,NORMAL,0,pfefferminz,HAPO,2025-05-15,2014-07-02,
VTR-00002587,,HP-PRIV,HP,HP-KLASSIK,CH,CHF,PTR-00000746,VRM-00014,direkt,MIT-00008,ANT-00002587,2007-07-01,,,2007-07-01,JAEHRLICH,EBILL,129.75,136.24,,5000000.0,AKTIV,2007-07-01,,,3.0,2026-07-01,NORMAL,0,pfefferminz,HAPO,2025-05-15,2007-06-08,
VTR-00002588,,HP-PRIV,HP,MZ-DIRECT,DE,EUR,PTR-00000637,VRM-00013,direkt,MIT-00044,ANT-00002588,2022-10-01,,,2022-10-01,HALBJAEHRLICH,LASTSCHRIFT,88.31,105.09,,50000000.0,STORNIERT,2023-05-01,2023-05-01,K12,3.0,,NORMAL,0,minzia,MINT,,2022-09-03,
VTR-00002589,,HP-PRIV,HP,HP-MODERN,CH,CHF,PTR-00000868,VRM-00017,direkt,MIT-00008,ANT-00002589,2014-10-01,,,2014-10-01,HALBJAEHRLICH,RECHNUNG,147.4,154.77,,5000000.0,GEKUENDIGT_VN,2015-07-01,2015-07-01,K01,3.0,,NORMAL,0,pfefferminz,HAPO,2025-05-15,2014-08-25,
VTR-00002590,,HP-PRIV,HP,MZ-DIRECT,DE,EUR,PTR-00000244,VRM-00029,direkt,MIT-00044,ANT-00002590,2024-11-01,,,2024-11-01,JAEHRLICH,LASTSCHRIFT,51.59,61.39,,50000000.0,AKTIV,2024-11-01,,,3.0,2026-11-01,NORMAL,0,minzia,MINT,,2024-10-21,
VTR-00002591,,HP-PRIV,HP,HP-MODERN,DE,EUR,PTR-00000248,VRM-00029,direkt,MIT-00019,ANT-00002591,2018-12-01,,,2018-12-01,JAEHRLICH,EBILL,45.41,54.04,,10000000.0,GEKUENDIGT_VN,2024-06-01,2024-06-01,K02,3.0,,NORMAL,0,pfefferminz,HAPO,2025-05-15,2018-11-09,
VTR-00002592,,HP-PRIV,HP,PM-2025,CH,CHF,PTR-00000360,VRM-00004,bank,MIT-00008,ANT-00002592,2025-07-01,,,2025-07-01,MONATLICH,RECHNUNG,301.25,316.31,,10000000.0,AKTIV,2025-07-01,,,3.0,2026-07-01,NORMAL,0,pfefferminz,MINT,,2025-05-28,
VTR-00002593,,HP-PRIV,HP,HP-KLASSIK,CH,CHF,PTR-00000481,VRM-00014,direkt,MIT-00008,ANT-00002593,2012-12-01,,,2012-12-01,HALBJAEHRLICH,RECHNUNG,102.19,107.29,,5000000.0,AKTIV,2012-12-01,,,3.0,2026-12-01,NORMAL,0,pfefferminz,HAPO,2025-05-15,2012-11-19,
VTR-00002594,,HP-PRIV,HP,HP-MODERN,CH,CHF,PTR-00000626,VRM-00031,agentur,MIT-00008,ANT-00002594,2013-05-01,,,2013-05-01,VIERTELJAEHRLICH,RECHNUNG,94.3,99.01,,5000000.0,AKTIV,2013-05-01,,,3.0,2026-05-01,NORMAL,0,pfefferminz,HAPO,2025-05-15,2013-04-23,
VTR-00002595,,HP-PRIV,HP,MZ-DIRECT,DE,EUR,PTR-00000237,VRM-00009,direkt,MIT-00019,ANT-00002595,2022-07-01,,,2022-07-01,JAEHRLICH,EBILL,45.0,53.55,,5000000.0,AKTIV,2022-07-01,,,3.0,2026-07-01,NORMAL,0,minzia,MINT,,2022-06-15,
VTR-00002596,,HP-PRIV,HP,MZ-DIRECT,DE,EUR,PTR-00000560,VRM-00013,direkt,MIT-00044,ANT-00002596,2023-09-01,,,2023-09-01,JAEHRLICH,KREDITKARTE,108.22,128.78,,50000000.0,AKTIV,2023-09-01,,,3.0,2026-09-01,NORMAL,0,minzia,MINT,,2023-08-30,
VTR-00002597,,HP-PRIV,HP,HP-MODERN,CH,CHF,PTR-00000987,VRM-00026,agentur,MIT-00008,ANT-00002597,2013-12-01,,,2013-12-01,VIERTELJAEHRLICH,RECHNUNG,120.6,126.63,,5000000.0,GEKUENDIGT_VN,2021-03-01,2021-03-01,K02,3.0,,NORMAL,0,pfefferminz,HAPO,2025-05-15,2013-11-12,
VTR-00002598,,HP-PRIV,HP,HP-MODERN,CH,CHF,PTR-00000959,VRM-00031,agentur,MIT-00008,ANT-00002598,2020-04-01,,,2020-04-01,JAEHRLICH,EBILL,132.9,139.55,,5000000.0,AKTIV,2020-04-01,,,3.0,2026-04-01,NORMAL,0,pfefferminz,HAPO,2025-05-15,2020-03-27,
VTR-00002599,,HP-PRIV,HP,HP-KLASSIK,CH,CHF,PTR-00000340,VRM-00014,direkt,MIT-00008,ANT-00002599,2012-10-01,,,2012-10-01,JAEHRLICH,RECHNUNG,127.15,133.51,,5000000.0,GEKUENDIGT_VN,2013-05-01,2013-05-01,K06,3.0,,NORMAL,0,pfefferminz,HAPO,2025-05-15,2012-09-24,
VTR-00002600,,HP-PRIV,HP,MZ-DIRECT,DE,EUR,PTR-00000311,VRM-00019,direkt,MIT-00008,ANT-00002600,2022-07-01,,,2022-07-01,JAEHRLICH,LASTSCHRIFT,69.39,82.57,,10000000.0,GEKUENDIGT_VN,2024-03-01,2024-03-01,K01,3.0,,NORMAL,0,minzia,MINT,,2022-06-24,
VTR-00002601,,HP-PRIV,HP,HP-MODERN,DE,EUR,PTR-00000826,VRM-00001,direkt,MIT-00019,ANT-00002601,2015-02-01,,,2015-02-01,HALBJAEHRLICH,RECHNUNG,109.17,129.91,,5000000.0,AKTIV,2015-02-01,,,3.0,2026-02-01,NORMAL,0,pfefferminz,HAPO,2025-05-15,2015-01-03,
VTR-00002602,,HP-PRIV,HP,HP-MODERN,DE,EUR,PTR-00000482,VRM-00003,direkt,MIT-00044,ANT-00002602,2019-04-01,,,2019-04-01,JAEHRLICH,RECHNUNG,87.89,104.59,,20000000.0,GEKUENDIGT_VN,2020-05-01,2020-05-01,K01,3.0,,NORMAL,0,pfefferminz,HAPO,2025-05-15,2019-03-15,
VTR-00002603,,HP-PRIV,HP,HP-MODERN,DE,EUR,PTR-00000060,VRM-00003,direkt,MIT-00019,ANT-00002603,2019-03-01,,,2019-03-01,JAEHRLICH,RECHNUNG,45.0,53.55,,5000000.0,GEKUENDIGT_VN,2024-10-01,2024-10-01,K06,3.0,,NORMAL,0,pfefferminz,HAPO,2025-05-15,2019-01-25,
VTR-00002604,,HP-PRIV,HP,HP-MODERN,CH,CHF,PTR-00000568,VRM-00025,agentur,MIT-00008,ANT-00002604,2020-03-01,,,2020-03-01,JAEHRLICH,EBILL,238.0,249.9,,10000000.0,AKTIV,2020-03-01,,,3.0,2026-03-01,NORMAL,0,pfefferminz,HAPO,2025-05-15,2020-02-11,
VTR-00002605,,HP-PRIV,HP,HP-MODERN,DE,EUR,PTR-00000533,VRM-00010,makler,MIT-00008,ANT-00002605,2015-01-01,,,2015-01-01,JAEHRLICH,LASTSCHRIFT,47.85,56.94,,20000000.0,GEKUENDIGT_VN,2022-01-01,2022-01-01,K04,3.0,,NORMAL,0,pfefferminz,HAPO,2025-05-15,2014-12-02,
VTR-00002606,,HP-PRIV,HP,PM-2025,DE,EUR,PTR-00000416,VRM-00029,direkt,MIT-00019,ANT-00002606,2025-07-01,,,2025-07-01,JAEHRLICH,LASTSCHRIFT,53.73,63.94,,5000000.0,AKTIV,2025-07-01,,,3.0,2026-07-01,NORMAL,0,pfefferminz,MINT,,2025-06-19,
VTR-00002607,,HP-PRIV,HP,HP-MODERN,DE,EUR,PTR-00000220,VRM-00008,bank,MIT-00044,ANT-00002607,2014-08-01,,,2014-08-01,JAEHRLICH,RECHNUNG,56.34,67.04,,5000000.0,GEKUENDIGT_VN,2019-03-01,2019-03-01,K01,3.0,,NORMAL,0,pfefferminz,HAPO,2025-05-15,2014-07-10,
VTR-00002608,,HP-PRIV,HP,HP-MODERN,CH,CHF,PTR-00000616,VRM-00039,agentur,MIT-00008,ANT-00002608,2017-03-01,,,2017-03-01,JAEHRLICH,RECHNUNG,104.25,109.46,,5000000.0,AKTIV,2017-03-01,,,3.0,2026-03-01,NORMAL,0,pfefferminz,HAPO,2025-05-15,2017-01-21,
VTR-00002609,,HP-PRIV,HP,MZ-DIRECT,DE,EUR,PTR-00000841,VRM-00019,direkt,MIT-00019,ANT-00002609,2023-10-01,,,2023-10-01,MONATLICH,LASTSCHRIFT,45.76,54.45,,10000000.0,AKTIV,2023-10-01,,,3.0,2026-10-01,NORMAL,0,minzia,MINT,,2023-09-21,
VTR-00002610,,HP-PRIV,HP,PM-2025,CH,CHF,PTR-00000817,VRM-00005,makler,MIT-00008,ANT-00002610,2025-05-01,,,2025-05-01,JAEHRLICH,RECHNUNG,120.7,126.74,,5000000.0,AKTIV,2025-05-01,,,3.0,2026-05-01,NORMAL,0,pfefferminz,MINT,,2025-04-27,
VTR-00002611,,HP-PRIV,HP,MZ-DIRECT,DE,EUR,PTR-00000245,VRM-00003,direkt,MIT-00044,ANT-00002611,2022-12-01,,,2022-12-01,JAEHRLICH,LASTSCHRIFT,80.13,95.35,,20000000.0,AKTIV,2022-12-01,,,3.0,2026-12-01,NORMAL,0,minzia,MINT,,2022-11-06,
VTR-00002612,,HP-PRIV,HP,HP-MODERN,DE,EUR,PTR-00000522,VRM-00006,makler,MIT-00019,ANT-00002612,2015-11-01,,,2015-11-01,JAEHRLICH,RECHNUNG,60.25,71.7,,10000000.0,GEKUENDIGT_VN,2023-11-01,2023-11-01,K17,3.0,,NORMAL,0,pfefferminz,HAPO,2025-05-15,2015-09-29,
VTR-00002613,,HP-PRIV,HP,PM-2025,CH,CHF,PTR-00000328,VRM-00025,agentur,MIT-00008,ANT-00002613,2025-03-01,,,2025-03-01,JAEHRLICH,RECHNUNG,171.25,179.81,,10000000.0,AKTIV,2025-03-01,,,3.0,2026-03-01,NORMAL,0,pfefferminz,MINT,,2025-02-23,
VTR-00002614,,HP-PRIV,HP,HP-MODERN,CH,CHF,PTR-00000678,VRM-00014,direkt,MIT-00008,ANT-00002614,2019-11-01,,,2019-11-01,JAEHRLICH,RECHNUNG,112.75,118.39,,10000000.0,AKTIV,2019-11-01,,,3.0,2026-11-01,NORMAL,0,pfefferminz,HAPO,2025-05-15,2019-10-03,
VTR-00002615,,HP-PRIV,HP,PM-2025,DE,EUR,PTR-00000752,VRM-00032,makler,MIT-00019,ANT-00002615,2025-05-01,,,2025-05-01,HALBJAEHRLICH,EBILL,49.81,59.27,,10000000.0,AKTIV,2025-05-01,,,3.0,2026-05-01,NORMAL,0,pfefferminz,MINT,,2025-03-28,
VTR-00002616,,HP-PRIV,HP,PM-2025,DE,EUR,PTR-00000732,VRM-00001,direkt,MIT-00008,ANT-00002616,2025-12-01,,,2025-12-01,JAEHRLICH,RECHNUNG,108.23,128.79,,20000000.0,AKTIV,2025-12-01,,,3.0,2026-12-01,NORMAL,0,pfefferminz,MINT,,2025-11-02,
VTR-00002617,,HP-PRIV,HP,HP-MODERN,CH,CHF,PTR-00000810,VRM-00011,agentur,MIT-00008,ANT-00002617,2013-04-01,,,2013-04-01,JAEHRLICH,EBILL,104.25,109.46,,5000000.0,GEKUENDIGT_VN,2023-05-01,2023-05-01,K06,3.0,,NORMAL,0,pfefferminz,HAPO,2025-05-15,2013-02-27,
VTR-00002618,,HP-PRIV,HP,HP-MODERN,CH,CHF,PTR-00000948,VRM-00040,agentur,MIT-00008,ANT-00002618,2020-09-01,,,2020-09-01,JAEHRLICH,LASTSCHRIFT,148.9,156.35,,5000000.0,GEKUENDIGT_VN,2021-01-01,2021-01-01,K04,3.0,,NORMAL,0,pfefferminz,HAPO,2025-05-15,2020-08-14,
VTR-00002619,,HP-PRIV,HP,HP-MODERN,CH,CHF,PTR-00000035,VRM-00031,agentur,MIT-00008,ANT-00002619,2015-08-01,,,2015-08-01,JAEHRLICH,EBILL,188.35,197.77,,10000000.0,GEKUENDIGT_VN,2019-12-01,2019-12-01,K09,3.0,,NORMAL,0,pfefferminz,HAPO,2025-05-15,2015-07-24,
VTR-00002620,,HP-PRIV,HP,HP-KLASSIK,CH,CHF,PTR-00000247,VRM-00005,agentur,MIT-00008,ANT-00002620,2009-04-01,,,2009-04-01,JAEHRLICH,RECHNUNG,89.12,93.58,,5000000.0,AKTIV,2009-04-01,,,3.0,2026-04-01,NORMAL,0,pfefferminz,HAPO,2025-05-15,2009-03-10,
VTR-00002621,,HP-PRIV,HP,PM-2025,DE,EUR,PTR-00000696,VRM-00021,makler,MIT-00044,ANT-00002621,2025-01-01,,,2025-01-01,JAEHRLICH,RECHNUNG,45.41,54.04,,10000000.0,AKTIV,2025-01-01,,,3.0,2026-01-01,NORMAL,0,pfefferminz,MINT,,2024-12-01,
VTR-00002622,,HP-PRIV,HP,HP-MODERN,CH,CHF,PTR-00000818,VRM-00039,agentur,MIT-00008,ANT-00002622,2019-05-01,,,2019-05-01,JAEHRLICH,RECHNUNG,148.55,155.98,,5000000.0,AKTIV,2019-05-01,,,3.0,2026-05-01,NORMAL,0,pfefferminz,HAPO,2025-05-15,2019-04-11,
VTR-00002623,,HP-PRIV,HP,HP-MODERN,CH,CHF,PTR-00000661,VRM-00040,makler,MIT-00008,ANT-00002623,2019-02-01,,,2019-02-01,JAEHRLICH,RECHNUNG,147.05,154.4,,5000000.0,GEKUENDIGT_VN,2023-01-01,2023-01-01,K03,3.0,,NORMAL,0,pfefferminz,HAPO,2025-05-15,2019-01-13,
VTR-00002624,,HP-PRIV,HP,PM-2025,DE,EUR,PTR-00000924,VRM-00028,direkt,MIT-00008,ANT-00002624,2025-09-01,,,2025-09-01,JAEHRLICH,LASTSCHRIFT,100.32,119.38,,5000000.0,AKTIV,2025-09-01,,,3.0,2026-09-01,NORMAL,0,pfefferminz,MINT,,2025-07-24,
VTR-00002625,,HP-PRIV,HP,HP-MODERN,CH,CHF,PTR-00000306,VRM-00031,agentur,MIT-00008,ANT-00002625,2017-04-01,,,2017-04-01,JAEHRLICH,RECHNUNG,148.55,155.98,,5000000.0,GEKUENDIGT_VN,2018-04-01,2018-04-01,K06,3.0,,NORMAL,0,pfefferminz,HAPO,2025-05-15,2017-03-03,
VTR-00002626,,HP-PRIV,HP,HP-MODERN,CH,CHF,PTR-00000965,VRM-00031,agentur,MIT-00008,ANT-00002626,2014-06-01,,,2014-06-01,JAEHRLICH,LASTSCHRIFT,199.27,209.24,,5000000.0,AKTIV,2014-06-01,,,3.0,2026-06-01,NORMAL,0,pfefferminz,HAPO,2025-05-15,2014-05-14,
VTR-00002627,,HP-PRIV,HP,HP-MODERN,DE,EUR,PTR-00000826,VRM-00037,makler,MIT-00044,ANT-00002627,2013-02-01,,,2013-02-01,JAEHRLICH,LASTSCHRIFT,118.52,141.04,,5000000.0,AKTIV,2013-02-01,,,3.0,2026-02-01,NORMAL,0,pfefferminz,HAPO,2025-05-15,2013-01-23,
VTR-00002628,,HP-PRIV,HP,MZ-DIRECT,DE,EUR,PTR-00000047,VRM-00013,direkt,MIT-00008,ANT-00002628,2023-04-01,,,2023-04-01,JAEHRLICH,LASTSCHRIFT,126.8,150.89,,50000000.0,AKTIV,2023-04-01,,,3.0,2026-04-01,NORMAL,0,minzia,MINT,,2023-03-24,
VTR-00002629,,HP-PRIV,HP,PM-2025,CH,CHF,PTR-00000561,VRM-00017,direkt,MIT-00008,ANT-00002629,2025-09-01,,,2025-09-01,JAEHRLICH,LASTSCHRIFT,186.1,195.4,,5000000.0,AKTIV,2025-09-01,,,3.0,2026-09-01,NORMAL,0,minzia,MINT,,2025-07-26,
VTR-00002630,,HP-PRIV,HP,HP-MODERN,DE,EUR,PTR-00000683,VRM-00029,direkt,MIT-00019,ANT-00002630,2019-01-01,,,2019-01-01,VIERTELJAEHRLICH,LASTSCHRIFT,45.52,54.17,,5000000.0,AKTIV,2019-01-01,,,3.0,2026-01-01,NORMAL,0,pfefferminz,HAPO,2025-05-15,2018-11-24,
VTR-00002631,,HP-PRIV,HP,PM-2025,CH,CHF,PTR-00000670,VRM-00031,agentur,MIT-00008,ANT-00002631,2025-08-01,,,2025-08-01,JAEHRLICH,RECHNUNG,216.3,227.12,,10000000.0,AKTIV,2025-08-01,,,3.0,2026-08-01,NORMAL,0,pfefferminz,MINT,,2025-07-15,
VTR-00002632,,HP-PRIV,HP,HP-MODERN,CH,CHF,PTR-00000508,VRM-00017,direkt,MIT-00008,ANT-00002632,2015-02-01,,,2015-02-01,VIERTELJAEHRLICH,LASTSCHRIFT,134.0,140.7,,5000000.0,GEKUENDIGT_VN,2022-01-01,2022-01-01,K17,3.0,,NORMAL,0,pfefferminz,HAPO,2025-05-15,2015-01-10,
VTR-00002633,,HP-PRIV,HP,MZ-DIRECT,DE,EUR,PTR-00000109,VRM-00001,direkt,MIT-00008,ANT-00002633,2022-06-01,,,2022-06-01,JAEHRLICH,KREDITKARTE,68.97,82.07,,5000000.0,AKTIV,2022-06-01,,,3.0,2026-06-01,NORMAL,0,minzia,MINT,,2022-05-23,
VTR-00002634,,HP-PRIV,HP,HP-MODERN,CH,CHF,PTR-00000192,VRM-00025,agentur,MIT-00008,ANT-00002634,2019-02-01,,,2019-02-01,JAEHRLICH,RECHNUNG,137.55,144.43,,10000000.0,AKTIV,2019-02-01,,,3.0,2026-02-01,NORMAL,0,pfefferminz,HAPO,2025-05-15,2018-12-28,
VTR-00002635,,HP-PRIV,HP,MZ-DIRECT,DE,EUR,PTR-00000325,VRM-00028,direkt,MIT-00008,ANT-00002635,2022-02-01,,,2022-02-01,JAEHRLICH,EBILL,48.17,57.32,,10000000.0,AKTIV,2022-02-01,,,3.0,2026-02-01,NORMAL,0,minzia,MINT,,2021-12-30,
VTR-00002636,,HP-PRIV,HP,MZ-DIRECT,DE,EUR,PTR-00000200,VRM-00019,direkt,MIT-00019,ANT-00002636,2023-06-01,,,2023-06-01,JAEHRLICH,RECHNUNG,45.0,53.55,,10000000.0,AKTIV,2023-06-01,,,3.0,2026-06-01,NORMAL,0,minzia,MINT,,2023-05-14,
VTR-00002637,,HP-PRIV,HP,HP-MODERN,CH,CHF,PTR-00000665,VRM-00014,direkt,MIT-00008,ANT-00002637,2017-03-01,,,2017-03-01,JAEHRLICH,RECHNUNG,134.4,141.12,,5000000.0,GEKUENDIGT_VN,2020-10-01,2020-10-01,K01,3.0,,NORMAL,0,pfefferminz,HAPO,2025-05-15,2017-02-27,
VTR-00002638,,HP-PRIV,HP,HP-MODERN,CH,CHF,PTR-00000117,VRM-00031,agentur,MIT-00008,ANT-00002638,2013-07-01,,,2013-07-01,JAEHRLICH,EBILL,228.4,239.82,,5000000.0,GEKUENDIGT_VN,2014-12-01,2014-12-01,K04,3.0,,NORMAL,0,pfefferminz,HAPO,2025-05-15,2013-06-25,
VTR-00002639,,HP-PRIV,HP,MZ-DIRECT,DE,EUR,PTR-00000517,VRM-00019,direkt,MIT-00019,ANT-00002639,2022-02-01,,,2022-02-01,JAEHRLICH,LASTSCHRIFT,39.6,47.12,,5000000.0,AKTIV,2022-02-01,,,3.0,2026-02-01,NORMAL,0,minzia,MINT,,2022-01-27,
VTR-00002640,,HP-PRIV,HP,PM-2025,CH,CHF,PTR-00000092,VRM-00031,agentur,MIT-00008,ANT-00002640,2025-12-01,,,2025-12-01,JAEHRLICH,LASTSCHRIFT,200.15,210.16,,5000000.0,AKTIV,2025-12-01,,,3.0,2026-12-01,NORMAL,0,pfefferminz,MINT,,2025-11-13,
VTR-00002641,,HP-PRIV,HP,MZ-DIRECT,DE,EUR,PTR-00000606,VRM-00013,direkt,MIT-00019,ANT-00002641,2021-06-01,,,2021-06-01,JAEHRLICH,EBILL,53.53,63.7,,20000000.0,GEKUENDIGT_VN,2024-12-01,2024-12-01,K02,3.0,,NORMAL,0,minzia,MINT,,2021-04-24,
VTR-00002642,,HP-PRIV,HP,HP-MODERN,CH,CHF,PTR-00000611,VRM-00005,makler,MIT-00008,ANT-00002642,2015-10-01,,,2015-10-01,JAEHRLICH,RECHNUNG,231.05,242.6,,10000000.0,STORNIERT,2021-04-01,2021-04-01,K07,3.0,,NORMAL,0,pfefferminz,HAPO,2025-05-15,2015-09-26,
VTR-00002643,,HP-PRIV,HP,MZ-DIRECT,DE,EUR,PTR-00000204,VRM-00009,direkt,MIT-00008,ANT-00002643,2024-06-01,,,2024-06-01,JAEHRLICH,KREDITKARTE,60.04,71.45,,10000000.0,AKTIV,2024-06-01,,,3.0,2026-06-01,NORMAL,0,minzia,MINT,,2024-05-19,
VTR-00002644,,HP-PRIV,HP,HP-MODERN,DE,EUR,PTR-00000370,VRM-00009,direkt,MIT-00044,ANT-00002644,2016-05-01,,,2016-05-01,JAEHRLICH,LASTSCHRIFT,100.32,119.38,,5000000.0,GEKUENDIGT_VN,2018-04-01,2018-04-01,K01,3.0,,NORMAL,0,pfefferminz,HAPO,2025-05-15,2016-04-25,
VTR-00002645,,HP-PRIV,HP,HP-MODERN,DE,EUR,PTR-00000168,VRM-00030,bank,MIT-00044,ANT-00002645,2016-11-01,,,2016-11-01,JAEHRLICH,KREDITKARTE,55.66,66.24,,20000000.0,AKTIV,2016-11-01,,,3.0,2026-11-01,NORMAL,0,pfefferminz,HAPO,2025-05-15,2016-10-15,
VTR-00002646,,HP-PRIV,HP,MZ-DIRECT,DE,EUR,PTR-00000379,VRM-00028,direkt,MIT-00019,ANT-00002646,2021-11-01,,,2021-11-01,VIERTELJAEHRLICH,LASTSCHRIFT,52.21,62.13,,5000000.0,AKTIV,2021-11-01,,,3.0,2026-11-01,NORMAL,0,minzia,MINT,,2021-10-28,
VTR-00002647,,HP-PRIV,HP,MZ-DIRECT,DE,EUR,PTR-00000543,VRM-00013,direkt,MIT-00008,ANT-00002647,2022-06-01,,,2022-06-01,MONATLICH,KREDITKARTE,88.42,105.22,,10000000.0,AKTIV,2022-06-01,,,3.0,2026-06-01,NORMAL,0,minzia,MINT,,2022-05-03,
VTR-00002648,,HP-PRIV,HP,PM-2025,DE,EUR,PTR-00000684,VRM-00009,direkt,MIT-00008,ANT-00002648,2025-11-01,,,2025-11-01,HALBJAEHRLICH,RECHNUNG,59.09,70.32,,50000000.0,AKTIV,2025-11-01,,,3.0,2026-11-01,NORMAL,0,pfefferminz,MINT,,2025-10-13,
VTR-00002649,,HP-PRIV,HP,HP-MODERN,CH,CHF,PTR-00000624,VRM-00012,makler,MIT-00008,ANT-00002649,2018-06-01,,,2018-06-01,JAEHRLICH,RECHNUNG,187.65,197.03,,5000000.0,AKTIV,2018-06-01,,,3.0,2026-06-01,NORMAL,0,pfefferminz,HAPO,2025-05-15,2018-05-04,
VTR-00002650,,HP-PRIV,HP,PM-2025,DE,EUR,PTR-00000692,VRM-00028,direkt,MIT-00008,ANT-00002650,2025-06-01,,,2025-06-01,JAEHRLICH,RECHNUNG,50.76,60.4,,5000000.0,AKTIV,2025-06-01,,,3.0,2026-06-01,NORMAL,0,pfefferminz,MINT,,2025-05-07,
VTR-00002651,,HP-PRIV,HP,PM-2025,CH,CHF,PTR-00000972,VRM-00017,direkt,MIT-00008,ANT-00002651,2025-09-01,,,2025-09-01,JAEHRLICH,RECHNUNG,127.55,133.93,,10000000.0,AKTIV,2025-09-01,,,3.0,2026-09-01,NORMAL,0,minzia,MINT,,2025-08-08,
VTR-00002652,,HP-PRIV,HP,HP-MODERN,DE,EUR,PTR-00000769,VRM-00010,makler,MIT-00044,ANT-00002652,2018-03-01,,,2018-03-01,JAEHRLICH,RECHNUNG,71.53,85.12,,5000000.0,AKTIV,2018-03-01,,,3.0,2026-03-01,NORMAL,0,pfefferminz,HAPO,2025-05-15,2018-02-28,
VTR-00002653,,HP-PRIV,HP,HP-MODERN,DE,EUR,PTR-00000251,VRM-00009,direkt,MIT-00044,ANT-00002653,2019-12-01,,,2019-12-01,JAEHRLICH,RECHNUNG,99.96,118.95,,10000000.0,AKTIV,2019-12-01,,,3.0,2026-12-01,NORMAL,0,pfefferminz,HAPO,2025-05-15,2019-11-17,
VTR-00002654,,HP-PRIV,HP,PM-2025,CH,CHF,PTR-00000778,VRM-00014,direkt,MIT-00008,ANT-00002654,2025-12-01,,,2025-12-01,JAEHRLICH,LASTSCHRIFT,97.3,102.17,,5000000.0,AKTIV,2025-12-01,,,3.0,2026-12-01,NORMAL,0,minzia,MINT,,2025-11-15,
VTR-00002655,,HP-PRIV,HP,MZ-DIRECT,DE,EUR,PTR-00000401,VRM-00013,direkt,MIT-00044,ANT-00002655,2022-11-01,,,2022-11-01,JAEHRLICH,LASTSCHRIFT,51.29,61.04,,5000000.0,AKTIV,2022-11-01,,,3.0,2026-11-01,NORMAL,0,minzia,MINT,,2022-10-16,
VTR-00002656,,HP-PRIV,HP,MZ-DIRECT,DE,EUR,PTR-00000741,VRM-00001,direkt,MIT-00044,ANT-00002656,2022-05-01,,,2022-05-01,HALBJAEHRLICH,LASTSCHRIFT,60.86,72.42,,5000000.0,AKTIV,2022-05-01,,,3.0,2026-05-01,NORMAL,0,minzia,MINT,,2022-04-13,
VTR-00002657,,HP-PRIV,HP,HP-MODERN,CH,CHF,PTR-00000212,VRM-00039,agentur,MIT-00008,ANT-00002657,2016-12-01,,,2016-12-01,JAEHRLICH,RECHNUNG,156.7,164.53,,10000000.0,AKTIV,2016-12-01,,,3.0,2026-12-01,NORMAL,0,pfefferminz,HAPO,2025-05-15,2016-11-08,
VTR-00002658,,HP-PRIV,HP,MZ-DIRECT,DE,EUR,PTR-00000506,VRM-00003,direkt,MIT-00008,ANT-00002658,2022-05-01,,,2022-05-01,JAEHRLICH,LASTSCHRIFT,67.29,80.08,,10000000.0,AKTIV,2022-05-01,,,3.0,2026-05-01,NORMAL,0,minzia,MINT,,2022-04-14,
VTR-00002659,,HP-PRIV,HP,MZ-DIRECT,DE,EUR,PTR-00000317,VRM-00003,direkt,MIT-00044,ANT-00002659,2021-05-01,,,2021-05-01,JAEHRLICH,LASTSCHRIFT,57.91,68.91,,20000000.0,STORNIERT,2023-11-01,2023-11-01,K12,3.0,,NORMAL,0,minzia,MINT,,2021-04-17,
VTR-00002660,,HP-PRIV,HP,PM-2025,DE,EUR,PTR-00000125,VRM-00034,makler,MIT-00008,ANT-00002660,2025-01-01,,,2025-01-01,VIERTELJAEHRLICH,RECHNUNG,65.8,78.3,,10000000.0,AKTIV,2025-01-01,,,3.0,2026-01-01,NORMAL,0,pfefferminz,MINT,,2024-11-25,
VTR-00002661,,HP-PRIV,HP,PM-2025,DE,EUR,PTR-00000851,VRM-00028,direkt,MIT-00044,ANT-00002661,2025-01-01,,,2025-01-01,JAEHRLICH,RECHNUNG,84.8,100.91,,5000000.0,AKTIV,2025-01-01,,,3.0,2026-01-01,NORMAL,0,pfefferminz,MINT,,2024-12-11,
VTR-00002662,,HP-PRIV,HP,HP-MODERN,CH,CHF,PTR-00000554,VRM-00014,direkt,MIT-00008,ANT-00002662,2017-11-01,,,2017-11-01,VIERTELJAEHRLICH,KREDITKARTE,145.73,153.01,,5000000.0,AKTIV,2017-11-01,,,3.0,2026-11-01,NORMAL,0,pfefferminz,HAPO,2025-05-15,2017-09-29,
VTR-00002663,,HP-PRIV,HP,HP-KLASSIK,DE,EUR,PTR-00000184,VRM-00019,direkt,MIT-00019,ANT-00002663,2010-11-01,,,2010-11-01,JAEHRLICH,RECHNUNG,41.29,49.13,,5000000.0,AKTIV,2010-11-01,,,3.0,2026-11-01,NORMAL,0,pfefferminz,HAPO,2025-05-15,2010-10-25,
VTR-00002664,,HP-PRIV,HP,HP-KLASSIK,CH,CHF,PTR-00000600,VRM-00012,agentur,MIT-00008,ANT-00002664,2012-06-01,,,2012-06-01,JAEHRLICH,RECHNUNG,144.85,152.09,,5000000.0,AKTIV,2012-06-01,,,3.0,2026-06-01,NORMAL,0,pfefferminz,HAPO,2025-05-15,2012-04-29,
VTR-00002665,,HP-PRIV,HP,HP-KLASSIK,DE,EUR,PTR-00000595,VRM-00032,makler,MIT-00019,ANT-00002665,2011-08-01,,,2011-08-01,VIERTELJAEHRLICH,EBILL,54.87,65.29,,5000000.0,GEKUENDIGT_VN,2013-11-01,2013-11-01,K06,3.0,,NORMAL,0,pfefferminz,HAPO,2025-05-15,2011-07-04,
VTR-00002666,,HP-PRIV,HP,HP-MODERN,DE,EUR,PTR-00000393,VRM-00027,makler,MIT-00044,ANT-00002666,2017-03-01,,,2017-03-01,JAEHRLICH,RECHNUNG,76.53,91.07,,10000000.0,STORNIERT,2020-02-01,2020-02-01,K13,3.0,,NORMAL,0,pfefferminz,HAPO,2025-05-15,2017-02-14,
VTR-00002667,,HP-PRIV,HP,HP-KLASSIK,CH,CHF,PTR-00000440,VRM-00017,direkt,MIT-00008,ANT-00002667,2010-04-01,,,2010-04-01,VIERTELJAEHRLICH,RECHNUNG,131.05,137.6,,5000000.0,GEKUENDIGT_VN,2013-03-01,2013-03-01,K01,3.0,,NORMAL,0,pfefferminz,HAPO,2025-05-15,2010-03-10,
VTR-00002668,,HP-PRIV,HP,MZ-DIRECT,DE,EUR,PTR-00000320,VRM-00009,direkt,MIT-00019,ANT-00002668,2023-10-01,,,2023-10-01,JAEHRLICH,LASTSCHRIFT,54.75,65.15,,5000000.0,AKTIV,2023-10-01,,,3.0,2026-10-01,NORMAL,0,minzia,MINT,,2023-08-24,
VTR-00002669,,HP-PRIV,HP,HP-MODERN,CH,CHF,PTR-00000252,VRM-00014,direkt,MIT-00008,ANT-00002669,2013-05-01,,,2013-05-01,JAEHRLICH,RECHNUNG,156.7,164.53,,10000000.0,AKTIV,2013-05-01,,,3.0,2026-05-01,NORMAL,0,pfefferminz,HAPO,2025-05-15,2013-03-28,
VTR-00002670,,HP-PRIV,HP,HP-MODERN,CH,CHF,PTR-00000362,VRM-00040,agentur,MIT-00008,ANT-00002670,2015-10-01,,,2015-10-01,JAEHRLICH,RECHNUNG,168.05,176.45,,5000000.0,AKTIV,2015-10-01,,,3.0,2026-10-01,NORMAL,0,pfefferminz,HAPO,2025-05-15,2015-08-30,
VTR-00002671,,HP-PRIV,HP,PM-2025,CH,CHF,PTR-00000929,VRM-00025,agentur,MIT-00008,ANT-00002671,2025-03-01,,,2025-03-01,HALBJAEHRLICH,LASTSCHRIFT,108.15,113.56,,10000000.0,AKTIV,2025-03-01,,,3.0,2026-03-01,NORMAL,0,pfefferminz,MINT,,2025-02-14,
VTR-00002672,,HP-PRIV,HP,MZ-DIRECT,DE,EUR,PTR-00000230,VRM-00003,direkt,MIT-00019,ANT-00002672,2021-06-01,,,2021-06-01,JAEHRLICH,KREDITKARTE,99.14,117.98,,20000000.0,GEKUENDIGT_VN,2022-05-01,2022-05-01,K01,3.0,,NORMAL,0,minzia,MINT,,2021-05-14,
VTR-00002673,,HP-PRIV,HP,HP-MODERN,CH,CHF,PTR-00000040,VRM-00017,makler,MIT-00008,ANT-00002673,2018-06-01,,,2018-06-01,JAEHRLICH,RECHNUNG,194.5,204.23,,5000000.0,AKTIV,2018-06-01,,,3.0,2026-06-01,NORMAL,0,pfefferminz,HAPO,2025-05-15,2018-05-05,
VTR-00002674,,HP-PRIV,HP,PM-2025,DE,EUR,PTR-00000050,VRM-00030,bank,MIT-00019,ANT-00002674,2025-03-01,,,2025-03-01,MONATLICH,KREDITKARTE,79.19,94.24,,20000000.0,AKTIV,2025-03-01,,,3.0,2026-03-01,NORMAL,0,pfefferminz,MINT,,2025-02-05,
VTR-00002675,,HP-PRIV,HP,PM-2025,CH,CHF,PTR-00000538,VRM-00017,direkt,MIT-00008,ANT-00002675,2025-12-01,,,2025-12-01,HALBJAEHRLICH,KREDITKARTE,101.65,106.73,,5000000.0,AKTIV,2025-12-01,,,3.0,2026-12-01,NORMAL,0,pfefferminz,MINT,,2025-10-28,
VTR-00002676,,HP-PRIV,HP,PM-2025,DE,EUR,PTR-00000088,VRM-00035,makler,MIT-00044,ANT-00002676,2025-03-01,,,2025-03-01,JAEHRLICH,EBILL,95.47,113.61,,10000000.0,AKTIV,2025-03-01,,,3.0,2026-03-01,NORMAL,0,pfefferminz,MINT,,2025-01-31,
VTR-00002677,,HP-PRIV,HP,PM-2025,CH,CHF,PTR-00000553,VRM-00014,direkt,MIT-00008,ANT-00002677,2025-03-01,,,2025-03-01,HALBJAEHRLICH,LASTSCHRIFT,87.8,92.19,,5000000.0,AKTIV,2025-03-01,,,3.0,2026-03-01,NORMAL,0,minzia,MINT,,2025-02-26,
VTR-00002678,,HP-PRIV,HP,HP-MODERN,DE,EUR,PTR-00000058,VRM-00019,direkt,MIT-00008,ANT-00002678,2017-06-01,,,2017-06-01,JAEHRLICH,LASTSCHRIFT,104.72,124.62,,20000000.0,GEKUENDIGT_VN,2021-02-01,2021-02-01,K09,3.0,,NORMAL,0,pfefferminz,HAPO,2025-05-15,2017-05-10,
VTR-00002679,,HP-PRIV,HP,HP-MODERN,CH,CHF,PTR-00000823,VRM-00014,direkt,MIT-00008,ANT-00002679,2015-12-01,,,2015-12-01,VIERTELJAEHRLICH,RECHNUNG,92.45,97.07,,5000000.0,AKTIV,2015-12-01,,,3.0,2026-12-01,NORMAL,0,pfefferminz,HAPO,2025-05-15,2015-11-13,
VTR-00002680,,HP-PRIV,HP,HP-MODERN,CH,CHF,PTR-00000773,VRM-00031,agentur,MIT-00008,ANT-00002680,2016-02-01,,,2016-02-01,VIERTELJAEHRLICH,EBILL,104.85,110.09,,5000000.0,AKTIV,2016-02-01,,,3.0,2026-02-01,NORMAL,0,pfefferminz,HAPO,2025-05-15,2016-01-06,
VTR-00002681,,HP-PRIV,HP,PM-2025,CH,CHF,PTR-00000023,VRM-00040,bank,MIT-00008,ANT-00002681,2025-04-01,,,2025-04-01,JAEHRLICH,RECHNUNG,104.5,109.73,,5000000.0,AKTIV,2025-04-01,,,3.0,2026-04-01,NORMAL,0,pfefferminz,MINT,,2025-03-29,
VTR-00002682,,HP-PRIV,HP,HP-MODERN,CH,CHF,PTR-00000121,VRM-00025,agentur,MIT-00008,ANT-00002682,2018-08-01,,,2018-08-01,JAEHRLICH,LASTSCHRIFT,89.35,93.82,,5000000.0,AKTIV,2018-08-01,,,3.0,2026-08-01,NORMAL,0,pfefferminz,HAPO,2025-05-15,2018-07-30,
VTR-00002683,,HP-PRIV,HP,HP-MODERN,CH,CHF,PTR-00000262,VRM-00011,agentur,MIT-00008,ANT-00002683,2015-04-01,,,2015-04-01,JAEHRLICH,RECHNUNG,138.65,145.58,,5000000.0,GEKUENDIGT_VN,2017-03-01,2017-03-01,K01,3.0,,NORMAL,0,pfefferminz,HAPO,2025-05-15,2015-03-05,
VTR-00002684,,HP-PRIV,HP,PM-2025,CH,CHF,PTR-00000607,VRM-00014,direkt,MIT-00008,ANT-00002684,2025-10-01,,,2025-10-01,HALBJAEHRLICH,EBILL,117.5,123.38,,10000000.0,AKTIV,2025-10-01,,,3.0,2026-10-01,NORMAL,0,minzia,MINT,,2025-08-30,
VTR-00002685,,HP-PRIV,HP,HP-MODERN,CH,CHF,PTR-00000812,VRM-00026,agentur,MIT-00008,ANT-00002685,2017-11-01,,,2017-11-01,HALBJAEHRLICH,RECHNUNG,94.3,99.01,,5000000.0,AKTIV,2017-11-01,,,3.0,2026-11-01,NORMAL,0,pfefferminz,HAPO,2025-05-15,2017-10-15,
VTR-00002686,,HP-PRIV,HP,HP-MODERN,CH,CHF,PTR-00000201,VRM-00036,agentur,MIT-00008,ANT-00002686,2016-03-01,,,2016-03-01,JAEHRLICH,LASTSCHRIFT,137.65,144.53,,5000000.0,GEKUENDIGT_VN,2024-01-01,2024-01-01,K03,3.0,,NORMAL,0,pfefferminz,HAPO,2025-05-15,2016-02-18,
VTR-00002687,,HP-PRIV,HP,HP-MODERN,CH,CHF,PTR-00000524,VRM-00026,agentur,MIT-00008,ANT-00002687,2016-12-01,,,2016-12-01,JAEHRLICH,RECHNUNG,111.9,117.5,,10000000.0,AKTIV,2016-12-01,,,3.0,2026-12-01,NORMAL,0,pfefferminz,HAPO,2025-05-15,2016-11-28,
VTR-00002688,,HP-PRIV,HP,MZ-DIRECT,DE,EUR,PTR-00000636,VRM-00019,direkt,MIT-00019,ANT-00002688,2022-06-01,,,2022-06-01,JAEHRLICH,RECHNUNG,48.68,57.93,,10000000.0,AKTIV,2022-06-01,,,3.0,2026-06-01,NORMAL,0,minzia,MINT,,2022-04-23,
VTR-00002689,,HP-PRIV,HP,MZ-DIRECT,DE,EUR,PTR-00000720,VRM-00019,direkt,MIT-00019,ANT-00002689,2021-04-01,,,2021-04-01,JAEHRLICH,KREDITKARTE,132.19,157.31,,5000000.0,AKTIV,2021-04-01,,,3.0,2026-04-01,NORMAL,0,minzia,MINT,,2021-02-22,
VTR-00002690,,HP-PRIV,HP,PM-2025,CH,CHF,PTR-00000723,VRM-00039,agentur,MIT-00008,ANT-00002690,2025-10-01,,,2025-10-01,JAEHRLICH,RECHNUNG,164.6,172.83,,5000000.0,AKTIV,2025-10-01,,,3.0,2026-10-01,NORMAL,0,pfefferminz,MINT,,2025-09-18,
VTR-00002691,,HP-PRIV,HP,HP-MODERN,CH,CHF,PTR-00000489,VRM-00005,agentur,MIT-00008,ANT-00002691,2016-08-01,,,2016-08-01,JAEHRLICH,EBILL,136.66,143.49,,10000000.0,AKTIV,2016-08-01,,,3.0,2026-08-01,NORMAL,0,pfefferminz,HAPO,2025-05-15,2016-07-25,
VTR-00002692,,HP-PRIV,HP,MZ-DIRECT,DE,EUR,PTR-00000374,VRM-00019,direkt,MIT-00008,ANT-00002692,2021-08-01,,,2021-08-01,JAEHRLICH,LASTSCHRIFT,59.04,70.26,,20000000.0,AKTIV,2021-08-01,,,3.0,2026-08-01,NORMAL,0,minzia,MINT,,2021-07-20,
VTR-00002693,,HP-PRIV,HP,PM-2025,CH,CHF,PTR-00000166,VRM-00017,direkt,MIT-00008,ANT-00002693,2025-01-01,,,2025-01-01,JAEHRLICH,LASTSCHRIFT,105.05,110.3,,5000000.0,AKTIV,2025-01-01,,,3.0,2026-01-01,NORMAL,0,minzia,MINT,,2024-12-22,
VTR-00002694,,HP-PRIV,HP,HP-MODERN,CH,CHF,PTR-00000123,VRM-00014,direkt,MIT-00008,ANT-00002694,2020-12-01,,,2020-12-01,JAEHRLICH,RECHNUNG,196.35,206.17,,10000000.0,AKTIV,2020-12-01,,,3.0,2026-12-01,NORMAL,0,pfefferminz,HAPO,2025-05-15,2020-10-26,
VTR-00002695,,HP-PRIV,HP,HP-MODERN,CH,CHF,PTR-00000283,VRM-00014,direkt,MIT-00008,ANT-00002695,2017-10-01,,,2017-10-01,JAEHRLICH,KREDITKARTE,103.75,108.94,,5000000.0,AKTIV,2017-10-01,,,3.0,2026-10-01,NORMAL,0,pfefferminz,HAPO,2025-05-15,2017-09-07,
VTR-00002696,,HP-PRIV,HP,HP-MODERN,CH,CHF,PTR-00000104,VRM-00017,direkt,MIT-00008,ANT-00002696,2020-10-01,,,2020-10-01,JAEHRLICH,RECHNUNG,144.45,151.67,,5000000.0,GEKUENDIGT_VN,2022-03-01,2022-03-01,K01,3.0,,NORMAL,0,pfefferminz,HAPO,2025-05-15,2020-09-17,
VTR-00002697,,HP-PRIV,HP,MZ-DIRECT,DE,EUR,PTR-00000902,VRM-00013,direkt,MIT-00044,ANT-00002697,2021-05-01,,,2021-05-01,VIERTELJAEHRLICH,LASTSCHRIFT,71.16,84.68,,5000000.0,AKTIV,2021-05-01,,,3.0,2026-05-01,NORMAL,0,minzia,MINT,,2021-04-30,
VTR-00002698,,HP-PRIV,HP,PM-2025,CH,CHF,PTR-00000853,VRM-00014,direkt,MIT-00008,ANT-00002698,2025-06-01,,,2025-06-01,VIERTELJAEHRLICH,RECHNUNG,140.7,147.74,,5000000.0,AKTIV,2025-06-01,,,3.0,2026-06-01,NORMAL,0,pfefferminz,MINT,,2025-05-12,
VTR-00002699,,HP-PRIV,HP,MZ-DIRECT,DE,EUR,PTR-00000690,VRM-00028,direkt,MIT-00019,ANT-00002699,2024-11-01,,,2024-11-01,JAEHRLICH,KREDITKARTE,65.82,78.33,,10000000.0,AKTIV,2024-11-01,,,3.0,2026-11-01,NORMAL,0,minzia,MINT,,2024-10-07,
VTR-00002700,,HP-PRIV,HP,HP-MODERN,DE,EUR,PTR-00000975,VRM-00033,makler,MIT-00044,ANT-00002700,2013-08-01,,,2013-08-01,JAEHRLICH,EBILL,135.14,160.82,,10000000.0,GEKUENDIGT_VN,2015-08-01,2015-08-01,K08,3.0,,NORMAL,0,pfefferminz,HAPO,2025-05-15,2013-07-01,
VTR-00002701,,HP-PRIV,HP,MZ-DIRECT,DE,EUR,PTR-00000028,VRM-00028,direkt,MIT-00008,ANT-00002701,2023-03-01,,,2023-03-01,HALBJAEHRLICH,EBILL,80.75,96.09,,10000000.0,AKTIV,2023-03-01,,,3.0,2026-03-01,NORMAL,0,minzia,MINT,,2023-02-28,
VTR-00002702,,HP-PRIV,HP,HP-MODERN,DE,EUR,PTR-00000116,VRM-00019,direkt,MIT-00044,ANT-00002702,2015-11-01,,,2015-11-01,HALBJAEHRLICH,LASTSCHRIFT,47.71,56.77,,10000000.0,GEKUENDIGT_VN,2024-02-01,2024-02-01,K06,3.0,,NORMAL,0,pfefferminz,HAPO,2025-05-15,2015-10-24,
VTR-00002703,,HP-PRIV,HP,HP-MODERN,CH,CHF,PTR-00000032,VRM-00014,direkt,MIT-00008,ANT-00002703,2018-06-01,,,2018-06-01,VIERTELJAEHRLICH,LASTSCHRIFT,163.4,171.57,,5000000.0,AKTIV,2018-06-01,,,3.0,2026-06-01,NORMAL,0,pfefferminz,HAPO,2025-05-15,2018-05-27,
VTR-00002704,,HP-PRIV,HP,PM-2025,CH,CHF,PTR-00000527,VRM-00014,makler,MIT-00008,ANT-00002704,2025-02-01,,,2025-02-01,MONATLICH,LASTSCHRIFT,164.6,172.83,,5000000.0,AKTIV,2025-02-01,,,3.0,2026-02-01,NORMAL,0,pfefferminz,MINT,,2025-01-17,
VTR-00002705,,HP-PRIV,HP,PM-2025,CH,CHF,PTR-00000258,VRM-00014,direkt,MIT-00008,ANT-00002705,2025-12-01,,,2025-12-01,JAEHRLICH,RECHNUNG,109.7,115.19,,5000000.0,AKTIV,2025-12-01,,,3.0,2026-12-01,NORMAL,0,pfefferminz,MINT,,2025-11-06,
VTR-00002706,,HP-PRIV,HP,MZ-DIRECT,DE,EUR,PTR-00000270,VRM-00013,direkt,MIT-00019,ANT-00002706,2023-01-01,,,2023-01-01,JAEHRLICH,EBILL,45.0,53.55,,10000000.0,AKTIV,2023-01-01,,,3.0,2026-01-01,NORMAL,0,minzia,MINT,,2022-12-03,
VTR-00002707,,HP-PRIV,HP,HP-MODERN,DE,EUR,PTR-00000425,VRM-00028,direkt,MIT-00044,ANT-00002707,2018-08-01,,,2018-08-01,JAEHRLICH,EBILL,73.81,87.83,,10000000.0,GEKUENDIGT_VN,2022-10-01,2022-10-01,K03,3.0,,NORMAL,0,pfefferminz,HAPO,2025-05-15,2018-07-08,
VTR-00002708,,HP-PRIV,HP,MZ-DIRECT,DE,EUR,PTR-00000366,VRM-00003,direkt,MIT-00044,ANT-00002708,2023-05-01,,,2023-05-01,VIERTELJAEHRLICH,KREDITKARTE,46.54,55.38,,5000000.0,AKTIV,2023-05-01,,,3.0,2026-05-01,NORMAL,0,minzia,MINT,,2023-03-24,
VTR-00002709,,HP-PRIV,HP,PM-2025,CH,CHF,PTR-00000931,VRM-00014,direkt,MIT-00008,ANT-00002709,2025-05-01,,,2025-05-01,VIERTELJAEHRLICH,LASTSCHRIFT,100.7,105.74,,10000000.0,AKTIV,2025-05-01,,,3.0,2026-05-01,NORMAL,0,minzia,MINT,,2025-04-17,
VTR-00002710,,HP-PRIV,HP,HP-MODERN,DE,EUR,PTR-00000825,VRM-00028,direkt,MIT-00044,ANT-00002710,2015-12-01,,,2015-12-01,JAEHRLICH,LASTSCHRIFT,47.85,56.94,,20000000.0,GEKUENDIGT_VN,2018-10-01,2018-10-01,K05,3.0,,NORMAL,0,pfefferminz,HAPO,2025-05-15,2015-11-14,
VTR-00002711,,HP-PRIV,HP,HP-MODERN,CH,CHF,PTR-00000838,VRM-00004,agentur,MIT-00008,ANT-00002711,2019-12-01,,,2019-12-01,JAEHRLICH,RECHNUNG,185.75,195.04,,5000000.0,AKTIV,2019-12-01,,,3.0,2026-12-01,NORMAL,0,pfefferminz,HAPO,2025-05-15,2019-11-11,
VTR-00002712,,HP-PRIV,HP,HP-MODERN,DE,EUR,PTR-00000847,VRM-00009,direkt,MIT-00044,ANT-00002712,2017-06-01,,,2017-06-01,JAEHRLICH,RECHNUNG,51.78,61.62,,5000000.0,GEKUENDIGT_VN,2019-01-01,2019-01-01,K06,3.0,,NORMAL,0,pfefferminz,HAPO,2025-05-15,2017-05-27,
VTR-00002713,,HP-PRIV,HP,PM-2025,CH,CHF,PTR-00000734,VRM-00036,bank,MIT-00008,ANT-00002713,2025-12-01,,,2025-12-01,JAEHRLICH,RECHNUNG,137.95,144.85,,5000000.0,AKTIV,2025-12-01,,,3.0,2026-12-01,NORMAL,0,pfefferminz,MINT,,2025-10-27,
VTR-00002714,,HP-PRIV,HP,PM-2025,CH,CHF,PTR-00000347,VRM-00014,direkt,MIT-00008,ANT-00002714,2025-09-01,,,2025-09-01,HALBJAEHRLICH,KREDITKARTE,91.95,96.55,,5000000.0,AKTIV,2025-09-01,,,3.0,2026-09-01,NORMAL,0,minzia,MINT,,2025-08-10,
VTR-00002715,,HP-PRIV,HP,HP-MODERN,CH,CHF,PTR-00000484,VRM-00015,makler,MIT-00008,ANT-00002715,2018-12-01,,,2018-12-01,JAEHRLICH,RECHNUNG,148.55,155.98,,5000000.0,AKTIV,2018-12-01,,,3.0,2026-12-01,NORMAL,0,pfefferminz,HAPO,2025-05-15,2018-11-27,
VTR-00002716,,HP-PRIV,HP,MZ-DIRECT,DE,EUR,PTR-00000049,VRM-00001,direkt,MIT-00008,ANT-00002716,2024-09-01,,,2024-09-01,HALBJAEHRLICH,LASTSCHRIFT,47.94,57.05,,5000000.0,AKTIV,2024-09-01,,,3.0,2026-09-01,NORMAL,0,minzia,MINT,,2024-08-14,
VTR-00002717,,HP-PRIV,HP,MZ-DIRECT,DE,EUR,PTR-00000372,VRM-00028,direkt,MIT-00019,ANT-00002717,2022-12-01,,,2022-12-01,JAEHRLICH,LASTSCHRIFT,74.72,88.91,,5000000.0,AKTIV,2022-12-01,,,3.0,2026-12-01,NORMAL,0,minzia,MINT,,2022-11-18,
VTR-00002718,,HP-PRIV,HP,PM-2025,CH,CHF,PTR-00000811,VRM-00025,agentur,MIT-00008,ANT-00002718,2025-05-01,,,2025-05-01,VIERTELJAEHRLICH,RECHNUNG,131.85,138.44,,10000000.0,AKTIV,2025-05-01,,,3.0,2026-05-01,NORMAL,0,pfefferminz,MINT,,2025-04-21,
VTR-00002719,,HP-PRIV,HP,HP-MODERN,DE,EUR,PTR-00000833,VRM-00001,direkt,MIT-00008,ANT-00002719,2017-09-01,,,2017-09-01,JAEHRLICH,RECHNUNG,46.46,55.29,,5000000.0,STORNIERT,2023-07-01,2023-07-01,K13,3.0,,NORMAL,0,pfefferminz,HAPO,2025-05-15,2017-08-14,
VTR-00002720,,HP-PRIV,HP,HP-MODERN,CH,CHF,PTR-00000970,VRM-00040,agentur,MIT-00008,ANT-00002720,2020-12-01,,,2020-12-01,JAEHRLICH,EBILL,170.8,179.34,,10000000.0,AKTIV,2020-12-01,,,3.0,2026-12-01,NORMAL,0,pfefferminz,HAPO,2025-05-15,2020-11-02,
VTR-00002721,,HP-PRIV,HP,PM-2025,CH,CHF,PTR-00000031,VRM-00015,direkt,MIT-00008,ANT-00002721,2025-02-01,,,2025-02-01,JAEHRLICH,KREDITKARTE,87.55,91.93,,5000000.0,AKTIV,2025-02-01,,,3.0,2026-02-01,NORMAL,0,minzia,MINT,,2025-01-19,
VTR-00002722,,HP-PRIV,HP,PM-2025,CH,CHF,PTR-00000513,VRM-00036,agentur,MIT-00008,ANT-00002722,2025-04-01,,,2025-04-01,VIERTELJAEHRLICH,LASTSCHRIFT,141.1,148.15,,5000000.0,AKTIV,2025-04-01,,,3.0,2026-04-01,NORMAL,0,pfefferminz,MINT,,2025-03-30,
VTR-00002723,,HP-PRIV,HP,HP-MODERN,CH,CHF,PTR-00000173,VRM-00014,direkt,MIT-00008,ANT-00002723,2020-08-01,,,2020-08-01,JAEHRLICH,RECHNUNG,127.65,134.03,,5000000.0,AKTIV,2020-08-01,,,3.0,2026-08-01,NORMAL,0,pfefferminz,HAPO,2025-05-15,2020-07-05,
VTR-00002724,,HP-PRIV,HP,PM-2025,CH,CHF,PTR-00000861,VRM-00014,direkt,MIT-00008,ANT-00002724,2025-12-01,,,2025-12-01,JAEHRLICH,KREDITKARTE,92.45,97.07,,5000000.0,AKTIV,2025-12-01,,,3.0,2026-12-01,NORMAL,0,minzia,MINT,,2025-11-09,
VTR-00002725,,HP-PRIV,HP,PM-2025,CH,CHF,PTR-00000574,VRM-00014,direkt,MIT-00008,ANT-00002725,2025-02-01,,,2025-02-01,MONATLICH,RECHNUNG,118.95,124.9,,10000000.0,AKTIV,2025-02-01,,,3.0,2026-02-01,NORMAL,0,pfefferminz,MINT,,2025-01-17,
VTR-00002726,,HP-PRIV,HP,PM-2025,DE,EUR,PTR-00000881,VRM-00013,direkt,MIT-00008,ANT-00002726,2025-03-01,,,2025-03-01,MONATLICH,RECHNUNG,144.55,172.01,,20000000.0,AKTIV,2025-03-01,,,3.0,2026-03-01,NORMAL,0,pfefferminz,MINT,,2025-02-06,
VTR-00002727,,HP-PRIV,HP,HP-MODERN,CH,CHF,PTR-00000549,VRM-00036,agentur,MIT-00008,ANT-00002727,2014-04-01,,,2014-04-01,JAEHRLICH,RECHNUNG,148.9,156.35,,5000000.0,STORNIERT,2019-06-01,2019-06-01,K12,3.0,,NORMAL,0,pfefferminz,HAPO,2025-05-15,2014-03-30,
VTR-00002728,,HP-PRIV,HP,MZ-DIRECT,DE,EUR,PTR-00000979,VRM-00019,direkt,MIT-00044,ANT-00002728,2021-04-01,,,2021-04-01,HALBJAEHRLICH,LASTSCHRIFT,53.86,64.09,,10000000.0,STORNIERT,2022-04-01,2022-04-01,K07,3.0,,NORMAL,0,minzia,MINT,,2021-03-03,
VTR-00002729,,HP-PRIV,HP,MZ-DIRECT,DE,EUR,PTR-00000813,VRM-00029,direkt,MIT-00008,ANT-00002729,2022-11-01,,,2022-11-01,JAEHRLICH,KREDITKARTE,99.59,118.51,,10000000.0,AKTIV,2022-11-01,,,3.0,2026-11-01,NORMAL,0,minzia,MINT,,2022-10-18,
VTR-00002730,,HP-PRIV,HP,HP-MODERN,CH,CHF,PTR-00000920,VRM-00014,bank,MIT-00008,ANT-00002730,2015-12-01,,,2015-12-01,JAEHRLICH,LASTSCHRIFT,114.65,120.38,,5000000.0,GEKUENDIGT_VU,2021-02-01,2021-02-01,K11,3.0,,NORMAL,0,pfefferminz,HAPO,2025-05-15,2015-11-18,
VTR-00002731,,HP-PRIV,HP,PM-2025,CH,CHF,PTR-00000265,VRM-00036,agentur,MIT-00008,ANT-00002731,2025-08-01,,,2025-08-01,JAEHRLICH,LASTSCHRIFT,148.15,155.56,,5000000.0,AKTIV,2025-08-01,,,3.0,2026-08-01,NORMAL,0,pfefferminz,MINT,,2025-07-05,
VTR-00002732,,HP-PRIV,HP,MZ-DIRECT,DE,EUR,PTR-00000534,VRM-00020,direkt,MIT-00044,ANT-00002732,2024-08-01,,,2024-08-01,JAEHRLICH,LASTSCHRIFT,50.69,60.32,,20000000.0,AKTIV,2024-08-01,,,3.0,2026-08-01,NORMAL,0,minzia,MINT,,2024-07-21,
VTR-00002733,,HP-PRIV,HP,MZ-DIRECT,DE,EUR,PTR-00000112,VRM-00001,direkt,MIT-00019,ANT-00002733,2023-09-01,,,2023-09-01,JAEHRLICH,EBILL,61.99,73.77,,10000000.0,AKTIV,2023-09-01,,,3.0,2026-09-01,NORMAL,0,minzia,MINT,,2023-08-18,
VTR-00002734,,HP-PRIV,HP,HP-MODERN,DE,EUR,PTR-00000954,VRM-00028,direkt,MIT-00019,ANT-00002734,2020-12-01,,,2020-12-01,VIERTELJAEHRLICH,RECHNUNG,154.38,183.71,,5000000.0,AKTIV,2020-12-01,,,3.0,2026-12-01,NORMAL,0,pfefferminz,HAPO,2025-05-15,2020-11-01,
VTR-00002735,,HP-PRIV,HP,PM-2025,DE,EUR,PTR-00000758,VRM-00003,direkt,MIT-00044,ANT-00002735,2025-10-01,,,2025-10-01,JAEHRLICH,RECHNUNG,61.45,73.13,,5000000.0,AKTIV,2025-10-01,,,3.0,2026-10-01,NORMAL,0,pfefferminz,MINT,,2025-09-04,
VTR-00002736,,HP-PRIV,HP,PM-2025,DE,EUR,PTR-00000438,VRM-00034,makler,MIT-00008,ANT-00002736,2025-08-01,,,2025-08-01,MONATLICH,RECHNUNG,69.86,83.13,,10000000.0,AKTIV,2025-08-01,,,3.0,2026-08-01,NORMAL,0,pfefferminz,MINT,,2025-06-24,
VTR-00002737,,HP-PRIV,HP,HP-MODERN,CH,CHF,PTR-00000170,VRM-00040,agentur,MIT-00008,ANT-00002737,2020-03-01,,,2020-03-01,JAEHRLICH,LASTSCHRIFT,99.25,104.21,,5000000.0,GEKUENDIGT_VN,2023-11-01,2023-11-01,K09,3.0,,NORMAL,0,pfefferminz,HAPO,2025-05-15,2020-02-05,
VTR-00002738,,HP-PRIV,HP,HP-MODERN,CH,CHF,PTR-00000411,VRM-00031,agentur,MIT-00008,ANT-00002738,2019-10-01,,,2019-10-01,JAEHRLICH,RECHNUNG,155.6,163.38,,5000000.0,AKTIV,2019-10-01,,,3.0,2026-10-01,NORMAL,0,pfefferminz,HAPO,2025-05-15,2019-08-29,
VTR-00002739,,HP-PRIV,HP,MZ-DIRECT,DE,EUR,PTR-00000102,VRM-00003,direkt,MIT-00019,ANT-00002739,2023-11-01,,,2023-11-01,JAEHRLICH,LASTSCHRIFT,55.39,65.91,,20000000.0,AKTIV,2023-11-01,,,3.0,2026-11-01,NORMAL,0,minzia,MINT,,2023-10-18,
VTR-00002740,,HP-PRIV,HP,HP-MODERN,DE,EUR,PTR-00000397,VRM-00010,makler,MIT-00044,ANT-00002740,2014-03-01,,,2014-03-01,VIERTELJAEHRLICH,LASTSCHRIFT,73.79,87.81,,20000000.0,GEKUENDIGT_VN,2022-12-01,2022-12-01,K04,3.0,,NORMAL,0,pfefferminz,HAPO,2025-05-15,2014-02-12,
VTR-00002741,,HP-PRIV,HP,MZ-DIRECT,DE,EUR,PTR-00000942,VRM-00003,direkt,MIT-00008,ANT-00002741,2024-10-01,,,2024-10-01,MONATLICH,LASTSCHRIFT,45.0,53.55,,5000000.0,AKTIV,2024-10-01,,,3.0,2026-10-01,NORMAL,0,minzia,MINT,,2024-08-26,
VTR-00002742,,HP-PRIV,HP,PM-2025,CH,CHF,PTR-00000227,VRM-00014,direkt,MIT-00008,ANT-00002742,2025-09-01,,,2025-09-01,HALBJAEHRLICH,LASTSCHRIFT,138.65,145.58,,5000000.0,AKTIV,2025-09-01,,,3.0,2026-09-01,NORMAL,0,minzia,MINT,,2025-08-30,
VTR-00002743,,HP-PRIV,HP,MZ-DIRECT,DE,EUR,PTR-00000372,VRM-00003,direkt,MIT-00044,ANT-00002743,2024-04-01,,,2024-04-01,HALBJAEHRLICH,LASTSCHRIFT,62.69,74.6,,20000000.0,AKTIV,2024-04-01,,,3.0,2026-04-01,NORMAL,0,minzia,MINT,,2024-03-06,
VTR-00002744,,HP-PRIV,HP,HP-MODERN,CH,CHF,PTR-00000490,VRM-00031,agentur,MIT-00008,ANT-00002744,2017-10-01,,,2017-10-01,HALBJAEHRLICH,RECHNUNG,156.35,164.17,,5000000.0,AKTIV,2017-10-01,,,3.0,2026-10-01,NORMAL,0,pfefferminz,HAPO,2025-05-15,2017-09-06,
VTR-00002745,,HP-PRIV,HP,PM-2025,DE,EUR,PTR-00000643,VRM-00021,makler,MIT-00019,ANT-00002745,2025-05-01,,,2025-05-01,JAEHRLICH,EBILL,64.15,76.34,,10000000.0,AKTIV,2025-05-01,,,3.0,2026-05-01,NORMAL,0,pfefferminz,MINT,,2025-04-07,
VTR-00002746,,HP-PRIV,HP,PM-2025,DE,EUR,PTR-00000472,VRM-00034,makler,MIT-00008,ANT-00002746,2025-10-01,,,2025-10-01,JAEHRLICH,RECHNUNG,130.47,155.26,,10000000.0,AKTIV,2025-10-01,,,3.0,2026-10-01,NORMAL,0,pfefferminz,MINT,,2025-08-24,
VTR-00002747,,HP-PRIV,HP,PM-2025,CH,CHF,PTR-00000879,VRM-00014,direkt,MIT-00008,ANT-00002747,2025-09-01,,,2025-09-01,HALBJAEHRLICH,RECHNUNG,189.3,198.77,,10000000.0,AKTIV,2025-09-01,,,3.0,2026-09-01,NORMAL,0,pfefferminz,MINT,,2025-07-31,
VTR-00002748,,HP-PRIV,HP,MZ-DIRECT,DE,EUR,PTR-00000155,VRM-00028,direkt,MIT-00019,ANT-00002748,2024-10-01,,,2024-10-01,VIERTELJAEHRLICH,LASTSCHRIFT,46.54,55.38,,5000000.0,AKTIV,2024-10-01,,,3.0,2026-10-01,NORMAL,0,minzia,MINT,,2024-09-08,
VTR-00002749,,HP-PRIV,HP,HP-MODERN,DE,EUR,PTR-00000068,VRM-00013,direkt,MIT-00044,ANT-00002749,2019-09-01,,,2019-09-01,JAEHRLICH,RECHNUNG,64.06,76.23,,5000000.0,AKTIV,2019-09-01,,,3.0,2026-09-01,NORMAL,0,pfefferminz,HAPO,2025-05-15,2019-08-20,
VTR-00002750,,HP-PRIV,HP,MZ-DIRECT,DE,EUR,PTR-00000152,VRM-00003,direkt,MIT-00019,ANT-00002750,2023-11-01,,,2023-11-01,JAEHRLICH,RECHNUNG,61.71,73.43,,10000000.0,AKTIV,2023-11-01,,,3.0,2026-11-01,NORMAL,0,minzia,MINT,,2023-09-30,
VTR-00002751,,HP-PRIV,HP,PM-2025,CH,CHF,PTR-00000583,VRM-00017,direkt,MIT-00008,ANT-00002751,2025-10-01,,,2025-10-01,VIERTELJAEHRLICH,LASTSCHRIFT,152.8,160.44,,5000000.0,AKTIV,2025-10-01,,,3.0,2026-10-01,NORMAL,0,pfefferminz,MINT,,2025-09-25,
VTR-00002752,,HP-PRIV,HP,HP-MODERN,CH,CHF,PTR-00000290,VRM-00039,agentur,MIT-00008,ANT-00002752,2020-08-01,,,2020-08-01,JAEHRLICH,LASTSCHRIFT,133.7,140.38,,5000000.0,AKTIV,2020-08-01,,,3.0,2026-08-01,NORMAL,0,pfefferminz,HAPO,2025-05-15,2020-07-21,
VTR-00002753,,HP-PRIV,HP,PM-2025,DE,EUR,PTR-00000951,VRM-00003,direkt,MIT-00044,ANT-00002753,2025-12-01,,,2025-12-01,JAEHRLICH,RECHNUNG,50.34,59.9,,5000000.0,AKTIV,2025-12-01,,,3.0,2026-12-01,NORMAL,0,pfefferminz,MINT,,2025-10-27,
VTR-00002754,,HP-PRIV,HP,PM-2025,CH,CHF,PTR-00000380,VRM-00039,agentur,MIT-00008,ANT-00002754,2025-10-01,,,2025-10-01,JAEHRLICH,RECHNUNG,156.75,164.59,,5000000.0,AKTIV,2025-10-01,,,3.0,2026-10-01,NORMAL,0,pfefferminz,MINT,,2025-09-04,
VTR-00002755,,HP-PRIV,HP,MZ-DIRECT,DE,EUR,PTR-00000273,VRM-00028,direkt,MIT-00044,ANT-00002755,2023-10-01,,,2023-10-01,JAEHRLICH,KREDITKARTE,49.17,58.51,,5000000.0,GEKUENDIGT_VN,2024-01-01,2024-01-01,K01,3.0,,NORMAL,0,minzia,MINT,,2023-09-24,
VTR-00002756,,HP-PRIV,HP,HP-MODERN,CH,CHF,PTR-00000043,VRM-00014,direkt,MIT-00008,ANT-00002756,2018-09-01,,,2018-09-01,JAEHRLICH,RECHNUNG,134.4,141.12,,5000000.0,AKTIV,2018-09-01,,,3.0,2026-09-01,NORMAL,0,pfefferminz,HAPO,2025-05-15,2018-08-30,
VTR-00002757,,HP-PRIV,HP,PM-2025,CH,CHF,PTR-00000897,VRM-00040,agentur,MIT-00008,ANT-00002757,2025-12-01,,,2025-12-01,JAEHRLICH,EBILL,129.81,136.3,,5000000.0,AKTIV,2025-12-01,,,3.0,2026-12-01,NORMAL,0,pfefferminz,MINT,,2025-11-24,
VTR-00002758,,HP-PRIV,HP,HP-MODERN,DE,EUR,PTR-00000217,VRM-00019,direkt,MIT-00008,ANT-00002758,2016-10-01,,,2016-10-01,VIERTELJAEHRLICH,LASTSCHRIFT,82.94,98.7,,10000000.0,AKTIV,2016-10-01,,,3.0,2026-10-01,NORMAL,0,pfefferminz,HAPO,2025-05-15,2016-09-09,
VTR-00002759,,HP-PRIV,HP,MZ-DIRECT,DE,EUR,PTR-00000767,VRM-00013,direkt,MIT-00019,ANT-00002759,2023-03-01,,,2023-03-01,JAEHRLICH,LASTSCHRIFT,45.0,53.55,,20000000.0,AKTIV,2023-03-01,,,3.0,2026-03-01,NORMAL,0,minzia,MINT,,2023-02-15,
VTR-00002760,,HP-PRIV,HP,MZ-DIRECT,DE,EUR,PTR-00000096,VRM-00003,direkt,MIT-00019,ANT-00002760,2023-01-01,,,2023-01-01,JAEHRLICH,LASTSCHRIFT,54.08,64.36,,5000000.0,AKTIV,2023-01-01,,,3.0,2026-01-01,NORMAL,0,minzia,MINT,,2022-12-01,
VTR-00002761,,HP-BETR,HP,HP-KLASSIK,DE,EUR,PTR-00000788,VRM-00018,makler,MIT-00019,ANT-00002761,2006-11-01,,,2006-11-01,JAEHRLICH,LASTSCHRIFT,539.24,641.7,,5000000.0,GEKUENDIGT_VN,2018-02-01,2018-02-01,K06,3.0,,NORMAL,0,pfefferminz,HAPO,2025-05-15,2006-10-30,
VTR-00002762,,HP-BETR,HP,PM-2025,DE,EUR,PTR-00000907,VRM-00032,makler,MIT-00008,ANT-00002762,2025-08-01,,,2025-08-01,MONATLICH,RECHNUNG,283.35,337.19,,3000000.0,AKTIV,2025-08-01,,,3.0,2026-08-01,NORMAL,0,pfefferminz,MINT,,2025-06-24,
VTR-00002763,,HP-BETR,HP,PM-2025,CH,CHF,PTR-00000858,VRM-00015,direkt,MIT-00008,ANT-00002763,2025-09-01,,,2025-09-01,VIERTELJAEHRLICH,EBILL,350.0,367.5,,5000000.0,AKTIV,2025-09-01,,,3.0,2026-09-01,NORMAL,0,minzia,MINT,,2025-08-26,
VTR-00002764,,HP-BETR,HP,PM-2025,DE,EUR,PTR-00000326,VRM-00020,direkt,MIT-00019,ANT-00002764,2025-06-01,,,2025-06-01,JAEHRLICH,EBILL,1195.24,1422.34,,5000000.0,AKTIV,2025-06-01,,,3.0,2026-06-01,NORMAL,0,minzia,MINT,,2025-05-28,
VTR-00002765,,HP-BETR,HP,HP-MODERN,CH,CHF,PTR-00000653,VRM-00025,agentur,MIT-00008,ANT-00002765,2019-04-01,,,2019-04-01,JAEHRLICH,EBILL,1020.39,1071.41,,5000000.0,AKTIV,2019-04-01,,,3.0,2026-04-01,NORMAL,0,pfefferminz,HAPO,2025-05-15,2019-03-16,
VTR-00002766,,HP-BETR,HP,PM-2025,CH,CHF,PTR-00000909,VRM-00039,agentur,MIT-00008,ANT-00002766,2025-02-01,,,2025-02-01,JAEHRLICH,LASTSCHRIFT,1355.95,1423.75,,5000000.0,AKTIV,2025-02-01,,,3.0,2026-02-01,NORMAL,0,pfefferminz,MINT,,2024-12-27,
VTR-00002767,,HP-BETR,HP,PM-2025,DE,EUR,PTR-00000793,VRM-00034,makler,MIT-00044,ANT-00002767,2025-11-01,,,2025-11-01,JAEHRLICH,RECHNUNG,783.18,931.98,,5000000.0,AKTIV,2025-11-01,,,3.0,2026-11-01,NORMAL,0,pfefferminz,MINT,,2025-10-11,
VTR-00002768,,HP-BETR,HP,PM-2025,DE,EUR,PTR-00000676,VRM-00033,makler,MIT-00044,ANT-00002768,2025-08-01,,,2025-08-01,JAEHRLICH,EBILL,622.73,741.05,,5000000.0,AKTIV,2025-08-01,,,3.0,2026-08-01,NORMAL,0,pfefferminz,MINT,,2025-07-30,
VTR-00002769,,HP-BETR,HP,PM-2025,DE,EUR,PTR-00000707,VRM-00028,direkt,MIT-00044,ANT-00002769,2025-05-01,,,2025-05-01,VIERTELJAEHRLICH,LASTSCHRIFT,1002.59,1193.08,,5000000.0,AKTIV,2025-05-01,,,3.0,2026-05-01,NORMAL,0,minzia,MINT,,2025-04-05,
VTR-00002770,,HP-BETR,HP,PM-2025,DE,EUR,PTR-00000982,VRM-00019,direkt,MIT-00019,ANT-00002770,2025-06-01,,,2025-06-01,JAEHRLICH,LASTSCHRIFT,5329.56,6342.18,,5000000.0,AKTIV,2025-06-01,,,3.0,2026-06-01,ZUSCHLAG_1,0,minzia,MINT,,2025-05-04,
VTR-00002771,,HP-BETR,HP,HP-MODERN,DE,EUR,PTR-00000856,VRM-00010,makler,MIT-00019,ANT-00002771,2013-05-01,,,2013-05-01,JAEHRLICH,LASTSCHRIFT,855.05,1017.52,,5000000.0,AKTIV,2013-05-01,,,3.0,2026-05-01,NORMAL,0,pfefferminz,HAPO,2025-05-15,2013-04-26,
VTR-00002772,,HP-BETR,HP,HP-MODERN,CH,CHF,PTR-00000310,VRM-00031,makler,MIT-00008,ANT-00002772,2016-04-01,,,2016-04-01,JAEHRLICH,RECHNUNG,350.0,367.5,,10000000.0,GEKUENDIGT_VN,2019-02-01,2019-02-01,K01,3.0,,NORMAL,0,pfefferminz,HAPO,2025-05-15,2016-03-20,
VTR-00002773,,HP-BETR,HP,PM-2025,DE,EUR,PTR-00000694,VRM-00013,direkt,MIT-00008,ANT-00002773,2025-09-01,,,2025-09-01,HALBJAEHRLICH,LASTSCHRIFT,349.96,416.45,,3000000.0,AKTIV,2025-09-01,,,3.0,2026-09-01,NORMAL,0,minzia,MINT,,2025-08-12,
VTR-00002774,,HP-BETR,HP,HP-MODERN,DE,EUR,PTR-00000359,VRM-00021,makler,MIT-00019,ANT-00002774,2016-11-01,,,2016-11-01,JAEHRLICH,EBILL,227.23,270.4,,10000000.0,GEKUENDIGT_VN,2017-06-01,2017-06-01,K01,3.0,,NORMAL,0,pfefferminz,HAPO,2025-05-15,2016-09-25,
VTR-00002775,,HP-BETR,HP,HP-MODERN,DE,EUR,PTR-00000541,VRM-00010,makler,MIT-00044,ANT-00002775,2019-04-01,,,2019-04-01,JAEHRLICH,LASTSCHRIFT,2519.26,2997.92,,3000000.0,AKTIV,2019-04-01,,,3.0,2026-04-01,NORMAL,0,pfefferminz,HAPO,2025-05-15,2019-03-16,
VTR-00002776,,HP-BETR,HP,PM-2025,DE,EUR,PTR-00000982,VRM-00003,direkt,MIT-00019,ANT-00002776,2025-01-01,,,2025-01-01,JAEHRLICH,LASTSCHRIFT,3867.55,4602.38,,3000000.0,AKTIV,2025-01-01,,,3.0,2026-01-01,NORMAL,0,minzia,MINT,,2024-12-02,
VTR-00002777,,HP-BETR,HP,HP-MODERN,CH,CHF,PTR-00000437,VRM-00017,makler,MIT-00008,ANT-00002777,2015-02-01,,,2015-02-01,JAEHRLICH,EBILL,848.15,890.56,,5000000.0,GEKUENDIGT_VN,2024-08-01,2024-08-01,K02,3.0,,NORMAL,0,pfefferminz,HAPO,2025-05-15,2015-01-02,
VTR-00002778,,HP-BETR,HP,PM-2025,DE,EUR,PTR-00000053,VRM-00028,direkt,MIT-00044,ANT-00002778,2025-10-01,,,2025-10-01,JAEHRLICH,LASTSCHRIFT,218.88,260.47,,5000000.0,AKTIV,2025-10-01,,,3.0,2026-10-01,NORMAL,0,minzia,MINT,,2025-08-30,
VTR-00002779,,HP-BETR,HP,PM-2025,CH,CHF,PTR-00000378,VRM-00014,makler,MIT-00008,ANT-00002779,2025-08-01,,,2025-08-01,VIERTELJAEHRLICH,RECHNUNG,3599.4,3779.37,,5000000.0,AKTIV,2025-08-01,,,3.0,2026-08-01,NORMAL,0,pfefferminz,MINT,,2025-07-08,
VTR-00002780,,HP-BETR,HP,PM-2025,DE,EUR,PTR-00000518,VRM-00019,direkt,MIT-00019,ANT-00002780,2025-10-01,,,2025-10-01,VIERTELJAEHRLICH,EBILL,200.0,238.0,,5000000.0,AKTIV,2025-10-01,,,3.0,2026-10-01,NORMAL,0,minzia,MINT,,2025-09-30,
VTR-00002781,,HP-BETR,HP,HP-MODERN,DE,EUR,PTR-00000907,VRM-00009,direkt,MIT-00044,ANT-00002781,2019-11-01,,,2019-11-01,JAEHRLICH,RECHNUNG,242.31,288.35,,10000000.0,STORNIERT,2020-08-01,2020-08-01,K07,3.0,,NORMAL,0,pfefferminz,HAPO,2025-05-15,2019-10-15,
VTR-00002782,,HP-BETR,HP,HP-MODERN,CH,CHF,PTR-00000664,VRM-00004,agentur,MIT-00008,ANT-00002782,2017-03-01,,,2017-03-01,JAEHRLICH,RECHNUNG,1110.05,1165.55,,5000000.0,GEKUENDIGT_VN,2020-11-01,2020-11-01,K02,3.0,,NORMAL,0,pfefferminz,HAPO,2025-05-15,2017-02-03,
VTR-00002783,,HP-BETR,HP,PM-2025,DE,EUR,PTR-00000526,VRM-00034,makler,MIT-00008,ANT-00002783,2025-10-01,,,2025-10-01,JAEHRLICH,LASTSCHRIFT,1102.04,1311.43,,3000000.0,AKTIV,2025-10-01,,,3.0,2026-10-01,NORMAL,0,pfefferminz,MINT,,2025-09-09,
VTR-00002784,,HP-BETR,HP,HP-KLASSIK,DE,EUR,PTR-00000590,VRM-00006,makler,MIT-00019,ANT-00002784,2012-12-01,,,2012-12-01,JAEHRLICH,LASTSCHRIFT,282.42,336.08,,3000000.0,STORNIERT,2023-10-01,2023-10-01,K13,3.0,,NORMAL,0,pfefferminz,HAPO,2025-05-15,2012-11-24,
VTR-00002785,,HP-BETR,HP,PM-2025,DE,EUR,PTR-00000518,VRM-00019,direkt,MIT-00019,ANT-00002785,2025-04-01,,,2025-04-01,JAEHRLICH,LASTSCHRIFT,200.0,238.0,,5000000.0,AKTIV,2025-04-01,,,3.0,2026-04-01,NORMAL,0,minzia,MINT,,2025-03-08,
VTR-00002786,,HP-BETR,HP,PM-2025,DE,EUR,PTR-00000326,VRM-00013,direkt,MIT-00044,ANT-00002786,2025-04-01,,,2025-04-01,JAEHRLICH,LASTSCHRIFT,1551.88,1846.74,,5000000.0,AKTIV,2025-04-01,,,3.0,2026-04-01,NORMAL,0,minzia,MINT,,2025-03-25,
VTR-00002787,,HP-BETR,HP,HP-MODERN,CH,CHF,PTR-00000926,VRM-00039,agentur,MIT-00008,ANT-00002787,2019-05-01,,,2019-05-01,JAEHRLICH,RECHNUNG,2040.05,2142.05,,5000000.0,AKTIV,2019-05-01,,,3.0,2026-05-01,ZUSCHLAG_1,0,pfefferminz,HAPO,2025-05-15,2019-04-04,
VTR-00002788,,HP-BETR,HP,PM-2025,DE,EUR,PTR-00000545,VRM-00019,direkt,MIT-00019,ANT-00002788,2025-12-01,,,2025-12-01,JAEHRLICH,KREDITKARTE,518.46,616.97,,5000000.0,AKTIV,2025-12-01,,,3.0,2026-12-01,NORMAL,0,minzia,MINT,,2025-11-11,
VTR-00002789,,HP-BETR,HP,PM-2025,CH,CHF,PTR-00000701,VRM-00017,direkt,MIT-00008,ANT-00002789,2025-01-01,,,2025-01-01,HALBJAEHRLICH,LASTSCHRIFT,777.12,815.97,,5000000.0,AKTIV,2025-01-01,,,3.0,2026-01-01,NORMAL,0,minzia,MINT,,2024-12-29,
VTR-00002790,,HP-BETR,HP,HP-KLASSIK,CH,CHF,PTR-00000579,VRM-00036,makler,MIT-00008,ANT-00002790,2009-02-01,,,2009-02-01,JAEHRLICH,RECHNUNG,301.93,317.02,,5000000.0,GEKUENDIGT_VN,2013-08-01,2013-08-01,K01,3.0,,NORMAL,0,pfefferminz,HAPO,2025-05-15,2009-01-17,
VTR-00002791,,HP-BETR,HP,PM-2025,DE,EUR,PTR-00000729,VRM-00032,makler,MIT-00044,ANT-00002791,2025-03-01,,,2025-03-01,JAEHRLICH,RECHNUNG,4929.05,5865.57,,3000000.0,AKTIV,2025-03-01,,,3.0,2026-03-01,NORMAL,0,pfefferminz,MINT,,2025-02-01,
VTR-00002792,,HP-BETR,HP,PM-2025,DE,EUR,PTR-00000236,VRM-00009,direkt,MIT-00008,ANT-00002792,2025-10-01,,,2025-10-01,VIERTELJAEHRLICH,LASTSCHRIFT,573.8,682.82,,3000000.0,AKTIV,2025-10-01,,,3.0,2026-10-01,NORMAL,0,minzia,MINT,,2025-09-26,
VTR-00002793,,HP-BETR,HP,HP-MODERN,CH,CHF,PTR-00000234,VRM-00025,agentur,MIT-00008,ANT-00002793,2013-09-01,,,2013-09-01,HALBJAEHRLICH,EBILL,524.0,550.2,,5000000.0,AKTIV,2013-09-01,,,3.0,2026-09-01,NORMAL,0,pfefferminz,HAPO,2025-05-15,2013-08-31,
VTR-00002794,,HP-BETR,HP,PM-2025,DE,EUR,PTR-00000656,VRM-00009,direkt,MIT-00044,ANT-00002794,2025-05-01,,,2025-05-01,MONATLICH,LASTSCHRIFT,214.89,255.72,,10000000.0,AKTIV,2025-05-01,,,3.0,2026-05-01,NORMAL,0,minzia,MINT,,2025-04-16,
VTR-00002795,,HP-BETR,HP,HP-MODERN,DE,EUR,PTR-00000590,VRM-00021,makler,MIT-00008,ANT-00002795,2017-09-01,,,2017-09-01,JAEHRLICH,LASTSCHRIFT,382.76,455.48,,5000000.0,GEKUENDIGT_VN,2020-05-01,2020-05-01,K01,3.0,,NORMAL,0,pfefferminz,HAPO,2025-05-15,2017-07-27,
VTR-00002796,,HP-BETR,HP,PM-2025,DE,EUR,PTR-00000053,VRM-00028,direkt,MIT-00008,ANT-00002796,2025-08-01,,,2025-08-01,JAEHRLICH,LASTSCHRIFT,271.85,323.5,,5000000.0,AKTIV,2025-08-01,,,3.0,2026-08-01,NORMAL,0,minzia,MINT,,2025-06-27,
VTR-00002797,,HP-BETR,HP,PM-2025,CH,CHF,PTR-00000701,VRM-00014,direkt,MIT-00008,ANT-00002797,2025-09-01,,,2025-09-01,JAEHRLICH,LASTSCHRIFT,784.25,823.46,,5000000.0,AKTIV,2025-09-01,,,3.0,2026-09-01,NORMAL,0,minzia,MINT,,2025-08-26,
VTR-00002798,,HP-BETR,HP,HP-MODERN,DE,EUR,PTR-00000793,VRM-00034,makler,MIT-00019,ANT-00002798,2014-02-01,,,2014-02-01,JAEHRLICH,RECHNUNG,682.59,812.28,,10000000.0,GEKUENDIGT_VN,2017-08-01,2017-08-01,K09,3.0,,NORMAL,0,pfefferminz,HAPO,2025-05-15,2014-01-08,
VTR-00002799,,HP-BETR,HP,HP-MODERN,CH,CHF,PTR-00000618,VRM-00004,agentur,MIT-00008,ANT-00002799,2017-10-01,,,2017-10-01,VIERTELJAEHRLICH,LASTSCHRIFT,2090.9,2195.45,,10000000.0,AKTIV,2017-10-01,,,3.0,2026-10-01,NORMAL,0,pfefferminz,HAPO,2025-05-15,2017-09-10,
VTR-00002800,,HP-BETR,HP,HP-MODERN,CH,CHF,PTR-00000791,VRM-00031,makler,MIT-00008,ANT-00002800,2014-03-01,,,2014-03-01,JAEHRLICH,RECHNUNG,681.7,715.79,,5000000.0,GEKUENDIGT_VN,2019-09-01,2019-09-01,K02,3.0,,NORMAL,0,pfefferminz,HAPO,2025-05-15,2014-02-19,
VTR-00002801,,HP-BETR,HP,HP-MODERN,DE,EUR,PTR-00000576,VRM-00010,makler,MIT-00008,ANT-00002801,2020-09-01,,,2020-09-01,JAEHRLICH,RECHNUNG,200.0,238.0,,5000000.0,AKTIV,2020-09-01,,,3.0,2026-09-01,NORMAL,0,pfefferminz,HAPO,2025-05-15,2020-08-19,
VTR-00002802,,HP-BETR,HP,PM-2025,DE,EUR,PTR-00000137,VRM-00019,direkt,MIT-00044,ANT-00002802,2025-02-01,,,2025-02-01,VIERTELJAEHRLICH,LASTSCHRIFT,1524.34,1813.96,,5000000.0,AKTIV,2025-02-01,,,3.0,2026-02-01,ZUSCHLAG_1,0,minzia,MINT,,2025-01-23,
VTR-00002803,,HP-BETR,HP,PM-2025,DE,EUR,PTR-00000780,VRM-00028,direkt,MIT-00044,ANT-00002803,2025-04-01,,,2025-04-01,JAEHRLICH,LASTSCHRIFT,409.06,486.78,,3000000.0,AKTIV,2025-04-01,,,3.0,2026-04-01,NORMAL,0,minzia,MINT,,2025-03-23,
VTR-00002804,,HP-BETR,HP,PM-2025,DE,EUR,PTR-00000269,VRM-00029,direkt,MIT-00019,ANT-00002804,2025-05-01,,,2025-05-01,JAEHRLICH,RECHNUNG,865.12,1029.49,,3000000.0,AKTIV,2025-05-01,,,3.0,2026-05-01,NORMAL,0,minzia,MINT,,2025-04-22,
VTR-00002805,,HP-BETR,HP,HP-MODERN,CH,CHF,PTR-00000705,VRM-00031,makler,MIT-00008,ANT-00002805,2013-10-01,,,2013-10-01,JAEHRLICH,RECHNUNG,624.3,655.51,,5000000.0,GEKUENDIGT_VN,2018-03-01,2018-03-01,K03,3.0,,ZUSCHLAG_1,0,pfefferminz,HAPO,2025-05-15,2013-09-14,
VTR-00002806,,HP-BETR,HP,HP-MODERN,CH,CHF,PTR-00000785,VRM-00014,makler,MIT-00008,ANT-00002806,2018-05-01,,,2018-05-01,JAEHRLICH,RECHNUNG,648.5,680.93,,10000000.0,AKTIV,2018-05-01,,,3.0,2026-05-01,NORMAL,0,pfefferminz,HAPO,2025-05-15,2018-04-24,
VTR-00002807,,HP-BETR,HP,HP-MODERN,CH,CHF,PTR-00000285,VRM-00036,makler,MIT-00008,ANT-00002807,2013-06-01,,,2013-06-01,HALBJAEHRLICH,RECHNUNG,458.48,481.4,,5000000.0,GEKUENDIGT_VN,2019-02-01,2019-02-01,K02,3.0,,NORMAL,0,pfefferminz,HAPO,2025-05-15,2013-05-26,
VTR-00002808,,HP-BETR,HP,PM-2025,DE,EUR,PTR-00000780,VRM-00019,direkt,MIT-00044,ANT-00002808,2025-03-01,,,2025-03-01,JAEHRLICH,LASTSCHRIFT,465.8,554.3,,10000000.0,AKTIV,2025-03-01,,,3.0,2026-03-01,NORMAL,0,minzia,MINT,,2025-02-18,
VTR-00002809,,HP-BETR,HP,PM-2025,DE,EUR,PTR-00000656,VRM-00013,direkt,MIT-00008,ANT-00002809,2025-01-01,,,2025-01-01,HALBJAEHRLICH,LASTSCHRIFT,200.0,238.0,,5000000.0,AKTIV,2025-01-01,,,3.0,2026-01-01,NORMAL,0,minzia,MINT,,2024-12-19,
VTR-00002810,,HP-BETR,HP,HP-MODERN,CH,CHF,PTR-00000234,VRM-00036,makler,MIT-00008,ANT-00002810,2017-10-01,,,2017-10-01,HALBJAEHRLICH,LASTSCHRIFT,562.45,590.57,,10000000.0,STORNIERT,2020-07-01,2020-07-01,K13,3.0,,NORMAL,0,pfefferminz,HAPO,2025-05-15,2017-09-19,
VTR-00002811,,HP-BETR,HP,HP-MODERN,DE,EUR,PTR-00000849,VRM-00038,makler,MIT-00019,ANT-00002811,2019-09-01,,,2019-09-01,JAEHRLICH,EBILL,334.2,397.7,,10000000.0,AKTIV,2019-09-01,,,3.0,2026-09-01,NORMAL,0,pfefferminz,HAPO,2025-05-15,2019-08-06,
VTR-00002812,,HP-BETR,HP,HP-MODERN,DE,EUR,PTR-00000905,VRM-00033,makler,MIT-00008,ANT-00002812,2013-09-01,,,2013-09-01,HALBJAEHRLICH,EBILL,668.12,795.06,,5000000.0,AKTIV,2013-09-01,,,3.0,2026-09-01,NORMAL,0,pfefferminz,HAPO,2025-05-15,2013-08-04,
VTR-00002813,,HP-BETR,HP,HP-MODERN,CH,CHF,PTR-00000336,VRM-00014,makler,MIT-00008,ANT-00002813,2013-10-01,,,2013-10-01,JAEHRLICH,LASTSCHRIFT,19509.85,20485.34,,5000000.0,GEKUENDIGT_VN,2021-08-01,2021-08-01,K01,3.0,,NORMAL,0,pfefferminz,HAPO,2025-05-15,2013-09-02,
VTR-00002814,,HP-BETR,HP,HP-KLASSIK,CH,CHF,PTR-00000909,VRM-00014,makler,MIT-00008,ANT-00002814,2003-04-01,,,2003-04-01,JAEHRLICH,RECHNUNG,1084.8,1139.04,,5000000.0,GEKUENDIGT_VN,2013-10-01,2013-10-01,K01,3.0,,NORMAL,0,pfefferminz,HAPO,2025-05-15,2003-03-27,
VTR-00002815,,HP-BETR,HP,PM-2025,DE,EUR,PTR-00000856,VRM-00001,direkt,MIT-00044,ANT-00002815,2025-01-01,,,2025-01-01,JAEHRLICH,LASTSCHRIFT,793.31,944.04,,5000000.0,AKTIV,2025-01-01,,,3.0,2026-01-01,NORMAL,0,pfefferminz,MINT,,2024-11-25,
VTR-00002816,,HP-BETR,HP,PM-2025,DE,EUR,PTR-00000488,VRM-00028,direkt,MIT-00044,ANT-00002816,2025-11-01,,,2025-11-01,VIERTELJAEHRLICH,LASTSCHRIFT,637.05,758.09,,3000000.0,AKTIV,2025-11-01,,,3.0,2026-11-01,NORMAL,0,minzia,MINT,,2025-10-09,
VTR-00002817,,HP-BETR,HP,HP-MODERN,CH,CHF,PTR-00000664,VRM-00036,agentur,MIT-00008,ANT-00002817,2016-02-01,,,2016-02-01,VIERTELJAEHRLICH,RECHNUNG,1412.8,1483.44,,10000000.0,GEKUENDIGT_VN,2024-08-01,2024-08-01,K01,3.0,,NORMAL,0,pfefferminz,HAPO,2025-05-15,2016-01-21,
VTR-00002818,,HP-BETR,HP,PM-2025,DE,EUR,PTR-00000431,VRM-00003,direkt,MIT-00044,ANT-00002818,2025-10-01,,,2025-10-01,VIERTELJAEHRLICH,KREDITKARTE,2631.67,3131.69,,5000000.0,AKTIV,2025-10-01,,,3.0,2026-10-01,NORMAL,0,minzia,MINT,,2025-09-17,
VTR-00002819,,HP-BETR,HP,HP-KLASSIK,DE,EUR,PTR-00000849,VRM-00034,makler,MIT-00019,ANT-00002819,2002-03-01,,,2002-03-01,HALBJAEHRLICH,RECHNUNG,204.68,243.57,,5000000.0,GEKUENDIGT_VN,2011-05-01,2011-05-01,K06,3.0,,NORMAL,0,pfefferminz,HAPO,2025-05-15,2002-02-21,
VTR-00002820,,HP-BETR,HP,PM-2025,CH,CHF,PTR-00000408,VRM-00017,direkt,MIT-00008,ANT-00002820,2025-07-01,,,2025-07-01,VIERTELJAEHRLICH,LASTSCHRIFT,1717.95,1803.85,,10000000.0,AKTIV,2025-07-01,,,3.0,2026-07-01,NORMAL,0,minzia,MINT,,2025-06-05,
VTR-00002821,,HP-BETR,HP,HP-KLASSIK,CH,CHF,PTR-00000798,VRM-00014,makler,MIT-00008,ANT-00002821,2004-01-01,,,2004-01-01,JAEHRLICH,RECHNUNG,449.46,471.94,,5000000.0,AKTIV,2004-01-01,,,3.0,2026-01-01,NORMAL,0,pfefferminz,HAPO,2025-05-15,2003-12-01,
VTR-00002822,,HP-BETR,HP,PM-2025,DE,EUR,PTR-00000982,VRM-00009,direkt,MIT-00044,ANT-00002822,2025-10-01,,,2025-10-01,VIERTELJAEHRLICH,LASTSCHRIFT,4466.68,5315.35,,5000000.0,AKTIV,2025-10-01,,,3.0,2026-10-01,NORMAL,0,minzia,MINT,,2025-09-10,
VTR-00002823,,HP-BETR,HP,PM-2025,CH,CHF,PTR-00000926,VRM-00036,agentur,MIT-00008,ANT-00002823,2025-04-01,,,2025-04-01,JAEHRLICH,EBILL,2484.6,2608.83,,10000000.0,AKTIV,2025-04-01,,,3.0,2026-04-01,NORMAL,0,pfefferminz,MINT,,2025-02-24,
VTR-00002824,,HP-BETR,HP,HP-MODERN,DE,EUR,PTR-00000367,VRM-00010,makler,MIT-00044,ANT-00002824,2014-01-01,,,2014-01-01,JAEHRLICH,RECHNUNG,839.97,999.56,,3000000.0,STORNIERT,2016-02-01,2016-02-01,K12,3.0,,NORMAL,0,pfefferminz,HAPO,2025-05-15,2013-12-19,
VTR-00002825,,HP-BETR,HP,PM-2025,DE,EUR,PTR-00000856,VRM-00020,direkt,MIT-00044,ANT-00002825,2025-12-01,,,2025-12-01,HALBJAEHRLICH,RECHNUNG,718.03,854.46,,5000000.0,AKTIV,2025-12-01,,,3.0,2026-12-01,NORMAL,0,pfefferminz,MINT,,2025-11-26,
VTR-00002826,,HP-BETR,HP,HP-MODERN,DE,EUR,PTR-00000243,VRM-00010,makler,MIT-00044,ANT-00002826,2019-03-01,,,2019-03-01,JAEHRLICH,EBILL,411.17,489.29,,3000000.0,AKTIV,2019-03-01,,,3.0,2026-03-01,NORMAL,0,pfefferminz,HAPO,2025-05-15,2019-01-23,
VTR-00002827,,HP-BETR,HP,PM-2025,DE,EUR,PTR-00000764,VRM-00016,makler,MIT-00008,ANT-00002827,2025-08-01,,,2025-08-01,VIERTELJAEHRLICH,RECHNUNG,343.8,409.12,,3000000.0,AKTIV,2025-08-01,,,3.0,2026-08-01,NORMAL,0,pfefferminz,MINT,,2025-07-17,
VTR-00002828,,HP-BETR,HP,PM-2025,CH,CHF,PTR-00000858,VRM-00014,direkt,MIT-00008,ANT-00002828,2025-06-01,,,2025-06-01,HALBJAEHRLICH,KREDITKARTE,350.0,367.5,,5000000.0,AKTIV,2025-06-01,,,3.0,2026-06-01,NORMAL,0,minzia,MINT,,2025-05-21,
VTR-00002829,,HP-BETR,HP,HP-MODERN,DE,EUR,PTR-00000314,VRM-00033,makler,MIT-00008,ANT-00002829,2013-05-01,,,2013-05-01,JAEHRLICH,LASTSCHRIFT,1116.27,1328.36,,5000000.0,AKTIV,2013-05-01,,,3.0,2026-05-01,NORMAL,0,pfefferminz,HAPO,2025-05-15,2013-04-11,
VTR-00002830,,HP-BETR,HP,HP-MODERN,DE,EUR,PTR-00000788,VRM-00010,makler,MIT-00008,ANT-00002830,2015-04-01,,,2015-04-01,HALBJAEHRLICH,RECHNUNG,567.16,674.92,,10000000.0,GEKUENDIGT_VN,2019-10-01,2019-10-01,K04,3.0,,NORMAL,0,pfefferminz,HAPO,2025-05-15,2015-03-17,
VTR-00002831,,HP-BETR,HP,PM-2025,CH,CHF,PTR-00000259,VRM-00004,makler,MIT-00008,ANT-00002831,2025-07-01,,,2025-07-01,JAEHRLICH,RECHNUNG,569.25,597.71,,5000000.0,AKTIV,2025-07-01,,,3.0,2026-07-01,NORMAL,0,pfefferminz,MINT,,2025-06-23,
VTR-00002832,,HP-BETR,HP,PM-2025,CH,CHF,PTR-00000777,VRM-00031,agentur,MIT-00008,ANT-00002832,2025-04-01,,,2025-04-01,JAEHRLICH,LASTSCHRIFT,474.85,498.59,,5000000.0,AKTIV,2025-04-01,,,3.0,2026-04-01,NORMAL,0,pfefferminz,MINT,,2025-03-23,
VTR-00002833,,HP-BETR,HP,PM-2025,DE,EUR,PTR-00000707,VRM-00003,direkt,MIT-00019,ANT-00002833,2025-06-01,,,2025-06-01,VIERTELJAEHRLICH,LASTSCHRIFT,1293.67,1539.47,,3000000.0,AKTIV,2025-06-01,,,3.0,2026-06-01,NORMAL,0,minzia,MINT,,2025-05-06,
VTR-00002834,,HP-BETR,HP,PM-2025,DE,EUR,PTR-00000269,VRM-00020,direkt,MIT-00044,ANT-00002834,2025-09-01,,,2025-09-01,JAEHRLICH,LASTSCHRIFT,1096.76,1305.14,,10000000.0,AKTIV,2025-09-01,,,3.0,2026-09-01,NORMAL,0,minzia,MINT,,2025-08-05,
VTR-00002835,,HP-BETR,HP,PM-2025,DE,EUR,PTR-00000545,VRM-00020,direkt,MIT-00008,ANT-00002835,2025-09-01,,,2025-09-01,JAEHRLICH,KREDITKARTE,476.99,567.62,,3000000.0,AKTIV,2025-09-01,,,3.0,2026-09-01,NORMAL,0,minzia,MINT,,2025-08-11,
VTR-00002836,,HP-BETR,HP,PM-2025,DE,EUR,PTR-00000900,VRM-00028,direkt,MIT-00044,ANT-00002836,2025-02-01,,,2025-02-01,JAEHRLICH,LASTSCHRIFT,200.0,238.0,,5000000.0,AKTIV,2025-02-01,,,3.0,2026-02-01,NORMAL,0,minzia,MINT,,2025-01-01,
VTR-00002837,,HP-BETR,HP,HP-KLASSIK,CH,CHF,PTR-00000777,VRM-00005,agentur,MIT-00008,ANT-00002837,2010-12-01,,,2010-12-01,JAEHRLICH,LASTSCHRIFT,350.0,367.5,,5000000.0,GEKUENDIGT_VN,2016-03-01,2016-03-01,K09,3.0,,NORMAL,0,pfefferminz,HAPO,2025-05-15,2010-11-26,
VTR-00002838,,HP-BETR,HP,HP-MODERN,CH,CHF,PTR-00000437,VRM-00039,makler,MIT-00008,ANT-00002838,2019-08-01,,,2019-08-01,JAEHRLICH,RECHNUNG,885.0,929.25,,5000000.0,AKTIV,2019-08-01,,,3.0,2026-08-01,NORMAL,0,pfefferminz,HAPO,2025-05-15,2019-07-12,
VTR-00002839,,HP-BETR,HP,PM-2025,DE,EUR,PTR-00000796,VRM-00013,direkt,MIT-00008,ANT-00002839,2025-01-01,,,2025-01-01,JAEHRLICH,LASTSCHRIFT,1652.56,1966.55,,5000000.0,AKTIV,2025-01-01,,,3.0,2026-01-01,NORMAL,0,minzia,MINT,,2024-11-27,
VTR-00002840,,HP-BETR,HP,HP-MODERN,CH,CHF,PTR-00000798,VRM-00017,makler,MIT-00008,ANT-00002840,2015-01-01,,,2015-01-01,HALBJAEHRLICH,KREDITKARTE,556.1,583.91,,5000000.0,AKTIV,2015-01-01,,,3.0,2026-01-01,NORMAL,0,pfefferminz,HAPO,2025-05-15,2014-12-21,
VTR-00002841,,HP-BETR,HP,HP-MODERN,CH,CHF,PTR-00000437,VRM-00014,direkt,MIT-00008,ANT-00002841,2017-08-01,,,2017-08-01,JAEHRLICH,RECHNUNG,838.1,880.01,,5000000.0,STORNIERT,2024-04-01,2024-04-01,K12,3.0,,NORMAL,0,pfefferminz,HAPO,2025-05-15,2017-07-13,
VTR-00002842,,HP-BETR,HP,HP-MODERN,DE,EUR,PTR-00000526,VRM-00021,makler,MIT-00008,ANT-00002842,2019-10-01,,,2019-10-01,JAEHRLICH,LASTSCHRIFT,862.11,1025.91,,5000000.0,AKTIV,2019-10-01,,,3.0,2026-10-01,NORMAL,0,pfefferminz,HAPO,2025-05-15,2019-09-16,
VTR-00002843,,HP-BETR,HP,HP-MODERN,DE,EUR,PTR-00000333,VRM-00010,makler,MIT-00008,ANT-00002843,2017-04-01,,,2017-04-01,JAEHRLICH,LASTSCHRIFT,453.09,539.18,,3000000.0,GEKUENDIGT_VN,2020-09-01,2020-09-01,K09,3.0,,NORMAL,0,pfefferminz,HAPO,2025-05-15,2017-03-09,
VTR-00002844,,HP-BETR,HP,PM-2025,CH,CHF,PTR-00000284,VRM-00014,makler,MIT-00008,ANT-00002844,2025-02-01,,,2025-02-01,JAEHRLICH,RECHNUNG,1217.6,1278.48,,10000000.0,AKTIV,2025-02-01,,,3.0,2026-02-01,NORMAL,0,pfefferminz,MINT,,2025-01-29,
VTR-00002845,,HP-BETR,HP,PM-2025,DE,EUR,PTR-00000518,VRM-00019,direkt,MIT-00019,ANT-00002845,2025-05-01,,,2025-05-01,JAEHRLICH,LASTSCHRIFT,200.0,238.0,,10000000.0,AKTIV,2025-05-01,,,3.0,2026-05-01,NORMAL,0,minzia,MINT,,2025-04-21,
VTR-00002846,,HP-BETR,HP,HP-KLASSIK,CH,CHF,PTR-00000653,VRM-00039,agentur,MIT-00008,ANT-00002846,2001-01-01,,,2001-01-01,JAEHRLICH,LASTSCHRIFT,686.66,720.99,,5000000.0,GEKUENDIGT_VN,2009-06-01,2009-06-01,K06,3.0,,NORMAL,0,pfefferminz,HAPO,2025-05-15,2000-12-02,
VTR-00002847,,HP-BETR,HP,PM-2025,DE,EUR,PTR-00000518,VRM-00003,direkt,MIT-00044,ANT-00002847,2025-03-01,,,2025-03-01,HALBJAEHRLICH,EBILL,200.0,238.0,,5000000.0,AKTIV,2025-03-01,,,3.0,2026-03-01,NORMAL,0,minzia,MINT,,2025-01-23,
VTR-00002848,,HP-BETR,HP,HP-MODERN,CH,CHF,PTR-00000588,VRM-00014,makler,MIT-00008,ANT-00002848,2020-01-01,,,2020-01-01,JAEHRLICH,RECHNUNG,354.4,372.12,,5000000.0,GEKUENDIGT_VN,2022-01-01,2022-01-01,K02,3.0,,ZUSCHLAG_1,0,pfefferminz,HAPO,2025-05-15,2019-12-23,
VTR-00002849,,HP-BETR,HP,PM-2025,CH,CHF,PTR-00000858,VRM-00017,direkt,MIT-00008,ANT-00002849,2025-02-01,,,2025-02-01,VIERTELJAEHRLICH,LASTSCHRIFT,350.0,367.5,,10000000.0,AKTIV,2025-02-01,,,3.0,2026-02-01,NORMAL,0,minzia,MINT,,2024-12-30,
VTR-00002850,,HP-BETR,HP,HP-KLASSIK,CH,CHF,PTR-00000618,VRM-00040,makler,MIT-00008,ANT-00002850,2008-04-01,,,2008-04-01,JAEHRLICH,RECHNUNG,1679.3,1763.27,,5000000.0,GEKUENDIGT_VN,2015-12-01,2015-12-01,K09,3.0,,ZUSCHLAG_1,0,pfefferminz,HAPO,2025-05-15,2008-02-26,
VTR-00002851,,HP-BETR,HP,HP-MODERN,DE,EUR,PTR-00000243,VRM-00010,makler,MIT-00008,ANT-00002851,2019-07-01,,,2019-07-01,JAEHRLICH,LASTSCHRIFT,422.34,502.58,,5000000.0,AKTIV,2019-07-01,,,3.0,2026-07-01,NORMAL,0,pfefferminz,HAPO,2025-05-15,2019-06-24,
VTR-00002852,,HP-BETR,HP,HP-KLASSIK,CH,CHF,PTR-00000310,VRM-00040,makler,MIT-00008,ANT-00002852,2008-12-01,,,2008-12-01,JAEHRLICH,RECHNUNG,350.0,367.5,,5000000.0,GEKUENDIGT_VN,2016-03-01,2016-03-01,K01,3.0,,NORMAL,0,pfefferminz,HAPO,2025-05-15,2008-11-01,
VTR-00002853,,HP-BETR,HP,HP-MODERN,DE,EUR,PTR-00000367,VRM-00037,makler,MIT-00019,ANT-00002853,2019-10-01,,,2019-10-01,JAEHRLICH,EBILL,1004.31,1195.13,,10000000.0,AKTIV,2019-10-01,,,3.0,2026-10-01,NORMAL,0,pfefferminz,HAPO,2025-05-15,2019-09-10,
VTR-00002854,,HP-BETR,HP,PM-2025,DE,EUR,PTR-00000832,VRM-00019,direkt,MIT-00019,ANT-00002854,2025-11-01,,,2025-11-01,MONATLICH,EBILL,452.61,538.61,,3000000.0,AKTIV,2025-11-01,,,3.0,2026-11-01,NORMAL,0,minzia,MINT,,2025-10-20,
VTR-00002855,,HP-BETR,HP,HP-MODERN,CH,CHF,PTR-00000588,VRM-00014,makler,MIT-00008,ANT-00002855,2018-05-01,,,2018-05-01,JAEHRLICH,RECHNUNG,382.75,401.89,,5000000.0,AKTIV,2018-05-01,,,3.0,2026-05-01,ZUSCHLAG_1,0,pfefferminz,HAPO,2025-05-15,2018-04-09,
VTR-00002856,,HP-BETR,HP,PM-2025,DE,EUR,PTR-00000236,VRM-00019,direkt,MIT-00019,ANT-00002856,2025-06-01,,,2025-06-01,JAEHRLICH,KREDITKARTE,573.8,682.82,,3000000.0,AKTIV,2025-06-01,,,3.0,2026-06-01,NORMAL,0,minzia,MINT,,2025-04-29,
VTR-00002857,,HP-BETR,HP,HP-MODERN,DE,EUR,PTR-00000314,VRM-00021,makler,MIT-00044,ANT-00002857,2013-09-01,,,2013-09-01,JAEHRLICH,RECHNUNG,1063.12,1265.11,,5000000.0,GEKUENDIGT_VN,2019-11-01,2019-11-01,K09,3.0,,NORMAL,0,pfefferminz,HAPO,2025-05-15,2013-08-25,
VTR-00002858,,HP-BETR,HP,PM-2025,DE,EUR,PTR-00000590,VRM-00034,makler,MIT-00008,ANT-00002858,2025-11-01,,,2025-11-01,JAEHRLICH,RECHNUNG,320.93,381.91,,3000000.0,AKTIV,2025-11-01,,,3.0,2026-11-01,NORMAL,0,pfefferminz,MINT,,2025-10-27,
VTR-00002859,,HP-BETR,HP,HP-KLASSIK,DE,EUR,PTR-00000157,VRM-00013,direkt,MIT-00019,ANT-00002859,2005-07-01,,,2005-07-01,JAEHRLICH,LASTSCHRIFT,186.03,221.38,,3000000.0,GEKUENDIGT_VN,2008-12-01,2008-12-01,K01,3.0,,NORMAL,0,pfefferminz,HAPO,2025-05-15,2005-06-04,
VTR-00002860,,HP-BETR,HP,HP-MODERN,DE,EUR,PTR-00000541,VRM-00021,makler,MIT-00044,ANT-00002860,2017-06-01,,,2017-06-01,JAEHRLICH,RECHNUNG,2199.35,2617.23,,3000000.0,GEKUENDIGT_VN,2021-05-01,2021-05-01,K01,3.0,,NORMAL,0,pfefferminz,HAPO,2025-05-15,2017-05-28,
VTR-00002861,,HP-BETR,HP,PM-2025,DE,EUR,PTR-00000359,VRM-00021,makler,MIT-00019,ANT-00002861,2025-10-01,,,2025-10-01,HALBJAEHRLICH,RECHNUNG,315.08,374.95,,5000000.0,AKTIV,2025-10-01,,,3.0,2026-10-01,NORMAL,0,pfefferminz,MINT,,2025-09-12,
VTR-00002862,,HP-BETR,HP,HP-MODERN,CH,CHF,PTR-00000284,VRM-00031,makler,MIT-00008,ANT-00002862,2017-01-01,,,2017-01-01,JAEHRLICH,RECHNUNG,816.45,857.27,,5000000.0,AKTIV,2017-01-01,,,3.0,2026-01-01,NORMAL,0,pfefferminz,HAPO,2025-05-15,2016-12-04,
VTR-00002863,,HP-BETR,HP,PM-2025,DE,EUR,PTR-00000157,VRM-00034,makler,MIT-00008,ANT-00002863,2025-11-01,,,2025-11-01,VIERTELJAEHRLICH,RECHNUNG,200.0,238.0,,5000000.0,AKTIV,2025-11-01,,,3.0,2026-11-01,NORMAL,0,pfefferminz,MINT,,2025-10-02,
VTR-00002864,,HP-BETR,HP,HP-MODERN,CH,CHF,PTR-00000285,VRM-00014,makler,MIT-00008,ANT-00002864,2013-03-01,,,2013-03-01,JAEHRLICH,RECHNUNG,379.7,398.68,,5000000.0,GEKUENDIGT_VN,2015-04-01,2015-04-01,K01,3.0,,NORMAL,0,pfefferminz,HAPO,2025-05-15,2013-02-13,
VTR-00002865,,HP-BETR,HP,HP-KLASSIK,CH,CHF,PTR-00000791,VRM-00040,makler,MIT-00008,ANT-00002865,2008-03-01,,,2008-03-01,JAEHRLICH,RECHNUNG,483.21,507.37,,5000000.0,GEKUENDIGT_VN,2010-01-01,2010-01-01,K02,3.0,,NORMAL,0,pfefferminz,HAPO,2025-05-15,2008-02-13,
VTR-00002866,,HP-BETR,HP,PM-2025,DE,EUR,PTR-00000367,VRM-00034,makler,MIT-00008,ANT-00002866,2025-06-01,,,2025-06-01,JAEHRLICH,LASTSCHRIFT,961.06,1143.66,,5000000.0,AKTIV,2025-06-01,,,3.0,2026-06-01,NORMAL,0,pfefferminz,MINT,,2025-05-21,
VTR-00002867,,HP-BETR,HP,PM-2025,CH,CHF,PTR-00000408,VRM-00014,direkt,MIT-00008,ANT-00002867,2025-11-01,,,2025-11-01,VIERTELJAEHRLICH,KREDITKARTE,1687.3,1771.67,,5000000.0,AKTIV,2025-11-01,,,3.0,2026-11-01,NORMAL,0,minzia,MINT,,2025-10-19,
VTR-00002868,,HP-BETR,HP,PM-2025,DE,EUR,PTR-00000431,VRM-00028,direkt,MIT-00019,ANT-00002868,2025-04-01,,,2025-04-01,JAEHRLICH,LASTSCHRIFT,1830.73,2178.57,,5000000.0,AKTIV,2025-04-01,,,3.0,2026-04-01,NORMAL,0,minzia,MINT,,2025-02-27,
VTR-00002869,,HP-BETR,HP,HP-MODERN,CH,CHF,PTR-00000791,VRM-00014,makler,MIT-00008,ANT-00002869,2018-06-01,,,2018-06-01,HALBJAEHRLICH,RECHNUNG,630.6,662.13,,5000000.0,GEKUENDIGT_VN,2021-05-01,2021-05-01,K02,3.0,,NORMAL,0,pfefferminz,HAPO,2025-05-15,2018-04-29,
VTR-00002870,,HP-BETR,HP,PM-2025,CH,CHF,PTR-00000798,VRM-00014,makler,MIT-00008,ANT-00002870,2025-03-01,,,2025-03-01,JAEHRLICH,LASTSCHRIFT,708.05,743.45,,10000000.0,AKTIV,2025-03-01,,,3.0,2026-03-01,NORMAL,0,pfefferminz,MINT,,2025-02-04,
VTR-00002871,,HP-BETR,HP,HP-MODERN,CH,CHF,PTR-00000705,VRM-00012,makler,MIT-00008,ANT-00002871,2013-05-01,,,2013-05-01,HALBJAEHRLICH,RECHNUNG,586.85,616.19,,5000000.0,GEKUENDIGT_VN,2024-07-01,2024-07-01,K06,3.0,,ZUSCHLAG_1,0,pfefferminz,HAPO,2025-05-15,2013-04-13,
VTR-00002872,,HP-BETR,HP,PM-2025,DE,EUR,PTR-00000541,VRM-00002,makler,MIT-00008,ANT-00002872,2025-02-01,,,2025-02-01,JAEHRLICH,RECHNUNG,2541.36,3024.22,,3000000.0,AKTIV,2025-02-01,,,3.0,2026-02-01,NORMAL,0,pfefferminz,MINT,,2025-01-02,
VTR-00002873,,HP-BETR,HP,PM-2025,DE,EUR,PTR-00000780,VRM-00028,direkt,MIT-00008,ANT-00002873,2025-01-01,,,2025-01-01,VIERTELJAEHRLICH,LASTSCHRIFT,409.06,486.78,,3000000.0,AKTIV,2025-01-01,,,3.0,2026-01-01,NORMAL,0,minzia,MINT,,2024-12-16,
VTR-00002874,,HP-BETR,HP,PM-2025,CH,CHF,PTR-00000336,VRM-00014,direkt,MIT-00008,ANT-00002874,2025-07-01,,,2025-07-01,VIERTELJAEHRLICH,RECHNUNG,22430.15,23551.66,,10000000.0,AKTIV,2025-07-01,,,3.0,2026-07-01,NORMAL,0,pfefferminz,MINT,,2025-06-27,
VTR-00002875,,HP-BETR,HP,HP-MODERN,DE,EUR,PTR-00000764,VRM-00010,makler,MIT-00019,ANT-00002875,2020-11-01,,,2020-11-01,JAEHRLICH,EBILL,374.24,445.35,,5000000.0,AKTIV,2020-11-01,,,3.0,2026-11-01,NORMAL,0,pfefferminz,HAPO,2025-05-15,2020-10-16,
VTR-00002876,,HP-BETR,HP,HP-MODERN,DE,EUR,PTR-00000590,VRM-00037,makler,MIT-00008,ANT-00002876,2015-06-01,,,2015-06-01,VIERTELJAEHRLICH,LASTSCHRIFT,339.02,403.43,,10000000.0,AKTIV,2015-06-01,,,3.0,2026-06-01,NORMAL,0,pfefferminz,HAPO,2025-05-15,2015-05-15,
VTR-00002877,,HP-BETR,HP,HP-MODERN,DE,EUR,PTR-00000526,VRM-00034,makler,MIT-00008,ANT-00002877,2017-07-01,,,2017-07-01,HALBJAEHRLICH,RECHNUNG,892.45,1062.02,,5000000.0,STORNIERT,2021-04-01,2021-04-01,K07,3.0,,NORMAL,0,pfefferminz,HAPO,2025-05-15,2017-06-06,
VTR-00002878,,HP-BETR,HP,HP-KLASSIK,CH,CHF,PTR-00000909,VRM-00014,makler,MIT-00008,ANT-00002878,2010-09-01,,,2010-09-01,JAEHRLICH,LASTSCHRIFT,1121.65,1177.73,,5000000.0,GEKUENDIGT_VN,2024-01-01,2024-01-01,K01,3.0,,NORMAL,0,pfefferminz,HAPO,2025-05-15,2010-08-03,
VTR-00002879,,HP-BETR,HP,PM-2025,DE,EUR,PTR-00000832,VRM-00003,direkt,MIT-00044,ANT-00002879,2025-04-01,,,2025-04-01,JAEHRLICH,LASTSCHRIFT,404.82,481.74,,5000000.0,AKTIV,2025-04-01,,,3.0,2026-04-01,NORMAL,0,minzia,MINT,,2025-02-22,
VTR-00002880,,HP-BETR,HP,PM-2025,DE,EUR,PTR-00000053,VRM-00013,direkt,MIT-00044,ANT-00002880,2025-01-01,,,2025-01-01,JAEHRLICH,LASTSCHRIFT,231.58,275.58,,3000000.0,AKTIV,2025-01-01,,,3.0,2026-01-01,NORMAL,0,minzia,MINT,,2024-12-02,
VTR-00002881,,HP-BETR,HP,PM-2025,CH,CHF,PTR-00000285,VRM-00040,agentur,MIT-00008,ANT-00002881,2025-03-01,,,2025-03-01,JAEHRLICH,RECHNUNG,474.8,498.54,,5000000.0,AKTIV,2025-03-01,,,3.0,2026-03-01,NORMAL,0,pfefferminz,MINT,,2025-02-22,
VTR-00002882,,HP-BETR,HP,HP-MODERN,DE,EUR,PTR-00000576,VRM-00010,makler,MIT-00008,ANT-00002882,2018-07-01,,,2018-07-01,JAEHRLICH,RECHNUNG,200.0,238.0,,5000000.0,GEKUENDIGT_VN,2024-08-01,2024-08-01,K03,3.0,,NORMAL,0,pfefferminz,HAPO,2025-05-15,2018-06-15,
VTR-00002883,,HP-BETR,HP,PM-2025,DE,EUR,PTR-00000269,VRM-00009,direkt,MIT-00008,ANT-00002883,2025-01-01,,,2025-01-01,MONATLICH,LASTSCHRIFT,1011.13,1203.24,,5000000.0,AKTIV,2025-01-01,,,3.0,2026-01-01,NORMAL,0,minzia,MINT,,2024-12-09,
VTR-00002884,,HP-BERUF,HP,PM-2025,DE,EUR,PTR-00000982,VRM-00028,direkt,MIT-00008,ANT-00002884,2025-09-01,,,2025-09-01,JAEHRLICH,EBILL,2962.81,3525.74,,2000000.0,AKTIV,2025-09-01,,,3.0,2026-09-01,NORMAL,0,minzia,MINT,,2025-08-06,
VTR-00002885,,HP-BERUF,HP,HP-KLASSIK,DE,EUR,PTR-00000975,VRM-00033,makler,MIT-00008,ANT-00002885,2001-09-01,,,2001-09-01,HALBJAEHRLICH,RECHNUNG,2633.2,3133.51,,500000.0,GEKUENDIGT_VN,2019-11-01,2019-11-01,K02,3.0,,NORMAL,0,pfefferminz,HAPO,2025-05-15,2001-08-07,
VTR-00002886,,HP-BERUF,HP,HP-KLASSIK,CH,CHF,PTR-00000035,VRM-00014,makler,MIT-00008,ANT-00002886,2011-04-01,,,2011-04-01,HALBJAEHRLICH,EBILL,1607.95,1688.35,,2000000.0,GEKUENDIGT_VN,2014-04-01,2014-04-01,K02,3.0,,NORMAL,0,pfefferminz,HAPO,2025-05-15,2011-03-05,
VTR-00002887,,HP-BERUF,HP,HP-MODERN,CH,CHF,PTR-00000591,VRM-00039,makler,MIT-00008,ANT-00002887,2015-11-01,,,2015-11-01,JAEHRLICH,RECHNUNG,902.5,947.62,,1000000.0,AKTIV,2015-11-01,,,3.0,2026-11-01,NORMAL,0,pfefferminz,HAPO,2025-05-15,2015-09-30,
VTR-00002888,,HP-BERUF,HP,HP-MODERN,DE,EUR,PTR-00000729,VRM-00032,makler,MIT-00044,ANT-00002888,2020-09-01,,,2020-09-01,VIERTELJAEHRLICH,RECHNUNG,968.42,1152.42,,500000.0,AKTIV,2020-09-01,,,3.0,2026-09-01,NORMAL,0,pfefferminz,HAPO,2025-05-15,2020-08-09,
VTR-00002889,,HP-BERUF,HP,PM-2025,DE,EUR,PTR-00000334,VRM-00019,direkt,MIT-00019,ANT-00002889,2025-02-01,,,2025-02-01,JAEHRLICH,RECHNUNG,1807.47,2150.89,,500000.0,AKTIV,2025-02-01,,,3.0,2026-02-01,NORMAL,0,minzia,MINT,,2025-01-28,
VTR-00002890,,HP-BERUF,HP,PM-2025,DE,EUR,PTR-00000305,VRM-00032,makler,MIT-00044,ANT-00002890,2025-03-01,,,2025-03-01,JAEHRLICH,EBILL,706.98,841.31,,1000000.0,AKTIV,2025-03-01,,,3.0,2026-03-01,NORMAL,0,pfefferminz,MINT,,2025-02-24,
VTR-00002891,,HP-BERUF,HP,HP-MODERN,CH,CHF,PTR-00000777,VRM-00014,makler,MIT-00008,ANT-00002891,2017-07-01,,,2017-07-01,JAEHRLICH,LASTSCHRIFT,1127.65,1184.03,,1000000.0,AKTIV,2017-07-01,,,3.0,2026-07-01,NORMAL,0,pfefferminz,HAPO,2025-05-15,2017-05-26,
VTR-00002892,,HP-BERUF,HP,HP-KLASSIK,DE,EUR,PTR-00000815,VRM-00019,direkt,MIT-00019,ANT-00002892,2003-08-01,,,2003-08-01,JAEHRLICH,RECHNUNG,704.58,838.45,,500000.0,GEKUENDIGT_VN,2015-05-01,2015-05-01,K01,3.0,,NORMAL,0,pfefferminz,HAPO,2025-05-15,2003-07-09,
VTR-00002893,,HP-BERUF,HP,HP-MODERN,CH,CHF,PTR-00000356,VRM-00031,makler,MIT-00008,ANT-00002893,2014-10-01,,,2014-10-01,JAEHRLICH,RECHNUNG,1727.75,1814.14,,2000000.0,GEKUENDIGT_VN,2017-02-01,2017-02-01,K01,3.0,,NORMAL,0,pfefferminz,HAPO,2025-05-15,2014-09-18,
VTR-00002894,,HP-BERUF,HP,PM-2025,DE,EUR,PTR-00000845,VRM-00013,direkt,MIT-00019,ANT-00002894,2025-05-01,,,2025-05-01,JAEHRLICH,LASTSCHRIFT,2304.96,2742.9,,2000000.0,AKTIV,2025-05-01,,,3.0,2026-05-01,NORMAL,0,minzia,MINT,,2025-03-24,
VTR-00002895,,HP-BERUF,HP,PM-2025,DE,EUR,PTR-00000431,VRM-00003,direkt,MIT-00019,ANT-00002895,2025-05-01,,,2025-05-01,JAEHRLICH,LASTSCHRIFT,1590.05,1892.15,,250000.0,AKTIV,2025-05-01,,,3.0,2026-05-01,NORMAL,0,minzia,MINT,,2025-04-26,
VTR-00002896,,HP-BERUF,HP,PM-2025,DE,EUR,PTR-00000473,VRM-00013,direkt,MIT-00019,ANT-00002896,2025-11-01,,,2025-11-01,HALBJAEHRLICH,LASTSCHRIFT,3198.72,3806.48,,500000.0,AKTIV,2025-11-01,,,3.0,2026-11-01,NORMAL,0,pfefferminz,MINT,,2025-10-14,
VTR-00002897,,HP-BERUF,HP,PM-2025,CH,CHF,PTR-00000215,VRM-00012,makler,MIT-00008,ANT-00002897,2025-09-01,,,2025-09-01,JAEHRLICH,RECHNUNG,5724.3,6010.52,,5000000.0,AKTIV,2025-09-01,,,3.0,2026-09-01,NORMAL,0,pfefferminz,MINT,,2025-08-17,
VTR-00002898,,HP-BERUF,HP,HP-MODERN,CH,CHF,PTR-00000879,VRM-00040,makler,MIT-00008,ANT-00002898,2015-02-01,,,2015-02-01,HALBJAEHRLICH,EBILL,3712.5,3898.12,,2000000.0,GEKUENDIGT_VN,2019-09-01,2019-09-01,K02,3.0,,NORMAL,0,pfefferminz,HAPO,2025-05-15,2014-12-28,
VTR-00002899,,HP-BERUF,HP,HP-MODERN,CH,CHF,PTR-00000959,VRM-00026,agentur,MIT-00008,ANT-00002899,2014-12-01,,,2014-12-01,JAEHRLICH,RECHNUNG,1037.4,1089.27,,1000000.0,AKTIV,2014-12-01,,,3.0,2026-12-01,NORMAL,0,pfefferminz,HAPO,2025-05-15,2014-11-20,
VTR-00002900,,HP-BERUF,HP,HP-MODERN,DE,EUR,PTR-00000890,VRM-00021,makler,MIT-00044,ANT-00002900,2017-12-01,,,2017-12-01,JAEHRLICH,RECHNUNG,1001.01,1191.2,,2000000.0,AKTIV,2017-12-01,,,3.0,2026-12-01,NORMAL,0,pfefferminz,HAPO,2025-05-15,2017-11-06,
VTR-00002901,,LV-RISK,LV,MZ-2020,DE,EUR,PTR-00000703,VRM-00009,direkt,MIT-00008,ANT-00002901,2022-02-01,2045-02-01,23.0,2022-02-01,JAEHRLICH,LASTSCHRIFT,262.61,183.83,,118000.0,AKTIV,2022-02-01,,,,,ZUSCHLAG_1,0,minzia,MINT,,2022-01-20,
VTR-00002902,,LV-RISK,LV,PL-2015,DE,EUR,PTR-00000925,VRM-00008,bank,MIT-00008,ANT-00002902,2015-12-01,2029-12-01,14.0,2015-12-01,JAEHRLICH,RECHNUNG,5567.18,3897.03,,636000.0,AKTIV,2015-12-01,,,,,NORMAL,0,pfefferminz,VERA,2025-11-15,2015-10-30,
VTR-00002904,,LV-RISK,LV,PK-95,DE,EUR,PTR-00000771,VRM-00028,direkt,MIT-00019,ANT-00002904,1995-11-01,2009-11-01,14.0,1995-11-01,HALBJAEHRLICH,LASTSCHRIFT,1123.74,802.35,,292000.0,ABGELAUFEN,2009-11-01,2009-11-01,K15,,,NORMAL,0,pfefferminz,VERA,2025-11-15,1995-10-21,
VTR-00002906,,LV-RISK,LV,PK-2007,CH,CHF,PTR-00000128,VRM-00014,makler,MIT-00044,ANT-00002906,2011-12-01,2030-12-01,19.0,2011-12-01,JAEHRLICH,LASTSCHRIFT,796.2,597.15,,313000.0,RUECKKAUF,2015-02-21,2015-02-21,K14,,,NORMAL,0,pfefferminz,VERA,2025-11-15,2011-10-24,
VTR-00002907,,LV-RISK,LV,PZ-2025,CH,CHF,PTR-00000807,VRM-00025,agentur,MIT-00044,ANT-00002907,2025-07-01,2060-07-01,35.0,2025-07-01,JAEHRLICH,RECHNUNG,1031.98,773.96,,844000.0,AKTIV,2025-07-01,,,,,NORMAL,0,pfefferminz,MINT,,2025-06-03,
VTR-00002908,,LV-RISK,LV,PL-2017,CH,CHF,PTR-00000839,VRM-00031,agentur,MIT-00044,ANT-00002908,2017-12-01,2038-12-01,21.0,2017-12-01,HALBJAEHRLICH,LASTSCHRIFT,679.65,613.9,,137000.0,AKTIV,2017-12-01,,,,,NORMAL,0,pfefferminz,VERA,2025-11-15,2017-11-03,
VTR-00002909,,LV-RISK,LV,MZ-2020,DE,EUR,PTR-00000767,VRM-00019,direkt,MIT-00008,ANT-00002909,2020-11-01,2036-11-01,16.0,2020-11-01,JAEHRLICH,LASTSCHRIFT,222.86,156.0,,90000.0,AKTIV,2020-11-01,,,,,NORMAL,0,minzia,MINT,,2020-10-26,
VTR-00002910,,LV-RISK,LV,PL-2017,DE,EUR,PTR-00000950,VRM-00003,direkt,MIT-00008,ANT-00002910,2022-10-01,2038-10-01,16.0,2022-10-01,JAEHRLICH,RECHNUNG,257.23,180.06,,102000.0,AKTIV,2022-10-01,,,,,ZUSCHLAG_1,0,pfefferminz,VERA,2025-11-15,2022-09-07,
VTR-00002911,,LV-RISK,LV,PL-2017,CH,CHF,PTR-00000715,VRM-00036,agentur,MIT-00044,ANT-00002911,2020-03-01,2049-03-01,29.0,2020-03-01,JAEHRLICH,RECHNUNG,343.85,257.9,,180000.0,RUECKKAUF,2023-07-06,2023-07-06,K14,,,NORMAL,0,pfefferminz,VERA,2025-11-15,2020-01-26,
VTR-00002913,,LV-RISK,LV,PL-2017,CH,CHF,PTR-00000671,VRM-00031,bank,MIT-00044,ANT-00002913,2018-04-01,2037-04-01,19.0,2018-04-01,JAEHRLICH,LASTSCHRIFT,711.65,613.7,,164000.0,AKTIV,2018-04-01,,,,,NORMAL,0,pfefferminz,VERA,2025-11-15,2018-03-11,
VTR-00002914,,LV-RISK,LV,PK-2004,DE,EUR,PTR-00000315,VRM-00032,makler,MIT-00044,ANT-00002914,2006-09-01,2045-09-01,39.0,2006-09-01,HALBJAEHRLICH,LASTSCHRIFT,3262.7,2329.57,,741000.0,RUECKKAUF,2015-09-03,2015-09-03,K14,,,ZUSCHLAG_1,0,pfefferminz,VERA,2025-11-15,2006-08-10,
VTR-00002915,,LV-RISK,LV,MZ-2020,DE,EUR,PTR-00000901,VRM-00009,direkt,MIT-00044,ANT-00002915,2020-06-01,2035-06-01,15.0,2020-06-01,VIERTELJAEHRLICH,LASTSCHRIFT,882.05,635.96,,82000.0,AKTIV,2020-06-01,,,,,NORMAL,0,minzia,MINT,,2020-05-23,
VTR-00002916,,LV-RISK,LV,PZ-2025,DE,EUR,PTR-00000081,VRM-00016,makler,MIT-00008,ANT-00002916,2025-08-01,2044-08-01,19.0,2025-08-01,HALBJAEHRLICH,LASTSCHRIFT,686.53,490.18,,368000.0,AKTIV,2025-08-01,,,,,NORMAL,0,pfefferminz,MINT,,2025-07-09,
VTR-00002917,,LV-RISK,LV,PL-2012,DE,EUR,PTR-00000069,VRM-00024,bank,MIT-00019,ANT-00002917,2013-08-01,2046-08-01,33.0,2013-08-01,JAEHRLICH,RECHNUNG,576.13,403.29,,290000.0,AKTIV,2013-08-01,,,,,NORMAL,0,pfefferminz,VERA,2025-11-15,2013-07-11,
VTR-00002918,,LV-RISK,LV,PL-2017,CH,CHF,PTR-00000862,VRM-00031,agentur,MIT-00044,ANT-00002918,2017-11-01,2024-11-01,7.0,2017-11-01,JAEHRLICH,LASTSCHRIFT,1666.0,1349.5,,309000.0,ABGELAUFEN,2024-11-01,2024-11-01,K15,,,NORMAL,0,pfefferminz,VERA,2025-11-15,2017-10-13,
VTR-00002919,,LV-RISK,LV,PZ-2025,DE,EUR,PTR-00000395,VRM-00013,direkt,MIT-00019,ANT-00002919,2025-12-01,2041-12-01,16.0,2025-12-01,JAEHRLICH,RECHNUNG,120.0,84.0,,28000.0,AKTIV,2025-12-01,,,,,NORMAL,0,pfefferminz,MINT,,2025-11-03,
VTR-00002920,,LV-RISK,LV,PL-2017,DE,EUR,PTR-00000975,VRM-00001,direkt,MIT-00044,ANT-00002920,2021-05-01,2032-05-01,11.0,2021-05-01,JAEHRLICH,LASTSCHRIFT,1448.09,1171.16,,167000.0,AKTIV,2021-05-01,,,,,NORMAL,0,pfefferminz,VERA,2025-11-15,2021-04-30,
VTR-00002921,,LV-RISK,LV,PL-2017,CH,CHF,PTR-00000073,VRM-00036,bank,MIT-00044,ANT-00002921,2024-11-01,2040-11-01,16.0,2024-11-01,JAEHRLICH,LASTSCHRIFT,1398.05,1198.55,,387000.0,AKTIV,2024-11-01,,,,,NORMAL,0,pfefferminz,VERA,2025-11-15,2024-10-12,
VTR-00002922,,LV-RISK,LV,PK-2007,DE,EUR,PTR-00000141,VRM-00003,direkt,MIT-00044,ANT-00002922,2011-01-01,2031-01-01,20.0,2011-01-01,JAEHRLICH,RECHNUNG,2078.78,1455.15,,495000.0,RUECKKAUF,2018-08-18,2018-08-18,K14,,,NORMAL,0,pfefferminz,VERA,2025-11-15,2010-11-25,
VTR-00002923,,LV-RISK,LV,PK-2000,DE,EUR,PTR-00000781,VRM-00010,makler,MIT-00044,ANT-00002923,2003-12-01,2023-12-01,20.0,2003-12-01,HALBJAEHRLICH,LASTSCHRIFT,1834.27,1309.67,,242000.0,ABGELAUFEN,2023-12-01,2023-12-01,K15,,,NORMAL,0,pfefferminz,VERA,2025-11-15,2003-11-25,
VTR-00002924,,LV-RISK,LV,PZ-2025,DE,EUR,PTR-00000597,VRM-00006,makler,MIT-00019,ANT-00002924,2025-10-01,2030-10-01,5.0,2025-10-01,JAEHRLICH,LASTSCHRIFT,847.09,592.96,,187000.0,AKTIV,2025-10-01,,,,,NORMAL,0,pfefferminz,MINT,,2025-09-01,
VTR-00002925,,LV-RISK,LV,PK-95,DE,EUR,PTR-00000855,VRM-00003,direkt,MIT-00008,ANT-00002925,1997-03-01,2018-03-01,21.0,1997-03-01,JAEHRLICH,LASTSCHRIFT,896.5,627.55,,295000.0,RUECKKAUF,1999-02-06,1999-02-06,K14,,,NORMAL,0,pfefferminz,VERA,2025-11-15,1997-02-04,
VTR-00002926,,LV-RISK,LV,PL-2015,DE,EUR,PTR-00000217,VRM-00008,bank,MIT-00019,ANT-00002926,2016-08-01,2046-08-01,30.0,2016-08-01,JAEHRLICH,RECHNUNG,585.94,410.16,,117000.0,RUECKKAUF,2018-03-08,2018-03-08,K14,,,NORMAL,0,pfefferminz,VERA,2025-11-15,2016-07-17,
VTR-00002927,,LV-RISK,LV,MZ-2020,DE,EUR,PTR-00000703,VRM-00020,direkt,MIT-00019,ANT-00002927,2023-01-01,2045-01-01,22.0,2023-01-01,JAEHRLICH,RECHNUNG,2233.92,1563.74,,1299000.0,AKTIV,2023-01-01,,,,,ZUSCHLAG_2,0,minzia,MINT,,2022-11-26,
VTR-00002928,,LV-RISK,LV,MZ-2020,DE,EUR,PTR-00000984,VRM-00001,direkt,MIT-00044,ANT-00002928,2021-07-01,2035-07-01,14.0,2021-07-01,JAEHRLICH,LASTSCHRIFT,272.26,190.58,,219000.0,AKTIV,2021-07-01,,,,,NORMAL,0,minzia,MINT,,2021-06-29,
VTR-00002929,,LV-RISK,LV,MZ-2020,DE,EUR,PTR-00000025,VRM-00028,direkt,MIT-00044,ANT-00002929,2021-01-01,2046-01-01,25.0,2021-01-01,JAEHRLICH,KREDITKARTE,989.0,821.53,,324000.0,AKTIV,2021-01-01,,,,,NORMAL,0,minzia,MINT,,2020-12-01,
VTR-00002930,,LV-RISK,LV,MZ-2020,DE,EUR,PTR-00000432,VRM-00019,direkt,MIT-00019,ANT-00002930,2023-06-01,2040-06-01,17.0,2023-06-01,JAEHRLICH,EBILL,310.68,217.48,,200000.0,AKTIV,2023-06-01,,,,,NORMAL,0,minzia,MINT,,2023-05-17,
VTR-00002931,,LV-RISK,LV,PK-2004,CH,CHF,PTR-00000444,VRM-00036,bank,MIT-00044,ANT-00002931,2006-11-01,2023-11-01,17.0,2006-11-01,JAEHRLICH,LASTSCHRIFT,1571.1,1279.95,,369000.0,ABGELAUFEN,2023-11-01,2023-11-01,K15,,,NORMAL,0,pfefferminz,VERA,2025-11-15,2006-10-19,
VTR-00002932,,LV-RISK,LV,PK-2007,CH,CHF,PTR-00000689,VRM-00017,makler,MIT-00044,ANT-00002932,2010-11-01,2032-11-01,22.0,2010-11-01,JAEHRLICH,LASTSCHRIFT,521.35,391.0,,193000.0,RUECKKAUF,2013-06-16,2013-06-16,K14,,,NORMAL,0,pfefferminz,VERA,2025-11-15,2010-09-26,
VTR-00002933,,LV-RISK,LV,MZ-2020,DE,EUR,PTR-00000560,VRM-00028,direkt,MIT-00008,ANT-00002933,2021-07-01,2056-07-01,35.0,2021-07-01,VIERTELJAEHRLICH,LASTSCHRIFT,161.24,116.26,,103000.0,STORNIERT,2023-03-24,2023-03-24,K12,,,NORMAL,0,minzia,MINT,,2021-06-12,
VTR-00002934,,LV-RISK,LV,MZ-2020,DE,EUR,PTR-00000115,VRM-00003,direkt,MIT-00044,ANT-00002934,2023-04-01,2055-04-01,32.0,2023-04-01,VIERTELJAEHRLICH,LASTSCHRIFT,224.26,161.69,,138000.0,AKTIV,2023-04-01,,,,,NORMAL,0,minzia,MINT,,2023-03-14,
VTR-00002935,,LV-RISK,LV,MZ-2020,DE,EUR,PTR-00000903,VRM-00001,direkt,MIT-00044,ANT-00002935,2020-10-01,2044-10-01,24.0,2020-10-01,VIERTELJAEHRLICH,LASTSCHRIFT,4966.66,3580.96,,781000.0,AKTIV,2020-10-01,,,,,NORMAL,0,minzia,MINT,,2020-08-25,
VTR-00002936,,LV-RISK,LV,PL-2012,DE,EUR,PTR-00000316,VRM-00009,direkt,MIT-00044,ANT-00002936,2012-09-01,2036-09-01,24.0,2012-09-01,JAEHRLICH,EBILL,1731.65,1542.0,,246000.0,RUECKKAUF,2024-01-08,2024-01-08,K14,,,NORMAL,0,pfefferminz,VERA,2025-11-15,2012-08-20,
VTR-00002937,,LV-RISK,LV,PZ-2025,CH,CHF,PTR-00000027,VRM-00031,agentur,MIT-00044,ANT-00002937,2025-01-01,2054-01-01,29.0,2025-01-01,HALBJAEHRLICH,RECHNUNG,1283.1,1093.8,,156000.0,AKTIV,2025-01-01,,,,,NORMAL,0,pfefferminz,MINT,,2024-12-05,
VTR-00002938,,LV-RISK,LV,MZ-2020,DE,EUR,PTR-00000985,VRM-00020,direkt,MIT-00019,ANT-00002938,2023-05-01,2049-05-01,26.0,2023-05-01,HALBJAEHRLICH,LASTSCHRIFT,774.57,553.04,,409000.0,AKTIV,2023-05-01,,,,,NORMAL,0,minzia,MINT,,2023-04-04,
VTR-00002939,,LV-RISK,LV,PK-2004,DE,EUR,PTR-00000589,VRM-00010,makler,MIT-00044,ANT-00002939,2004-09-01,2027-09-01,23.0,2004-09-01,JAEHRLICH,RECHNUNG,548.9,384.23,,179000.0,RUECKKAUF,2005-06-06,2005-06-06,K14,,,NORMAL,0,pfefferminz,VERA,2025-11-15,2004-08-13,
VTR-00002940,,LV-RISK,LV,PL-2017,CH,CHF,PTR-00000085,VRM-00014,direkt,MIT-00044,ANT-00002940,2020-08-01,2043-08-01,23.0,2020-08-01,VIERTELJAEHRLICH,LASTSCHRIFT,1862.6,1675.45,,338000.0,AKTIV,2020-08-01,,,,,NORMAL,0,pfefferminz,VERA,2025-11-15,2020-06-28,
VTR-00002941,,LV-RISK,LV,PK-2007,CH,CHF,PTR-00000573,VRM-00031,bank,MIT-00044,ANT-00002941,2007-09-01,2032-09-01,25.0,2007-09-01,HALBJAEHRLICH,EBILL,1531.35,1361.45,,292000.0,STORNIERT,2019-11-15,2019-11-15,K12,,,NORMAL,0,pfefferminz,VERA,2025-11-15,2007-08-04,
VTR-00002942,,LV-RISK,LV,PK-2004,CH,CHF,PTR-00000339,VRM-00005,agentur,MIT-00044,ANT-00002942,2006-10-01,2025-10-01,19.0,2006-10-01,JAEHRLICH,RECHNUNG,1735.5,1382.9,,400000.0,RUECKKAUF,2007-02-25,2007-02-25,K14,,,NORMAL,0,pfefferminz,VERA,2025-11-15,2006-09-09,
VTR-00002943,,LV-RISK,LV,PK-2007,CH,CHF,PTR-00000731,VRM-00014,makler,MIT-00044,ANT-00002943,2009-07-01,2032-07-01,23.0,2009-07-01,JAEHRLICH,RECHNUNG,776.35,582.3,,128000.0,RUECKKAUF,2024-06-10,2024-06-10,K14,,,NORMAL,0,pfefferminz,VERA,2025-11-15,2009-06-27,
VTR-00002944,,LV-RISK,LV,PL-2017,DE,EUR,PTR-00000075,VRM-00001,direkt,MIT-00044,ANT-00002944,2019-11-01,2038-11-01,19.0,2019-11-01,JAEHRLICH,RECHNUNG,4770.33,3732.98,,1979000.0,AKTIV,2019-11-01,,,,,NORMAL,0,pfefferminz,VERA,2025-11-15,2019-10-15,
VTR-00002945,,LV-RISK,LV,PK-2000,CH,CHF,PTR-00000786,VRM-00017,makler,MIT-00044,ANT-00002945,2001-02-01,2014-02-01,13.0,2001-02-01,JAEHRLICH,RECHNUNG,4012.1,3161.45,,812000.0,RUECKKAUF,2005-06-03,2005-06-03,K14,,,ZUSCHLAG_1,0,pfefferminz,VERA,2025-11-15,2001-01-27,
VTR-00002946,,LV-RISK,LV,PK-2000,CH,CHF,PTR-00000328,VRM-00031,bank,MIT-00044,ANT-00002946,2002-11-01,2036-11-01,34.0,2002-11-01,JAEHRLICH,LASTSCHRIFT,1395.55,1127.95,,461000.0,AKTIV,2002-11-01,,,,,NORMAL,0,pfefferminz,VERA,2025-11-15,2002-10-05,
VTR-00002947,,LV-RISK,LV,PL-2012,CH,CHF,PTR-00000586,VRM-00026,agentur,MIT-00044,ANT-00002947,2014-11-01,2034-11-01,20.0,2014-11-01,HALBJAEHRLICH,RECHNUNG,887.95,754.85,,263000.0,AKTIV,2014-11-01,,,,,NORMAL,0,pfefferminz,VERA,2025-11-15,2014-10-06,
VTR-00002948,,LV-RISK,LV,PL-2017,CH,CHF,PTR-00000997,VRM-00014,bank,MIT-00044,ANT-00002948,2019-05-01,2034-05-01,15.0,2019-05-01,JAEHRLICH,LASTSCHRIFT,6428.5,4821.35,,594000.0,AKTIV,2019-05-01,,,,,NORMAL,0,pfefferminz,VERA,2025-11-15,2019-04-27,
VTR-00002949,,LV-RISK,LV,PZ-2025,DE,EUR,PTR-00000076,VRM-00030,bank,MIT-00008,ANT-00002949,2025-07-01,2042-07-01,17.0,2025-07-01,JAEHRLICH,RECHNUNG,409.79,286.85,,282000.0,AKTIV,2025-07-01,,,,,NORMAL,0,pfefferminz,MINT,,2025-06-10,
VTR-00002950,,LV-RISK,LV,PL-2015,CH,CHF,PTR-00000309,VRM-00031,bank,MIT-00044,ANT-00002950,2016-12-01,2027-12-01,11.0,2016-12-01,JAEHRLICH,EBILL,1395.8,1046.85,,461000.0,AKTIV,2016-12-01,,,,,NORMAL,0,pfefferminz,VERA,2025-11-15,2016-11-17,
VTR-00002951,,LV-RISK,LV,PK-95,DE,EUR,PTR-00000575,VRM-00021,makler,MIT-00044,ANT-00002951,1995-09-01,2003-09-01,8.0,1995-09-01,JAEHRLICH,LASTSCHRIFT,2088.36,1461.85,,304000.0,ABGELAUFEN,2003-09-01,2003-09-01,K15,,,NORMAL,0,pfefferminz,VERA,2025-11-15,1995-08-17,
VTR-00002952,,LV-RISK,LV,PL-2017,DE,EUR,PTR-00000469,VRM-00021,makler,MIT-00044,ANT-00002952,2019-12-01,2036-12-01,17.0,2019-12-01,JAEHRLICH,RECHNUNG,2356.56,1820.22,,489000.0,AKTIV,2019-12-01,,,,,NORMAL,0,pfefferminz,VERA,2025-11-15,2019-11-11,
VTR-00002953,,LV-RISK,LV,PZ-2025,CH,CHF,PTR-00000092,VRM-00015,makler,MIT-00044,ANT-00002953,2025-08-01,2037-08-01,12.0,2025-08-01,VIERTELJAEHRLICH,RECHNUNG,836.9,782.3,,83000.0,AKTIV,2025-08-01,,,,,NORMAL,0,pfefferminz,MINT,,2025-07-29,
VTR-00002954,,LV-RISK,LV,PL-2017,CH,CHF,PTR-00000998,VRM-00036,agentur,MIT-00044,ANT-00002954,2022-03-01,2037-03-01,15.0,2022-03-01,JAEHRLICH,RECHNUNG,1210.1,907.6,,64000.0,AKTIV,2022-03-01,,,,,ZUSCHLAG_1,0,pfefferminz,VERA,2025-11-15,2022-01-22,
VTR-00002955,,LV-RISK,LV,MZ-2020,DE,EUR,PTR-00000918,VRM-00028,direkt,MIT-00044,ANT-00002955,2021-06-01,2033-06-01,12.0,2021-06-01,VIERTELJAEHRLICH,EBILL,1161.62,837.53,,289000.0,AKTIV,2021-06-01,,,,,NORMAL,0,minzia,MINT,,2021-05-03,
VTR-00002956,,LV-RISK,LV,PZ-2025,DE,EUR,PTR-00000081,VRM-00010,makler,MIT-00008,ANT-00002956,2025-10-01,2038-10-01,13.0,2025-10-01,JAEHRLICH,RECHNUNG,1345.43,1268.23,,106000.0,AKTIV,2025-10-01,,,,,NORMAL,0,pfefferminz,MINT,,2025-09-04,
VTR-00002957,,LV-RISK,LV,PK-2007,CH,CHF,PTR-00000134,VRM-00025,agentur,MIT-00044,ANT-00002957,2008-06-01,2029-06-01,21.0,2008-06-01,JAEHRLICH,LASTSCHRIFT,8914.55,6685.9,,491000.0,AKTIV,2008-06-01,,,,,ZUSCHLAG_1,0,pfefferminz,VERA,2025-11-15,2008-04-27,
VTR-00002958,,LV-RISK,LV,MZ-2020,DE,EUR,PTR-00000913,VRM-00003,direkt,MIT-00044,ANT-00002958,2022-06-01,2046-06-01,24.0,2022-06-01,JAEHRLICH,RECHNUNG,120.0,84.0,,33000.0,AKTIV,2022-06-01,,,,,NORMAL,0,minzia,MINT,,2022-05-23,
VTR-00002959,,LV-RISK,LV,PK-2000,CH,CHF,PTR-00000608,VRM-00036,bank,MIT-00044,ANT-00002959,2003-04-01,2028-04-01,25.0,2003-04-01,JAEHRLICH,EBILL,957.9,718.4,,258000.0,STORNIERT,2016-12-15,2016-12-15,K12,,,NORMAL,0,pfefferminz,VERA,2025-11-15,2003-03-08,
VTR-00002960,,LV-RISK,LV,PZ-2025,DE,EUR,PTR-00000458,VRM-00010,makler,MIT-00044,ANT-00002960,2025-05-01,2038-05-01,13.0,2025-05-01,JAEHRLICH,RECHNUNG,2061.37,1442.96,,880000.0,AKTIV,2025-05-01,,,,,ZUSCHLAG_1,0,pfefferminz,MINT,,2025-03-23,
VTR-00002961,,LV-RISK,LV,MZ-2020,DE,EUR,PTR-00000136,VRM-00028,direkt,MIT-00044,ANT-00002961,2022-03-01,2042-03-01,20.0,2022-03-01,JAEHRLICH,LASTSCHRIFT,525.13,367.59,,139000.0,AKTIV,2022-03-01,,,,,NORMAL,0,minzia,MINT,,2022-02-28,
VTR-00002962,,LV-RISK,LV,PL-2017,CH,CHF,PTR-00000898,VRM-00031,agentur,MIT-00044,ANT-00002962,2018-06-01,2038-06-01,20.0,2018-06-01,JAEHRLICH,RECHNUNG,1656.4,1392.3,,69000.0,AKTIV,2018-06-01,,,,,ZUSCHLAG_1,0,pfefferminz,VERA,2025-11-15,2018-05-24,
VTR-00002963,,LV-RISK,LV,PL-2012,DE,EUR,PTR-00000876,VRM-00030,bank,MIT-00019,ANT-00002963,2013-10-01,2029-10-01,16.0,2013-10-01,JAEHRLICH,LASTSCHRIFT,854.96,598.47,,334000.0,STORNIERT,2017-12-06,2017-12-06,K12,,,NORMAL,0,pfefferminz,VERA,2025-11-15,2013-08-27,
VTR-00002964,,LV-RISK,LV,MZ-2020,DE,EUR,PTR-00000235,VRM-00020,direkt,MIT-00044,ANT-00002964,2024-10-01,2043-10-01,19.0,2024-10-01,JAEHRLICH,LASTSCHRIFT,583.06,408.14,,112000.0,AKTIV,2024-10-01,,,,,NORMAL,0,minzia,MINT,,2024-09-01,
VTR-00002965,,LV-RISK,LV,MZ-2020,DE,EUR,PTR-00000421,VRM-00028,direkt,MIT-00019,ANT-00002965,2024-03-01,2045-03-01,21.0,2024-03-01,JAEHRLICH,KREDITKARTE,317.58,222.3,,378000.0,AKTIV,2024-03-01,,,,,NORMAL,0,minzia,MINT,,2024-01-25,
VTR-00002967,,LV-RISK,LV,PL-2017,CH,CHF,PTR-00000617,VRM-00039,agentur,MIT-00044,ANT-00002967,2022-07-01,2042-07-01,20.0,2022-07-01,VIERTELJAEHRLICH,RECHNUNG,308.3,238.15,,102000.0,AKTIV,2022-07-01,,,,,NORMAL,0,pfefferminz,VERA,2025-11-15,2022-05-23,
VTR-00002968,,LV-RISK,LV,MZ-2020,DE,EUR,PTR-00000312,VRM-00003,direkt,MIT-00008,ANT-00002968,2021-01-01,2042-01-01,21.0,2021-01-01,JAEHRLICH,LASTSCHRIFT,2237.3,1876.26,,237000.0,RUECKKAUF,2024-10-10,2024-10-10,K14,,,NORMAL,0,minzia,MINT,,2020-11-29,
VTR-00002969,,LV-RISK,LV,PZ-2025,CH,CHF,PTR-00000527,VRM-00025,bank,MIT-00044,ANT-00002969,2025-11-01,2044-11-01,19.0,2025-11-01,HALBJAEHRLICH,RECHNUNG,381.9,292.15,,204000.0,AKTIV,2025-11-01,,,,,NORMAL,0,pfefferminz,MINT,,2025-10-01,
VTR-00002970,,LV-RISK,LV,PL-2012,DE,EUR,PTR-00000126,VRM-00002,makler,MIT-00019,ANT-00002970,2014-11-01,2039-11-01,25.0,2014-11-01,JAEHRLICH,RECHNUNG,982.83,885.89,,140000.0,AKTIV,2014-11-01,,,,,NORMAL,0,pfefferminz,VERA,2025-11-15,2014-10-14,
VTR-00002971,,LV-RISK,LV,PL-2012,CH,CHF,PTR-00000212,VRM-00014,makler,MIT-00044,ANT-00002971,2014-01-01,2031-01-01,17.0,2014-01-01,JAEHRLICH,RECHNUNG,7205.6,5404.2,,657000.0,AKTIV,2014-01-01,,,,,NORMAL,0,pfefferminz,VERA,2025-11-15,2013-11-27,
VTR-00002972,,LV-RISK,LV,PL-2017,CH,CHF,PTR-00000619,VRM-00025,agentur,MIT-00044,ANT-00002972,2019-12-01,2030-12-01,11.0,2019-12-01,JAEHRLICH,RECHNUNG,22748.65,17061.45,,942000.0,AKTIV,2019-12-01,,,,,NORMAL,0,pfefferminz,VERA,2025-11-15,2019-11-29,
VTR-00002973,,LV-RISK,LV,MZ-2020,DE,EUR,PTR-00000829,VRM-00028,direkt,MIT-00044,ANT-00002973,2023-03-01,2047-03-01,24.0,2023-03-01,HALBJAEHRLICH,EBILL,571.42,408.0,,146000.0,AKTIV,2023-03-01,,,,,NORMAL,0,minzia,MINT,,2023-01-23,
VTR-00002974,,LV-RISK,LV,PL-2017,DE,EUR,PTR-00000760,VRM-00021,makler,MIT-00008,ANT-00002974,2024-06-01,2048-06-01,24.0,2024-06-01,HALBJAEHRLICH,EBILL,421.79,301.16,,191000.0,AKTIV,2024-06-01,,,,,ZUSCHLAG_1,0,pfefferminz,VERA,2025-11-15,2024-05-05,
VTR-00002975,,LV-RISK,LV,PZ-2025,DE,EUR,PTR-00000761,VRM-00033,makler,MIT-00044,ANT-00002975,2025-03-01,2042-03-01,17.0,2025-03-01,JAEHRLICH,RECHNUNG,779.43,545.6,,414000.0,AKTIV,2025-03-01,,,,,NORMAL,0,pfefferminz,MINT,,2025-02-13,
VTR-00002976,,LV-RISK,LV,PK-2004,CH,CHF,PTR-00000735,VRM-00031,agentur,MIT-00044,ANT-00002976,2004-12-01,2015-12-01,11.0,2004-12-01,JAEHRLICH,LASTSCHRIFT,6732.4,5252.5,,514000.0,ABGELAUFEN,2015-12-01,2015-12-01,K15,,,NORMAL,0,pfefferminz,VERA,2025-11-15,2004-11-19,
VTR-00002977,,LV-RISK,LV,MZ-2020,CH,CHF,PTR-00000196,VRM-00017,direkt,MIT-00044,ANT-00002977,2022-07-01,2040-07-01,18.0,2022-07-01,JAEHRLICH,EBILL,1425.15,1364.25,,229000.0,AKTIV,2022-07-01,,,,,NORMAL,0,minzia,MINT,,2022-05-29,
VTR-00002978,,LV-RISK,LV,MZ-2020,DE,EUR,PTR-00000455,VRM-00013,direkt,MIT-00019,ANT-00002978,2023-04-01,2053-04-01,30.0,2023-04-01,JAEHRLICH,RECHNUNG,1380.51,966.36,,604000.0,AKTIV,2023-04-01,,,,,ZUSCHLAG_2,0,minzia,MINT,,2023-03-13,
VTR-00002979,,LV-RISK,LV,MZ-2020,DE,EUR,PTR-00000919,VRM-00019,direkt,MIT-00019,ANT-00002979,2020-08-01,2040-08-01,20.0,2020-08-01,JAEHRLICH,EBILL,627.14,568.23,,143000.0,AKTIV,2020-08-01,,,,,NORMAL,0,minzia,MINT,,2020-07-17,
VTR-00002980,,LV-RISK,LV,MZ-2020,DE,EUR,PTR-00000702,VRM-00003,direkt,MIT-00044,ANT-00002980,2024-10-01,2038-10-01,14.0,2024-10-01,JAEHRLICH,LASTSCHRIFT,2303.1,1612.17,,377000.0,AKTIV,2024-10-01,,,,,NORMAL,0,minzia,MINT,,2024-09-25,
VTR-00002981,,LV-RISK,LV,PL-2015,CH,CHF,PTR-00000663,VRM-00025,makler,MIT-00044,ANT-00002981,2015-04-01,2046-04-01,31.0,2015-04-01,JAEHRLICH,RECHNUNG,2000.55,1600.4,,585000.0,STORNIERT,2020-12-04,2020-12-04,K12,,,NORMAL,0,pfefferminz,VERA,2025-11-15,2015-03-15,
VTR-00002982,,LV-RISK,LV,PZ-2025,DE,EUR,PTR-00000885,VRM-00034,makler,MIT-00008,ANT-00002982,2025-10-01,2063-10-01,38.0,2025-10-01,VIERTELJAEHRLICH,LASTSCHRIFT,230.35,166.08,,169000.0,AKTIV,2025-10-01,,,,,NORMAL,0,pfefferminz,MINT,,2025-09-08,
VTR-00002983,,LV-RISK,LV,MZ-2020,DE,EUR,PTR-00000830,VRM-00028,direkt,MIT-00044,ANT-00002983,2020-10-01,2041-10-01,21.0,2020-10-01,JAEHRLICH,LASTSCHRIFT,2838.91,2491.23,,214000.0,AKTIV,2020-10-01,,,,,ZUSCHLAG_1,0,minzia,MINT,,2020-08-30,
VTR-00002984,,LV-RISK,LV,PK-95,DE,EUR,PTR-00000417,VRM-00010,makler,MIT-00044,ANT-00002984,1997-09-01,2018-09-01,21.0,1997-09-01,JAEHRLICH,LASTSCHRIFT,3151.18,2571.64,,706000.0,RUECKKAUF,2006-04-16,2006-04-16,K14,,,NORMAL,0,pfefferminz,VERA,2025-11-15,1997-08-14,
VTR-00002985,,LV-RISK,LV,PZ-2025,DE,EUR,PTR-00000852,VRM-00030,bank,MIT-00008,ANT-00002985,2025-12-01,2044-12-01,19.0,2025-12-01,JAEHRLICH,RECHNUNG,667.79,467.45,,264000.0,AKTIV,2025-12-01,,,,,NORMAL,0,pfefferminz,MINT,,2025-11-15,
VTR-00002986,,LV-RISK,LV,MZ-2020,CH,CHF,PTR-00000065,VRM-00014,direkt,MIT-00044,ANT-00002986,2023-03-01,2044-03-01,21.0,2023-03-01,JAEHRLICH,LASTSCHRIFT,346.7,260.0,,407000.0,AKTIV,2023-03-01,,,,,NORMAL,0,minzia,MINT,,2023-02-15,
VTR-00002987,,LV-RISK,LV,PL-2017,DE,EUR,PTR-00000315,VRM-00038,makler,MIT-00008,ANT-00002987,2023-05-01,2036-05-01,13.0,2023-05-01,JAEHRLICH,EBILL,1859.96,1557.91,,185000.0,AKTIV,2023-05-01,,,,,NORMAL,0,pfefferminz,VERA,2025-11-15,2023-04-09,
VTR-00002988,,LV-RISK,LV,PK-95,DE,EUR,PTR-00000426,VRM-00010,makler,MIT-00008,ANT-00002988,1997-02-01,2016-02-01,19.0,1997-02-01,JAEHRLICH,LASTSCHRIFT,475.18,332.62,,154000.0,RUECKKAUF,2009-10-04,2009-10-04,K14,,,NORMAL,0,pfefferminz,VERA,2025-11-15,1996-12-26,
VTR-00002989,,LV-RISK,LV,MZ-2020,DE,EUR,PTR-00000270,VRM-00013,direkt,MIT-00019,ANT-00002989,2024-05-01,2044-05-01,20.0,2024-05-01,JAEHRLICH,EBILL,1299.42,909.6,,260000.0,AKTIV,2024-05-01,,,,,ZUSCHLAG_2,0,minzia,MINT,,2024-04-26,
VTR-00002990,,LV-RISK,LV,MZ-2020,DE,EUR,PTR-00000813,VRM-00028,direkt,MIT-00044,ANT-00002990,2024-09-01,2029-09-01,5.0,2024-09-01,JAEHRLICH,LASTSCHRIFT,2951.0,2065.7,,150000.0,AKTIV,2024-09-01,,,,,NORMAL,0,minzia,MINT,,2024-07-25,
VTR-00002991,,LV-RISK,LV,PZ-2025,CH,CHF,PTR-00000867,VRM-00025,agentur,MIT-00044,ANT-00002991,2025-11-01,2048-11-01,23.0,2025-11-01,JAEHRLICH,LASTSCHRIFT,251.45,188.6,,150000.0,AKTIV,2025-11-01,,,,,NORMAL,0,pfefferminz,MINT,,2025-10-28,
VTR-00002992,,LV-RISK,LV,PK-2004,DE,EUR,PTR-00000522,VRM-00010,makler,MIT-00019,ANT-00002992,2006-11-01,2026-11-01,20.0,2006-11-01,VIERTELJAEHRLICH,EBILL,438.55,316.2,,146000.0,STORNIERT,2008-12-19,2008-12-19,K12,,,NORMAL,0,pfefferminz,VERA,2025-11-15,2006-10-05,
VTR-00002993,,LV-RISK,LV,PZ-2025,CH,CHF,PTR-00000808,VRM-00025,agentur,MIT-00044,ANT-00002993,2025-12-01,2042-12-01,17.0,2025-12-01,MONATLICH,LASTSCHRIFT,240.0,189.0,,101000.0,AKTIV,2025-12-01,,,,,NORMAL,0,pfefferminz,MINT,,2025-11-14,
VTR-00002994,,LV-RISK,LV,PK-2004,CH,CHF,PTR-00000624,VRM-00025,makler,MIT-00044,ANT-00002994,2006-09-01,2024-09-01,18.0,2006-09-01,JAEHRLICH,LASTSCHRIFT,764.8,573.6,,235000.0,RUECKKAUF,2012-12-25,2012-12-25,K14,,,NORMAL,0,pfefferminz,VERA,2025-11-15,2006-08-20,
VTR-00002995,,LV-RISK,LV,PL-2012,DE,EUR,PTR-00000851,VRM-00013,direkt,MIT-00044,ANT-00002995,2013-08-01,2041-08-01,28.0,2013-08-01,JAEHRLICH,EBILL,316.06,221.24,,70000.0,AKTIV,2013-08-01,,,,,ZUSCHLAG_1,0,pfefferminz,VERA,2025-11-15,2013-06-28,
VTR-00002996,,LV-RISK,LV,MZ-2020,DE,EUR,PTR-00000110,VRM-00013,direkt,MIT-00044,ANT-00002996,2022-05-01,2032-05-01,10.0,2022-05-01,JAEHRLICH,KREDITKARTE,539.42,377.59,,146000.0,RUECKKAUF,2024-04-27,2024-04-27,K14,,,NORMAL,0,minzia,MINT,,2022-04-28,
VTR-00002997,,LV-RISK,LV,MZ-2020,DE,EUR,PTR-00000813,VRM-00013,direkt,MIT-00008,ANT-00002997,2022-01-01,2027-01-01,5.0,2022-01-01,HALBJAEHRLICH,LASTSCHRIFT,4222.21,3322.66,,137000.0,AKTIV,2022-01-01,,,,,NORMAL,0,minzia,MINT,,2021-12-02,
VTR-00002998,,LV-RISK,LV,PK-2000,CH,CHF,PTR-00000554,VRM-00036,makler,MIT-00044,ANT-00002998,2002-04-01,2015-04-01,13.0,2002-04-01,JAEHRLICH,RECHNUNG,1331.25,998.4,,280000.0,RUECKKAUF,2013-12-08,2013-12-08,K14,,,NORMAL,0,pfefferminz,VERA,2025-11-15,2002-03-20,
VTR-00002999,,LV-RISK,LV,PL-2017,DE,EUR,PTR-00000472,VRM-00024,bank,MIT-00044,ANT-00002999,2021-12-01,2049-12-01,28.0,2021-12-01,VIERTELJAEHRLICH,RECHNUNG,266.6,192.22,,49000.0,AKTIV,2021-12-01,,,,,NORMAL,0,pfefferminz,VERA,2025-11-15,2021-11-07,
VTR-00003000,,LV-RISK,LV,MZ-2020,DE,EUR,PTR-00000717,VRM-00020,direkt,MIT-00019,ANT-00003000,2022-10-01,2034-10-01,12.0,2022-10-01,HALBJAEHRLICH,RECHNUNG,380.34,271.56,,289000.0,AKTIV,2022-10-01,,,,,NORMAL,0,minzia,MINT,,2022-09-18,
VTR-00003001,,LV-RISK,LV,PL-2015,CH,CHF,PTR-00000300,VRM-00026,makler,MIT-00044,ANT-00003001,2016-02-01,2036-02-01,20.0,2016-02-01,HALBJAEHRLICH,RECHNUNG,1230.0,940.95,,362000.0,AKTIV,2016-02-01,,,,,ZUSCHLAG_1,0,pfefferminz,VERA,2025-11-15,2016-01-16,
VTR-00003002,,LV-RISK,LV,PL-2017,CH,CHF,PTR-00000414,VRM-00017,makler,MIT-00044,ANT-00003002,2018-08-01,2023-08-01,5.0,2018-08-01,JAEHRLICH,LASTSCHRIFT,1644.95,1483.7,,98000.0,ABGELAUFEN,2023-08-01,2023-08-01,K15,,,NORMAL,0,pfefferminz,VERA,2025-11-15,2018-06-24,
VTR-00003003,,LV-RISK,LV,PL-2015,CH,CHF,PTR-00000786,VRM-00031,makler,MIT-00044,ANT-00003003,2015-12-01,2036-12-01,21.0,2015-12-01,HALBJAEHRLICH,EBILL,441.75,337.95,,140000.0,AKTIV,2015-12-01,,,,,NORMAL,0,pfefferminz,VERA,2025-11-15,2015-11-09,
VTR-00003004,,LV-RISK,LV,PL-2017,DE,EUR,PTR-00000872,VRM-00009,direkt,MIT-00044,ANT-00003004,2021-03-01,2030-03-01,9.0,2021-03-01,JAEHRLICH,RECHNUNG,3478.34,2697.34,,142000.0,AKTIV,2021-03-01,,,,,NORMAL,0,pfefferminz,VERA,2025-11-15,2021-02-28,
VTR-00003005,,LV-RISK,LV,PK-2007,CH,CHF,PTR-00000573,VRM-00011,agentur,MIT-00044,ANT-00003005,2011-06-01,2042-06-01,31.0,2011-06-01,JAEHRLICH,RECHNUNG,2211.05,1961.45,,335000.0,AKTIV,2011-06-01,,,,,ZUSCHLAG_1,0,pfefferminz,VERA,2025-11-15,2011-05-12,
VTR-00003006,,LV-RISK,LV,PZ-2025,CH,CHF,PTR-00000194,VRM-00031,bank,MIT-00044,ANT-00003006,2025-10-01,2038-10-01,13.0,2025-10-01,VIERTELJAEHRLICH,LASTSCHRIFT,412.1,318.35,,154000.0,AKTIV,2025-10-01,,,,,NORMAL,0,pfefferminz,MINT,,2025-09-23,
VTR-00003007,,LV-RISK,LV,PL-2017,CH,CHF,PTR-00000850,VRM-00014,bank,MIT-00044,ANT-00003007,2022-04-01,2038-04-01,16.0,2022-04-01,JAEHRLICH,EBILL,1040.25,780.2,,400000.0,STORNIERT,2023-09-24,2023-09-24,K12,,,NORMAL,0,pfefferminz,VERA,2025-11-15,2022-03-20,
VTR-00003008,,LV-RISK,LV,PK-2007,CH,CHF,PTR-00000118,VRM-00031,agentur,MIT-00044,ANT-00003008,2010-11-01,2035-11-01,25.0,2010-11-01,JAEHRLICH,LASTSCHRIFT,792.25,594.15,,367000.0,AKTIV,2010-11-01,,,,,NORMAL,0,pfefferminz,VERA,2025-11-15,2010-10-21,
VTR-00003009,,LV-RISK,LV,MZ-2020,DE,EUR,PTR-00000312,VRM-00013,direkt,MIT-00019,ANT-00003009,2020-08-01,2044-08-01,24.0,2020-08-01,JAEHRLICH,LASTSCHRIFT,276.49,193.54,,71000.0,AKTIV,2020-08-01,,,,,NORMAL,0,minzia,MINT,,2020-06-27,
VTR-00003010,,LV-RISK,LV,PL-2015,DE,EUR,PTR-00000182,VRM-00009,direkt,MIT-00044,ANT-00003010,2015-01-01,2027-01-01,12.0,2015-01-01,VIERTELJAEHRLICH,RECHNUNG,416.32,300.16,,75000.0,AKTIV,2015-01-01,,,,,NORMAL,0,pfefferminz,VERA,2025-11-15,2014-12-29,
VTR-00003013,,LV-RISK,LV,PK-2007,CH,CHF,PTR-00000658,VRM-00005,agentur,MIT-00044,ANT-00003013,2011-07-01,2028-07-01,17.0,2011-07-01,VIERTELJAEHRLICH,RECHNUNG,2981.35,2303.1,,476000.0,AKTIV,2011-07-01,,,,,NORMAL,0,pfefferminz,VERA,2025-11-15,2011-05-27,
VTR-00003014,,LV-RISK,LV,PL-2017,DE,EUR,PTR-00000904,VRM-00020,direkt,MIT-00019,ANT-00003014,2022-08-01,2040-08-01,18.0,2022-08-01,JAEHRLICH,RECHNUNG,2565.42,2123.92,,273000.0,AKTIV,2022-08-01,,,,,NORMAL,0,pfefferminz,VERA,2025-11-15,2022-07-03,
VTR-00003015,,LV-RISK,LV,MZ-2020,CH,CHF,PTR-00000166,VRM-00015,direkt,MIT-00044,ANT-00003015,2021-09-01,2042-09-01,21.0,2021-09-01,HALBJAEHRLICH,LASTSCHRIFT,779.85,716.9,,266000.0,AKTIV,2021-09-01,,,,,NORMAL,0,minzia,MINT,,2021-08-29,
VTR-00003017,,LV-RISK,LV,MZ-2020,DE,EUR,PTR-00000028,VRM-00020,direkt,MIT-00019,ANT-00003017,2020-07-01,2029-07-01,9.0,2020-07-01,JAEHRLICH,KREDITKARTE,120.0,84.0,,50000.0,AKTIV,2020-07-01,,,,,NORMAL,0,minzia,MINT,,2020-06-27,
VTR-00003018,,LV-RISK,LV,PZ-2025,DE,EUR,PTR-00000470,VRM-00013,direkt,MIT-00008,ANT-00003018,2025-12-01,2061-12-01,36.0,2025-12-01,JAEHRLICH,LASTSCHRIFT,2678.69,1875.08,,1112000.0,AKTIV,2025-12-01,,,,,ZUSCHLAG_1,0,pfefferminz,MINT,,2025-11-06,
VTR-00003019,,LV-RISK,LV,PK-2007,DE,EUR,PTR-00000094,VRM-00010,makler,MIT-00044,ANT-00003019,2010-03-01,2050-03-01,40.0,2010-03-01,JAEHRLICH,RECHNUNG,3458.51,3097.38,,404000.0,RUECKKAUF,2024-10-23,2024-10-23,K14,,,NORMAL,0,pfefferminz,VERA,2025-11-15,2010-02-16,
VTR-00003020,,LV-RISK,LV,PL-2017,CH,CHF,PTR-00000511,VRM-00025,agentur,MIT-00044,ANT-00003020,2023-08-01,2058-08-01,35.0,2023-08-01,JAEHRLICH,EBILL,1470.05,1102.5,,822000.0,AKTIV,2023-08-01,,,,,NORMAL,0,pfefferminz,VERA,2025-11-15,2023-07-14,
VTR-00003022,,LV-RISK,LV,PL-2017,CH,CHF,PTR-00000992,VRM-00040,agentur,MIT-00044,ANT-00003022,2021-04-01,2034-04-01,13.0,2021-04-01,JAEHRLICH,LASTSCHRIFT,2953.8,2455.35,,818000.0,RUECKKAUF,2022-10-22,2022-10-22,K14,,,NORMAL,0,pfefferminz,VERA,2025-11-15,2021-03-15,
VTR-00003023,,LV-RISK,LV,PK-2007,DE,EUR,PTR-00000906,VRM-00003,direkt,MIT-00008,ANT-00003023,2009-01-01,2019-01-01,10.0,2009-01-01,JAEHRLICH,RECHNUNG,2604.72,2221.2,,258000.0,ABGELAUFEN,2019-01-01,2019-01-01,K15,,,NORMAL,0,pfefferminz,VERA,2025-11-15,2008-12-29,
VTR-00003024,,LV-RISK,LV,PK-2004,CH,CHF,PTR-00000117,VRM-00036,makler,MIT-00044,ANT-00003024,2005-05-01,2031-05-01,26.0,2005-05-01,HALBJAEHRLICH,EBILL,1032.55,789.9,,467000.0,RUECKKAUF,2007-11-13,2007-11-13,K14,,,NORMAL,0,pfefferminz,VERA,2025-11-15,2005-04-30,
VTR-00003025,,LV-RISK,LV,MZ-2020,DE,EUR,PTR-00000802,VRM-00019,direkt,MIT-00019,ANT-00003025,2021-04-01,2033-04-01,12.0,2021-04-01,JAEHRLICH,LASTSCHRIFT,2288.73,1989.81,,117000.0,AKTIV,2021-04-01,,,,,NORMAL,0,minzia,MINT,,2021-03-30,
VTR-00003026,,LV-RISK,LV,PK-2000,DE,EUR,PTR-00000692,VRM-00034,makler,MIT-00044,ANT-00003026,2000-09-01,2019-09-01,19.0,2000-09-01,JAEHRLICH,RECHNUNG,738.81,517.17,,222000.0,ABGELAUFEN,2019-09-01,2019-09-01,K15,,,ZUSCHLAG_1,0,pfefferminz,VERA,2025-11-15,2000-08-04,
VTR-00003027,,LV-RISK,LV,PL-2017,CH,CHF,PTR-00000602,VRM-00031,agentur,MIT-00044,ANT-00003027,2022-12-01,2050-12-01,28.0,2022-12-01,JAEHRLICH,RECHNUNG,1011.3,758.45,,498000.0,AKTIV,2022-12-01,,,,,NORMAL,0,pfefferminz,VERA,2025-11-15,2022-11-10,
VTR-00003029,,LV-RISK,LV,MZ-2020,DE,EUR,PTR-00000320,VRM-00028,direkt,MIT-00044,ANT-00003029,2023-10-01,2040-10-01,17.0,2023-10-01,JAEHRLICH,LASTSCHRIFT,1269.07,888.35,,170000.0,AKTIV,2023-10-01,,,,,NORMAL,0,minzia,MINT,,2023-09-14,
VTR-00003031,,LV-RISK,LV,MZ-2020,CH,CHF,PTR-00000968,VRM-00014,direkt,MIT-00044,ANT-00003031,2020-10-01,2042-10-01,22.0,2020-10-01,HALBJAEHRLICH,KREDITKARTE,1877.95,1436.65,,395000.0,STORNIERT,2024-03-05,2024-03-05,K12,,,NORMAL,0,minzia,MINT,,2020-09-24,
VTR-00003032,,LV-RISK,LV,MZ-2020,DE,EUR,PTR-00000742,VRM-00019,direkt,MIT-00044,ANT-00003032,2024-09-01,2048-09-01,24.0,2024-09-01,JAEHRLICH,KREDITKARTE,401.64,281.15,,58000.0,AKTIV,2024-09-01,,,,,NORMAL,0,minzia,MINT,,2024-08-29,
VTR-00003033,,LV-RISK,LV,PL-2015,CH,CHF,PTR-00000174,VRM-00017,direkt,MIT-00044,ANT-00003033,2015-05-01,2027-05-01,12.0,2015-05-01,JAEHRLICH,EBILL,6793.1,5294.85,,896000.0,AKTIV,2015-05-01,,,,,NORMAL,0,pfefferminz,VERA,2025-11-15,2015-04-26,
VTR-00003034,,LV-RISK,LV,MZ-2020,DE,EUR,PTR-00000453,VRM-00003,direkt,MIT-00008,ANT-00003034,2020-12-01,2038-12-01,18.0,2020-12-01,VIERTELJAEHRLICH,EBILL,120.0,86.52,,67000.0,RUECKKAUF,2024-10-09,2024-10-09,K14,,,NORMAL,0,minzia,MINT,,2020-11-22,
VTR-00003035,,LV-RISK,LV,MZ-2020,DE,EUR,PTR-00000204,VRM-00020,direkt,MIT-00008,ANT-00003035,2024-06-01,2049-06-01,25.0,2024-06-01,JAEHRLICH,LASTSCHRIFT,673.18,471.23,,393000.0,AKTIV,2024-06-01,,,,,NORMAL,0,minzia,MINT,,2024-05-10,
VTR-00003038,,LV-RISK,LV,PK-2004,CH,CHF,PTR-00000443,VRM-00040,makler,MIT-00044,ANT-00003038,2006-02-01,2041-02-01,35.0,2006-02-01,JAEHRLICH,EBILL,920.1,690.05,,476000.0,RUECKKAUF,2008-04-08,2008-04-08,K14,,,NORMAL,0,pfefferminz,VERA,2025-11-15,2005-12-27,
VTR-00003039,,LV-RISK,LV,MZ-2020,DE,EUR,PTR-00000899,VRM-00020,direkt,MIT-00008,ANT-00003039,2021-07-01,2028-07-01,7.0,2021-07-01,VIERTELJAEHRLICH,LASTSCHRIFT,7319.86,5638.17,,262000.0,RUECKKAUF,2022-04-21,2022-04-21,K14,,,ZUSCHLAG_1,0,minzia,MINT,,2021-06-08,
VTR-00003040,,LV-RISK,LV,PL-2017,CH,CHF,PTR-00000452,VRM-00005,agentur,MIT-00044,ANT-00003040,2020-02-01,2042-02-01,22.0,2020-02-01,JAEHRLICH,RECHNUNG,493.55,370.15,,261000.0,AKTIV,2020-02-01,,,,,NORMAL,0,pfefferminz,VERA,2025-11-15,2020-01-26,
VTR-00003041,,LV-RISK,LV,PZ-2025,DE,EUR,PTR-00000462,VRM-00009,direkt,MIT-00008,ANT-00003041,2025-11-01,2048-11-01,23.0,2025-11-01,VIERTELJAEHRLICH,LASTSCHRIFT,120.0,86.52,,77000.0,AKTIV,2025-11-01,,,,,NORMAL,0,minzia,MINT,,2025-10-29,
VTR-00003042,,LV-RISK,LV,PK-2004,DE,EUR,PTR-00000274,VRM-00013,direkt,MIT-00008,ANT-00003042,2006-12-01,2033-12-01,27.0,2006-12-01,JAEHRLICH,EBILL,1702.78,1351.95,,651000.0,STORNIERT,2008-04-20,2008-04-20,K12,,,NORMAL,0,pfefferminz,VERA,2025-11-15,2006-11-07,
VTR-00003043,,LV-RISK,LV,PK-2000,DE,EUR,PTR-00000770,VRM-00024,bank,MIT-00044,ANT-00003043,2002-10-01,2017-10-01,15.0,2002-10-01,JAEHRLICH,RECHNUNG,3277.31,2294.12,,776000.0,ABGELAUFEN,2017-10-01,2017-10-01,K15,,,NORMAL,0,pfefferminz,VERA,2025-11-15,2002-09-16,
VTR-00003044,,LV-RISK,LV,PZ-2025,DE,EUR,PTR-00000941,VRM-00003,direkt,MIT-00019,ANT-00003044,2025-08-01,2045-08-01,20.0,2025-08-01,HALBJAEHRLICH,RECHNUNG,691.81,493.95,,485000.0,AKTIV,2025-08-01,,,,,NORMAL,0,pfefferminz,MINT,,2025-07-11,
VTR-00003045,,LV-RISK,LV,PK-2000,CH,CHF,PTR-00000665,VRM-00005,agentur,MIT-00044,ANT-00003045,2001-08-01,2022-08-01,21.0,2001-08-01,JAEHRLICH,LASTSCHRIFT,1896.85,1422.65,,624000.0,STORNIERT,2003-05-21,2003-05-21,K12,,,NORMAL,0,pfefferminz,VERA,2025-11-15,2001-07-19,
VTR-00003046,,LV-RISK,LV,MZ-2020,DE,EUR,PTR-00000110,VRM-00013,direkt,MIT-00019,ANT-00003046,2021-08-01,2048-08-01,27.0,2021-08-01,HALBJAEHRLICH,KREDITKARTE,1747.76,1247.9,,288000.0,AKTIV,2021-08-01,,,,,NORMAL,0,minzia,MINT,,2021-06-30,
VTR-00003047,,LV-RISK,LV,MZ-2020,CH,CHF,PTR-00000700,VRM-00014,direkt,MIT-00044,ANT-00003047,2023-12-01,2039-12-01,16.0,2023-12-01,JAEHRLICH,LASTSCHRIFT,6977.45,5233.1,,697000.0,AKTIV,2023-12-01,,,,,NORMAL,0,minzia,MINT,,2023-10-27,
VTR-00003048,,LV-RISK,LV,PZ-2025,CH,CHF,PTR-00000046,VRM-00005,bank,MIT-00044,ANT-00003048,2025-12-01,2051-12-01,26.0,2025-12-01,JAEHRLICH,EBILL,359.2,269.4,,293000.0,AKTIV,2025-12-01,,,,,NORMAL,0,pfefferminz,MINT,,2025-11-25,
VTR-00003049,,LV-RISK,LV,MZ-2020,DE,EUR,PTR-00000606,VRM-00029,direkt,MIT-00019,ANT-00003049,2023-03-01,2042-03-01,19.0,2023-03-01,JAEHRLICH,LASTSCHRIFT,216.61,151.63,,186000.0,AKTIV,2023-03-01,,,,,NORMAL,0,minzia,MINT,,2023-02-19,
VTR-00003050,,LV-RISK,LV,MZ-2020,DE,EUR,PTR-00000711,VRM-00003,direkt,MIT-00008,ANT-00003050,2024-01-01,2045-01-01,21.0,2024-01-01,MONATLICH,EBILL,187.03,137.47,,231000.0,AKTIV,2024-01-01,,,,,NORMAL,0,minzia,MINT,,2023-12-22,
VTR-00003051,,LV-RISK,LV,PZ-2025,CH,CHF,PTR-00000896,VRM-00031,agentur,MIT-00044,ANT-00003051,2025-12-01,2037-12-01,12.0,2025-12-01,HALBJAEHRLICH,RECHNUNG,355.35,271.85,,151000.0,AKTIV,2025-12-01,,,,,NORMAL,0,pfefferminz,MINT,,2025-11-23,
VTR-00003053,,LV-RISK,LV,PL-2017,CH,CHF,PTR-00000360,VRM-00017,bank,MIT-00044,ANT-00003053,2018-07-01,2040-07-01,22.0,2018-07-01,JAEHRLICH,LASTSCHRIFT,536.95,402.7,,60000.0,RUECKKAUF,2020-11-18,2020-11-18,K14,,,NORMAL,0,pfefferminz,VERA,2025-11-15,2018-05-26,
VTR-00003054,,LV-RISK,LV,MZ-2020,DE,EUR,PTR-00000039,VRM-00019,direkt,MIT-00008,ANT-00003054,2020-08-01,2047-08-01,27.0,2020-08-01,VIERTELJAEHRLICH,LASTSCHRIFT,857.03,762.14,,353000.0,AKTIV,2020-08-01,,,,,NORMAL,0,minzia,MINT,,2020-07-11,
VTR-00003055,,LV-RISK,LV,MZ-2020,CH,CHF,PTR-00000640,VRM-00014,direkt,MIT-00044,ANT-00003055,2021-11-01,2030-11-01,9.0,2021-11-01,JAEHRLICH,LASTSCHRIFT,7578.8,5782.6,,1332000.0,RUECKKAUF,2024-04-22,2024-04-22,K14,,,NORMAL,0,minzia,MINT,,2021-10-11,
VTR-00003056,,LV-RISK,LV,PL-2017,CH,CHF,PTR-00000380,VRM-00031,agentur,MIT-00044,ANT-00003056,2021-10-01,2036-10-01,15.0,2021-10-01,JAEHRLICH,LASTSCHRIFT,5851.1,4388.35,,460000.0,AKTIV,2021-10-01,,,,,NORMAL,0,pfefferminz,VERA,2025-11-15,2021-09-05,
VTR-00003057,,LV-RISK,LV,PL-2012,CH,CHF,PTR-00000105,VRM-00026,agentur,MIT-00044,ANT-00003057,2014-12-01,2037-12-01,23.0,2014-12-01,HALBJAEHRLICH,EBILL,682.2,521.85,,359000.0,AKTIV,2014-12-01,,,,,NORMAL,0,pfefferminz,VERA,2025-11-15,2014-11-17,
VTR-00003058,,LV-RISK,LV,PL-2017,CH,CHF,PTR-00000451,VRM-00031,agentur,MIT-00044,ANT-00003058,2020-12-01,2027-12-01,7.0,2020-12-01,JAEHRLICH,LASTSCHRIFT,7551.7,5663.8,,659000.0,AKTIV,2020-12-01,,,,,NORMAL,0,pfefferminz,VERA,2025-11-15,2020-11-22,
VTR-00003059,,LV-RISK,LV,MZ-2020,DE,EUR,PTR-00000231,VRM-00003,direkt,MIT-00044,ANT-00003059,2023-11-01,2056-11-01,33.0,2023-11-01,VIERTELJAEHRLICH,KREDITKARTE,2323.92,1867.84,,280000.0,AKTIV,2023-11-01,,,,,NORMAL,0,minzia,MINT,,2023-10-15,
VTR-00003060,,LV-RISK,LV,MZ-2020,CH,CHF,PTR-00000861,VRM-00015,direkt,MIT-00044,ANT-00003060,2024-03-01,2044-03-01,20.0,2024-03-01,HALBJAEHRLICH,LASTSCHRIFT,393.7,301.2,,108000.0,AKTIV,2024-03-01,,,,,NORMAL,0,minzia,MINT,,2024-01-30,
VTR-00003061,,LV-RISK,LV,PL-2017,CH,CHF,PTR-00000784,VRM-00005,agentur,MIT-00044,ANT-00003061,2023-11-01,2030-11-01,7.0,2023-11-01,JAEHRLICH,RECHNUNG,2287.4,1865.55,,84000.0,AKTIV,2023-11-01,,,,,NORMAL,0,pfefferminz,VERA,2025-11-15,2023-09-26,
VTR-00003062,,LV-RISK,LV,MZ-2020,DE,EUR,PTR-00000923,VRM-00019,direkt,MIT-00044,ANT-00003062,2024-04-01,2041-04-01,17.0,2024-04-01,JAEHRLICH,LASTSCHRIFT,426.28,298.4,,265000.0,AKTIV,2024-04-01,,,,,NORMAL,0,minzia,MINT,,2024-03-06,
VTR-00003063,,LV-RISK,LV,PL-2017,CH,CHF,PTR-00000686,VRM-00031,agentur,MIT-00044,ANT-00003063,2023-10-01,2029-10-01,6.0,2023-10-01,VIERTELJAEHRLICH,RECHNUNG,9956.4,7691.35,,612000.0,AKTIV,2023-10-01,,,,,NORMAL,0,pfefferminz,VERA,2025-11-15,2023-09-01,
VTR-00003064,,LV-RISK,LV,MZ-2020,CH,CHF,PTR-00000480,VRM-00017,direkt,MIT-00044,ANT-00003064,2021-07-01,2032-07-01,11.0,2021-07-01,JAEHRLICH,LASTSCHRIFT,240.0,180.0,,50000.0,AKTIV,2021-07-01,,,,,NORMAL,0,minzia,MINT,,2021-06-21,
VTR-00003065,,LV-RISK,LV,MZ-2020,DE,EUR,PTR-00000580,VRM-00019,direkt,MIT-00008,ANT-00003065,2022-05-01,2033-05-01,11.0,2022-05-01,JAEHRLICH,LASTSCHRIFT,879.24,615.47,,459000.0,AKTIV,2022-05-01,,,,,NORMAL,0,minzia,MINT,,2022-04-20,
VTR-00003066,,LV-RISK,LV,MZ-2020,DE,EUR,PTR-00000455,VRM-00028,direkt,MIT-00019,ANT-00003066,2024-08-01,2040-08-01,16.0,2024-08-01,JAEHRLICH,EBILL,350.49,245.34,,270000.0,AKTIV,2024-08-01,,,,,NORMAL,0,minzia,MINT,,2024-07-09,
VTR-00003067,,LV-RISK,LV,MZ-2020,CH,CHF,PTR-00000100,VRM-00014,direkt,MIT-00044,ANT-00003067,2022-01-01,2040-01-01,18.0,2022-01-01,JAEHRLICH,LASTSCHRIFT,1314.05,1143.05,,760000.0,AKTIV,2022-01-01,,,,,NORMAL,0,minzia,MINT,,2021-12-07,
VTR-00003068,,LV-RISK,LV,PZ-2025,DE,EUR,PTR-00000138,VRM-00035,makler,MIT-00008,ANT-00003068,2025-12-01,2048-12-01,23.0,2025-12-01,VIERTELJAEHRLICH,LASTSCHRIFT,516.96,372.72,,173000.0,AKTIV,2025-12-01,,,,,NORMAL,0,pfefferminz,MINT,,2025-11-30,
VTR-00003069,,LV-RISK,LV,PZ-2025,DE,EUR,PTR-00000776,VRM-00013,direkt,MIT-00044,ANT-00003069,2025-11-01,2036-11-01,11.0,2025-11-01,JAEHRLICH,RECHNUNG,1170.43,819.3,,523000.0,AKTIV,2025-11-01,,,,,NORMAL,0,pfefferminz,MINT,,2025-09-30,
VTR-00003070,,LV-RISK,LV,PK-2007,CH,CHF,PTR-00000301,VRM-00026,makler,MIT-00044,ANT-00003070,2009-11-01,2026-11-01,17.0,2009-11-01,JAEHRLICH,EBILL,1012.55,759.45,,334000.0,RUECKKAUF,2012-10-26,2012-10-26,K14,,,NORMAL,0,pfefferminz,VERA,2025-11-15,2009-10-28,
VTR-00003071,,LV-RISK,LV,PL-2012,CH,CHF,PTR-00000173,VRM-00012,agentur,MIT-00044,ANT-00003071,2013-04-01,2025-04-01,12.0,2013-04-01,HALBJAEHRLICH,KREDITKARTE,4421.1,3382.1,,323000.0,ABGELAUFEN,2025-04-01,2025-04-01,K15,,,NORMAL,0,pfefferminz,VERA,2025-11-15,2013-03-06,
VTR-00003072,,LV-RISK,LV,PL-2017,DE,EUR,PTR-00000238,VRM-00010,makler,MIT-00044,ANT-00003072,2018-08-01,2035-08-01,17.0,2018-08-01,JAEHRLICH,RECHNUNG,1030.48,721.34,,213000.0,AKTIV,2018-08-01,,,,,ZUSCHLAG_1,0,pfefferminz,VERA,2025-11-15,2018-07-29,
VTR-00003073,,LV-RISK,LV,PL-2012,DE,EUR,PTR-00000140,VRM-00006,makler,MIT-00019,ANT-00003073,2013-09-01,2033-09-01,20.0,2013-09-01,VIERTELJAEHRLICH,RECHNUNG,901.75,748.32,,127000.0,AKTIV,2013-09-01,,,,,NORMAL,0,pfefferminz,VERA,2025-11-15,2013-07-31,
VTR-00003074,,LV-RISK,LV,PL-2017,CH,CHF,PTR-00000247,VRM-00039,agentur,MIT-00044,ANT-00003074,2021-02-01,2041-02-01,20.0,2021-02-01,HALBJAEHRLICH,RECHNUNG,4389.1,3357.7,,532000.0,AKTIV,2021-02-01,,,,,NORMAL,0,pfefferminz,VERA,2025-11-15,2021-01-31,
VTR-00003075,,LV-RISK,LV,MZ-2020,DE,EUR,PTR-00000151,VRM-00019,direkt,MIT-00044,ANT-00003075,2024-09-01,2037-09-01,13.0,2024-09-01,VIERTELJAEHRLICH,RECHNUNG,120.0,86.52,,32000.0,AKTIV,2024-09-01,,,,,NORMAL,0,minzia,MINT,,2024-07-27,
VTR-00003076,,LV-RISK,LV,MZ-2020,CH,CHF,PTR-00000103,VRM-00014,direkt,MIT-00044,ANT-00003076,2021-10-01,2035-10-01,14.0,2021-10-01,JAEHRLICH,EBILL,1252.5,1087.05,,93000.0,AKTIV,2021-10-01,,,,,NORMAL,0,minzia,MINT,,2021-09-05,
VTR-00003077,,LV-RISK,LV,PL-2012,DE,EUR,PTR-00000649,VRM-00009,direkt,MIT-00019,ANT-00003077,2013-04-01,2033-04-01,20.0,2013-04-01,JAEHRLICH,RECHNUNG,3845.19,2691.64,,424000.0,STORNIERT,2020-01-01,2020-01-01,K12,,,ZUSCHLAG_1,0,pfefferminz,VERA,2025-11-15,2013-03-02,
VTR-00003078,,LV-RISK,LV,MZ-2020,DE,EUR,PTR-00000402,VRM-00028,direkt,MIT-00008,ANT-00003078,2020-09-01,2050-09-01,30.0,2020-09-01,JAEHRLICH,LASTSCHRIFT,1134.12,793.89,,909000.0,AKTIV,2020-09-01,,,,,NORMAL,0,minzia,MINT,,2020-08-11,
VTR-00003079,,LV-RISK,LV,PL-2017,CH,CHF,PTR-00000965,VRM-00040,makler,MIT-00044,ANT-00003079,2024-05-01,2057-05-01,33.0,2024-05-01,JAEHRLICH,LASTSCHRIFT,667.1,500.3,,179000.0,AKTIV,2024-05-01,,,,,NORMAL,0,pfefferminz,VERA,2025-11-15,2024-04-17,
VTR-00003080,,LV-RISK,LV,PZ-2025,DE,EUR,PTR-00000076,VRM-00013,direkt,MIT-00044,ANT-00003080,2025-07-01,2062-07-01,37.0,2025-07-01,HALBJAEHRLICH,RECHNUNG,137.25,98.0,,95000.0,AKTIV,2025-07-01,,,,,NORMAL,0,pfefferminz,MINT,,2025-06-13,
VTR-00003081,,LV-RISK,LV,PZ-2025,DE,EUR,PTR-00000598,VRM-00001,direkt,MIT-00044,ANT-00003081,2025-03-01,2047-03-01,22.0,2025-03-01,JAEHRLICH,EBILL,179.47,125.64,,123000.0,AKTIV,2025-03-01,,,,,NORMAL,0,pfefferminz,MINT,,2025-02-04,
VTR-00003082,,LV-RISK,LV,PK-2000,DE,EUR,PTR-00000732,VRM-00035,makler,MIT-00044,ANT-00003082,2003-07-01,2019-07-01,16.0,2003-07-01,JAEHRLICH,RECHNUNG,709.69,496.78,,176000.0,RUECKKAUF,2009-08-06,2009-08-06,K14,,,NORMAL,0,pfefferminz,VERA,2025-11-15,2003-06-04,
VTR-00003083,,LV-RISK,LV,PZ-2025,CH,CHF,PTR-00000529,VRM-00004,agentur,MIT-00044,ANT-00003083,2025-10-01,2045-10-01,20.0,2025-10-01,JAEHRLICH,RECHNUNG,498.25,373.65,,365000.0,AKTIV,2025-10-01,,,,,NORMAL,0,pfefferminz,MINT,,2025-09-28,
VTR-00003084,,LV-RISK,LV,PZ-2025,DE,EUR,PTR-00000350,VRM-00032,makler,MIT-00008,ANT-00003084,2025-11-01,2037-11-01,12.0,2025-11-01,JAEHRLICH,RECHNUNG,484.91,339.44,,227000.0,AKTIV,2025-11-01,,,,,NORMAL,0,pfefferminz,MINT,,2025-10-14,
VTR-00003085,,LV-RISK,LV,PK-95,CH,CHF,PTR-00000611,VRM-00012,bank,MIT-00044,ANT-00003085,1997-09-01,2027-09-01,30.0,1997-09-01,JAEHRLICH,LASTSCHRIFT,3711.8,3182.15,,620000.0,RUECKKAUF,2013-10-14,2013-10-14,K14,,,NORMAL,0,pfefferminz,VERA,2025-11-15,1997-08-05,
VTR-00003086,,LV-RISK,LV,PL-2017,DE,EUR,PTR-00000181,VRM-00019,direkt,MIT-00044,ANT-00003086,2017-08-01,2035-08-01,18.0,2017-08-01,JAEHRLICH,LASTSCHRIFT,4267.91,3315.66,,852000.0,RUECKKAUF,2019-03-01,2019-03-01,K14,,,NORMAL,0,pfefferminz,VERA,2025-11-15,2017-06-29,
VTR-00003087,,LV-RISK,LV,PL-2017,DE,EUR,PTR-00000478,VRM-00008,bank,MIT-00019,ANT-00003087,2021-09-01,2041-09-01,20.0,2021-09-01,HALBJAEHRLICH,LASTSCHRIFT,702.88,501.86,,291000.0,AKTIV,2021-09-01,,,,,NORMAL,0,pfefferminz,VERA,2025-11-15,2021-08-30,
VTR-00003088,,LV-RISK,LV,PZ-2025,DE,EUR,PTR-00000352,VRM-00010,makler,MIT-00008,ANT-00003088,2025-05-01,2036-05-01,11.0,2025-05-01,JAEHRLICH,LASTSCHRIFT,448.49,313.94,,194000.0,AKTIV,2025-05-01,,,,,NORMAL,0,pfefferminz,MINT,,2025-04-24,
VTR-00003089,,LV-RISK,LV,MZ-2020,DE,EUR,PTR-00000809,VRM-00001,direkt,MIT-00008,ANT-00003089,2024-08-01,2050-08-01,26.0,2024-08-01,JAEHRLICH,RECHNUNG,846.38,592.47,,496000.0,AKTIV,2024-08-01,,,,,NORMAL,0,minzia,MINT,,2024-07-29,
VTR-00003090,,LV-RISK,LV,PK-2007,DE,EUR,PTR-00000696,VRM-00010,makler,MIT-00044,ANT-00003090,2009-12-01,2026-12-01,17.0,2009-12-01,JAEHRLICH,LASTSCHRIFT,2540.47,2043.59,,533000.0,RUECKKAUF,2011-04-11,2011-04-11,K14,,,NORMAL,0,pfefferminz,VERA,2025-11-15,2009-11-09,
VTR-00003091,,LV-RISK,LV,PZ-2025,DE,EUR,PTR-00000267,VRM-00020,direkt,MIT-00044,ANT-00003091,2025-07-01,2053-07-01,28.0,2025-07-01,JAEHRLICH,LASTSCHRIFT,197.59,138.32,,151000.0,AKTIV,2025-07-01,,,,,NORMAL,0,minzia,MINT,,2025-06-30,
VTR-00003092,,LV-RISK,LV,PL-2017,DE,EUR,PTR-00000364,VRM-00028,direkt,MIT-00044,ANT-00003092,2022-10-01,2044-10-01,22.0,2022-10-01,JAEHRLICH,EBILL,1106.46,971.4,,234000.0,AKTIV,2022-10-01,,,,,NORMAL,0,pfefferminz,VERA,2025-11-15,2022-09-03,
VTR-00003093,,LV-RISK,LV,PL-2017,DE,EUR,PTR-00000783,VRM-00032,makler,MIT-00044,ANT-00003093,2024-07-01,2050-07-01,26.0,2024-07-01,JAEHRLICH,EBILL,2201.05,1737.61,,411000.0,AKTIV,2024-07-01,,,,,NORMAL,0,pfefferminz,VERA,2025-11-15,2024-06-28,
VTR-00003094,,LV-RISK,LV,PK-2007,CH,CHF,PTR-00000293,VRM-00005,agentur,MIT-00044,ANT-00003094,2011-08-01,2045-08-01,34.0,2011-08-01,HALBJAEHRLICH,LASTSCHRIFT,402.45,307.85,,193000.0,AKTIV,2011-08-01,,,,,NORMAL,0,pfefferminz,VERA,2025-11-15,2011-07-25,
VTR-00003095,,LV-RISK,LV,PL-2017,CH,CHF,PTR-00000910,VRM-00014,bank,MIT-00044,ANT-00003095,2023-11-01,2033-11-01,10.0,2023-11-01,JAEHRLICH,RECHNUNG,2930.9,2198.2,,240000.0,AKTIV,2023-11-01,,,,,NORMAL,0,pfefferminz,VERA,2025-11-15,2023-10-19,
VTR-00003096,,LV-RISK,LV,PK-2007,DE,EUR,PTR-00000086,VRM-00003,direkt,MIT-00019,ANT-00003096,2007-05-01,2028-05-01,21.0,2007-05-01,HALBJAEHRLICH,RECHNUNG,330.18,235.75,,117000.0,AKTIV,2007-05-01,,,,,ZUSCHLAG_1,0,pfefferminz,VERA,2025-11-15,2007-03-29,
VTR-00003098,,LV-RISK,LV,MZ-2020,DE,EUR,PTR-00000697,VRM-00028,direkt,MIT-00008,ANT-00003098,2020-09-01,2027-09-01,7.0,2020-09-01,JAEHRLICH,RECHNUNG,186.65,130.66,,47000.0,AKTIV,2020-09-01,,,,,ZUSCHLAG_1,0,minzia,MINT,,2020-08-05,
VTR-00003099,,LV-RISK,LV,MZ-2020,CH,CHF,PTR-00000562,VRM-00017,direkt,MIT-00044,ANT-00003099,2022-05-01,2045-05-01,23.0,2022-05-01,JAEHRLICH,RECHNUNG,1339.45,1004.6,,306000.0,AKTIV,2022-05-01,,,,,NORMAL,0,minzia,MINT,,2022-03-23,
VTR-00003100,,LV-RISK,LV,PL-2017,DE,EUR,PTR-00000090,VRM-00030,bank,MIT-00044,ANT-00003100,2022-07-01,2051-07-01,29.0,2022-07-01,HALBJAEHRLICH,EBILL,1614.24,1527.94,,177000.0,AKTIV,2022-07-01,,,,,NORMAL,0,pfefferminz,VERA,2025-11-15,2022-06-23,
VTR-00003101,,LV-RISK,LV,PL-2017,CH,CHF,PTR-00000276,VRM-00040,agentur,MIT-00044,ANT-00003101,2017-03-01,2046-03-01,29.0,2017-03-01,JAEHRLICH,RECHNUNG,680.3,510.25,,462000.0,LEISTUNG_ERBRACHT,2024-04-27,2024-04-27,K16,,,NORMAL,0,pfefferminz,VERA,2025-11-15,2017-02-08,
VTR-00003102,,LV-RISK,LV,PL-2012,CH,CHF,PTR-00000938,VRM-00031,bank,MIT-00044,ANT-00003102,2012-02-01,2034-02-01,22.0,2012-02-01,JAEHRLICH,RECHNUNG,2172.25,1629.15,,762000.0,AKTIV,2012-02-01,,,,,NORMAL,0,pfefferminz,VERA,2025-11-15,2012-01-25,
VTR-00003103,,LV-RISK,LV,PL-2017,CH,CHF,PTR-00000381,VRM-00031,agentur,MIT-00044,ANT-00003103,2022-03-01,2039-03-01,17.0,2022-03-01,VIERTELJAEHRLICH,EBILL,7949.05,6140.65,,401000.0,AKTIV,2022-03-01,,,,,ZUSCHLAG_2,0,pfefferminz,VERA,2025-11-15,2022-02-08,
VTR-00003104,,LV-RISK,LV,PL-2017,CH,CHF,PTR-00000032,VRM-00040,agentur,MIT-00044,ANT-00003104,2020-09-01,2050-09-01,30.0,2020-09-01,HALBJAEHRLICH,EBILL,1635.95,1486.5,,386000.0,AKTIV,2020-09-01,,,,,NORMAL,0,pfefferminz,VERA,2025-11-15,2020-08-13,
VTR-00003105,,LV-RISK,LV,PK-2007,DE,EUR,PTR-00000852,VRM-00019,direkt,MIT-00044,ANT-00003105,2009-01-01,2030-01-01,21.0,2009-01-01,JAEHRLICH,RECHNUNG,438.9,307.23,,177000.0,AKTIV,2009-01-01,,,,,NORMAL,0,pfefferminz,VERA,2025-11-15,2008-12-19,
VTR-00003106,,LV-RISK,LV,PL-2017,DE,EUR,PTR-00000847,VRM-00034,makler,MIT-00019,ANT-00003106,2023-08-01,2044-08-01,21.0,2023-08-01,VIERTELJAEHRLICH,RECHNUNG,3205.36,2494.16,,968000.0,AKTIV,2023-08-01,,,,,NORMAL,0,pfefferminz,VERA,2025-11-15,2023-07-18,
VTR-00003107,,LV-RISK,LV,PK-2004,CH,CHF,PTR-00000724,VRM-00040,makler,MIT-00044,ANT-00003107,2004-12-01,2024-12-01,20.0,2004-12-01,JAEHRLICH,RECHNUNG,1498.45,1123.85,,617000.0,RUECKKAUF,2012-10-17,2012-10-17,K14,,,NORMAL,0,pfefferminz,VERA,2025-11-15,2004-11-01,
VTR-00003108,,LV-RISK,LV,PK-95,CH,CHF,PTR-00000555,VRM-00031,agentur,MIT-00044,ANT-00003108,1994-10-01,2008-10-01,14.0,1994-10-01,VIERTELJAEHRLICH,RECHNUNG,2104.7,1625.9,,642000.0,RUECKKAUF,1999-05-27,1999-05-27,K14,,,NORMAL,0,pfefferminz,VERA,2025-11-15,1994-09-25,
VTR-00003109,,LV-RISK,LV,PL-2017,CH,CHF,PTR-00000264,VRM-00031,agentur,MIT-00044,ANT-00003109,2019-02-01,2036-02-01,17.0,2019-02-01,HALBJAEHRLICH,LASTSCHRIFT,1264.05,967.0,,628000.0,RUECKKAUF,2024-05-10,2024-05-10,K14,,,NORMAL,0,pfefferminz,VERA,2025-11-15,2019-01-11,
VTR-00003110,,LV-RISK,LV,PL-2012,CH,CHF,PTR-00000299,VRM-00031,agentur,MIT-00044,ANT-00003110,2012-04-01,2045-04-01,33.0,2012-04-01,HALBJAEHRLICH,RECHNUNG,2659.95,2578.2,,99000.0,AKTIV,2012-04-01,,,,,NORMAL,0,pfefferminz,VERA,2025-11-15,2012-03-20,
VTR-00003111,,LV-RISK,LV,PK-2000,DE,EUR,PTR-00000420,VRM-00034,makler,MIT-00019,ANT-00003111,2001-03-01,2025-03-01,24.0,2001-03-01,JAEHRLICH,LASTSCHRIFT,1110.57,777.4,,298000.0,RUECKKAUF,2002-02-04,2002-02-04,K14,,,NORMAL,0,pfefferminz,VERA,2025-11-15,2001-02-16,
VTR-00003112,,LV-RISK,LV,PL-2017,DE,EUR,PTR-00000327,VRM-00021,makler,MIT-00019,ANT-00003112,2018-03-01,2037-03-01,19.0,2018-03-01,JAEHRLICH,RECHNUNG,133.48,93.44,,53000.0,AKTIV,2018-03-01,,,,,NORMAL,0,pfefferminz,VERA,2025-11-15,2018-01-28,
VTR-00003113,,LV-RISK,LV,PL-2017,CH,CHF,PTR-00000797,VRM-00014,makler,MIT-00044,ANT-00003113,2020-10-01,2033-10-01,13.0,2020-10-01,HALBJAEHRLICH,LASTSCHRIFT,1516.6,1348.2,,143000.0,AKTIV,2020-10-01,,,,,NORMAL,0,pfefferminz,VERA,2025-11-15,2020-09-24,
VTR-00003114,,LV-RISK,LV,PZ-2025,CH,CHF,PTR-00000101,VRM-00014,direkt,MIT-00044,ANT-00003114,2025-12-01,2041-12-01,16.0,2025-12-01,JAEHRLICH,EBILL,691.0,518.25,,390000.0,AKTIV,2025-12-01,,,,,NORMAL,0,minzia,MINT,,2025-11-10,
VTR-00003115,,LV-RISK,LV,MZ-2020,DE,EUR,PTR-00000268,VRM-00003,direkt,MIT-00019,ANT-00003115,2022-08-01,2046-08-01,24.0,2022-08-01,HALBJAEHRLICH,EBILL,790.73,564.58,,60000.0,AKTIV,2022-08-01,,,,,NORMAL,0,minzia,MINT,,2022-07-08,
VTR-00003116,,LV-RISK,LV,PZ-2025,DE,EUR,PTR-00000722,VRM-00003,direkt,MIT-00008,ANT-00003116,2025-08-01,2062-08-01,37.0,2025-08-01,JAEHRLICH,RECHNUNG,1024.28,978.14,,109000.0,AKTIV,2025-08-01,,,,,NORMAL,0,minzia,MINT,,2025-07-13,
VTR-00003117,,LV-RISK,LV,PL-2017,CH,CHF,PTR-00000612,VRM-00031,agentur,MIT-00044,ANT-00003117,2023-03-01,2034-03-01,11.0,2023-03-01,JAEHRLICH,RECHNUNG,4826.7,3620.0,,361000.0,AKTIV,2023-03-01,,,,,NORMAL,0,pfefferminz,VERA,2025-11-15,2023-02-01,
VTR-00003119,,LV-RISK,LV,PL-2012,CH,CHF,PTR-00000446,VRM-00031,makler,MIT-00044,ANT-00003119,2013-03-01,2021-03-01,8.0,2013-03-01,JAEHRLICH,RECHNUNG,4101.65,3076.25,,367000.0,ABGELAUFEN,2021-03-01,2021-03-01,K15,,,NORMAL,0,pfefferminz,VERA,2025-11-15,2013-01-26,
VTR-00003120,,LV-RISK,LV,PL-2012,CH,CHF,PTR-00000912,VRM-00039,makler,MIT-00044,ANT-00003120,2013-06-01,2033-06-01,20.0,2013-06-01,HALBJAEHRLICH,LASTSCHRIFT,1491.4,1377.15,,214000.0,RUECKKAUF,2018-04-19,2018-04-19,K14,,,NORMAL,0,pfefferminz,VERA,2025-11-15,2013-05-10,
VTR-00003121,,LV-VORS,LV,PK-2000,CH,CHF,PTR-00000928,VRM-00026,bank,MIT-00044,ANT-00003121,2003-02-01,2025-02-01,22.0,2003-02-01,JAEHRLICH,LASTSCHRIFT,5396.25,5396.25,,117000.0,RUECKKAUF,2009-08-05,2009-08-05,K14,,,NORMAL,0,pfefferminz,VERA,2025-11-15,2003-01-24,
VTR-00003122,,LV-VORS,LV,PZ-2025,DE,EUR,PTR-00000131,VRM-00027,makler,MIT-00019,ANT-00003122,2025-06-01,2041-06-01,16.0,2025-06-01,JAEHRLICH,RECHNUNG,4900.52,4900.52,,79000.0,AKTIV,2025-06-01,,,,,NORMAL,0,pfefferminz,MINT,,2025-04-26,
VTR-00003123,,LV-VORS,LV,PZ-2025,CH,CHF,PTR-00000409,VRM-00031,agentur,MIT-00044,ANT-00003123,2025-11-01,2064-11-01,39.0,2025-11-01,JAEHRLICH,LASTSCHRIFT,7718.9,7718.9,,308000.0,AKTIV,2025-11-01,,,,,NORMAL,0,pfefferminz,MINT,,2025-10-11,
VTR-00003124,,LV-VORS,LV,PK-2004,CH,CHF,PTR-00000339,VRM-00011,agentur,MIT-00044,ANT-00003124,2004-04-01,2033-04-01,29.0,2004-04-01,JAEHRLICH,LASTSCHRIFT,1200.0,1200.0,,36000.0,RUECKKAUF,2005-06-13,2005-06-13,K14,,,NORMAL,0,pfefferminz,VERA,2025-11-15,2004-03-17,
VTR-00003125,,LV-VORS,LV,PK-95,DE,EUR,PTR-00000774,VRM-00010,makler,MIT-00019,ANT-00003125,1999-07-01,2011-07-01,12.0,1999-07-01,JAEHRLICH,RECHNUNG,1157.47,1157.47,,15000.0,ABGELAUFEN,2011-07-01,2011-07-01,K15,,,NORMAL,0,pfefferminz,VERA,2025-11-15,1999-06-12,
VTR-00003126,,LV-VORS,LV,PL-2012,DE,EUR,PTR-00000197,VRM-00030,bank,MIT-00008,ANT-00003126,2013-05-01,2035-05-01,22.0,2013-05-01,JAEHRLICH,LASTSCHRIFT,773.53,773.53,,18000.0,AKTIV,2013-05-01,,,,,NORMAL,0,pfefferminz,VERA,2025-11-15,2013-04-21,
VTR-00003127,,LV-VORS,LV,PK-2007,CH,CHF,PTR-00000071,VRM-00031,agentur,MIT-00044,ANT-00003127,2007-01-01,2035-01-01,28.0,2007-01-01,VIERTELJAEHRLICH,RECHNUNG,5468.75,5632.85,,170000.0,AKTIV,2007-01-01,,,,,NORMAL,0,pfefferminz,VERA,2025-11-15,2006-12-24,
VTR-00003128,,LV-VORS,LV,PZ-2025,CH,CHF,PTR-00000689,VRM-00031,agentur,MIT-00044,ANT-00003128,2025-07-01,2054-07-01,29.0,2025-07-01,JAEHRLICH,RECHNUNG,7854.5,7854.5,,218000.0,AKTIV,2025-07-01,,,,,ZUSCHLAG_1,0,pfefferminz,MINT,,2025-06-17,
VTR-00003129,,LV-VORS,LV,PZ-2025,CH,CHF,PTR-00000492,VRM-00015,bank,MIT-00044,ANT-00003129,2025-12-01,2059-12-01,34.0,2025-12-01,HALBJAEHRLICH,LASTSCHRIFT,5465.75,5575.05,,187000.0,AKTIV,2025-12-01,,,,,NORMAL,0,pfefferminz,MINT,,2025-10-24,
VTR-00003130,,LV-VORS,LV,PZ-2025,DE,EUR,PTR-00000364,VRM-00021,makler,MIT-00008,ANT-00003130,2025-06-01,2046-06-01,21.0,2025-06-01,JAEHRLICH,LASTSCHRIFT,1822.71,1822.71,,39000.0,AKTIV,2025-06-01,,,,,NORMAL,0,pfefferminz,MINT,,2025-05-09,
VTR-00003131,,LV-VORS,LV,PL-2012,DE,EUR,PTR-00000435,VRM-00010,makler,MIT-00044,ANT-00003131,2014-11-01,2036-11-01,22.0,2014-11-01,JAEHRLICH,EBILL,3499.01,3499.01,,81000.0,AKTIV,2014-11-01,,,,,NORMAL,0,pfefferminz,VERA,2025-11-15,2014-10-05,
VTR-00003132,,LV-VORS,LV,PK-2000,CH,CHF,PTR-00000753,VRM-00011,agentur,MIT-00044,ANT-00003132,2003-05-01,2025-05-01,22.0,2003-05-01,JAEHRLICH,LASTSCHRIFT,6386.5,6386.5,,171000.0,RUECKKAUF,2019-01-18,2019-01-18,K14,,,ZUSCHLAG_1,0,pfefferminz,VERA,2025-11-15,2003-04-13,
VTR-00003133,,LV-VORS,LV,PL-2015,DE,EUR,PTR-00000633,VRM-00034,makler,MIT-00019,ANT-00003133,2015-10-01,2033-10-01,18.0,2015-10-01,JAEHRLICH,RECHNUNG,5547.41,5547.41,,99000.0,AKTIV,2015-10-01,,,,,ZUSCHLAG_2,0,pfefferminz,VERA,2025-11-15,2015-09-21,
VTR-00003134,,LV-VORS,LV,PZ-2025,CH,CHF,PTR-00000808,VRM-00031,agentur,MIT-00044,ANT-00003134,2025-12-01,2051-12-01,26.0,2025-12-01,JAEHRLICH,RECHNUNG,3945.9,3945.9,,86000.0,AKTIV,2025-12-01,,,,,NORMAL,0,pfefferminz,MINT,,2025-11-27,
VTR-00003135,,LV-VORS,LV,PL-2015,DE,EUR,PTR-00000420,VRM-00035,makler,MIT-00044,ANT-00003135,2015-05-01,2029-05-01,14.0,2015-05-01,JAEHRLICH,EBILL,3951.15,3951.15,,36000.0,AKTIV,2015-05-01,,,,,NORMAL,0,pfefferminz,VERA,2025-11-15,2015-04-11,
VTR-00003136,,LV-VORS,LV,PZ-2025,CH,CHF,PTR-00000804,VRM-00031,agentur,MIT-00044,ANT-00003136,2025-05-01,2057-05-01,32.0,2025-05-01,VIERTELJAEHRLICH,RECHNUNG,3516.3,3609.85,,97000.0,AKTIV,2025-05-01,,,,,NORMAL,0,pfefferminz,MINT,,2025-04-20,
VTR-00003137,,LV-VORS,LV,PL-2017,CH,CHF,PTR-00000194,VRM-00017,bank,MIT-00044,ANT-00003137,2024-04-01,2067-04-01,43.0,2024-04-01,VIERTELJAEHRLICH,LASTSCHRIFT,11824.1,12178.8,,471000.0,AKTIV,2024-04-01,,,,,NORMAL,0,pfefferminz,VERA,2025-11-15,2024-03-30,
VTR-00003138,,LV-VORS,LV,PZ-2025,CH,CHF,PTR-00000211,VRM-00036,agentur,MIT-00044,ANT-00003138,2025-08-01,2049-08-01,24.0,2025-08-01,VIERTELJAEHRLICH,RECHNUNG,4872.75,5018.95,,115000.0,AKTIV,2025-08-01,,,,,NORMAL,0,pfefferminz,MINT,,2025-06-26,
VTR-00003139,,LV-VORS,LV,PL-2017,CH,CHF,PTR-00000515,VRM-00017,bank,MIT-00044,ANT-00003139,2024-08-01,2044-08-01,20.0,2024-08-01,JAEHRLICH,RECHNUNG,2149.0,2149.0,,40000.0,AKTIV,2024-08-01,,,,,NORMAL,0,pfefferminz,VERA,2025-11-15,2024-07-23,
VTR-00003140,,LV-VORS,LV,PL-2017,CH,CHF,PTR-00000281,VRM-00014,makler,MIT-00044,ANT-00003140,2019-03-01,2034-03-01,15.0,2019-03-01,JAEHRLICH,LASTSCHRIFT,3837.75,3837.75,,54000.0,AKTIV,2019-03-01,,,,,NORMAL,0,pfefferminz,VERA,2025-11-15,2019-01-24,
VTR-00003142,,LV-VORS,LV,PL-2015,CH,CHF,PTR-00000786,VRM-00014,bank,MIT-00044,ANT-00003142,2016-04-01,2036-04-01,20.0,2016-04-01,JAEHRLICH,LASTSCHRIFT,6313.85,6313.85,,124000.0,AKTIV,2016-04-01,,,,,ZUSCHLAG_1,0,pfefferminz,VERA,2025-11-15,2016-03-16,
VTR-00003143,,LV-VORS,LV,PL-2015,DE,EUR,PTR-00000733,VRM-00032,makler,MIT-00008,ANT-00003143,2015-07-01,2032-07-01,17.0,2015-07-01,VIERTELJAEHRLICH,RECHNUNG,2155.54,2220.21,,34000.0,AKTIV,2015-07-01,,,,,ZUSCHLAG_1,0,pfefferminz,VERA,2025-11-15,2015-06-29,
VTR-00003144,,LV-VORS,LV,PZ-2025,CH,CHF,PTR-00000669,VRM-00005,agentur,MIT-00044,ANT-00003144,2025-11-01,2070-11-01,45.0,2025-11-01,JAEHRLICH,RECHNUNG,3678.55,3678.55,,139000.0,AKTIV,2025-11-01,,,,,NORMAL,0,pfefferminz,MINT,,2025-10-06,
VTR-00003145,,LV-VORS,LV,PL-2017,DE,EUR,PTR-00000327,VRM-00018,makler,MIT-00019,ANT-00003145,2017-04-01,2030-04-01,13.0,2017-04-01,JAEHRLICH,RECHNUNG,3625.02,3625.02,,46000.0,AKTIV,2017-04-01,,,,,NORMAL,0,pfefferminz,VERA,2025-11-15,2017-03-31,
VTR-00003146,,LV-VORS,LV,PZ-2025,DE,EUR,PTR-00000598,VRM-00034,makler,MIT-00019,ANT-00003146,2025-06-01,2045-06-01,20.0,2025-06-01,JAEHRLICH,RECHNUNG,2342.93,2342.93,,48000.0,AKTIV,2025-06-01,,,,,NORMAL,0,pfefferminz,MINT,,2025-05-29,
VTR-00003147,,LV-VORS,LV,PK-95,CH,CHF,PTR-00000145,VRM-00040,agentur,MIT-00044,ANT-00003147,1999-01-01,2029-01-01,30.0,1999-01-01,VIERTELJAEHRLICH,RECHNUNG,1960.52,2019.35,,88000.0,AKTIV,1999-01-01,,,,,NORMAL,0,pfefferminz,VERA,2025-11-15,1998-12-21,
VTR-00003148,,LV-VORS,LV,PZ-2025,CH,CHF,PTR-00000662,VRM-00031,agentur,MIT-00044,ANT-00003148,2025-09-01,2045-09-01,20.0,2025-09-01,JAEHRLICH,LASTSCHRIFT,3006.1,3006.1,,48000.0,AKTIV,2025-09-01,,,,,NORMAL,0,pfefferminz,MINT,,2025-08-24,
VTR-00003150,,LV-VORS,LV,PZ-2025,DE,EUR,PTR-00000133,VRM-00027,makler,MIT-00008,ANT-00003150,2025-12-01,2051-12-01,26.0,2025-12-01,JAEHRLICH,RECHNUNG,1366.07,1366.07,,37000.0,AKTIV,2025-12-01,,,,,ZUSCHLAG_1,0,pfefferminz,MINT,,2025-11-11,
VTR-00003151,,LV-VORS,LV,PZ-2025,DE,EUR,PTR-00000471,VRM-00032,makler,MIT-00044,ANT-00003151,2025-08-01,2047-08-01,22.0,2025-08-01,JAEHRLICH,RECHNUNG,4418.24,4418.24,,86000.0,AKTIV,2025-08-01,,,,,NORMAL,0,pfefferminz,MINT,,2025-06-30,
VTR-00003152,,LV-VORS,LV,PZ-2025,CH,CHF,PTR-00000504,VRM-00014,makler,MIT-00044,ANT-00003152,2025-08-01,2054-08-01,29.0,2025-08-01,HALBJAEHRLICH,RECHNUNG,10225.6,10430.15,,298000.0,AKTIV,2025-08-01,,,,,NORMAL,0,pfefferminz,MINT,,2025-07-09,
VTR-00003153,,LV-VORS,LV,PK-95,DE,EUR,PTR-00000631,VRM-00021,makler,MIT-00019,ANT-00003153,1999-08-01,2025-08-01,26.0,1999-08-01,JAEHRLICH,EBILL,917.94,917.94,,30000.0,RUECKKAUF,2013-08-14,2013-08-14,K14,,,NORMAL,0,pfefferminz,VERA,2025-11-15,1999-07-17,
VTR-00003154,,LV-VORS,LV,PL-2017,CH,CHF,PTR-00000662,VRM-00040,makler,MIT-00044,ANT-00003154,2018-02-01,2044-02-01,26.0,2018-02-01,VIERTELJAEHRLICH,RECHNUNG,8003.65,8220.35,,177000.0,AKTIV,2018-02-01,,,,,ZUSCHLAG_1,0,pfefferminz,VERA,2025-11-15,2018-01-09,
VTR-00003155,,LV-VORS,LV,PK-95,DE,EUR,PTR-00000088,VRM-00008,bank,MIT-00008,ANT-00003155,1999-10-01,2016-10-01,17.0,1999-10-01,HALBJAEHRLICH,KREDITKARTE,1278.11,1303.67,,27000.0,ABGELAUFEN,2016-10-01,2016-10-01,K15,,,NORMAL,0,pfefferminz,VERA,2025-11-15,1999-09-03,
VTR-00003156,,LV-VORS,LV,PK-2007,CH,CHF,PTR-00000340,VRM-00040,bank,MIT-00044,ANT-00003156,2011-11-01,2054-11-01,43.0,2011-11-01,JAEHRLICH,RECHNUNG,2195.3,2195.3,,125000.0,RUECKKAUF,2024-12-23,2024-12-23,K14,,,NORMAL,0,pfefferminz,VERA,2025-11-15,2011-09-29,
VTR-00003157,,LV-VORS,LV,PL-2012,CH,CHF,PTR-00000054,VRM-00005,bank,MIT-00044,ANT-00003157,2013-05-01,2030-05-01,17.0,2013-05-01,JAEHRLICH,EBILL,11159.75,11159.75,,196000.0,AKTIV,2013-05-01,,,,,NORMAL,0,pfefferminz,VERA,2025-11-15,2013-04-21,
VTR-00003158,,LV-VORS,LV,PL-2017,DE,EUR,PTR-00000595,VRM-00022,makler,MIT-00008,ANT-00003158,2017-05-01,2055-05-01,38.0,2017-05-01,JAEHRLICH,RECHNUNG,1724.62,1724.62,,63000.0,AKTIV,2017-05-01,,,,,NORMAL,0,pfefferminz,VERA,2025-11-15,2017-03-29,
VTR-00003159,,LV-VORS,LV,PL-2015,DE,EUR,PTR-00000954,VRM-00008,bank,MIT-00044,ANT-00003159,2016-03-01,2041-03-01,25.0,2016-03-01,HALBJAEHRLICH,EBILL,1460.37,1489.58,,38000.0,RUECKKAUF,2023-03-20,2023-03-20,K14,,,NORMAL,0,pfefferminz,VERA,2025-11-15,2016-02-24,
VTR-00003160,,LV-VORS,LV,PZ-2025,DE,EUR,PTR-00000630,VRM-00010,makler,MIT-00008,ANT-00003160,2025-06-01,2030-06-01,5.0,2025-06-01,HALBJAEHRLICH,EBILL,13938.39,14217.15,,66000.0,AKTIV,2025-06-01,,,,,NORMAL,0,pfefferminz,MINT,,2025-05-26,
VTR-00003161,,LV-VORS,LV,PK-2007,DE,EUR,PTR-00000449,VRM-00006,makler,MIT-00044,ANT-00003161,2011-06-01,2032-06-01,21.0,2011-06-01,JAEHRLICH,KREDITKARTE,2442.46,2442.46,,57000.0,AKTIV,2011-06-01,,,,,ZUSCHLAG_1,0,pfefferminz,VERA,2025-11-15,2011-05-14,
VTR-00003162,,LV-VORS,LV,PK-95,DE,EUR,PTR-00000800,VRM-00024,bank,MIT-00044,ANT-00003162,1996-04-01,2024-04-01,28.0,1996-04-01,JAEHRLICH,RECHNUNG,789.76,789.76,,32000.0,RUECKKAUF,2006-04-16,2006-04-16,K14,,,NORMAL,0,pfefferminz,VERA,2025-11-15,1996-03-23,
VTR-00003163,,LV-VORS,LV,PL-2017,CH,CHF,PTR-00000842,VRM-00036,bank,MIT-00044,ANT-00003163,2017-03-01,2048-03-01,31.0,2017-03-01,JAEHRLICH,RECHNUNG,3560.9,3560.9,,100000.0,AKTIV,2017-03-01,,,,,NORMAL,0,pfefferminz,VERA,2025-11-15,2017-02-06,
VTR-00003164,,LV-VORS,LV,PL-2017,CH,CHF,PTR-00000054,VRM-00025,bank,MIT-00044,ANT-00003164,2022-05-01,2049-05-01,27.0,2022-05-01,JAEHRLICH,RECHNUNG,5784.0,5784.0,,147000.0,AKTIV,2022-05-01,,,,,NORMAL,0,pfefferminz,VERA,2025-11-15,2022-03-26,
VTR-00003166,,LV-VORS,LV,PZ-2025,CH,CHF,PTR-00000870,VRM-00031,agentur,MIT-00044,ANT-00003166,2025-11-01,2060-11-01,35.0,2025-11-01,VIERTELJAEHRLICH,RECHNUNG,2529.05,2604.9,,89000.0,AKTIV,2025-11-01,,,,,NORMAL,0,pfefferminz,MINT,,2025-09-24,
VTR-00003168,,LV-VORS,LV,PL-2017,DE,EUR,PTR-00000567,VRM-00024,bank,MIT-00019,ANT-00003168,2023-12-01,2042-12-01,19.0,2023-12-01,JAEHRLICH,RECHNUNG,5770.55,5770.55,,80000.0,AKTIV,2023-12-01,,,,,NORMAL,0,pfefferminz,VERA,2025-11-15,2023-11-18,
VTR-00003169,,LV-VORS,LV,PZ-2025,CH,CHF,PTR-00000301,VRM-00039,bank,MIT-00044,ANT-00003169,2025-12-01,2033-12-01,8.0,2025-12-01,JAEHRLICH,LASTSCHRIFT,5392.65,5392.65,,35000.0,AKTIV,2025-12-01,,,,,NORMAL,0,pfefferminz,MINT,,2025-11-11,
VTR-00003170,,LV-VORS,LV,PL-2017,CH,CHF,PTR-00000724,VRM-00039,makler,MIT-00044,ANT-00003170,2017-04-01,2035-04-01,18.0,2017-04-01,JAEHRLICH,LASTSCHRIFT,10209.2,10209.2,,151000.0,AKTIV,2017-04-01,,,,,NORMAL,0,pfefferminz,VERA,2025-11-15,2017-03-11,
VTR-00003171,,LV-VORS,LV,PK-95,DE,EUR,PTR-00000757,VRM-00006,makler,MIT-00044,ANT-00003171,1999-07-01,2024-07-01,25.0,1999-07-01,JAEHRLICH,EBILL,2527.34,2527.34,,68000.0,RUECKKAUF,2004-08-03,2004-08-03,K14,,,NORMAL,0,pfefferminz,VERA,2025-11-15,1999-06-30,
VTR-00003172,,LV-VORS,LV,PL-2015,CH,CHF,PTR-00000609,VRM-00017,bank,MIT-00044,ANT-00003172,2016-12-01,2033-12-01,17.0,2016-12-01,JAEHRLICH,RECHNUNG,10638.65,10638.65,,162000.0,RUECKKAUF,2019-04-03,2019-04-03,K14,,,NORMAL,0,pfefferminz,VERA,2025-11-15,2016-10-27,
VTR-00003173,,LV-VORS,LV,PL-2017,CH,CHF,PTR-00000850,VRM-00017,bank,MIT-00044,ANT-00003173,2024-12-01,2037-12-01,13.0,2024-12-01,JAEHRLICH,RECHNUNG,11616.55,11616.55,,142000.0,AKTIV,2024-12-01,,,,,NORMAL,0,pfefferminz,VERA,2025-11-15,2024-11-07,
VTR-00003174,,LV-VORS,LV,PK-2007,CH,CHF,PTR-00000549,VRM-00011,agentur,MIT-00044,ANT-00003174,2009-12-01,2041-12-01,32.0,2009-12-01,JAEHRLICH,RECHNUNG,3276.5,3276.5,,83000.0,AKTIV,2009-12-01,,,,,ZUSCHLAG_1,0,pfefferminz,VERA,2025-11-15,2009-11-28,
VTR-00003175,,LV-VORS,LV,PL-2012,DE,EUR,PTR-00000079,VRM-00010,makler,MIT-00008,ANT-00003175,2013-09-01,2037-09-01,24.0,2013-09-01,VIERTELJAEHRLICH,RECHNUNG,3696.93,3807.84,,98000.0,STORNIERT,2021-08-12,2021-08-12,K12,,,NORMAL,0,pfefferminz,VERA,2025-11-15,2013-08-01,
VTR-00003176,,LV-VORS,LV,PK-2004,DE,EUR,PTR-00000365,VRM-00003,direkt,MIT-00019,ANT-00003176,2006-08-01,2041-08-01,35.0,2006-08-01,JAEHRLICH,LASTSCHRIFT,1850.14,1850.14,,34000.0,AKTIV,2006-08-01,,,,,NORMAL,0,pfefferminz,VERA,2025-11-15,2006-07-13,
VTR-00003177,,LV-VORS,LV,PK-2007,CH,CHF,PTR-00000908,VRM-00005,agentur,MIT-00044,ANT-00003177,2010-11-01,2015-11-01,5.0,2010-11-01,JAEHRLICH,LASTSCHRIFT,17944.0,17944.0,,73000.0,ABGELAUFEN,2015-11-01,2015-11-01,K15,,,NORMAL,0,pfefferminz,VERA,2025-11-15,2010-10-27,
VTR-00003178,,LV-VORS,LV,PL-2015,CH,CHF,PTR-00000280,VRM-00031,bank,MIT-00044,ANT-00003178,2015-05-01,2037-05-01,22.0,2015-05-01,JAEHRLICH,LASTSCHRIFT,18718.05,18718.05,,401000.0,AKTIV,2015-05-01,,,,,NORMAL,0,pfefferminz,VERA,2025-11-15,2015-03-24,
VTR-00003179,,LV-VORS,LV,PK-2004,CH,CHF,PTR-00000134,VRM-00004,agentur,MIT-00044,ANT-00003179,2006-12-01,2018-12-01,12.0,2006-12-01,JAEHRLICH,RECHNUNG,8021.4,8021.4,,94000.0,ABGELAUFEN,2018-12-01,2018-12-01,K15,,,NORMAL,0,pfefferminz,VERA,2025-11-15,2006-11-24,
VTR-00003180,,LV-VORS,LV,PL-2015,CH,CHF,PTR-00000528,VRM-00025,agentur,MIT-00044,ANT-00003180,2016-08-01,2037-08-01,21.0,2016-08-01,JAEHRLICH,RECHNUNG,3464.55,3464.55,,56000.0,AKTIV,2016-08-01,,,,,NORMAL,0,pfefferminz,VERA,2025-11-15,2016-07-13,
VTR-00003181,,LV-VORS,LV,PK-95,CH,CHF,PTR-00000201,VRM-00005,agentur,MIT-00044,ANT-00003181,1999-05-01,2015-05-01,16.0,1999-05-01,JAEHRLICH,RECHNUNG,2907.7,2907.7,,53000.0,STORNIERT,2014-08-12,2014-08-12,K12,,,NORMAL,0,pfefferminz,VERA,2025-11-15,1999-04-15,
VTR-00003182,,LV-VORS,LV,PK-2004,DE,EUR,PTR-00000088,VRM-00034,makler,MIT-00044,ANT-00003182,2005-07-01,2030-07-01,25.0,2005-07-01,JAEHRLICH,LASTSCHRIFT,724.57,724.57,,20000.0,AKTIV,2005-07-01,,,,,NORMAL,0,pfefferminz,VERA,2025-11-15,2005-05-29,
VTR-00003183,,LV-VORS,LV,PL-2015,CH,CHF,PTR-00000291,VRM-00031,agentur,MIT-00044,ANT-00003183,2016-10-01,2021-10-01,5.0,2016-10-01,JAEHRLICH,RECHNUNG,21137.9,21137.9,,97000.0,ABGELAUFEN,2021-10-01,2021-10-01,K15,,,NORMAL,0,pfefferminz,VERA,2025-11-15,2016-09-20,
VTR-00003184,,LV-VORS,LV,PL-2017,CH,CHF,PTR-00000105,VRM-00039,makler,MIT-00044,ANT-00003184,2024-07-01,2044-07-01,20.0,2024-07-01,JAEHRLICH,RECHNUNG,11181.5,11181.5,,186000.0,AKTIV,2024-07-01,,,,,NORMAL,0,pfefferminz,VERA,2025-11-15,2024-05-23,
VTR-00003185,,LV-VORS,LV,PK-2004,CH,CHF,PTR-00000973,VRM-00040,bank,MIT-00044,ANT-00003185,2005-06-01,2014-06-01,9.0,2005-06-01,JAEHRLICH,RECHNUNG,4447.8,4447.8,,39000.0,ABGELAUFEN,2014-06-01,2014-06-01,K15,,,NORMAL,0,pfefferminz,VERA,2025-11-15,2005-04-30,
VTR-00003186,,LV-VORS,LV,PL-2012,CH,CHF,PTR-00000481,VRM-00036,agentur,MIT-00044,ANT-00003186,2013-10-01,2033-10-01,20.0,2013-10-01,JAEHRLICH,RECHNUNG,6605.4,6605.4,,136000.0,AKTIV,2013-10-01,,,,,ZUSCHLAG_2,0,pfefferminz,VERA,2025-11-15,2013-09-06,
VTR-00003187,,LV-VORS,LV,PL-2017,CH,CHF,PTR-00000171,VRM-00025,agentur,MIT-00044,ANT-00003187,2020-12-01,2038-12-01,18.0,2020-12-01,JAEHRLICH,EBILL,7194.4,7194.4,,121000.0,AKTIV,2020-12-01,,,,,NORMAL,0,pfefferminz,VERA,2025-11-15,2020-10-25,
VTR-00003188,,LV-VORS,LV,PZ-2025,CH,CHF,PTR-00000667,VRM-00015,bank,MIT-00044,ANT-00003188,2025-11-01,2069-11-01,44.0,2025-11-01,JAEHRLICH,RECHNUNG,2798.2,2798.2,,126000.0,AKTIV,2025-11-01,,,,,NORMAL,0,pfefferminz,MINT,,2025-10-25,
VTR-00003189,,LV-VORS,LV,PL-2017,CH,CHF,PTR-00000666,VRM-00005,agentur,MIT-00044,ANT-00003189,2018-05-01,2039-05-01,21.0,2018-05-01,JAEHRLICH,RECHNUNG,3148.75,3148.75,,50000.0,AKTIV,2018-05-01,,,,,NORMAL,0,pfefferminz,VERA,2025-11-15,2018-04-18,
VTR-00003190,,LV-VORS,LV,PK-2004,CH,CHF,PTR-00000797,VRM-00031,agentur,MIT-00044,ANT-00003190,2006-07-01,2038-07-01,32.0,2006-07-01,HALBJAEHRLICH,RECHNUNG,2326.25,2372.8,,91000.0,AKTIV,2006-07-01,,,,,ZUSCHLAG_1,0,pfefferminz,VERA,2025-11-15,2006-06-01,
VTR-00003191,,LV-VORS,LV,PZ-2025,DE,EUR,PTR-00000883,VRM-00034,makler,MIT-00008,ANT-00003191,2025-05-01,2045-05-01,20.0,2025-05-01,JAEHRLICH,RECHNUNG,6061.49,6061.49,,125000.0,AKTIV,2025-05-01,,,,,NORMAL,0,pfefferminz,MINT,,2025-04-13,
VTR-00003192,,LV-VORS,LV,PL-2017,CH,CHF,PTR-00000823,VRM-00036,agentur,MIT-00044,ANT-00003192,2018-11-01,2035-11-01,17.0,2018-11-01,JAEHRLICH,EBILL,9755.75,9755.75,,151000.0,AKTIV,2018-11-01,,,,,NORMAL,0,pfefferminz,VERA,2025-11-15,2018-09-24,
VTR-00003193,,LV-VORS,LV,PL-2017,CH,CHF,PTR-00000450,VRM-00040,bank,MIT-00044,ANT-00003193,2024-05-01,2029-05-01,5.0,2024-05-01,JAEHRLICH,LASTSCHRIFT,26560.5,26560.5,,121000.0,AKTIV,2024-05-01,,,,,NORMAL,0,pfefferminz,VERA,2025-11-15,2024-04-19,
VTR-00003194,,LV-VORS,LV,PL-2017,DE,EUR,PTR-00000224,VRM-00008,bank,MIT-00019,ANT-00003194,2024-04-01,2045-04-01,21.0,2024-04-01,JAEHRLICH,LASTSCHRIFT,5174.43,5174.43,,103000.0,AKTIV,2024-04-01,,,,,NORMAL,0,pfefferminz,VERA,2025-11-15,2024-03-12,
VTR-00003195,,LV-VORS,LV,PK-2000,CH,CHF,PTR-00000036,VRM-00014,bank,MIT-00044,ANT-00003195,2002-02-01,2040-02-01,38.0,2002-02-01,JAEHRLICH,RECHNUNG,5843.5,5843.5,,335000.0,AKTIV,2002-02-01,,,,,NORMAL,0,pfefferminz,VERA,2025-11-15,2002-01-26,
VTR-00003196,,LV-VORS,LV,PK-2007,CH,CHF,PTR-00000620,VRM-00036,makler,MIT-00044,ANT-00003196,2009-10-01,2028-10-01,19.0,2009-10-01,VIERTELJAEHRLICH,RECHNUNG,14821.65,15266.3,,290000.0,AKTIV,2009-10-01,,,,,ZUSCHLAG_1,0,pfefferminz,VERA,2025-11-15,2009-08-27,
VTR-00003197,,LV-VORS,LV,PK-2007,CH,CHF,PTR-00000603,VRM-00036,agentur,MIT-00044,ANT-00003197,2010-10-01,2040-10-01,30.0,2010-10-01,JAEHRLICH,RECHNUNG,4701.65,4701.65,,166000.0,AKTIV,2010-10-01,,,,,NORMAL,0,pfefferminz,VERA,2025-11-15,2010-09-27,
VTR-00003199,,LV-VORS,LV,PK-2007,DE,EUR,PTR-00000781,VRM-00034,makler,MIT-00008,ANT-00003199,2011-12-01,2025-12-01,14.0,2011-12-01,HALBJAEHRLICH,RECHNUNG,6252.96,6364.75,,78000.0,ABGELAUFEN,2025-12-01,2025-12-01,K15,,,NORMAL,0,pfefferminz,VERA,2025-11-15,2011-11-22,
VTR-00003200,,LV-VORS,LV,PL-2015,DE,EUR,PTR-00000782,VRM-00032,makler,MIT-00008,ANT-00003200,2016-04-01,2023-04-01,7.0,2016-04-01,HALBJAEHRLICH,RECHNUNG,2895.76,2953.68,,19000.0,ABGELAUFEN,2023-04-01,2023-04-01,K15,,,NORMAL,0,pfefferminz,VERA,2025-11-15,2016-03-09,
VTR-00003201,,LV-VORS,LV,PL-2015,CH,CHF,PTR-00000810,VRM-00014,bank,MIT-00044,ANT-00003201,2016-07-01,2025-07-01,9.0,2016-07-01,JAEHRLICH,RECHNUNG,13143.75,13143.75,,111000.0,ABGELAUFEN,2025-07-01,2025-07-01,K15,,,NORMAL,0,pfefferminz,VERA,2025-11-15,2016-06-14,
VTR-00003202,,LV-VORS,LV,PK-2007,CH,CHF,PTR-00000214,VRM-00039,agentur,MIT-00044,ANT-00003202,2011-07-01,2039-07-01,28.0,2011-07-01,HALBJAEHRLICH,LASTSCHRIFT,4967.2,5054.4,,142000.0,AKTIV,2011-07-01,,,,,NORMAL,0,pfefferminz,VERA,2025-11-15,2011-06-12,
VTR-00003204,,LV-VORS,LV,PK-2007,DE,EUR,PTR-00000158,VRM-00034,makler,MIT-00008,ANT-00003204,2008-12-01,2033-12-01,25.0,2008-12-01,JAEHRLICH,RECHNUNG,5120.76,5120.76,,145000.0,RUECKKAUF,2023-07-22,2023-07-22,K14,,,NORMAL,0,pfefferminz,VERA,2025-11-15,2008-10-23,
VTR-00003205,,LV-VORS,LV,PL-2017,DE,EUR,PTR-00000852,VRM-00034,makler,MIT-00019,ANT-00003205,2017-04-01,2049-04-01,32.0,2017-04-01,JAEHRLICH,EBILL,1729.6,1729.6,,57000.0,AKTIV,2017-04-01,,,,,NORMAL,0,pfefferminz,VERA,2025-11-15,2017-03-06,
VTR-00003206,,LV-VORS,LV,PL-2017,CH,CHF,PTR-00000175,VRM-00039,agentur,MIT-00044,ANT-00003206,2018-09-01,2036-09-01,18.0,2018-09-01,JAEHRLICH,EBILL,5372.1,5372.1,,91000.0,AKTIV,2018-09-01,,,,,NORMAL,0,pfefferminz,VERA,2025-11-15,2018-08-18,
VTR-00003207,,LV-VORS,LV,PL-2012,CH,CHF,PTR-00000489,VRM-00014,bank,MIT-00044,ANT-00003207,2013-09-01,2022-09-01,9.0,2013-09-01,HALBJAEHRLICH,RECHNUNG,44199.95,45083.95,,389000.0,ABGELAUFEN,2022-09-01,2022-09-01,K15,,,NORMAL,0,pfefferminz,VERA,2025-11-15,2013-08-16,
VTR-00003208,,LV-VORS,LV,PK-2007,CH,CHF,PTR-00000689,VRM-00014,makler,MIT-00044,ANT-00003208,2010-11-01,2021-11-01,11.0,2010-11-01,JAEHRLICH,KREDITKARTE,5945.35,5945.35,,65000.0,ABGELAUFEN,2021-11-01,2021-11-01,K15,,,NORMAL,0,pfefferminz,VERA,2025-11-15,2010-10-23,
VTR-00003209,,LV-VORS,LV,PZ-2025,CH,CHF,PTR-00000382,VRM-00039,agentur,MIT-00044,ANT-00003209,2025-11-01,2037-11-01,12.0,2025-11-01,JAEHRLICH,RECHNUNG,10003.5,10003.5,,110000.0,AKTIV,2025-11-01,,,,,NORMAL,0,pfefferminz,MINT,,2025-10-12,
VTR-00003210,,LV-VORS,LV,PL-2015,CH,CHF,PTR-00000340,VRM-00026,agentur,MIT-00044,ANT-00003210,2016-05-01,2030-05-01,14.0,2016-05-01,JAEHRLICH,RECHNUNG,8732.15,8732.15,,121000.0,AKTIV,2016-05-01,,,,,NORMAL,0,pfefferminz,VERA,2025-11-15,2016-04-30,
VTR-00003211,,LV-VORS,LV,PL-2012,CH,CHF,PTR-00000381,VRM-00040,agentur,MIT-00044,ANT-00003211,2014-06-01,2034-06-01,20.0,2014-06-01,JAEHRLICH,RECHNUNG,4255.1,4255.1,,85000.0,AKTIV,2014-06-01,,,,,NORMAL,0,pfefferminz,VERA,2025-11-15,2014-05-16,
VTR-00003212,,LV-VORS,LV,PL-2015,CH,CHF,PTR-00000381,VRM-00039,makler,MIT-00044,ANT-00003212,2015-03-01,2034-03-01,19.0,2015-03-01,HALBJAEHRLICH,RECHNUNG,15441.6,15750.45,,284000.0,AKTIV,2015-03-01,,,,,NORMAL,0,pfefferminz,VERA,2025-11-15,2015-02-15,
VTR-00003213,,LV-VORS,LV,PZ-2025,DE,EUR,PTR-00000399,VRM-00034,makler,MIT-00044,ANT-00003213,2025-11-01,2052-11-01,27.0,2025-11-01,JAEHRLICH,EBILL,1583.76,1583.76,,45000.0,AKTIV,2025-11-01,,,,,NORMAL,0,pfefferminz,MINT,,2025-10-29,
VTR-00003214,,LV-VORS,LV,PK-95,DE,EUR,PTR-00000060,VRM-00008,bank,MIT-00044,ANT-00003214,1996-02-01,2013-02-01,17.0,1996-02-01,HALBJAEHRLICH,LASTSCHRIFT,6558.63,6689.81,,135000.0,RUECKKAUF,1999-07-01,1999-07-01,K14,,,NORMAL,0,pfefferminz,VERA,2025-11-15,1996-01-03,
VTR-00003215,,LV-VORS,LV,PZ-2025,CH,CHF,PTR-00000341,VRM-00040,makler,MIT-00044,ANT-00003215,2025-08-01,2056-08-01,31.0,2025-08-01,VIERTELJAEHRLICH,LASTSCHRIFT,1422.35,1465.0,,43000.0,AKTIV,2025-08-01,,,,,NORMAL,0,pfefferminz,MINT,,2025-07-31,
VTR-00003216,,LV-VORS,LV,PL-2017,DE,EUR,PTR-00000358,VRM-00010,makler,MIT-00044,ANT-00003216,2023-04-01,2045-04-01,22.0,2023-04-01,JAEHRLICH,LASTSCHRIFT,4574.18,4574.18,,72000.0,AKTIV,2023-04-01,,,,,NORMAL,0,pfefferminz,VERA,2025-11-15,2023-03-23,
VTR-00003217,,LV-VORS,LV,PL-2017,CH,CHF,PTR-00000584,VRM-00040,agentur,MIT-00044,ANT-00003217,2022-11-01,2035-11-01,13.0,2022-11-01,HALBJAEHRLICH,RECHNUNG,4358.3,4445.45,,52000.0,RUECKKAUF,2024-03-08,2024-03-08,K14,,,NORMAL,0,pfefferminz,VERA,2025-11-15,2022-10-30,
VTR-00003218,,LV-VORS,LV,PZ-2025,DE,EUR,PTR-00000218,VRM-00010,makler,MIT-00044,ANT-00003218,2025-02-01,2042-02-01,17.0,2025-02-01,JAEHRLICH,RECHNUNG,3426.85,3426.85,,58000.0,AKTIV,2025-02-01,,,,,NORMAL,0,pfefferminz,MINT,,2024-12-27,
VTR-00003219,,LV-VORS,LV,PK-2004,CH,CHF,PTR-00000912,VRM-00005,agentur,MIT-00044,ANT-00003219,2005-10-01,2033-10-01,28.0,2005-10-01,JAEHRLICH,RECHNUNG,2419.05,2419.05,,83000.0,RUECKKAUF,2006-04-01,2006-04-01,K14,,,NORMAL,0,pfefferminz,VERA,2025-11-15,2005-09-05,
VTR-00003220,,LV-VORS,LV,PK-2000,CH,CHF,PTR-00000535,VRM-00004,agentur,MIT-00044,ANT-00003220,2001-11-01,2017-11-01,16.0,2001-11-01,JAEHRLICH,LASTSCHRIFT,13215.6,13215.6,,201000.0,ABGELAUFEN,2017-11-01,2017-11-01,K15,,,NORMAL,0,pfefferminz,VERA,2025-11-15,2001-10-23,
VTR-00003221,,LV-VORS,LV,PK-2000,DE,EUR,PTR-00000500,VRM-00021,makler,MIT-00008,ANT-00003221,2000-12-01,2012-12-01,12.0,2000-12-01,JAEHRLICH,RECHNUNG,1973.01,1973.01,,25000.0,ABGELAUFEN,2012-12-01,2012-12-01,K15,,,NORMAL,0,pfefferminz,VERA,2025-11-15,2000-11-19,
VTR-00003222,,LV-VORS,LV,PZ-2025,CH,CHF,PTR-00000092,VRM-00026,bank,MIT-00044,ANT-00003222,2025-01-01,2068-01-01,43.0,2025-01-01,JAEHRLICH,EBILL,5654.6,5654.6,,250000.0,AKTIV,2025-01-01,,,,,NORMAL,0,pfefferminz,MINT,,2024-11-27,
VTR-00003223,,LV-VORS,LV,PZ-2025,CH,CHF,PTR-00000806,VRM-00005,bank,MIT-00044,ANT-00003223,2025-07-01,2050-07-01,25.0,2025-07-01,MONATLICH,LASTSCHRIFT,11190.1,11749.6,,278000.0,AKTIV,2025-07-01,,,,,NORMAL,0,pfefferminz,MINT,,2025-06-06,
VTR-00003224,,LV-VORS,LV,PK-2000,CH,CHF,PTR-00000550,VRM-00031,bank,MIT-00044,ANT-00003224,2003-09-01,2025-09-01,22.0,2003-09-01,HALBJAEHRLICH,LASTSCHRIFT,5379.3,5486.85,,144000.0,STORNIERT,2014-12-26,2014-12-26,K12,,,NORMAL,0,pfefferminz,VERA,2025-11-15,2003-08-04,
VTR-00003225,,LV-VORS,LV,PZ-2025,DE,EUR,PTR-00000596,VRM-00030,bank,MIT-00019,ANT-00003225,2025-09-01,2045-09-01,20.0,2025-09-01,JAEHRLICH,RECHNUNG,1722.64,1722.64,,35000.0,AKTIV,2025-09-01,,,,,NORMAL,0,pfefferminz,MINT,,2025-07-26,
VTR-00003226,,LV-VORS,LV,PK-85,CH,CHF,PTR-00000127,VRM-00011,agentur,MIT-00044,ANT-00003226,1988-11-01,2016-11-01,28.0,1988-11-01,JAEHRLICH,RECHNUNG,2873.69,2873.69,,136000.0,RUECKKAUF,1999-03-24,1999-03-24,K14,,,NORMAL,0,pfefferminz,VERA,2025-11-15,1988-10-18,
VTR-00003227,,LV-VORS,LV,PK-2004,CH,CHF,PTR-00000746,VRM-00031,agentur,MIT-00044,ANT-00003227,2005-10-01,2014-10-01,9.0,2005-10-01,JAEHRLICH,LASTSCHRIFT,18576.55,18576.55,,166000.0,ABGELAUFEN,2014-10-01,2014-10-01,K15,,,NORMAL,0,pfefferminz,VERA,2025-11-15,2005-09-16,
VTR-00003228,,LV-VORS,LV,PK-2007,CH,CHF,PTR-00000383,VRM-00040,bank,MIT-00044,ANT-00003228,2010-10-01,2034-10-01,24.0,2010-10-01,HALBJAEHRLICH,RECHNUNG,6077.4,6198.95,,164000.0,RUECKKAUF,2021-04-14,2021-04-14,K14,,,NORMAL,0,pfefferminz,VERA,2025-11-15,2010-09-24,
VTR-00003230,,LV-VORS,LV,PK-85,CH,CHF,PTR-00000609,VRM-00031,bank,MIT-00044,ANT-00003230,1992-10-01,2025-10-01,33.0,1992-10-01,JAEHRLICH,RECHNUNG,5643.1,5643.1,,252000.0,RUECKKAUF,2010-02-07,2010-02-07,K14,,,NORMAL,0,pfefferminz,VERA,2025-11-15,1992-09-18,
VTR-00003231,,LV-VORS,LV,PL-2017,DE,EUR,PTR-00000182,VRM-00008,bank,MIT-00008,ANT-00003231,2017-03-01,2030-03-01,13.0,2017-03-01,VIERTELJAEHRLICH,RECHNUNG,5781.88,5942.21,,66000.0,AKTIV,2017-03-01,,,,,NORMAL,0,pfefferminz,VERA,2025-11-15,2017-02-17,
VTR-00003232,,LV-VORS,LV,PL-2012,CH,CHF,PTR-00000619,VRM-00031,bank,MIT-00044,ANT-00003232,2013-10-01,2025-10-01,12.0,2013-10-01,HALBJAEHRLICH,RECHNUNG,15021.9,15322.35,,166000.0,ABGELAUFEN,2025-10-01,2025-10-01,K15,,,NORMAL,0,pfefferminz,VERA,2025-11-15,2013-09-12,
VTR-00003233,,LV-VORS,LV,PZ-2025,DE,EUR,PTR-00000162,VRM-00032,makler,MIT-00044,ANT-00003233,2025-01-01,2054-01-01,29.0,2025-01-01,JAEHRLICH,RECHNUNG,956.61,956.61,,29000.0,AKTIV,2025-01-01,,,,,ZUSCHLAG_1,0,pfefferminz,MINT,,2024-12-01,
VTR-00003234,,LV-VORS,LV,PL-2017,CH,CHF,PTR-00000716,VRM-00031,agentur,MIT-00044,ANT-00003234,2017-07-01,2043-07-01,26.0,2017-07-01,JAEHRLICH,LASTSCHRIFT,12235.75,12235.75,,302000.0,AKTIV,2017-07-01,,,,,NORMAL,0,pfefferminz,VERA,2025-11-15,2017-06-02,
VTR-00003235,,LV-VORS,LV,PK-2007,CH,CHF,PTR-00000569,VRM-00026,agentur,MIT-00044,ANT-00003235,2011-08-01,2034-08-01,23.0,2011-08-01,JAEHRLICH,LASTSCHRIFT,2822.25,2822.25,,64000.0,AKTIV,2011-08-01,,,,,NORMAL,0,pfefferminz,VERA,2025-11-15,2011-07-06,
VTR-00003236,,LV-VORS,LV,PK-2007,CH,CHF,PTR-00000960,VRM-00040,bank,MIT-00044,ANT-00003236,2009-06-01,2030-06-01,21.0,2009-06-01,JAEHRLICH,LASTSCHRIFT,2810.95,2810.95,,64000.0,AKTIV,2009-06-01,,,,,NORMAL,0,pfefferminz,VERA,2025-11-15,2009-05-29,
VTR-00003237,,LV-VORS,LV,PL-2015,CH,CHF,PTR-00000993,VRM-00031,agentur,MIT-00044,ANT-00003237,2016-03-01,2032-03-01,16.0,2016-03-01,HALBJAEHRLICH,LASTSCHRIFT,9625.85,9818.4,,154000.0,AKTIV,2016-03-01,,,,,NORMAL,0,pfefferminz,VERA,2025-11-15,2016-02-14,
VTR-00003238,,LV-VORS,LV,PL-2017,DE,EUR,PTR-00000483,VRM-00006,makler,MIT-00019,ANT-00003238,2023-12-01,2048-12-01,25.0,2023-12-01,JAEHRLICH,KREDITKARTE,2202.53,2202.53,,52000.0,AKTIV,2023-12-01,,,,,NORMAL,0,pfefferminz,VERA,2025-11-15,2023-11-27,
VTR-00003239,,LV-VORS,LV,PZ-2025,DE,EUR,PTR-00000051,VRM-00024,bank,MIT-00019,ANT-00003239,2025-12-01,2053-12-01,28.0,2025-12-01,MONATLICH,RECHNUNG,2600.86,2730.9,,76000.0,AKTIV,2025-12-01,,,,,NORMAL,0,pfefferminz,MINT,,2025-10-31,
VTR-00003240,,LV-VORS,LV,PL-2012,CH,CHF,PTR-00000665,VRM-00040,bank,MIT-00044,ANT-00003240,2013-11-01,2048-11-01,35.0,2013-11-01,JAEHRLICH,EBILL,4010.5,4010.5,,123000.0,RUECKKAUF,2018-10-26,2018-10-26,K14,,,NORMAL,0,pfefferminz,VERA,2025-11-15,2013-09-26,
VTR-00003241,,LV-VORS,LV,PK-2007,CH,CHF,PTR-00000442,VRM-00036,agentur,MIT-00044,ANT-00003241,2008-02-01,2027-02-01,19.0,2008-02-01,JAEHRLICH,RECHNUNG,9155.6,9155.6,,152000.0,RUECKKAUF,2012-12-01,2012-12-01,K14,,,NORMAL,0,pfefferminz,VERA,2025-11-15,2008-01-18,
VTR-00003242,,LV-VORS,LV,PL-2012,CH,CHF,PTR-00000948,VRM-00036,agentur,MIT-00044,ANT-00003242,2012-09-01,2034-09-01,22.0,2012-09-01,JAEHRLICH,RECHNUNG,21273.7,21273.7,,466000.0,AKTIV,2012-09-01,,,,,NORMAL,0,pfefferminz,VERA,2025-11-15,2012-08-02,
VTR-00003243,,LV-VORS,LV,PZ-2025,CH,CHF,PTR-00000578,VRM-00005,makler,MIT-00044,ANT-00003243,2025-08-01,2033-08-01,8.0,2025-08-01,JAEHRLICH,LASTSCHRIFT,30814.85,30814.85,,231000.0,AKTIV,2025-08-01,,,,,NORMAL,0,pfefferminz,MINT,,2025-07-01,
VTR-00003244,,LV-VORS,LV,PL-2017,DE,EUR,PTR-00000106,VRM-00024,bank,MIT-00044,ANT-00003244,2018-02-01,2046-02-01,28.0,2018-02-01,JAEHRLICH,LASTSCHRIFT,1721.38,1721.38,,49000.0,RUECKKAUF,2022-07-07,2022-07-07,K14,,,NORMAL,0,pfefferminz,VERA,2025-11-15,2018-01-01,
VTR-00003245,,LV-VORS,LV,PK-2000,CH,CHF,PTR-00000083,VRM-00014,bank,MIT-00044,ANT-00003245,2001-06-01,2027-06-01,26.0,2001-06-01,JAEHRLICH,RECHNUNG,3665.15,3665.15,,115000.0,RUECKKAUF,2021-11-14,2021-11-14,K14,,,ZUSCHLAG_1,0,pfefferminz,VERA,2025-11-15,2001-05-06,
VTR-00003246,,LV-VORS,LV,PK-2007,DE,EUR,PTR-00000426,VRM-00007,makler,MIT-00008,ANT-00003246,2011-05-01,2035-05-01,24.0,2011-05-01,JAEHRLICH,RECHNUNG,3408.45,3408.45,,92000.0,RUECKKAUF,2021-07-18,2021-07-18,K14,,,NORMAL,0,pfefferminz,VERA,2025-11-15,2011-04-17,
VTR-00003247,,LV-VORS,LV,PL-2017,CH,CHF,PTR-00000859,VRM-00036,bank,MIT-00044,ANT-00003247,2022-08-01,2035-08-01,13.0,2022-08-01,JAEHRLICH,LASTSCHRIFT,7952.45,7952.45,,95000.0,AKTIV,2022-08-01,,,,,NORMAL,0,pfefferminz,VERA,2025-11-15,2022-07-05,
VTR-00003248,,LV-VORS,LV,PK-2004,DE,EUR,PTR-00000370,VRM-00010,makler,MIT-00008,ANT-00003248,2006-05-01,2018-05-01,12.0,2006-05-01,JAEHRLICH,RECHNUNG,5305.41,5305.41,,66000.0,ABGELAUFEN,2018-05-01,2018-05-01,K15,,,NORMAL,0,pfefferminz,VERA,2025-11-15,2006-04-15,
VTR-00003249,,LV-VORS,LV,PK-2007,CH,CHF,PTR-00000148,VRM-00012,agentur,MIT-00044,ANT-00003249,2011-06-01,2030-06-01,19.0,2011-06-01,JAEHRLICH,EBILL,11556.0,11556.0,,202000.0,AKTIV,2011-06-01,,,,,NORMAL,0,pfefferminz,VERA,2025-11-15,2011-05-20,
VTR-00003250,,LV-VORS,LV,PK-2007,CH,CHF,PTR-00000970,VRM-00031,agentur,MIT-00044,ANT-00003250,2010-04-01,2032-04-01,22.0,2010-04-01,JAEHRLICH,RECHNUNG,4463.8,4463.8,,108000.0,RUECKKAUF,2011-03-21,2011-03-21,K14,,,NORMAL,0,pfefferminz,VERA,2025-11-15,2010-03-19,
VTR-00003251,,LV-VORS,LV,PK-2004,DE,EUR,PTR-00000815,VRM-00030,bank,MIT-00019,ANT-00003251,2006-10-01,2028-10-01,22.0,2006-10-01,JAEHRLICH,EBILL,1068.98,1068.98,,27000.0,AKTIV,2006-10-01,,,,,NORMAL,0,pfefferminz,VERA,2025-11-15,2006-09-01,
VTR-00003252,,LV-VORS,LV,PZ-2025,DE,EUR,PTR-00000957,VRM-00038,makler,MIT-00044,ANT-00003252,2025-12-01,2043-12-01,18.0,2025-12-01,HALBJAEHRLICH,RECHNUNG,8095.45,8257.36,,149000.0,AKTIV,2025-12-01,,,,,NORMAL,0,pfefferminz,MINT,,2025-11-16,
VTR-00003254,,LV-VORS,LV,PL-2017,CH,CHF,PTR-00000382,VRM-00012,agentur,MIT-00044,ANT-00003254,2020-01-01,2045-01-01,25.0,2020-01-01,JAEHRLICH,RECHNUNG,5647.6,5647.6,,115000.0,AKTIV,2020-01-01,,,,,ZUSCHLAG_2,0,pfefferminz,VERA,2025-11-15,2019-12-30,
VTR-00003255,,LV-VORS,LV,PL-2017,CH,CHF,PTR-00000928,VRM-00031,agentur,MIT-00044,ANT-00003255,2023-08-01,2050-08-01,27.0,2023-08-01,JAEHRLICH,EBILL,11731.55,11731.55,,282000.0,AKTIV,2023-08-01,,,,,ZUSCHLAG_1,0,pfefferminz,VERA,2025-11-15,2023-06-29,
VTR-00003256,,LV-VORS,LV,PK-2004,DE,EUR,PTR-00000447,VRM-00032,makler,MIT-00019,ANT-00003256,2006-06-01,2024-06-01,18.0,2006-06-01,JAEHRLICH,EBILL,1418.78,1418.78,,17000.0,RUECKKAUF,2010-07-16,2010-07-16,K14,,,NORMAL,0,pfefferminz,VERA,2025-11-15,2006-05-04,
VTR-00003257,,LV-VORS,LV,PK-2000,CH,CHF,PTR-00000784,VRM-00031,agentur,MIT-00044,ANT-00003257,2001-01-01,2026-01-01,25.0,2001-01-01,JAEHRLICH,LASTSCHRIFT,5857.5,5857.5,,169000.0,AKTIV,2001-01-01,,,,,NORMAL,0,pfefferminz,VERA,2025-11-15,2000-12-01,
VTR-00003258,,LV-VORS,LV,PL-2017,CH,CHF,PTR-00000616,VRM-00040,makler,MIT-00044,ANT-00003258,2022-02-01,2027-02-01,5.0,2022-02-01,VIERTELJAEHRLICH,LASTSCHRIFT,33515.45,34459.75,,146000.0,AKTIV,2022-02-01,,,,,NORMAL,0,pfefferminz,VERA,2025-11-15,2022-01-23,
VTR-00003259,,LV-VORS,LV,PL-2017,CH,CHF,PTR-00000973,VRM-00014,makler,MIT-00044,ANT-00003259,2020-02-01,2026-02-01,6.0,2020-02-01,JAEHRLICH,LASTSCHRIFT,43958.4,43958.4,,242000.0,AKTIV,2020-02-01,,,,,NORMAL,0,pfefferminz,VERA,2025-11-15,2020-01-30,
VTR-00003260,,LV-VORS,LV,PK-95,DE,EUR,PTR-00000642,VRM-00030,bank,MIT-00008,ANT-00003260,1996-04-01,2016-04-01,20.0,1996-04-01,JAEHRLICH,RECHNUNG,1620.96,1620.96,,38000.0,RUECKKAUF,2005-03-09,2005-03-09,K14,,,NORMAL,0,pfefferminz,VERA,2025-11-15,1996-02-22,
VTR-00003261,,LV-VORS,LV,PL-2017,DE,EUR,PTR-00000772,VRM-00034,makler,MIT-00044,ANT-00003261,2023-11-01,2040-11-01,17.0,2023-11-01,JAEHRLICH,RECHNUNG,12118.12,12118.12,,185000.0,AKTIV,2023-11-01,,,,,ZUSCHLAG_2,0,pfefferminz,VERA,2025-11-15,2023-10-30,
VTR-00003262,,LV-VORS,LV,PL-2017,DE,EUR,PTR-00000327,VRM-00032,makler,MIT-00019,ANT-00003262,2022-06-01,2047-06-01,25.0,2022-06-01,JAEHRLICH,EBILL,2016.95,2016.95,,16000.0,AKTIV,2022-06-01,,,,,ZUSCHLAG_1,0,pfefferminz,VERA,2025-11-15,2022-05-28,
VTR-00003263,,LV-VORS,LV,PK-2007,CH,CHF,PTR-00000340,VRM-00011,agentur,MIT-00044,ANT-00003263,2011-12-01,2036-12-01,25.0,2011-12-01,HALBJAEHRLICH,RECHNUNG,17164.95,17508.25,,492000.0,AKTIV,2011-12-01,,,,,NORMAL,0,pfefferminz,VERA,2025-11-15,2011-11-17,
VTR-00003264,,LV-VORS,LV,PK-2007,DE,EUR,PTR-00000457,VRM-00022,makler,MIT-00019,ANT-00003264,2007-06-01,2023-06-01,16.0,2007-06-01,JAEHRLICH,RECHNUNG,4108.01,4108.01,,70000.0,RUECKKAUF,2021-04-21,2021-04-21,K14,,,NORMAL,0,pfefferminz,VERA,2025-11-15,2007-05-18,
VTR-00003265,,LV-VORS,LV,PL-2012,CH,CHF,PTR-00000621,VRM-00005,agentur,MIT-00044,ANT-00003265,2012-02-01,2042-02-01,30.0,2012-02-01,JAEHRLICH,LASTSCHRIFT,2320.0,2320.0,,77000.0,AKTIV,2012-02-01,,,,,NORMAL,0,pfefferminz,VERA,2025-11-15,2012-01-12,
VTR-00003266,,LV-VORS,LV,PZ-2025,DE,EUR,PTR-00000429,VRM-00002,makler,MIT-00019,ANT-00003266,2025-06-01,2044-06-01,19.0,2025-06-01,MONATLICH,RECHNUNG,5059.34,5247.03,,73000.0,AKTIV,2025-06-01,,,,,NORMAL,0,pfefferminz,MINT,,2025-05-03,
VTR-00003269,,LV-VORS,LV,PL-2012,DE,EUR,PTR-00000852,VRM-00033,makler,MIT-00019,ANT-00003269,2012-11-01,2039-11-01,27.0,2012-11-01,HALBJAEHRLICH,RECHNUNG,1254.27,1279.36,,38000.0,AKTIV,2012-11-01,,,,,NORMAL,0,pfefferminz,VERA,2025-11-15,2012-09-26,
VTR-00003270,,LV-VORS,LV,PL-2017,CH,CHF,PTR-00000210,VRM-00031,makler,MIT-00044,ANT-00003270,2023-06-01,2037-06-01,14.0,2023-06-01,JAEHRLICH,RECHNUNG,10886.3,10886.3,,144000.0,RUECKKAUF,2024-11-22,2024-11-22,K14,,,NORMAL,0,pfefferminz,VERA,2025-11-15,2023-05-03,
VTR-00003271,,LV-VORS,LV,PL-2015,DE,EUR,PTR-00000226,VRM-00010,makler,MIT-00044,ANT-00003271,2015-04-01,2028-04-01,13.0,2015-04-01,JAEHRLICH,RECHNUNG,8525.72,8525.72,,110000.0,AKTIV,2015-04-01,,,,,NORMAL,0,pfefferminz,VERA,2025-11-15,2015-03-27,
VTR-00003272,,LV-VORS,LV,PK-95,CH,CHF,PTR-00000266,VRM-00014,makler,MIT-00044,ANT-00003272,1999-05-01,2039-05-01,40.0,1999-05-01,JAEHRLICH,RECHNUNG,2149.2,2149.2,,57000.0,AKTIV,1999-05-01,,,,,NORMAL,0,pfefferminz,VERA,2025-11-15,1999-04-18,
VTR-00003273,,LV-VORS,LV,PL-2012,CH,CHF,PTR-00000127,VRM-00012,agentur,MIT-00044,ANT-00003273,2013-06-01,2034-06-01,21.0,2013-06-01,JAEHRLICH,RECHNUNG,10430.35,10430.35,,194000.0,AKTIV,2013-06-01,,,,,ZUSCHLAG_1,0,pfefferminz,VERA,2025-11-15,2013-05-06,
VTR-00003274,,LV-VORS,LV,PK-95,CH,CHF,PTR-00000209,VRM-00040,agentur,MIT-00044,ANT-00003274,1995-02-01,2025-02-01,30.0,1995-02-01,HALBJAEHRLICH,RECHNUNG,4844.97,4941.87,,236000.0,ABGELAUFEN,2025-02-01,2025-02-01,K15,,,NORMAL,0,pfefferminz,VERA,2025-11-15,1995-01-22,
VTR-00003275,,LV-VORS,LV,PZ-2025,CH,CHF,PTR-00000037,VRM-00031,agentur,MIT-00044,ANT-00003275,2025-07-01,2063-07-01,38.0,2025-07-01,VIERTELJAEHRLICH,EBILL,1922.1,1979.8,,73000.0,AKTIV,2025-07-01,,,,,NORMAL,0,pfefferminz,MINT,,2025-06-26,
VTR-00003276,,LV-VORS,LV,PL-2012,DE,EUR,PTR-00000398,VRM-00024,bank,MIT-00019,ANT-00003276,2013-03-01,2038-03-01,25.0,2013-03-01,JAEHRLICH,RECHNUNG,2155.68,2155.68,,60000.0,AKTIV,2013-03-01,,,,,NORMAL,0,pfefferminz,VERA,2025-11-15,2013-02-24,
VTR-00003277,,LV-VORS,LV,PL-2012,DE,EUR,PTR-00000951,VRM-00024,bank,MIT-00019,ANT-00003277,2012-10-01,2025-10-01,13.0,2012-10-01,HALBJAEHRLICH,LASTSCHRIFT,5622.69,5735.14,,74000.0,ABGELAUFEN,2025-10-01,2025-10-01,K15,,,NORMAL,0,pfefferminz,VERA,2025-11-15,2012-09-17,
VTR-00003278,,LV-VORS,LV,PL-2017,DE,EUR,PTR-00000782,VRM-00032,makler,MIT-00044,ANT-00003278,2017-02-01,2023-02-01,6.0,2017-02-01,JAEHRLICH,RECHNUNG,40920.11,40920.11,,230000.0,ABGELAUFEN,2023-02-01,2023-02-01,K15,,,NORMAL,0,pfefferminz,VERA,2025-11-15,2017-01-16,
VTR-00003279,,LV-VORS,LV,PL-2017,DE,EUR,PTR-00000321,VRM-00008,bank,MIT-00019,ANT-00003279,2024-06-01,2042-06-01,18.0,2024-06-01,JAEHRLICH,LASTSCHRIFT,683.78,683.78,,11000.0,AKTIV,2024-06-01,,,,,ZUSCHLAG_1,0,pfefferminz,VERA,2025-11-15,2024-05-25,
VTR-00003280,,LV-VORS,LV,PL-2012,CH,CHF,PTR-00000828,VRM-00014,bank,MIT-00044,ANT-00003280,2012-10-01,2029-10-01,17.0,2012-10-01,JAEHRLICH,LASTSCHRIFT,5543.8,5543.8,,97000.0,STORNIERT,2023-12-02,2023-12-02,K12,,,NORMAL,0,pfefferminz,VERA,2025-11-15,2012-09-16,
VTR-00003281,,LV-VORS,LV,PK-2004,DE,EUR,PTR-00000365,VRM-00008,bank,MIT-00044,ANT-00003281,2005-06-01,2032-06-01,27.0,2005-06-01,JAEHRLICH,RECHNUNG,3136.2,3136.2,,42000.0,RUECKKAUF,2024-07-27,2024-07-27,K14,,,NORMAL,0,pfefferminz,VERA,2025-11-15,2005-05-01,
VTR-00003282,,LV-VORS,LV,PZ-2025,CH,CHF,PTR-00000037,VRM-00005,bank,MIT-00044,ANT-00003282,2025-08-01,2055-08-01,30.0,2025-08-01,JAEHRLICH,RECHNUNG,1925.45,1925.45,,57000.0,AKTIV,2025-08-01,,,,,NORMAL,0,pfefferminz,MINT,,2025-07-23,
VTR-00003284,,LV-VORS,LV,PL-2017,DE,EUR,PTR-00000160,VRM-00030,bank,MIT-00044,ANT-00003284,2023-05-01,2055-05-01,32.0,2023-05-01,JAEHRLICH,RECHNUNG,2189.1,2189.1,,43000.0,AKTIV,2023-05-01,,,,,NORMAL,0,pfefferminz,VERA,2025-11-15,2023-03-24,
VTR-00003285,,LV-VORS,LV,PZ-2025,DE,EUR,PTR-00000439,VRM-00030,bank,MIT-00044,ANT-00003285,2025-05-01,2052-05-01,27.0,2025-05-01,VIERTELJAEHRLICH,RECHNUNG,600.0,618.0,,12000.0,AKTIV,2025-05-01,,,,,NORMAL,0,pfefferminz,MINT,,2025-03-30,
VTR-00003286,,LV-VORS,LV,PK-2004,DE,EUR,PTR-00000184,VRM-00008,bank,MIT-00019,ANT-00003286,2005-09-01,2019-09-01,14.0,2005-09-01,VIERTELJAEHRLICH,LASTSCHRIFT,2110.15,2173.46,,31000.0,ABGELAUFEN,2019-09-01,2019-09-01,K15,,,NORMAL,0,pfefferminz,VERA,2025-11-15,2005-07-30,
VTR-00003287,,LV-VORS,LV,PK-2007,CH,CHF,PTR-00000299,VRM-00005,agentur,MIT-00044,ANT-00003287,2010-01-01,2021-01-01,11.0,2010-01-01,JAEHRLICH,RECHNUNG,5605.55,5605.55,,61000.0,ABGELAUFEN,2021-01-01,2021-01-01,K15,,,NORMAL,0,pfefferminz,VERA,2025-11-15,2009-11-29,
VTR-00003288,,LV-VORS,LV,PL-2015,CH,CHF,PTR-00000377,VRM-00031,makler,MIT-00044,ANT-00003288,2016-01-01,2052-01-01,36.0,2016-01-01,VIERTELJAEHRLICH,RECHNUNG,4032.85,4153.85,,155000.0,AKTIV,2016-01-01,,,,,NORMAL,0,pfefferminz,VERA,2025-11-15,2015-12-03,
VTR-00003289,,LV-VORS,LV,PL-2015,DE,EUR,PTR-00000433,VRM-00032,makler,MIT-00019,ANT-00003289,2016-09-01,2037-09-01,21.0,2016-09-01,JAEHRLICH,LASTSCHRIFT,1814.72,1814.72,,39000.0,AKTIV,2016-09-01,,,,,NORMAL,0,pfefferminz,VERA,2025-11-15,2016-07-30,
VTR-00003290,,LV-VORS,LV,PL-2017,DE,EUR,PTR-00000075,VRM-00016,makler,MIT-00019,ANT-00003290,2022-08-01,2044-08-01,22.0,2022-08-01,HALBJAEHRLICH,RECHNUNG,1697.31,1731.25,,35000.0,AKTIV,2022-08-01,,,,,NORMAL,0,pfefferminz,VERA,2025-11-15,2022-07-02,
VTR-00003291,,LV-VORS,LV,PK-2007,CH,CHF,PTR-00000174,VRM-00039,agentur,MIT-00044,ANT-00003291,2007-10-01,2013-10-01,6.0,2007-10-01,JAEHRLICH,RECHNUNG,30527.1,30527.1,,174000.0,ABGELAUFEN,2013-10-01,2013-10-01,K15,,,NORMAL,0,pfefferminz,VERA,2025-11-15,2007-09-08,
VTR-00003292,,LV-VORS,LV,PK-2007,DE,EUR,PTR-00000836,VRM-00008,bank,MIT-00044,ANT-00003292,2008-10-01,2023-10-01,15.0,2008-10-01,JAEHRLICH,RECHNUNG,2990.11,2990.11,,33000.0,RUECKKAUF,2014-05-02,2014-05-02,K14,,,ZUSCHLAG_1,0,pfefferminz,VERA,2025-11-15,2008-09-27,
VTR-00003294,,LV-VORS,LV,PL-2015,DE,EUR,PTR-00000644,VRM-00010,makler,MIT-00019,ANT-00003294,2015-03-01,2028-03-01,13.0,2015-03-01,JAEHRLICH,RECHNUNG,4028.48,4028.48,,52000.0,AKTIV,2015-03-01,,,,,NORMAL,0,pfefferminz,VERA,2025-11-15,2015-02-18,
VTR-00003295,,LV-VORS,LV,PK-2004,CH,CHF,PTR-00000293,VRM-00031,bank,MIT-00044,ANT-00003295,2006-06-01,2025-06-01,19.0,2006-06-01,JAEHRLICH,RECHNUNG,8646.9,8646.9,,171000.0,STORNIERT,2016-04-23,2016-04-23,K12,,,NORMAL,0,pfefferminz,VERA,2025-11-15,2006-04-25,
VTR-00003296,,LV-VORS,LV,PL-2015,DE,EUR,PTR-00000116,VRM-00027,makler,MIT-00044,ANT-00003296,2016-08-01,2029-08-01,13.0,2016-08-01,JAEHRLICH,RECHNUNG,4531.95,4531.95,,34000.0,AKTIV,2016-08-01,,,,,ZUSCHLAG_1,0,pfefferminz,VERA,2025-11-15,2016-07-20,
VTR-00003299,,LV-VORS,LV,PZ-2025,CH,CHF,PTR-00000987,VRM-00040,bank,MIT-00044,ANT-00003299,2025-07-01,2050-07-01,25.0,2025-07-01,JAEHRLICH,EBILL,2725.8,2725.8,,65000.0,AKTIV,2025-07-01,,,,,NORMAL,0,pfefferminz,MINT,,2025-06-11,
VTR-00003300,,LV-VORS,LV,PL-2015,DE,EUR,PTR-00000644,VRM-00024,bank,MIT-00019,ANT-00003300,2016-06-01,2045-06-01,29.0,2016-06-01,HALBJAEHRLICH,RECHNUNG,1270.94,1296.36,,38000.0,AKTIV,2016-06-01,,,,,ZUSCHLAG_1,0,pfefferminz,VERA,2025-11-15,2016-05-25,
VTR-00003301,,LV-VORS,LV,PK-2007,CH,CHF,PTR-00000302,VRM-00026,agentur,MIT-00044,ANT-00003301,2008-03-01,2034-03-01,26.0,2008-03-01,JAEHRLICH,LASTSCHRIFT,6315.96,6315.96,,140000.0,AKTIV,2008-03-01,,,,,ZUSCHLAG_1,0,pfefferminz,VERA,2025-11-15,2008-02-05,
VTR-00003302,,LV-VORS,LV,PZ-2025,DE,EUR,PTR-00000904,VRM-00032,makler,MIT-00044,ANT-00003302,2025-05-01,2041-05-01,16.0,2025-05-01,JAEHRLICH,EBILL,6791.1,6791.1,,107000.0,AKTIV,2025-05-01,,,,,NORMAL,0,pfefferminz,MINT,,2025-04-18,
VTR-00003303,,LV-VORS,LV,PK-2000,CH,CHF,PTR-00000344,VRM-00017,makler,MIT-00044,ANT-00003303,2001-12-01,2039-12-01,38.0,2001-12-01,JAEHRLICH,RECHNUNG,1331.25,1331.25,,67000.0,AKTIV,2001-12-01,,,,,NORMAL,0,pfefferminz,VERA,2025-11-15,2001-10-29,
VTR-00003304,,LV-VORS,LV,PL-2017,DE,EUR,PTR-00000755,VRM-00030,bank,MIT-00008,ANT-00003304,2019-07-01,2047-07-01,28.0,2019-07-01,JAEHRLICH,RECHNUNG,2569.28,2569.28,,66000.0,AKTIV,2019-07-01,,,,,ZUSCHLAG_2,0,pfefferminz,VERA,2025-11-15,2019-06-12,
VTR-00003305,,LV-VORS,LV,PL-2017,CH,CHF,PTR-00000356,VRM-00031,agentur,MIT-00044,ANT-00003305,2019-07-01,2057-07-01,38.0,2019-07-01,JAEHRLICH,RECHNUNG,3106.25,3106.25,,111000.0,AKTIV,2019-07-01,,,,,NORMAL,0,pfefferminz,VERA,2025-11-15,2019-06-24,
VTR-00003306,,LV-VORS,LV,PZ-2025,CH,CHF,PTR-00000933,VRM-00031,agentur,MIT-00044,ANT-00003306,2025-06-01,2065-06-01,40.0,2025-06-01,JAEHRLICH,LASTSCHRIFT,12331.4,12331.4,,445000.0,AKTIV,2025-06-01,,,,,NORMAL,0,pfefferminz,MINT,,2025-04-23,
VTR-00003307,,LV-VORS,LV,PK-95,CH,CHF,PTR-00000599,VRM-00014,bank,MIT-00044,ANT-00003307,1996-01-01,2014-01-01,18.0,1996-01-01,HALBJAEHRLICH,RECHNUNG,6587.53,6719.27,,161000.0,ABGELAUFEN,2014-01-01,2014-01-01,K15,,,NORMAL,0,pfefferminz,VERA,2025-11-15,1995-12-29,
VTR-00003308,,LV-VORS,LV,PK-2007,CH,CHF,PTR-00000591,VRM-00026,agentur,MIT-00044,ANT-00003308,2010-11-01,2029-11-01,19.0,2010-11-01,JAEHRLICH,KREDITKARTE,12747.85,12747.85,,260000.0,AKTIV,2010-11-01,,,,,NORMAL,0,pfefferminz,VERA,2025-11-15,2010-10-18,
VTR-00003309,,LV-VORS,LV,PL-2015,CH,CHF,PTR-00000889,VRM-00005,agentur,MIT-00044,ANT-00003309,2015-01-01,2047-01-01,32.0,2015-01-01,HALBJAEHRLICH,RECHNUNG,14487.3,14777.05,,489000.0,AKTIV,2015-01-01,,,,,NORMAL,0,pfefferminz,VERA,2025-11-15,2014-12-17,
VTR-00003310,,LV-VORS,LV,PL-2012,CH,CHF,PTR-00000214,VRM-00039,agentur,MIT-00044,ANT-00003310,2012-03-01,2032-03-01,20.0,2012-03-01,HALBJAEHRLICH,RECHNUNG,2870.57,2927.99,,63000.0,AKTIV,2012-03-01,,,,,NORMAL,0,pfefferminz,VERA,2025-11-15,2012-01-29,
VTR-00003311,,LV-VORS,LV,PL-2017,CH,CHF,PTR-00000868,VRM-00014,makler,MIT-00044,ANT-00003311,2024-08-01,2054-08-01,30.0,2024-08-01,MONATLICH,EBILL,4503.0,4712.15,,115000.0,AKTIV,2024-08-01,,,,,NORMAL,0,pfefferminz,VERA,2025-11-15,2024-07-01,
VTR-00003312,,LV-VORS,LV,PL-2012,CH,CHF,PTR-00000262,VRM-00025,makler,MIT-00044,ANT-00003312,2013-12-01,2021-12-01,8.0,2013-12-01,JAEHRLICH,EBILL,16150.64,16150.64,,113000.0,ABGELAUFEN,2021-12-01,2021-12-01,K15,,,NORMAL,0,pfefferminz,VERA,2025-11-15,2013-10-30,
VTR-00003313,,LV-VORS,LV,PK-2007,CH,CHF,PTR-00000687,VRM-00040,agentur,MIT-00044,ANT-00003313,2007-09-01,2036-09-01,29.0,2007-09-01,JAEHRLICH,RECHNUNG,6016.25,6016.25,,205000.0,RUECKKAUF,2012-10-15,2012-10-15,K14,,,ZUSCHLAG_1,0,pfefferminz,VERA,2025-11-15,2007-08-04,
VTR-00003314,,LV-VORS,LV,PK-2004,CH,CHF,PTR-00000784,VRM-00014,bank,MIT-00044,ANT-00003314,2004-03-01,2026-03-01,22.0,2004-03-01,VIERTELJAEHRLICH,RECHNUNG,16266.15,16754.15,,389000.0,AKTIV,2004-03-01,,,,,NORMAL,0,pfefferminz,VERA,2025-11-15,2004-02-27,
VTR-00003316,,LV-VORS,LV,PK-85,CH,CHF,PTR-00000355,VRM-00014,makler,MIT-00044,ANT-00003316,1988-11-01,2026-11-01,38.0,1988-11-01,JAEHRLICH,RECHNUNG,2487.69,2487.69,,159000.0,RUECKKAUF,1997-01-18,1997-01-18,K14,,,ZUSCHLAG_1,0,pfefferminz,VERA,2025-11-15,1988-10-08,
VTR-00003317,,LV-VORS,LV,PL-2012,CH,CHF,PTR-00000503,VRM-00031,agentur,MIT-00044,ANT-00003317,2013-10-01,2023-10-01,10.0,2013-10-01,JAEHRLICH,EBILL,3507.2,3507.2,,34000.0,ABGELAUFEN,2023-10-01,2023-10-01,K15,,,NORMAL,0,pfefferminz,VERA,2025-11-15,2013-08-31,
VTR-00003318,,LV-VORS,LV,PL-2017,CH,CHF,PTR-00000686,VRM-00036,agentur,MIT-00044,ANT-00003318,2022-02-01,2027-02-01,5.0,2022-02-01,JAEHRLICH,RECHNUNG,46738.06,46738.06,,189000.0,AKTIV,2022-02-01,,,,,ZUSCHLAG_1,0,pfefferminz,VERA,2025-11-15,2021-12-28,
VTR-00003319,,LV-VORS,LV,PK-2007,CH,CHF,PTR-00000599,VRM-00014,makler,MIT-00044,ANT-00003319,2010-12-01,2033-12-01,23.0,2010-12-01,JAEHRLICH,EBILL,1713.65,1713.65,,42000.0,AKTIV,2010-12-01,,,,,NORMAL,0,pfefferminz,VERA,2025-11-15,2010-11-12,
VTR-00003320,,LV-VORS,LV,PK-2004,DE,EUR,PTR-00000141,VRM-00034,makler,MIT-00019,ANT-00003320,2005-10-01,2022-10-01,17.0,2005-10-01,JAEHRLICH,RECHNUNG,989.16,989.16,,18000.0,ABGELAUFEN,2022-10-01,2022-10-01,K15,,,ZUSCHLAG_1,0,pfefferminz,VERA,2025-11-15,2005-09-01,
VTR-00003321,,LV-VORS,LV,PZ-2025,CH,CHF,PTR-00000551,VRM-00036,agentur,MIT-00044,ANT-00003321,2025-09-01,2042-09-01,17.0,2025-09-01,JAEHRLICH,RECHNUNG,9178.35,9178.35,,136000.0,AKTIV,2025-09-01,,,,,NORMAL,0,pfefferminz,MINT,,2025-08-10,
VTR-00003322,,LV-VORS,LV,PK-95,DE,EUR,PTR-00000238,VRM-00022,makler,MIT-00019,ANT-00003322,1996-01-01,2035-01-01,39.0,1996-01-01,JAEHRLICH,RECHNUNG,1459.61,1459.61,,121000.0,RUECKKAUF,2009-08-09,2009-08-09,K14,,,NORMAL,0,pfefferminz,VERA,2025-11-15,1995-12-27,
VTR-00003323,,LV-VORS,LV,PK-2007,DE,EUR,PTR-00000833,VRM-00030,bank,MIT-00019,ANT-00003323,2008-08-01,2021-08-01,13.0,2008-08-01,JAEHRLICH,RECHNUNG,2130.46,2130.46,,28000.0,RUECKKAUF,2009-02-15,2009-02-15,K14,,,NORMAL,0,pfefferminz,VERA,2025-11-15,2008-07-08,
VTR-00003324,,LV-VORS,LV,PZ-2025,DE,EUR,PTR-00000776,VRM-00030,bank,MIT-00008,ANT-00003324,2025-11-01,2050-11-01,25.0,2025-11-01,HALBJAEHRLICH,RECHNUNG,1847.07,1884.01,,48000.0,AKTIV,2025-11-01,,,,,NORMAL,0,pfefferminz,MINT,,2025-10-02,
VTR-00003325,,LV-VORS,LV,PZ-2025,CH,CHF,PTR-00000538,VRM-00014,makler,MIT-00044,ANT-00003325,2025-10-01,2040-10-01,15.0,2025-10-01,JAEHRLICH,LASTSCHRIFT,5186.95,5186.95,,58000.0,AKTIV,2025-10-01,,,,,NORMAL,0,pfefferminz,MINT,,2025-09-08,
VTR-00003326,,LV-VORS,LV,PL-2017,CH,CHF,PTR-00000786,VRM-00005,agentur,MIT-00044,ANT-00003326,2021-07-01,2044-07-01,23.0,2021-07-01,JAEHRLICH,RECHNUNG,17205.15,17205.15,,349000.0,AKTIV,2021-07-01,,,,,NORMAL,0,pfefferminz,VERA,2025-11-15,2021-06-29,
VTR-00003327,,LV-VORS,LV,PL-2017,CH,CHF,PTR-00000360,VRM-00031,agentur,MIT-00044,ANT-00003327,2020-05-01,2035-05-01,15.0,2020-05-01,JAEHRLICH,RECHNUNG,11679.2,11679.2,,148000.0,AKTIV,2020-05-01,,,,,NORMAL,0,pfefferminz,VERA,2025-11-15,2020-04-11,
VTR-00003328,,LV-VORS,LV,PL-2017,CH,CHF,PTR-00000391,VRM-00036,agentur,MIT-00044,ANT-00003328,2018-10-01,2044-10-01,26.0,2018-10-01,JAEHRLICH,LASTSCHRIFT,12802.25,12802.25,,318000.0,AKTIV,2018-10-01,,,,,NORMAL,0,pfefferminz,VERA,2025-11-15,2018-09-30,
VTR-00003329,,LV-VORS,LV,PK-2004,CH,CHF,PTR-00000307,VRM-00017,bank,MIT-00044,ANT-00003329,2005-11-01,2020-11-01,15.0,2005-11-01,JAEHRLICH,RECHNUNG,2421.05,2421.05,,38000.0,ABGELAUFEN,2020-11-01,2020-11-01,K15,,,NORMAL,0,pfefferminz,VERA,2025-11-15,2005-10-28,
VTR-00003330,,LV-VORS,LV,PK-2004,CH,CHF,PTR-00000789,VRM-00004,agentur,MIT-00044,ANT-00003330,2006-06-01,2016-06-01,10.0,2006-06-01,JAEHRLICH,RECHNUNG,8061.45,8061.45,,63000.0,ABGELAUFEN,2016-06-01,2016-06-01,K15,,,NORMAL,0,pfefferminz,VERA,2025-11-15,2006-04-30,
VTR-00003333,,LV-VORS,LV,PK-2000,DE,EUR,PTR-00000426,VRM-00002,makler,MIT-00008,ANT-00003333,2002-02-01,2018-02-01,16.0,2002-02-01,HALBJAEHRLICH,EBILL,1304.77,1330.87,,23000.0,RUECKKAUF,2006-04-03,2006-04-03,K14,,,ZUSCHLAG_1,0,pfefferminz,VERA,2025-11-15,2002-01-29,
VTR-00003334,,LV-VORS,LV,PZ-2025,CH,CHF,PTR-00000266,VRM-00014,bank,MIT-00044,ANT-00003334,2025-08-01,2039-08-01,14.0,2025-08-01,VIERTELJAEHRLICH,LASTSCHRIFT,9884.8,10181.35,,129000.0,AKTIV,2025-08-01,,,,,ZUSCHLAG_1,0,pfefferminz,MINT,,2025-07-14,
VTR-00003335,,LV-VORS,LV,PK-2004,DE,EUR,PTR-00000976,VRM-00024,bank,MIT-00008,ANT-00003335,2006-10-01,2041-10-01,35.0,2006-10-01,JAEHRLICH,LASTSCHRIFT,1933.33,1933.33,,13000.0,RUECKKAUF,2019-10-10,2019-10-10,K14,,,NORMAL,0,pfefferminz,VERA,2025-11-15,2006-09-20,
VTR-00003336,,LV-VORS,LV,PL-2017,CH,CHF,PTR-00000400,VRM-00031,agentur,MIT-00044,ANT-00003336,2019-12-01,2046-12-01,27.0,2019-12-01,JAEHRLICH,EBILL,2779.7,2779.7,,54000.0,AKTIV,2019-12-01,,,,,NORMAL,0,pfefferminz,VERA,2025-11-15,2019-11-04,
VTR-00003337,,LV-VORS,LV,PZ-2025,DE,EUR,PTR-00000726,VRM-00013,direkt,MIT-00044,ANT-00003337,2025-08-01,2041-08-01,16.0,2025-08-01,JAEHRLICH,RECHNUNG,2916.46,2916.46,,47000.0,AKTIV,2025-08-01,,,,,NORMAL,0,pfefferminz,MINT,,2025-06-23,
VTR-00003338,,LV-VORS,LV,PZ-2025,DE,EUR,PTR-00000240,VRM-00013,direkt,MIT-00008,ANT-00003338,2025-11-01,2062-11-01,37.0,2025-11-01,JAEHRLICH,RECHNUNG,1766.05,1766.05,,72000.0,AKTIV,2025-11-01,,,,,NORMAL,0,pfefferminz,MINT,,2025-10-18,
VTR-00003339,,LV-VORS,LV,PZ-2025,DE,EUR,PTR-00000428,VRM-00024,bank,MIT-00044,ANT-00003339,2025-09-01,2058-09-01,33.0,2025-09-01,HALBJAEHRLICH,RECHNUNG,3318.71,3385.08,,119000.0,AKTIV,2025-09-01,,,,,NORMAL,0,pfefferminz,MINT,,2025-08-16,
VTR-00003340,,LV-VORS,LV,PL-2017,DE,EUR,PTR-00000474,VRM-00030,bank,MIT-00019,ANT-00003340,2023-07-01,2050-07-01,27.0,2023-07-01,VIERTELJAEHRLICH,RECHNUNG,806.97,831.18,,20000.0,AKTIV,2023-07-01,,,,,ZUSCHLAG_1,0,pfefferminz,VERA,2025-11-15,2023-06-01,
VTR-00003341,,LV-VORS,LV,PK-2004,DE,EUR,PTR-00000906,VRM-00010,makler,MIT-00019,ANT-00003341,2005-01-01,2019-01-01,14.0,2005-01-01,JAEHRLICH,LASTSCHRIFT,9223.58,9223.58,,138000.0,ABGELAUFEN,2019-01-01,2019-01-01,K15,,,ZUSCHLAG_1,0,pfefferminz,VERA,2025-11-15,2004-12-24,
VTR-00003342,,LV-VORS,LV,PK-2000,CH,CHF,PTR-00000514,VRM-00025,agentur,MIT-00044,ANT-00003342,2002-04-01,2013-04-01,11.0,2002-04-01,VIERTELJAEHRLICH,RECHNUNG,12667.2,13047.2,,144000.0,ABGELAUFEN,2013-04-01,2013-04-01,K15,,,NORMAL,0,pfefferminz,VERA,2025-11-15,2002-03-12,
VTR-00003343,,LV-VORS,LV,PL-2015,CH,CHF,PTR-00000625,VRM-00026,bank,MIT-00044,ANT-00003343,2016-04-01,2032-04-01,16.0,2016-04-01,JAEHRLICH,EBILL,15850.15,15850.15,,253000.0,RUECKKAUF,2021-11-09,2021-11-09,K14,,,NORMAL,0,pfefferminz,VERA,2025-11-15,2016-03-19,
VTR-00003344,,LV-VORS,LV,PZ-2025,DE,EUR,PTR-00000077,VRM-00032,makler,MIT-00019,ANT-00003344,2025-10-01,2051-10-01,26.0,2025-10-01,HALBJAEHRLICH,RECHNUNG,2228.83,2273.41,,61000.0,AKTIV,2025-10-01,,,,,NORMAL,0,pfefferminz,MINT,,2025-09-04,
VTR-00003345,,LV-VORS,LV,PK-2007,CH,CHF,PTR-00000303,VRM-00015,bank,MIT-00044,ANT-00003345,2011-07-01,2047-07-01,36.0,2011-07-01,JAEHRLICH,LASTSCHRIFT,1896.62,1896.62,,45000.0,RUECKKAUF,2014-11-14,2014-11-14,K14,,,NORMAL,0,pfefferminz,VERA,2025-11-15,2011-05-29,
VTR-00003346,,LV-VORS,LV,PL-2012,CH,CHF,PTR-00000908,VRM-00039,agentur,MIT-00044,ANT-00003346,2013-09-01,2018-09-01,5.0,2013-09-01,JAEHRLICH,LASTSCHRIFT,33716.35,33716.35,,130000.0,RUECKKAUF,2017-01-01,2017-01-01,K14,,,NORMAL,0,pfefferminz,VERA,2025-11-15,2013-08-20,
VTR-00003347,,LV-VORS,LV,PZ-2025,DE,EUR,PTR-00000475,VRM-00008,bank,MIT-00044,ANT-00003347,2025-11-01,2050-11-01,25.0,2025-11-01,JAEHRLICH,LASTSCHRIFT,600.0,600.0,,13000.0,AKTIV,2025-11-01,,,,,NORMAL,0,pfefferminz,MINT,,2025-10-31,
VTR-00003348,,LV-VORS,LV,PZ-2025,DE,EUR,PTR-00000851,VRM-00030,bank,MIT-00019,ANT-00003348,2025-03-01,2050-03-01,25.0,2025-03-01,HALBJAEHRLICH,LASTSCHRIFT,2539.17,2589.96,,61000.0,AKTIV,2025-03-01,,,,,ZUSCHLAG_1,0,pfefferminz,MINT,,2025-01-21,
VTR-00003349,,LV-VORS,LV,PL-2012,CH,CHF,PTR-00000663,VRM-00026,agentur,MIT-00044,ANT-00003349,2014-10-01,2022-10-01,8.0,2014-10-01,JAEHRLICH,RECHNUNG,23583.75,23583.75,,183000.0,ABGELAUFEN,2022-10-01,2022-10-01,K15,,,NORMAL,0,pfefferminz,VERA,2025-11-15,2014-09-07,
VTR-00003350,,LV-VORS,LV,PK-2000,CH,CHF,PTR-00000724,VRM-00039,bank,MIT-00044,ANT-00003350,2001-08-01,2043-08-01,42.0,2001-08-01,JAEHRLICH,RECHNUNG,1200.0,1200.0,,55000.0,AKTIV,2001-08-01,,,,,NORMAL,0,pfefferminz,VERA,2025-11-15,2001-07-21,
VTR-00003351,,LV-VORS,LV,PK-2004,DE,EUR,PTR-00000139,VRM-00009,direkt,MIT-00008,ANT-00003351,2006-03-01,2033-03-01,27.0,2006-03-01,JAEHRLICH,EBILL,943.9,943.9,,31000.0,AKTIV,2006-03-01,,,,,NORMAL,0,pfefferminz,VERA,2025-11-15,2006-01-31,
VTR-00003352,,LV-VORS,LV,PZ-2025,CH,CHF,PTR-00000551,VRM-00040,agentur,MIT-00044,ANT-00003352,2025-10-01,2050-10-01,25.0,2025-10-01,HALBJAEHRLICH,LASTSCHRIFT,3597.65,3669.6,,89000.0,AKTIV,2025-10-01,,,,,NORMAL,0,pfefferminz,MINT,,2025-09-06,
VTR-00003353,,LV-VORS,LV,PZ-2025,CH,CHF,PTR-00000574,VRM-00031,agentur,MIT-00044,ANT-00003353,2025-06-01,2057-06-01,32.0,2025-06-01,MONATLICH,LASTSCHRIFT,12468.4,13091.8,,401000.0,AKTIV,2025-06-01,,,,,NORMAL,0,pfefferminz,MINT,,2025-05-20,
VTR-00003354,,LV-VORS,LV,PZ-2025,CH,CHF,PTR-00000215,VRM-00036,agentur,MIT-00044,ANT-00003354,2025-05-01,2053-05-01,28.0,2025-05-01,JAEHRLICH,RECHNUNG,5025.8,5025.8,,140000.0,AKTIV,2025-05-01,,,,,NORMAL,0,pfefferminz,MINT,,2025-04-02,
VTR-00003355,,LV-VORS,LV,PZ-2025,DE,EUR,PTR-00000132,VRM-00008,bank,MIT-00008,ANT-00003355,2025-05-01,2047-05-01,22.0,2025-05-01,JAEHRLICH,LASTSCHRIFT,1460.19,1460.19,,33000.0,AKTIV,2025-05-01,,,,,NORMAL,0,pfefferminz,MINT,,2025-04-01,
VTR-00003356,,LV-VORS,LV,PZ-2025,DE,EUR,PTR-00000941,VRM-00010,makler,MIT-00019,ANT-00003356,2025-08-01,2046-08-01,21.0,2025-08-01,HALBJAEHRLICH,LASTSCHRIFT,1031.88,1052.51,,22000.0,AKTIV,2025-08-01,,,,,NORMAL,0,pfefferminz,MINT,,2025-07-30,
VTR-00003357,,LV-VORS,LV,PK-2004,DE,EUR,PTR-00000990,VRM-00007,makler,MIT-00008,ANT-00003357,2005-05-01,2016-05-01,11.0,2005-05-01,JAEHRLICH,RECHNUNG,3155.21,3155.21,,34000.0,RUECKKAUF,2007-05-13,2007-05-13,K14,,,NORMAL,0,pfefferminz,VERA,2025-11-15,2005-04-01,
VTR-00003358,,LV-VORS,LV,PL-2017,DE,EUR,PTR-00000761,VRM-00030,bank,MIT-00044,ANT-00003358,2021-01-01,2049-01-01,28.0,2021-01-01,HALBJAEHRLICH,EBILL,620.79,633.21,,17000.0,AKTIV,2021-01-01,,,,,NORMAL,0,pfefferminz,VERA,2025-11-15,2020-12-02,
VTR-00003359,,LV-VORS,LV,PL-2017,DE,EUR,PTR-00000523,VRM-00010,makler,MIT-00019,ANT-00003359,2023-10-01,2046-10-01,23.0,2023-10-01,JAEHRLICH,RECHNUNG,2850.46,2850.46,,60000.0,AKTIV,2023-10-01,,,,,NORMAL,0,pfefferminz,VERA,2025-11-15,2023-09-20,
VTR-00003360,,LV-VORS,LV,PZ-2025,DE,EUR,PTR-00000189,VRM-00024,bank,MIT-00019,ANT-00003360,2025-01-01,2052-01-01,27.0,2025-01-01,JAEHRLICH,EBILL,1329.37,1329.37,,36000.0,AKTIV,2025-01-01,,,,,ZUSCHLAG_2,0,pfefferminz,MINT,,2024-12-14,
VTR-00003361,,LV-RENTE,LV,PL-2017,DE,EUR,PTR-00000079,VRM-00010,makler,MIT-00044,ANT-00003361,2024-02-01,2053-02-01,29.0,2024-02-01,JAEHRLICH,LASTSCHRIFT,600.0,600.0,,0.0,AKTIV,2024-02-01,,,,,ZUSCHLAG_1,0,pfefferminz,VERA,2025-11-15,2024-01-19,
VTR-00003363,,LV-RENTE,LV,PL-2012,DE,EUR,PTR-00000089,VRM-00008,bank,MIT-00044,ANT-00003363,2013-07-01,2042-07-01,29.0,2013-07-01,HALBJAEHRLICH,EBILL,2563.86,2615.14,,87000.0,AKTIV,2013-07-01,,,,,NORMAL,0,pfefferminz,VERA,2025-11-15,2013-05-24,
VTR-00003364,,LV-RENTE,LV,PL-2012,CH,CHF,PTR-00000283,VRM-00040,agentur,MIT-00044,ANT-00003364,2013-09-01,2018-09-01,5.0,2013-09-01,EINMALIG,RECHNUNG,0.0,0.0,324000.0,324000.0,ABGELAUFEN,2018-09-01,2018-09-01,K15,,,NORMAL,0,pfefferminz,VERA,2025-11-15,2013-08-06,
VTR-00003366,,LV-RENTE,LV,PZ-2025,DE,EUR,PTR-00000775,VRM-00006,makler,MIT-00044,ANT-00003366,2025-10-01,2037-10-01,12.0,2025-10-01,JAEHRLICH,RECHNUNG,17963.55,17963.55,,215000.0,AKTIV,2025-10-01,,,,,NORMAL,0,pfefferminz,MINT,,2025-09-04,
VTR-00003367,,LV-RENTE,LV,PL-2017,CH,CHF,PTR-00000300,VRM-00014,makler,MIT-00044,ANT-00003367,2017-03-01,2022-03-01,5.0,2017-03-01,EINMALIG,LASTSCHRIFT,0.0,0.0,194000.0,194000.0,ABGELAUFEN,2022-03-01,2022-03-01,K15,,,NORMAL,0,pfefferminz,VERA,2025-11-15,2017-02-11,
VTR-00003368,,LV-RENTE,LV,PK-2004,CH,CHF,PTR-00000528,VRM-00025,agentur,MIT-00044,ANT-00003368,2006-04-01,2011-04-01,5.0,2006-04-01,EINMALIG,KREDITKARTE,0.0,0.0,85000.0,85000.0,ABGELAUFEN,2011-04-01,2011-04-01,K15,,,NORMAL,0,pfefferminz,VERA,2025-11-15,2006-02-26,
VTR-00003369,,LV-RENTE,LV,PK-2000,DE,EUR,PTR-00000891,VRM-00021,makler,MIT-00044,ANT-00003369,2002-12-01,2022-12-01,20.0,2002-12-01,VIERTELJAEHRLICH,LASTSCHRIFT,600.0,618.0,,0.0,RUECKKAUF,2006-02-12,2006-02-12,K14,,,ZUSCHLAG_2,0,pfefferminz,VERA,2025-11-15,2002-10-31,
VTR-00003370,,LV-RENTE,LV,PK-2007,DE,EUR,PTR-00000030,VRM-00030,bank,MIT-00008,ANT-00003370,2007-04-01,2037-04-01,30.0,2007-04-01,JAEHRLICH,LASTSCHRIFT,822.08,822.08,,30000.0,RUECKKAUF,2021-11-09,2021-11-09,K14,,,NORMAL,0,pfefferminz,VERA,2025-11-15,2007-02-22,
VTR-00003371,,LV-RENTE,LV,PL-2017,DE,EUR,PTR-00000185,VRM-00010,makler,MIT-00044,ANT-00003371,2021-12-01,2058-12-01,37.0,2021-12-01,JAEHRLICH,RECHNUNG,600.0,600.0,,0.0,AKTIV,2021-12-01,,,,,NORMAL,0,pfefferminz,VERA,2025-11-15,2021-10-25,
VTR-00003372,,LV-RENTE,LV,PL-2012,CH,CHF,PTR-00000723,VRM-00039,agentur,MIT-00044,ANT-00003372,2012-11-01,2017-11-01,5.0,2012-11-01,EINMALIG,RECHNUNG,0.0,0.0,664000.0,664000.0,ABGELAUFEN,2017-11-01,2017-11-01,K15,,,NORMAL,0,pfefferminz,VERA,2025-11-15,2012-10-07,
VTR-00003373,,LV-RENTE,LV,PK-2007,CH,CHF,PTR-00000171,VRM-00036,bank,MIT-00044,ANT-00003373,2009-12-01,2014-12-01,5.0,2009-12-01,EINMALIG,RECHNUNG,0.0,0.0,328000.0,328000.0,ABGELAUFEN,2014-12-01,2014-12-01,K15,,,NORMAL,0,pfefferminz,VERA,2025-11-15,2009-11-11,
VTR-00003374,,LV-RENTE,LV,PK-2007,CH,CHF,PTR-00000356,VRM-00031,bank,MIT-00044,ANT-00003374,2011-02-01,2016-02-01,5.0,2011-02-01,EINMALIG,LASTSCHRIFT,0.0,0.0,200000.0,200000.0,ABGELAUFEN,2016-02-01,2016-02-01,K15,,,NORMAL,0,pfefferminz,VERA,2025-11-15,2010-12-25,
VTR-00003375,,LV-RENTE,LV,PL-2017,DE,EUR,PTR-00000581,VRM-00028,direkt,MIT-00008,ANT-00003375,2019-12-01,2049-12-01,30.0,2019-12-01,JAEHRLICH,RECHNUNG,600.0,600.0,,4000.0,AKTIV,2019-12-01,,,,,NORMAL,0,pfefferminz,VERA,2025-11-15,2019-11-07,
VTR-00003376,,LV-RENTE,LV,PK-2000,CH,CHF,PTR-00000265,VRM-00012,agentur,MIT-00044,ANT-00003376,2002-06-01,2007-06-01,5.0,2002-06-01,EINMALIG,RECHNUNG,0.0,0.0,417000.0,417000.0,ABGELAUFEN,2007-06-01,2007-06-01,K15,,,NORMAL,0,pfefferminz,VERA,2025-11-15,2002-05-03,
VTR-00003377,,LV-RENTE,LV,PZ-2025,DE,EUR,PTR-00000473,VRM-00010,makler,MIT-00019,ANT-00003377,2025-11-01,2043-11-01,18.0,2025-11-01,JAEHRLICH,RECHNUNG,1158.5,1158.5,,21000.0,AKTIV,2025-11-01,,,,,NORMAL,0,pfefferminz,MINT,,2025-10-18,
VTR-00003378,,LV-RENTE,LV,PK-2004,DE,EUR,PTR-00000116,VRM-00010,makler,MIT-00019,ANT-00003378,2006-06-01,2021-06-01,15.0,2006-06-01,JAEHRLICH,LASTSCHRIFT,3501.88,3501.88,,57000.0,ABGELAUFEN,2021-06-01,2021-06-01,K15,,,NORMAL,0,pfefferminz,VERA,2025-11-15,2006-05-15,
VTR-00003379,,LV-RENTE,LV,PZ-2025,CH,CHF,PTR-00000023,VRM-00011,agentur,MIT-00044,ANT-00003379,2025-08-01,2030-08-01,5.0,2025-08-01,EINMALIG,LASTSCHRIFT,0.0,0.0,364000.0,364000.0,AKTIV,2025-08-01,,,,,NORMAL,0,pfefferminz,MINT,,2025-07-13,
VTR-00003380,,LV-RENTE,LV,PK-2007,DE,EUR,PTR-00000642,VRM-00007,makler,MIT-00008,ANT-00003380,2009-11-01,2017-11-01,8.0,2009-11-01,JAEHRLICH,RECHNUNG,4977.79,4977.79,,39000.0,ABGELAUFEN,2017-11-01,2017-11-01,K15,,,NORMAL,0,pfefferminz,VERA,2025-11-15,2009-10-25,
VTR-00003381,,LV-RENTE,LV,PK-2007,DE,EUR,PTR-00000783,VRM-00010,makler,MIT-00008,ANT-00003381,2009-04-01,2038-04-01,29.0,2009-04-01,JAEHRLICH,KREDITKARTE,600.0,600.0,,11000.0,AKTIV,2009-04-01,,,,,NORMAL,0,pfefferminz,VERA,2025-11-15,2009-03-16,
VTR-00003383,,LV-RENTE,LV,PK-2004,CH,CHF,PTR-00000380,VRM-00040,agentur,MIT-00044,ANT-00003383,2006-08-01,2011-08-01,5.0,2006-08-01,EINMALIG,EBILL,0.0,0.0,174000.0,174000.0,ABGELAUFEN,2011-08-01,2011-08-01,K15,,,NORMAL,0,pfefferminz,VERA,2025-11-15,2006-07-15,
VTR-00003384,,LV-RENTE,LV,PL-2012,CH,CHF,PTR-00000360,VRM-00011,agentur,MIT-00044,ANT-00003384,2014-07-01,2019-07-01,5.0,2014-07-01,EINMALIG,RECHNUNG,0.0,0.0,174000.0,174000.0,RUECKKAUF,2017-05-23,2017-05-23,K14,,,NORMAL,0,pfefferminz,VERA,2025-11-15,2014-06-18,
VTR-00003385,,LV-RENTE,LV,PZ-2025,CH,CHF,PTR-00000513,VRM-00011,bank,MIT-00044,ANT-00003385,2025-10-01,2030-10-01,5.0,2025-10-01,EINMALIG,LASTSCHRIFT,0.0,0.0,116000.0,116000.0,AKTIV,2025-10-01,,,,,ZUSCHLAG_2,0,pfefferminz,MINT,,2025-09-30,
VTR-00003386,,LV-RENTE,LV,PZ-2025,DE,EUR,PTR-00000563,VRM-00008,bank,MIT-00044,ANT-00003386,2025-05-01,2030-05-01,5.0,2025-05-01,VIERTELJAEHRLICH,EBILL,20754.38,21377.01,,100000.0,AKTIV,2025-05-01,,,,,NORMAL,0,pfefferminz,MINT,,2025-04-23,
VTR-00003387,,LV-RENTE,LV,PL-2017,CH,CHF,PTR-00000619,VRM-00036,bank,MIT-00044,ANT-00003387,2017-03-01,2022-03-01,5.0,2017-03-01,EINMALIG,EBILL,0.0,0.0,141000.0,141000.0,ABGELAUFEN,2022-03-01,2022-03-01,K15,,,NORMAL,0,pfefferminz,VERA,2025-11-15,2017-02-28,
VTR-00003389,,LV-RENTE,LV,PL-2015,DE,EUR,PTR-00000775,VRM-00009,direkt,MIT-00044,ANT-00003389,2016-06-01,2033-06-01,17.0,2016-06-01,JAEHRLICH,EBILL,600.0,600.0,,0.0,RUECKKAUF,2020-11-24,2020-11-24,K14,,,ZUSCHLAG_1,0,pfefferminz,VERA,2025-11-15,2016-05-18,
VTR-00003390,,LV-RENTE,LV,PL-2015,DE,EUR,PTR-00000422,VRM-00034,makler,MIT-00019,ANT-00003390,2015-08-01,2020-08-01,5.0,2015-08-01,HALBJAEHRLICH,RECHNUNG,3574.02,3645.5,,17000.0,ABGELAUFEN,2020-08-01,2020-08-01,K15,,,NORMAL,0,pfefferminz,VERA,2025-11-15,2015-07-29,
VTR-00003391,,LV-RENTE,LV,PL-2012,DE,EUR,PTR-00000875,VRM-00030,bank,MIT-00019,ANT-00003391,2014-09-01,2033-09-01,19.0,2014-09-01,JAEHRLICH,RECHNUNG,600.0,600.0,,0.0,AKTIV,2014-09-01,,,,,NORMAL,0,pfefferminz,VERA,2025-11-15,2014-08-17,
VTR-00003392,,LV-RENTE,LV,PK-2004,DE,EUR,PTR-00000533,VRM-00010,makler,MIT-00008,ANT-00003392,2004-04-01,2032-04-01,28.0,2004-04-01,HALBJAEHRLICH,LASTSCHRIFT,600.0,612.0,,0.0,AKTIV,2004-04-01,,,,,NORMAL,0,pfefferminz,VERA,2025-11-15,2004-03-20,
VTR-00003393,,LV-RENTE,LV,PZ-2025,DE,EUR,PTR-00000435,VRM-00010,makler,MIT-00008,ANT-00003393,2025-03-01,2039-03-01,14.0,2025-03-01,JAEHRLICH,RECHNUNG,600.0,600.0,,0.0,AKTIV,2025-03-01,,,,,NORMAL,0,pfefferminz,MINT,,2025-02-19,
VTR-00003394,,LV-RENTE,LV,PL-2017,CH,CHF,PTR-00000357,VRM-00031,makler,MIT-00044,ANT-00003394,2018-10-01,2023-10-01,5.0,2018-10-01,EINMALIG,LASTSCHRIFT,0.0,0.0,56000.0,56000.0,ABGELAUFEN,2023-10-01,2023-10-01,K15,,,NORMAL,0,pfefferminz,VERA,2025-11-15,2018-09-24,
VTR-00003395,,LV-RENTE,LV,PL-2017,CH,CHF,PTR-00000524,VRM-00031,agentur,MIT-00044,ANT-00003395,2022-05-01,2027-05-01,5.0,2022-05-01,EINMALIG,LASTSCHRIFT,0.0,0.0,493000.0,493000.0,AKTIV,2022-05-01,,,,,ZUSCHLAG_1,0,pfefferminz,VERA,2025-11-15,2022-04-15,
VTR-00003396,,LV-RENTE,LV,PL-2017,CH,CHF,PTR-00000735,VRM-00031,agentur,MIT-00044,ANT-00003396,2024-05-01,2029-05-01,5.0,2024-05-01,EINMALIG,LASTSCHRIFT,0.0,0.0,192000.0,192000.0,AKTIV,2024-05-01,,,,,ZUSCHLAG_1,0,pfefferminz,VERA,2025-11-15,2024-03-27,
VTR-00003398,,LV-RENTE,LV,PK-2007,CH,CHF,PTR-00000300,VRM-00005,bank,MIT-00044,ANT-00003398,2008-09-01,2013-09-01,5.0,2008-09-01,EINMALIG,RECHNUNG,0.0,0.0,446000.0,446000.0,ABGELAUFEN,2013-09-01,2013-09-01,K15,,,NORMAL,0,pfefferminz,VERA,2025-11-15,2008-08-15,
VTR-00003399,,LV-RENTE,LV,PL-2017,DE,EUR,PTR-00000449,VRM-00024,bank,MIT-00008,ANT-00003399,2017-12-01,2027-12-01,10.0,2017-12-01,HALBJAEHRLICH,LASTSCHRIFT,6701.64,6835.67,,65000.0,AKTIV,2017-12-01,,,,,ZUSCHLAG_1,0,pfefferminz,VERA,2025-11-15,2017-11-10,
VTR-00003400,,LV-RENTE,LV,PL-2015,DE,EUR,PTR-00000939,VRM-00034,makler,MIT-00044,ANT-00003400,2016-03-01,2047-03-01,31.0,2016-03-01,HALBJAEHRLICH,RECHNUNG,600.0,612.0,,0.0,RUECKKAUF,2021-07-19,2021-07-19,K14,,,NORMAL,0,pfefferminz,VERA,2025-11-15,2016-02-26,
VTR-00003401,,LV-RENTE,LV,PK-2004,DE,EUR,PTR-00000755,VRM-00030,bank,MIT-00044,ANT-00003401,2005-05-01,2015-05-01,10.0,2005-05-01,JAEHRLICH,LASTSCHRIFT,600.0,600.0,,0.0,ABGELAUFEN,2015-05-01,2015-05-01,K15,,,NORMAL,0,pfefferminz,VERA,2025-11-15,2005-04-18,
VTR-00003402,,LV-RENTE,LV,PL-2012,DE,EUR,PTR-00000874,VRM-00034,makler,MIT-00044,ANT-00003402,2013-02-01,2023-02-01,10.0,2013-02-01,VIERTELJAEHRLICH,RECHNUNG,4225.93,4352.71,,42000.0,ABGELAUFEN,2023-02-01,2023-02-01,K15,,,ZUSCHLAG_1,0,pfefferminz,VERA,2025-11-15,2013-01-31,
VTR-00003403,,LV-RENTE,LV,PL-2017,CH,CHF,PTR-00000804,VRM-00031,agentur,MIT-00044,ANT-00003403,2023-06-01,2028-06-01,5.0,2023-06-01,EINMALIG,LASTSCHRIFT,0.0,0.0,64000.0,64000.0,AKTIV,2023-06-01,,,,,NORMAL,0,pfefferminz,VERA,2025-11-15,2023-05-18,
VTR-00003404,,LV-RENTE,LV,PL-2012,DE,EUR,PTR-00000364,VRM-00034,makler,MIT-00044,ANT-00003404,2014-06-01,2027-06-01,13.0,2014-06-01,JAEHRLICH,RECHNUNG,3249.91,3249.91,,43000.0,RUECKKAUF,2021-07-05,2021-07-05,K14,,,NORMAL,0,pfefferminz,VERA,2025-11-15,2014-05-08,
VTR-00003405,,LV-RENTE,LV,PK-2004,CH,CHF,PTR-00000380,VRM-00025,agentur,MIT-00044,ANT-00003405,2005-06-01,2010-06-01,5.0,2005-06-01,EINMALIG,LASTSCHRIFT,0.0,0.0,367000.0,367000.0,ABGELAUFEN,2010-06-01,2010-06-01,K15,,,NORMAL,0,pfefferminz,VERA,2025-11-15,2005-05-06,
VTR-00003406,,LV-RENTE,LV,PL-2012,DE,EUR,PTR-00000126,VRM-00034,makler,MIT-00044,ANT-00003406,2012-09-01,2037-09-01,25.0,2012-09-01,JAEHRLICH,RECHNUNG,600.0,600.0,,0.0,RUECKKAUF,2019-07-12,2019-07-12,K14,,,NORMAL,0,pfefferminz,VERA,2025-11-15,2012-07-26,
VTR-00003407,,LV-RENTE,LV,PL-2015,CH,CHF,PTR-00000055,VRM-00040,bank,MIT-00044,ANT-00003407,2016-12-01,2021-12-01,5.0,2016-12-01,EINMALIG,LASTSCHRIFT,0.0,0.0,60000.0,60000.0,ABGELAUFEN,2021-12-01,2021-12-01,K15,,,NORMAL,0,pfefferminz,VERA,2025-11-15,2016-11-17,
VTR-00003408,,LV-RENTE,LV,PL-2015,CH,CHF,PTR-00000818,VRM-00039,agentur,MIT-00044,ANT-00003408,2016-03-01,2021-03-01,5.0,2016-03-01,EINMALIG,EBILL,0.0,0.0,147000.0,147000.0,ABGELAUFEN,2021-03-01,2021-03-01,K15,,,NORMAL,0,pfefferminz,VERA,2025-11-15,2016-02-23,
VTR-00003409,,LV-RENTE,LV,PL-2017,DE,EUR,PTR-00000257,VRM-00037,makler,MIT-00044,ANT-00003409,2018-07-01,2036-07-01,18.0,2018-07-01,JAEHRLICH,RECHNUNG,600.0,600.0,,0.0,AKTIV,2018-07-01,,,,,NORMAL,0,pfefferminz,VERA,2025-11-15,2018-06-12,
VTR-00003410,,LV-RENTE,LV,PL-2017,CH,CHF,PTR-00000339,VRM-00025,agentur,MIT-00044,ANT-00003410,2024-08-01,2029-08-01,5.0,2024-08-01,EINMALIG,EBILL,0.0,0.0,208000.0,208000.0,AKTIV,2024-08-01,,,,,NORMAL,0,pfefferminz,VERA,2025-11-15,2024-06-23,
VTR-00003411,,LV-RENTE,LV,PK-2004,CH,CHF,PTR-00000445,VRM-00040,agentur,MIT-00044,ANT-00003411,2005-02-01,2010-02-01,5.0,2005-02-01,EINMALIG,RECHNUNG,0.0,0.0,86000.0,86000.0,ABGELAUFEN,2010-02-01,2010-02-01,K15,,,ZUSCHLAG_1,0,pfefferminz,VERA,2025-11-15,2005-01-24,
VTR-00003412,,LV-RENTE,LV,PK-2000,CH,CHF,PTR-00000932,VRM-00031,agentur,MIT-00044,ANT-00003412,2003-02-01,2008-02-01,5.0,2003-02-01,EINMALIG,LASTSCHRIFT,0.0,0.0,411000.0,411000.0,ABGELAUFEN,2008-02-01,2008-02-01,K15,,,NORMAL,0,pfefferminz,VERA,2025-11-15,2003-01-13,
VTR-00003413,,LV-RENTE,LV,PK-2007,CH,CHF,PTR-00000201,VRM-00036,agentur,MIT-00044,ANT-00003413,2010-11-01,2015-11-01,5.0,2010-11-01,EINMALIG,EBILL,0.0,0.0,500000.0,500000.0,ABGELAUFEN,2015-11-01,2015-11-01,K15,,,NORMAL,0,pfefferminz,VERA,2025-11-15,2010-10-16,
VTR-00003414,,LV-RENTE,LV,PK-2004,CH,CHF,PTR-00000509,VRM-00004,agentur,MIT-00044,ANT-00003414,2006-05-01,2011-05-01,5.0,2006-05-01,EINMALIG,LASTSCHRIFT,0.0,0.0,74000.0,74000.0,ABGELAUFEN,2011-05-01,2011-05-01,K15,,,NORMAL,0,pfefferminz,VERA,2025-11-15,2006-03-26,
VTR-00003415,,LV-RENTE,LV,PL-2017,DE,EUR,PTR-00000772,VRM-00010,makler,MIT-00044,ANT-00003415,2020-10-01,2042-10-01,22.0,2020-10-01,JAEHRLICH,RECHNUNG,5489.78,5489.78,,130000.0,AKTIV,2020-10-01,,,,,NORMAL,0,pfefferminz,VERA,2025-11-15,2020-09-10,
VTR-00003416,,LV-RENTE,LV,PL-2017,DE,EUR,PTR-00000473,VRM-00008,bank,MIT-00044,ANT-00003416,2019-10-01,2043-10-01,24.0,2019-10-01,JAEHRLICH,RECHNUNG,3766.43,3766.43,,93000.0,AKTIV,2019-10-01,,,,,ZUSCHLAG_2,0,pfefferminz,VERA,2025-11-15,2019-09-22,
VTR-00003417,,LV-RENTE,LV,PZ-2025,DE,EUR,PTR-00000525,VRM-00006,makler,MIT-00044,ANT-00003417,2025-02-01,2033-02-01,8.0,2025-02-01,MONATLICH,LASTSCHRIFT,600.0,630.0,,0.0,AKTIV,2025-02-01,,,,,NORMAL,0,pfefferminz,MINT,,2025-01-04,
VTR-00003418,,LV-RENTE,LV,PK-2004,DE,EUR,PTR-00000540,VRM-00013,direkt,MIT-00008,ANT-00003418,2006-07-01,2019-07-01,13.0,2006-07-01,JAEHRLICH,RECHNUNG,600.0,600.0,,0.0,ABGELAUFEN,2019-07-01,2019-07-01,K15,,,NORMAL,0,pfefferminz,VERA,2025-11-15,2006-06-07,
VTR-00003419,,LV-RENTE,LV,PL-2017,CH,CHF,PTR-00000173,VRM-00017,makler,MIT-00044,ANT-00003419,2023-01-01,2028-01-01,5.0,2023-01-01,EINMALIG,RECHNUNG,0.0,0.0,281000.0,281000.0,RUECKKAUF,2024-04-18,2024-04-18,K14,,,ZUSCHLAG_1,0,pfefferminz,VERA,2025-11-15,2022-11-25,
VTR-00003420,,LV-RENTE,LV,PL-2012,CH,CHF,PTR-00000247,VRM-00004,bank,MIT-00044,ANT-00003420,2014-01-01,2019-01-01,5.0,2014-01-01,EINMALIG,RECHNUNG,0.0,0.0,763000.0,763000.0,ABGELAUFEN,2019-01-01,2019-01-01,K15,,,NORMAL,0,pfefferminz,VERA,2025-11-15,2013-12-28,
VTR-00003421,,LV-RENTE,LV,PL-2017,CH,CHF,PTR-00000043,VRM-00031,agentur,MIT-00044,ANT-00003421,2018-01-01,2023-01-01,5.0,2018-01-01,EINMALIG,LASTSCHRIFT,0.0,0.0,54000.0,54000.0,ABGELAUFEN,2023-01-01,2023-01-01,K15,,,NORMAL,0,pfefferminz,VERA,2025-11-15,2017-11-23,
VTR-00003422,,LV-RENTE,LV,PL-2017,DE,EUR,PTR-00000469,VRM-00030,bank,MIT-00019,ANT-00003422,2017-07-01,2042-07-01,25.0,2017-07-01,JAEHRLICH,RECHNUNG,1067.59,1067.59,,27000.0,AKTIV,2017-07-01,,,,,ZUSCHLAG_1,0,pfefferminz,VERA,2025-11-15,2017-06-08,
VTR-00003423,,LV-RENTE,LV,PK-2007,DE,EUR,PTR-00000855,VRM-00008,bank,MIT-00044,ANT-00003423,2007-11-01,2033-11-01,26.0,2007-11-01,JAEHRLICH,RECHNUNG,600.0,600.0,,13000.0,RUECKKAUF,2017-06-10,2017-06-10,K14,,,NORMAL,0,pfefferminz,VERA,2025-11-15,2007-09-28,
VTR-00003424,,LV-RENTE,LV,PL-2017,CH,CHF,PTR-00000304,VRM-00036,bank,MIT-00044,ANT-00003424,2024-04-01,2029-04-01,5.0,2024-04-01,EINMALIG,RECHNUNG,0.0,0.0,238000.0,238000.0,AKTIV,2024-04-01,,,,,ZUSCHLAG_2,0,pfefferminz,VERA,2025-11-15,2024-02-24,
VTR-00003425,,LV-RENTE,LV,PK-2004,CH,CHF,PTR-00000262,VRM-00011,makler,MIT-00044,ANT-00003425,2004-05-01,2009-05-01,5.0,2004-05-01,EINMALIG,RECHNUNG,0.0,0.0,332000.0,332000.0,ABGELAUFEN,2009-05-01,2009-05-01,K15,,,NORMAL,0,pfefferminz,VERA,2025-11-15,2004-04-26,
VTR-00003426,,LV-RENTE,LV,PK-2007,DE,EUR,PTR-00000138,VRM-00030,bank,MIT-00044,ANT-00003426,2007-06-01,2040-06-01,33.0,2007-06-01,HALBJAEHRLICH,RECHNUNG,817.85,834.21,,34000.0,AKTIV,2007-06-01,,,,,ZUSCHLAG_2,0,pfefferminz,VERA,2025-11-15,2007-05-02,
VTR-00003427,,LV-RENTE,LV,PZ-2025,DE,EUR,PTR-00000088,VRM-00034,makler,MIT-00008,ANT-00003427,2025-06-01,2038-06-01,13.0,2025-06-01,JAEHRLICH,RECHNUNG,5925.81,5925.81,,77000.0,AKTIV,2025-06-01,,,,,NORMAL,0,pfefferminz,MINT,,2025-05-26,
VTR-00003428,,LV-RENTE,LV,PZ-2025,DE,EUR,PTR-00000559,VRM-00008,bank,MIT-00044,ANT-00003428,2025-07-01,2037-07-01,12.0,2025-07-01,JAEHRLICH,LASTSCHRIFT,9953.72,9953.72,,119000.0,AKTIV,2025-07-01,,,,,ZUSCHLAG_1,0,pfefferminz,MINT,,2025-06-26,
VTR-00003429,,LV-RENTE,LV,PL-2017,DE,EUR,PTR-00000589,VRM-00030,bank,MIT-00044,ANT-00003429,2022-07-01,2042-07-01,20.0,2022-07-01,HALBJAEHRLICH,EBILL,12080.04,12321.64,,231000.0,AKTIV,2022-07-01,,,,,NORMAL,0,pfefferminz,VERA,2025-11-15,2022-06-21,
VTR-00003430,,LV-RENTE,LV,PL-2012,CH,CHF,PTR-00000572,VRM-00014,makler,MIT-00044,ANT-00003430,2014-08-01,2019-08-01,5.0,2014-08-01,EINMALIG,LASTSCHRIFT,0.0,0.0,75000.0,75000.0,ABGELAUFEN,2019-08-01,2019-08-01,K15,,,NORMAL,0,pfefferminz,VERA,2025-11-15,2014-07-15,
VTR-00003431,,LV-RENTE,LV,PK-2007,DE,EUR,PTR-00000876,VRM-00008,bank,MIT-00044,ANT-00003431,2011-12-01,2031-12-01,20.0,2011-12-01,JAEHRLICH,LASTSCHRIFT,600.0,600.0,,0.0,AKTIV,2011-12-01,,,,,NORMAL,0,pfefferminz,VERA,2025-11-15,2011-10-30,
VTR-00003432,,LV-RENTE,LV,PL-2012,DE,EUR,PTR-00000140,VRM-00010,makler,MIT-00044,ANT-00003432,2014-02-01,2026-02-01,12.0,2014-02-01,JAEHRLICH,RECHNUNG,1094.74,1094.74,,13000.0,RUECKKAUF,2022-02-03,2022-02-03,K14,,,NORMAL,0,pfefferminz,VERA,2025-11-15,2014-01-02,
VTR-00003433,,LV-RENTE,LV,PL-2015,DE,EUR,PTR-00000158,VRM-00009,direkt,MIT-00044,ANT-00003433,2015-05-01,2039-05-01,24.0,2015-05-01,HALBJAEHRLICH,RECHNUNG,3656.94,3730.08,,94000.0,AKTIV,2015-05-01,,,,,NORMAL,0,pfefferminz,VERA,2025-11-15,2015-03-31,
VTR-00003434,,LV-RENTE,LV,PL-2017,DE,EUR,PTR-00000472,VRM-00032,makler,MIT-00044,ANT-00003434,2017-12-01,2036-12-01,19.0,2017-12-01,JAEHRLICH,RECHNUNG,600.0,600.0,,0.0,AKTIV,2017-12-01,,,,,NORMAL,0,pfefferminz,VERA,2025-11-15,2017-11-27,
VTR-00003437,,LV-RENTE,LV,PL-2017,DE,EUR,PTR-00000824,VRM-00008,bank,MIT-00019,ANT-00003437,2020-07-01,2027-07-01,7.0,2020-07-01,JAEHRLICH,LASTSCHRIFT,5230.85,5230.85,,35000.0,AKTIV,2020-07-01,,,,,ZUSCHLAG_2,0,pfefferminz,VERA,2025-11-15,2020-06-12,
VTR-00003438,,LV-RENTE,LV,PZ-2025,CH,CHF,PTR-00000853,VRM-00031,agentur,MIT-00044,ANT-00003438,2025-07-01,2030-07-01,5.0,2025-07-01,EINMALIG,LASTSCHRIFT,0.0,0.0,90000.0,90000.0,AKTIV,2025-07-01,,,,,NORMAL,0,pfefferminz,MINT,,2025-05-29,
VTR-00003439,,LV-RENTE,LV,PL-2012,DE,EUR,PTR-00000632,VRM-00030,bank,MIT-00008,ANT-00003439,2012-08-01,2034-08-01,22.0,2012-08-01,JAEHRLICH,LASTSCHRIFT,3300.11,3300.11,,80000.0,AKTIV,2012-08-01,,,,,NORMAL,0,pfefferminz,VERA,2025-11-15,2012-07-08,
VTR-00003440,,LV-RENTE,LV,PZ-2025,DE,EUR,PTR-00000419,VRM-00030,bank,MIT-00008,ANT-00003440,2025-09-01,2032-09-01,7.0,2025-09-01,JAEHRLICH,LASTSCHRIFT,7942.19,7942.19,,54000.0,AKTIV,2025-09-01,,,,,NORMAL,0,pfefferminz,MINT,,2025-08-18,
VTR-00003441,,LV-RENTE,LV,PK-2004,CH,CHF,PTR-00000626,VRM-00040,makler,MIT-00044,ANT-00003441,2005-07-01,2010-07-01,5.0,2005-07-01,EINMALIG,LASTSCHRIFT,0.0,0.0,76000.0,76000.0,ABGELAUFEN,2010-07-01,2010-07-01,K15,,,ZUSCHLAG_2,0,pfefferminz,VERA,2025-11-15,2005-06-08,
VTR-00003442,,LV-RENTE,LV,PL-2017,CH,CHF,PTR-00000362,VRM-00004,bank,MIT-00044,ANT-00003442,2021-05-01,2026-05-01,5.0,2021-05-01,EINMALIG,RECHNUNG,0.0,0.0,498000.0,498000.0,AKTIV,2021-05-01,,,,,NORMAL,0,pfefferminz,VERA,2025-11-15,2021-04-15,
VTR-00003443,,LV-RENTE,LV,PK-2004,CH,CHF,PTR-00000652,VRM-00031,agentur,MIT-00044,ANT-00003443,2004-05-01,2009-05-01,5.0,2004-05-01,EINMALIG,LASTSCHRIFT,0.0,0.0,332000.0,332000.0,ABGELAUFEN,2009-05-01,2009-05-01,K15,,,NORMAL,0,pfefferminz,VERA,2025-11-15,2004-04-28,
VTR-00003444,,LV-RENTE,LV,PK-2000,DE,EUR,PTR-00000416,VRM-00033,makler,MIT-00019,ANT-00003444,2003-12-01,2014-12-01,11.0,2003-12-01,JAEHRLICH,KREDITKARTE,600.0,600.0,,1000.0,ABGELAUFEN,2014-12-01,2014-12-01,K15,,,NORMAL,0,pfefferminz,VERA,2025-11-15,2003-11-13,
VTR-00003445,,LV-RENTE,LV,PL-2012,CH,CHF,PTR-00000527,VRM-00014,bank,MIT-00044,ANT-00003445,2012-02-01,2017-02-01,5.0,2012-02-01,EINMALIG,LASTSCHRIFT,0.0,0.0,112000.0,112000.0,ABGELAUFEN,2017-02-01,2017-02-01,K15,,,ZUSCHLAG_2,0,pfefferminz,VERA,2025-11-15,2011-12-30,
VTR-00003446,,LV-RENTE,LV,PL-2012,CH,CHF,PTR-00000938,VRM-00036,bank,MIT-00044,ANT-00003446,2013-12-01,2018-12-01,5.0,2013-12-01,EINMALIG,RECHNUNG,0.0,0.0,131000.0,131000.0,ABGELAUFEN,2018-12-01,2018-12-01,K15,,,NORMAL,0,pfefferminz,VERA,2025-11-15,2013-11-14,
VTR-00003447,,LV-RENTE,LV,PL-2017,CH,CHF,PTR-00000665,VRM-00005,agentur,MIT-00044,ANT-00003447,2022-11-01,2027-11-01,5.0,2022-11-01,EINMALIG,RECHNUNG,0.0,0.0,123000.0,123000.0,AKTIV,2022-11-01,,,,,NORMAL,0,pfefferminz,VERA,2025-11-15,2022-10-07,
VTR-00003449,,LV-RENTE,LV,PL-2012,CH,CHF,PTR-00000343,VRM-00036,agentur,MIT-00044,ANT-00003449,2014-04-01,2019-04-01,5.0,2014-04-01,EINMALIG,LASTSCHRIFT,0.0,0.0,111000.0,111000.0,ABGELAUFEN,2019-04-01,2019-04-01,K15,,,NORMAL,0,pfefferminz,VERA,2025-11-15,2014-02-28,
VTR-00003450,,LV-RENTE,LV,PK-2004,CH,CHF,PTR-00000973,VRM-00036,agentur,MIT-00044,ANT-00003450,2005-02-01,2010-02-01,5.0,2005-02-01,EINMALIG,LASTSCHRIFT,0.0,0.0,94000.0,94000.0,ABGELAUFEN,2010-02-01,2010-02-01,K15,,,NORMAL,0,pfefferminz,VERA,2025-11-15,2005-01-07,
VTR-00003451,,LV-RENTE,LV,PL-2017,CH,CHF,PTR-00000753,VRM-00005,agentur,MIT-00044,ANT-00003451,2020-07-01,2025-07-01,5.0,2020-07-01,EINMALIG,LASTSCHRIFT,0.0,0.0,71000.0,71000.0,ABGELAUFEN,2025-07-01,2025-07-01,K15,,,NORMAL,0,pfefferminz,VERA,2025-11-15,2020-06-05,
VTR-00003452,,LV-RENTE,LV,PL-2012,CH,CHF,PTR-00000307,VRM-00004,makler,MIT-00044,ANT-00003452,2014-05-01,2019-05-01,5.0,2014-05-01,EINMALIG,RECHNUNG,0.0,0.0,282000.0,282000.0,ABGELAUFEN,2019-05-01,2019-05-01,K15,,,NORMAL,0,pfefferminz,VERA,2025-11-15,2014-04-30,
VTR-00003453,,LV-RENTE,LV,PL-2012,CH,CHF,PTR-00000754,VRM-00031,agentur,MIT-00044,ANT-00003453,2014-04-01,2019-04-01,5.0,2014-04-01,EINMALIG,LASTSCHRIFT,0.0,0.0,89000.0,89000.0,ABGELAUFEN,2019-04-01,2019-04-01,K15,,,NORMAL,0,pfefferminz,VERA,2025-11-15,2014-02-27,
VTR-00003454,,LV-RENTE,LV,PK-2007,DE,EUR,PTR-00000434,VRM-00008,bank,MIT-00019,ANT-00003454,2008-03-01,2029-03-01,21.0,2008-03-01,JAEHRLICH,RECHNUNG,600.0,600.0,,0.0,AKTIV,2008-03-01,,,,,NORMAL,0,pfefferminz,VERA,2025-11-15,2008-01-28,
VTR-00003455,,LV-RENTE,LV,PK-2007,DE,EUR,PTR-00000995,VRM-00024,bank,MIT-00044,ANT-00003455,2007-10-01,2036-10-01,29.0,2007-10-01,VIERTELJAEHRLICH,RECHNUNG,600.0,618.0,,0.0,AKTIV,2007-10-01,,,,,NORMAL,0,pfefferminz,VERA,2025-11-15,2007-09-04,
VTR-00003456,,LV-RENTE,LV,PK-2004,DE,EUR,PTR-00000718,VRM-00038,makler,MIT-00019,ANT-00003456,2004-03-01,2032-03-01,28.0,2004-03-01,JAEHRLICH,EBILL,3479.32,3479.32,,127000.0,RUECKKAUF,2009-10-10,2009-10-10,K14,,,NORMAL,0,pfefferminz,VERA,2025-11-15,2004-02-29,
VTR-00003457,,LV-RENTE,LV,PK-2007,DE,EUR,PTR-00000159,VRM-00008,bank,MIT-00008,ANT-00003457,2011-08-01,2035-08-01,24.0,2011-08-01,JAEHRLICH,LASTSCHRIFT,843.77,843.77,,23000.0,RUECKKAUF,2013-05-16,2013-05-16,K14,,,NORMAL,0,pfefferminz,VERA,2025-11-15,2011-06-25,
VTR-00003458,,LV-RENTE,LV,PL-2017,CH,CHF,PTR-00000685,VRM-00039,makler,MIT-00044,ANT-00003458,2018-09-01,2023-09-01,5.0,2018-09-01,EINMALIG,RECHNUNG,0.0,0.0,52000.0,52000.0,ABGELAUFEN,2023-09-01,2023-09-01,K15,,,NORMAL,0,pfefferminz,VERA,2025-11-15,2018-08-07,
VTR-00003459,,LV-RENTE,LV,PL-2017,CH,CHF,PTR-00000508,VRM-00040,agentur,MIT-00044,ANT-00003459,2019-01-01,2024-01-01,5.0,2019-01-01,EINMALIG,RECHNUNG,0.0,0.0,95000.0,95000.0,ABGELAUFEN,2024-01-01,2024-01-01,K15,,,NORMAL,0,pfefferminz,VERA,2025-11-15,2018-12-31,
VTR-00003460,,LV-RENTE,LV,PL-2017,CH,CHF,PTR-00000299,VRM-00026,agentur,MIT-00044,ANT-00003460,2019-09-01,2024-09-01,5.0,2019-09-01,EINMALIG,LASTSCHRIFT,0.0,0.0,228000.0,228000.0,ABGELAUFEN,2024-09-01,2024-09-01,K15,,,NORMAL,0,pfefferminz,VERA,2025-11-15,2019-08-31,
VTR-00003461,,LV-RENTE,LV,PL-2012,DE,EUR,PTR-00000881,VRM-00010,makler,MIT-00019,ANT-00003461,2013-11-01,2038-11-01,25.0,2013-11-01,JAEHRLICH,RECHNUNG,1921.67,1921.67,,54000.0,AKTIV,2013-11-01,,,,,NORMAL,0,pfefferminz,VERA,2025-11-15,2013-09-25,
VTR-00003462,,LV-RENTE,LV,PL-2017,DE,EUR,PTR-00000274,VRM-00024,bank,MIT-00008,ANT-00003462,2022-02-01,2049-02-01,27.0,2022-02-01,JAEHRLICH,EBILL,682.44,682.44,,17000.0,AKTIV,2022-02-01,,,,,NORMAL,0,pfefferminz,VERA,2025-11-15,2021-12-27,
VTR-00003463,,LV-RENTE,LV,PK-2007,CH,CHF,PTR-00000603,VRM-00040,agentur,MIT-00044,ANT-00003463,2007-12-01,2012-12-01,5.0,2007-12-01,EINMALIG,RECHNUNG,0.0,0.0,101000.0,101000.0,ABGELAUFEN,2012-12-01,2012-12-01,K15,,,NORMAL,0,pfefferminz,VERA,2025-11-15,2007-11-22,
VTR-00003464,,LV-RENTE,LV,PL-2017,DE,EUR,PTR-00000168,VRM-00001,direkt,MIT-00019,ANT-00003464,2020-02-01,2039-02-01,19.0,2020-02-01,HALBJAEHRLICH,RECHNUNG,2988.81,3048.58,,57000.0,AKTIV,2020-02-01,,,,,NORMAL,0,pfefferminz,VERA,2025-11-15,2020-01-06,
VTR-00003465,,LV-RENTE,LV,PL-2015,DE,EUR,PTR-00000404,VRM-00010,makler,MIT-00008,ANT-00003465,2015-01-01,2020-01-01,5.0,2015-01-01,JAEHRLICH,RECHNUNG,528.0,528.0,,0.0,ABGELAUFEN,2020-01-01,2020-01-01,K15,,,NORMAL,0,pfefferminz,VERA,2025-11-15,2014-11-26,
VTR-00003466,,LV-RENTE,LV,PL-2017,DE,EUR,PTR-00000457,VRM-00010,makler,MIT-00019,ANT-00003466,2018-06-01,2045-06-01,27.0,2018-06-01,JAEHRLICH,RECHNUNG,600.0,600.0,,0.0,AKTIV,2018-06-01,,,,,NORMAL,0,pfefferminz,VERA,2025-11-15,2018-05-21,
VTR-00003467,,LV-RENTE,LV,PK-2000,CH,CHF,PTR-00000583,VRM-00005,makler,MIT-00044,ANT-00003467,2002-10-01,2007-10-01,5.0,2002-10-01,EINMALIG,RECHNUNG,0.0,0.0,266000.0,266000.0,ABGELAUFEN,2007-10-01,2007-10-01,K15,,,NORMAL,0,pfefferminz,VERA,2025-11-15,2002-09-01,
VTR-00003468,,LV-RENTE,LV,PL-2017,DE,EUR,PTR-00000138,VRM-00010,makler,MIT-00019,ANT-00003468,2024-07-01,2044-07-01,20.0,2024-07-01,MONATLICH,RECHNUNG,917.96,963.86,,17000.0,AKTIV,2024-07-01,,,,,NORMAL,0,pfefferminz,VERA,2025-11-15,2024-06-19,
VTR-00003469,,LV-RENTE,LV,PK-2007,CH,CHF,PTR-00000794,VRM-00040,agentur,MIT-00044,ANT-00003469,2010-06-01,2015-06-01,5.0,2010-06-01,EINMALIG,RECHNUNG,0.0,0.0,360000.0,360000.0,ABGELAUFEN,2015-06-01,2015-06-01,K15,,,NORMAL,0,pfefferminz,VERA,2025-11-15,2010-05-25,
VTR-00003470,,LV-RENTE,LV,PZ-2025,CH,CHF,PTR-00000293,VRM-00014,makler,MIT-00044,ANT-00003470,2025-03-01,2030-03-01,5.0,2025-03-01,EINMALIG,EBILL,0.0,0.0,101000.0,101000.0,AKTIV,2025-03-01,,,,,NORMAL,0,pfefferminz,MINT,,2025-02-23,
VTR-00003471,,LV-RENTE,LV,PK-2004,CH,CHF,PTR-00000400,VRM-00014,bank,MIT-00044,ANT-00003471,2004-01-01,2009-01-01,5.0,2004-01-01,EINMALIG,LASTSCHRIFT,0.0,0.0,137000.0,137000.0,ABGELAUFEN,2009-01-01,2009-01-01,K15,,,NORMAL,0,pfefferminz,VERA,2025-11-15,2003-12-20,
VTR-00003472,,LV-RENTE,LV,PL-2017,CH,CHF,PTR-00000033,VRM-00031,agentur,MIT-00044,ANT-00003472,2022-09-01,2027-09-01,5.0,2022-09-01,EINMALIG,LASTSCHRIFT,0.0,0.0,271000.0,271000.0,AKTIV,2022-09-01,,,,,NORMAL,0,pfefferminz,VERA,2025-11-15,2022-08-21,
VTR-00003473,,LV-RENTE,LV,PZ-2025,DE,EUR,PTR-00000358,VRM-00010,makler,MIT-00008,ANT-00003473,2025-11-01,2054-11-01,29.0,2025-11-01,VIERTELJAEHRLICH,LASTSCHRIFT,4240.17,4367.37,,133000.0,AKTIV,2025-11-01,,,,,NORMAL,0,pfefferminz,MINT,,2025-10-03,
VTR-00003474,,LV-RENTE,LV,PZ-2025,CH,CHF,PTR-00001000,VRM-00036,agentur,MIT-00044,ANT-00003474,2025-12-01,2030-12-01,5.0,2025-12-01,EINMALIG,EBILL,0.0,0.0,307000.0,307000.0,AKTIV,2025-12-01,,,,,NORMAL,0,pfefferminz,MINT,,2025-11-17,
VTR-00003475,,LV-RENTE,LV,PK-2004,CH,CHF,PTR-00000328,VRM-00025,makler,MIT-00044,ANT-00003475,2004-04-01,2009-04-01,5.0,2004-04-01,EINMALIG,RECHNUNG,0.0,0.0,122000.0,122000.0,ABGELAUFEN,2009-04-01,2009-04-01,K15,,,NORMAL,0,pfefferminz,VERA,2025-11-15,2004-02-23,
VTR-00003476,,LV-RENTE,LV,PL-2012,CH,CHF,PTR-00000971,VRM-00040,bank,MIT-00044,ANT-00003476,2013-09-01,2018-09-01,5.0,2013-09-01,EINMALIG,RECHNUNG,0.0,0.0,497000.0,497000.0,ABGELAUFEN,2018-09-01,2018-09-01,K15,,,NORMAL,0,pfefferminz,VERA,2025-11-15,2013-08-10,
VTR-00003477,,LV-RENTE,LV,PK-2007,CH,CHF,PTR-00000041,VRM-00039,agentur,MIT-00044,ANT-00003477,2011-07-01,2016-07-01,5.0,2011-07-01,EINMALIG,RECHNUNG,0.0,0.0,78000.0,78000.0,ABGELAUFEN,2016-07-01,2016-07-01,K15,,,NORMAL,0,pfefferminz,VERA,2025-11-15,2011-05-27,
VTR-00003478,,LV-RENTE,LV,PK-2007,CH,CHF,PTR-00000893,VRM-00036,bank,MIT-00044,ANT-00003478,2011-02-01,2016-02-01,5.0,2011-02-01,EINMALIG,EBILL,0.0,0.0,79000.0,79000.0,ABGELAUFEN,2016-02-01,2016-02-01,K15,,,NORMAL,0,pfefferminz,VERA,2025-11-15,2011-01-06,
VTR-00003479,,LV-RENTE,LV,PK-2007,DE,EUR,PTR-00000184,VRM-00010,makler,MIT-00044,ANT-00003479,2011-09-01,2033-09-01,22.0,2011-09-01,JAEHRLICH,LASTSCHRIFT,600.0,600.0,,14000.0,AKTIV,2011-09-01,,,,,NORMAL,0,pfefferminz,VERA,2025-11-15,2011-08-10,
VTR-00003480,,LV-RENTE,LV,PL-2017,DE,EUR,PTR-00000954,VRM-00024,bank,MIT-00019,ANT-00003480,2017-01-01,2045-01-01,28.0,2017-01-01,JAEHRLICH,RECHNUNG,600.0,600.0,,1000.0,AKTIV,2017-01-01,,,,,ZUSCHLAG_1,0,pfefferminz,VERA,2025-11-15,2016-12-31,
VTR-00003481,,LV-RENTE,LV,PL-2017,CH,CHF,PTR-00000383,VRM-00017,bank,MIT-00044,ANT-00003481,2019-07-01,2024-07-01,5.0,2019-07-01,EINMALIG,RECHNUNG,0.0,0.0,417000.0,417000.0,RUECKKAUF,2022-01-06,2022-01-06,K14,,,NORMAL,0,pfefferminz,VERA,2025-11-15,2019-06-16,
VTR-00003482,,LV-RENTE,LV,PK-2004,DE,EUR,PTR-00000257,VRM-00010,makler,MIT-00019,ANT-00003482,2004-03-01,2036-03-01,32.0,2004-03-01,HALBJAEHRLICH,RECHNUNG,600.0,612.0,,16000.0,AKTIV,2004-03-01,,,,,NORMAL,0,pfefferminz,VERA,2025-11-15,2004-02-18,
VTR-00003483,,LV-RENTE,LV,PK-2004,DE,EUR,PTR-00000800,VRM-00021,makler,MIT-00044,ANT-00003483,2004-04-01,2027-04-01,23.0,2004-04-01,HALBJAEHRLICH,EBILL,7478.81,7628.39,,210000.0,RUECKKAUF,2019-09-24,2019-09-24,K14,,,ZUSCHLAG_1,0,pfefferminz,VERA,2025-11-15,2004-02-27,
VTR-00003484,,LV-RENTE,LV,PK-2004,DE,EUR,PTR-00000520,VRM-00021,makler,MIT-00019,ANT-00003484,2005-05-01,2042-05-01,37.0,2005-05-01,JAEHRLICH,EBILL,649.4,649.4,,34000.0,AKTIV,2005-05-01,,,,,NORMAL,0,pfefferminz,VERA,2025-11-15,2005-04-26,
VTR-00003485,,LV-RENTE,LV,PZ-2025,DE,EUR,PTR-00000305,VRM-00030,bank,MIT-00019,ANT-00003485,2025-04-01,2044-04-01,19.0,2025-04-01,JAEHRLICH,RECHNUNG,2060.29,2060.29,,40000.0,AKTIV,2025-04-01,,,,,NORMAL,0,pfefferminz,MINT,,2025-03-09,
VTR-00003486,,LV-RENTE,LV,PK-2004,DE,EUR,PTR-00000680,VRM-00027,makler,MIT-00019,ANT-00003486,2005-01-01,2027-01-01,22.0,2005-01-01,JAEHRLICH,RECHNUNG,600.0,600.0,,13000.0,AKTIV,2005-01-01,,,,,NORMAL,0,pfefferminz,VERA,2025-11-15,2004-12-14,
VTR-00003488,,LV-RENTE,LV,PL-2012,CH,CHF,PTR-00000436,VRM-00025,agentur,MIT-00044,ANT-00003488,2014-11-01,2019-11-01,5.0,2014-11-01,EINMALIG,LASTSCHRIFT,0.0,0.0,143000.0,143000.0,ABGELAUFEN,2019-11-01,2019-11-01,K15,,,ZUSCHLAG_1,0,pfefferminz,VERA,2025-11-15,2014-10-08,
VTR-00003489,,LV-RENTE,LV,PK-2007,DE,EUR,PTR-00000448,VRM-00008,bank,MIT-00019,ANT-00003489,2007-03-01,2029-03-01,22.0,2007-03-01,JAEHRLICH,RECHNUNG,600.0,600.0,,0.0,AKTIV,2007-03-01,,,,,NORMAL,0,pfefferminz,VERA,2025-11-15,2007-02-25,
VTR-00003490,,LV-RENTE,LV,PL-2015,CH,CHF,PTR-00000687,VRM-00039,agentur,MIT-00044,ANT-00003490,2015-07-01,2020-07-01,5.0,2015-07-01,EINMALIG,RECHNUNG,0.0,0.0,437000.0,437000.0,ABGELAUFEN,2020-07-01,2020-07-01,K15,,,NORMAL,0,pfefferminz,VERA,2025-11-15,2015-06-10,
VTR-00003491,,LV-RENTE,LV,PL-2017,DE,EUR,PTR-00000989,VRM-00010,makler,MIT-00044,ANT-00003491,2017-01-01,2022-01-01,5.0,2017-01-01,JAEHRLICH,EBILL,33393.47,33393.47,,159000.0,STORNIERT,2018-03-11,2018-03-11,K12,,,NORMAL,0,pfefferminz,VERA,2025-11-15,2016-12-20,
VTR-00003492,,LV-RENTE,LV,PL-2015,DE,EUR,PTR-00000324,VRM-00034,makler,MIT-00044,ANT-00003492,2016-12-01,2047-12-01,31.0,2016-12-01,VIERTELJAEHRLICH,RECHNUNG,600.0,618.0,,0.0,AKTIV,2016-12-01,,,,,NORMAL,0,pfefferminz,VERA,2025-11-15,2016-10-24,
VTR-00003493,,LV-RENTE,LV,PK-2007,DE,EUR,PTR-00000448,VRM-00010,makler,MIT-00008,ANT-00003493,2011-11-01,2028-11-01,17.0,2011-11-01,JAEHRLICH,RECHNUNG,2569.25,2569.25,,47000.0,AKTIV,2011-11-01,,,,,NORMAL,0,pfefferminz,VERA,2025-11-15,2011-10-08,
VTR-00003494,,LV-RENTE,LV,PL-2017,CH,CHF,PTR-00000343,VRM-00040,makler,MIT-00044,ANT-00003494,2024-08-01,2029-08-01,5.0,2024-08-01,EINMALIG,RECHNUNG,0.0,0.0,480000.0,480000.0,AKTIV,2024-08-01,,,,,NORMAL,0,pfefferminz,VERA,2025-11-15,2024-07-02,
VTR-00003495,,LV-RENTE,LV,PL-2015,DE,EUR,PTR-00000523,VRM-00024,bank,MIT-00044,ANT-00003495,2015-11-01,2026-11-01,11.0,2015-11-01,JAEHRLICH,RECHNUNG,7152.09,7152.09,,78000.0,AKTIV,2015-11-01,,,,,ZUSCHLAG_1,0,pfefferminz,VERA,2025-11-15,2015-09-24,
VTR-00003496,,LV-RENTE,LV,PK-2004,DE,EUR,PTR-00000759,VRM-00008,bank,MIT-00008,ANT-00003496,2004-06-01,2024-06-01,20.0,2004-06-01,HALBJAEHRLICH,LASTSCHRIFT,2121.07,2163.5,,49000.0,RUECKKAUF,2023-10-12,2023-10-12,K14,,,NORMAL,0,pfefferminz,VERA,2025-11-15,2004-04-24,
VTR-00003497,,LV-RENTE,LV,PL-2012,DE,EUR,PTR-00000358,VRM-00034,makler,MIT-00019,ANT-00003497,2014-06-01,2033-06-01,19.0,2014-06-01,JAEHRLICH,RECHNUNG,954.55,954.55,,19000.0,AKTIV,2014-06-01,,,,,NORMAL,0,pfefferminz,VERA,2025-11-15,2014-05-19,
VTR-00003498,,LV-RENTE,LV,PK-2004,DE,EUR,PTR-00000094,VRM-00008,bank,MIT-00008,ANT-00003498,2004-05-01,2029-05-01,25.0,2004-05-01,JAEHRLICH,RECHNUNG,1432.13,1432.13,,44000.0,RUECKKAUF,2022-06-15,2022-06-15,K14,,,NORMAL,0,pfefferminz,VERA,2025-11-15,2004-04-04,
VTR-00003499,,LV-RENTE,LV,PL-2012,CH,CHF,PTR-00000790,VRM-00031,makler,MIT-00044,ANT-00003499,2012-12-01,2017-12-01,5.0,2012-12-01,EINMALIG,RECHNUNG,0.0,0.0,72000.0,72000.0,ABGELAUFEN,2017-12-01,2017-12-01,K15,,,NORMAL,0,pfefferminz,VERA,2025-11-15,2012-11-17,
VTR-00003500,,LV-RENTE,LV,PL-2015,CH,CHF,PTR-00000127,VRM-00014,bank,MIT-00044,ANT-00003500,2016-01-01,2021-01-01,5.0,2016-01-01,EINMALIG,RECHNUNG,0.0,0.0,172000.0,172000.0,ABGELAUFEN,2021-01-01,2021-01-01,K15,,,NORMAL,0,pfefferminz,VERA,2025-11-15,2015-12-26,
